scaffold,start,end,mid,sites,pi_Hmel.mal.col,pi_Hmel.agl.per,pi_Hmel.ama.per,pi_Hmel.mel.gui,pi_Hnum.bsl.bra,pi_Htim.flo.per,pi_Htim.the.per,pi_Hcyd.chi.pan,pi_Hcyd.zel.col,dxy_Hmel.mal.col_Hmel.agl.per,dxy_Hmel.mal.col_Hmel.ama.per,dxy_Hmel.mal.col_Hmel.mel.gui,dxy_Hmel.mal.col_Hnum.bsl.bra,dxy_Hmel.mal.col_Htim.flo.per,dxy_Hmel.mal.col_Htim.the.per,dxy_Hmel.mal.col_Hcyd.chi.pan,dxy_Hmel.mal.col_Hcyd.zel.col,dxy_Hmel.agl.per_Hmel.ama.per,dxy_Hmel.agl.per_Hmel.mel.gui,dxy_Hmel.agl.per_Hnum.bsl.bra,dxy_Hmel.agl.per_Htim.flo.per,dxy_Hmel.agl.per_Htim.the.per,dxy_Hmel.agl.per_Hcyd.chi.pan,dxy_Hmel.agl.per_Hcyd.zel.col,dxy_Hmel.ama.per_Hmel.mel.gui,dxy_Hmel.ama.per_Hnum.bsl.bra,dxy_Hmel.ama.per_Htim.flo.per,dxy_Hmel.ama.per_Htim.the.per,dxy_Hmel.ama.per_Hcyd.chi.pan,dxy_Hmel.ama.per_Hcyd.zel.col,dxy_Hmel.mel.gui_Hnum.bsl.bra,dxy_Hmel.mel.gui_Htim.flo.per,dxy_Hmel.mel.gui_Htim.the.per,dxy_Hmel.mel.gui_Hcyd.chi.pan,dxy_Hmel.mel.gui_Hcyd.zel.col,dxy_Hnum.bsl.bra_Htim.flo.per,dxy_Hnum.bsl.bra_Htim.the.per,dxy_Hnum.bsl.bra_Hcyd.chi.pan,dxy_Hnum.bsl.bra_Hcyd.zel.col,dxy_Htim.flo.per_Htim.the.per,dxy_Htim.flo.per_Hcyd.chi.pan,dxy_Htim.flo.per_Hcyd.zel.col,dxy_Htim.the.per_Hcyd.chi.pan,dxy_Htim.the.per_Hcyd.zel.col,dxy_Hcyd.chi.pan_Hcyd.zel.col,Fst_Hmel.mal.col_Hmel.agl.per,Fst_Hmel.mal.col_Hmel.ama.per,Fst_Hmel.mal.col_Hmel.mel.gui,Fst_Hmel.mal.col_Hnum.bsl.bra,Fst_Hmel.mal.col_Htim.flo.per,Fst_Hmel.mal.col_Htim.the.per,Fst_Hmel.mal.col_Hcyd.chi.pan,Fst_Hmel.mal.col_Hcyd.zel.col,Fst_Hmel.agl.per_Hmel.ama.per,Fst_Hmel.agl.per_Hmel.mel.gui,Fst_Hmel.agl.per_Hnum.bsl.bra,Fst_Hmel.agl.per_Htim.flo.per,Fst_Hmel.agl.per_Htim.the.per,Fst_Hmel.agl.per_Hcyd.chi.pan,Fst_Hmel.agl.per_Hcyd.zel.col,Fst_Hmel.ama.per_Hmel.mel.gui,Fst_Hmel.ama.per_Hnum.bsl.bra,Fst_Hmel.ama.per_Htim.flo.per,Fst_Hmel.ama.per_Htim.the.per,Fst_Hmel.ama.per_Hcyd.chi.pan,Fst_Hmel.ama.per_Hcyd.zel.col,Fst_Hmel.mel.gui_Hnum.bsl.bra,Fst_Hmel.mel.gui_Htim.flo.per,Fst_Hmel.mel.gui_Htim.the.per,Fst_Hmel.mel.gui_Hcyd.chi.pan,Fst_Hmel.mel.gui_Hcyd.zel.col,Fst_Hnum.bsl.bra_Htim.flo.per,Fst_Hnum.bsl.bra_Htim.the.per,Fst_Hnum.bsl.bra_Hcyd.chi.pan,Fst_Hnum.bsl.bra_Hcyd.zel.col,Fst_Htim.flo.per_Htim.the.per,Fst_Htim.flo.per_Hcyd.chi.pan,Fst_Htim.flo.per_Hcyd.zel.col,Fst_Htim.the.per_Hcyd.chi.pan,Fst_Htim.the.per_Hcyd.zel.col,Fst_Hcyd.chi.pan_Hcyd.zel.col
Hmel215003o,1,50000,25362,48742,0.0133,0.0139,0.012,0.0313,0.0044,0.0121,0.0101,0.0122,0.0105,0.0145,0.0147,0.0293,0.0291,0.0164,0.0176,0.0293,0.0293,0.0134,0.0296,0.0294,0.016,0.0179,0.0299,0.0298,0.0296,0.0297,0.0166,0.0179,0.03,0.03,0.0361,0.0303,0.0311,0.0362,0.0362,0.0287,0.0301,0.0301,0.0301,0.0127,0.026,0.0261,0.0245,0.0251,0.0116,0.034,0.0818,0.1734,0.55,0.1349,0.213,0.4085,0.4377,0.0195,0.1708,0.5428,0.1109,0.2082,0.4082,0.4361,0.195,0.5837,0.1683,0.2486,0.4408,0.4714,0.3825,0.204,0.2427,0.2839,0.3048,0.57,0.6275,0.5832,0.6183,0.0716,0.377,0.4118,0.3898,0.4335,0.0127
Hmel215003o,25001,75000,49999,49974,0.0103,0.0135,0.0116,0.0334,0.0047,0.0136,0.0094,0.0134,0.0121,0.0126,0.0128,0.031,0.0306,0.019,0.0211,0.0307,0.0302,0.0127,0.0309,0.0311,0.0192,0.0215,0.031,0.0304,0.031,0.0311,0.0193,0.0216,0.0311,0.0305,0.0376,0.0318,0.0329,0.0379,0.0376,0.03,0.0305,0.0308,0.0306,0.0157,0.0268,0.0265,0.025,0.0251,0.0129,0.0292,0.0847,0.2169,0.6215,0.2386,0.3799,0.4589,0.4743,0.0049,0.1759,0.5626,0.1801,0.3183,0.4099,0.4229,0.2006,0.6014,0.2211,0.3619,0.4429,0.4569,0.3731,0.1879,0.2567,0.2711,0.2828,0.549,0.6407,0.5618,0.5851,0.1632,0.3428,0.3605,0.3892,0.4174,0.0065
Hmel215003o,50001,100000,74134,46910,0.0091,0.0129,0.0125,0.0314,0.0041,0.0127,0.0065,0.0126,0.0116,0.0119,0.0123,0.031,0.0326,0.0194,0.0207,0.0318,0.0305,0.0122,0.0305,0.0327,0.0191,0.0203,0.0322,0.0307,0.0304,0.0327,0.0196,0.0212,0.0325,0.031,0.039,0.0317,0.0329,0.039,0.0382,0.0322,0.0322,0.0322,0.0319,0.0153,0.0294,0.0281,0.0284,0.0273,0.012,0.0397,0.0683,0.2522,0.6762,0.2918,0.4679,0.5064,0.5093,-0.0213,0.1957,0.6018,0.2055,0.3666,0.4473,0.4448,0.2001,0.61,0.2271,0.395,0.4573,0.4569,0.4157,0.216,0.3139,0.3107,0.3144,0.6005,0.7295,0.6016,0.6203,0.2399,0.4124,0.4122,0.512,0.5194,-0.0025
Hmel215003o,75001,125000,100537,46372,0.0093,0.0086,0.0087,0.0229,0.0037,0.0065,0.0043,0.0089,0.0074,0.0093,0.0095,0.0211,0.0272,0.0105,0.0109,0.027,0.0271,0.0081,0.0208,0.0274,0.0093,0.0098,0.0276,0.0276,0.0206,0.0273,0.0097,0.0102,0.0277,0.0278,0.0326,0.0216,0.0221,0.0329,0.033,0.0273,0.0275,0.0272,0.0275,0.0075,0.0263,0.0264,0.0261,0.0261,0.0083,0.0199,0.027,0.1735,0.6289,0.1472,0.2439,0.5111,0.5446,-0.0342,0.1801,0.6502,0.1131,0.2193,0.5345,0.5673,0.173,0.6456,0.1273,0.2326,0.5331,0.5669,0.4561,0.2336,0.2867,0.3777,0.4023,0.6988,0.7596,0.6379,0.6784,0.1744,0.5616,0.5979,0.6121,0.6491,0.0099
Hmel215003o,100001,150000,125061,49437,0.0062,0.0049,0.0048,0.0225,0.0029,0.0039,0.0035,0.0075,0.0059,0.0058,0.0058,0.0174,0.023,0.0149,0.0154,0.0244,0.0245,0.0046,0.0175,0.0235,0.0145,0.015,0.0249,0.025,0.0174,0.0235,0.0146,0.0151,0.0249,0.025,0.0292,0.024,0.0241,0.0305,0.0306,0.0229,0.0233,0.0228,0.0228,0.0043,0.0161,0.0159,0.0162,0.016,0.0071,0.0211,0.0228,0.1487,0.6837,0.5118,0.5346,0.5778,0.6184,-0.0312,0.1786,0.7295,0.5534,0.5784,0.6175,0.6591,0.1781,0.7308,0.5571,0.5822,0.6195,0.6609,0.4336,0.3367,0.346,0.3741,0.4006,0.7549,0.7694,0.6451,0.6899,0.0862,0.4956,0.546,0.5105,0.5592,0.031
Hmel215003o,125001,175000,149996,49978,0.0037,0.0034,0.0034,0.0199,0.0016,0.0029,0.0027,0.0068,0.0054,0.0039,0.0039,0.0196,0.0217,0.0226,0.0233,0.0232,0.0236,0.0032,0.0199,0.022,0.0229,0.0236,0.0235,0.0239,0.0198,0.0221,0.023,0.0237,0.0235,0.0239,0.0269,0.0271,0.0273,0.0273,0.0274,0.0204,0.0209,0.0205,0.0205,0.0031,0.0081,0.0076,0.0082,0.0076,0.0067,0.0388,0.0421,0.2962,0.7903,0.7553,0.7693,0.6455,0.688,-0.0324,0.3087,0.8046,0.7688,0.7822,0.6579,0.7006,0.3075,0.8042,0.7688,0.782,0.6579,0.7007,0.4668,0.4446,0.4517,0.3755,0.4022,0.8102,0.8227,0.6744,0.7186,0.0537,0.2636,0.3024,0.2817,0.3181,0.0473
Hmel215003o,150001,200000,175002,49979,0.0029,0.0026,0.004,0.02,0.0011,0.0017,0.0014,0.0065,0.0056,0.003,0.0037,0.0236,0.021,0.0235,0.0241,0.0235,0.0237,0.0032,0.0237,0.0211,0.0236,0.0242,0.0235,0.0238,0.0237,0.0207,0.0235,0.0241,0.0233,0.0237,0.0269,0.0278,0.028,0.0276,0.0277,0.0205,0.0208,0.0207,0.0205,0.0018,0.0071,0.0067,0.0071,0.0067,0.0062,0.0376,0.0309,0.3887,0.8342,0.8297,0.8426,0.6792,0.7073,-0.0205,0.3978,0.8461,0.8407,0.8534,0.6888,0.7173,0.3684,0.79,0.7924,0.8057,0.6455,0.6746,0.4758,0.4771,0.4841,0.3839,0.4007,0.8784,0.8911,0.7032,0.7304,0.0606,0.2759,0.3053,0.294,0.3259,0.0075
Hmel215003o,175001,225000,199984,49895,0.0078,0.0088,0.0103,0.0228,0.0027,0.0058,0.0049,0.0087,0.0079,0.0091,0.0094,0.0268,0.0226,0.0227,0.0231,0.0255,0.0248,0.0098,0.0252,0.0228,0.0234,0.0236,0.0256,0.0251,0.0263,0.0225,0.0228,0.0228,0.0253,0.0247,0.0304,0.0306,0.0311,0.0312,0.0308,0.0229,0.0233,0.0236,0.0233,0.007,0.0111,0.0108,0.0116,0.0113,0.0084,0.0473,0.0193,0.3084,0.6403,0.5554,0.5846,0.5267,0.5356,0.0103,0.264,0.6143,0.5398,0.5659,0.5066,0.5163,0.2588,0.5673,0.4935,0.5134,0.4682,0.477,0.4485,0.398,0.4194,0.3596,0.367,0.7019,0.7329,0.6264,0.6459,0.1428,0.2208,0.2354,0.2725,0.2903,0.0058
Hmel215003o,200001,250000,225023,49849,0.0165,0.0178,0.017,0.0239,0.0051,0.0141,0.0128,0.0137,0.0131,0.0177,0.0172,0.0276,0.0295,0.0214,0.0218,0.0274,0.0269,0.0175,0.0258,0.0297,0.0223,0.0226,0.0277,0.0273,0.0271,0.0297,0.0219,0.0212,0.0276,0.0271,0.0339,0.029,0.0293,0.0311,0.0308,0.0286,0.0295,0.0286,0.0289,0.0163,0.0208,0.0209,0.0218,0.0218,0.0138,0.0184,0.0149,0.1753,0.4802,0.1746,0.2064,0.3024,0.3044,0.0036,0.1241,0.4601,0.1753,0.203,0.2885,0.291,0.1586,0.4738,0.1787,0.1839,0.2982,0.2998,0.4355,0.2326,0.2562,0.2707,0.2761,0.5132,0.5505,0.521,0.5381,0.1001,0.2088,0.2234,0.256,0.2673,0.016
Hmel215003o,225001,275000,250015,49950,0.018,0.0177,0.017,0.0231,0.006,0.0152,0.015,0.0145,0.0143,0.0177,0.0179,0.0242,0.0315,0.0198,0.0197,0.0254,0.025,0.0175,0.0243,0.0318,0.0202,0.0201,0.0258,0.0253,0.0247,0.032,0.0196,0.0194,0.0262,0.0257,0.0344,0.0266,0.0257,0.0288,0.0286,0.0309,0.0319,0.0305,0.0306,0.018,0.0234,0.0233,0.0243,0.0241,0.0143,-0.0063,0.0136,0.098,0.4652,0.0951,0.0953,0.2315,0.2261,0.0031,0.1022,0.4728,0.1085,0.1095,0.2427,0.2364,0.1227,0.487,0.104,0.1009,0.262,0.256,0.4387,0.1859,0.1708,0.2336,0.2333,0.5066,0.5205,0.5133,0.5184,0.093,0.2359,0.2381,0.2569,0.2571,-0.0019
Hmel215003o,250001,300000,275000,49997,0.0196,0.0192,0.0182,0.0232,0.0066,0.0163,0.0169,0.0169,0.0167,0.0193,0.0194,0.0247,0.0311,0.0211,0.021,0.0258,0.025,0.0192,0.0247,0.0317,0.0216,0.0215,0.0264,0.0258,0.0254,0.0317,0.0208,0.0207,0.0265,0.0258,0.0344,0.0271,0.0267,0.0295,0.0293,0.0308,0.0318,0.0309,0.0304,0.0201,0.0241,0.0234,0.0258,0.025,0.0166,-0.0011,0.0146,0.0837,0.4242,0.0847,0.0761,0.1814,0.1691,0.0144,0.0901,0.4381,0.1031,0.0944,0.1991,0.1893,0.1175,0.4541,0.0975,0.0888,0.2142,0.2051,0.4283,0.1766,0.1607,0.2084,0.2085,0.4741,0.4782,0.4658,0.4632,0.1013,0.1935,0.1814,0.2188,0.2078,-0.0053
Hmel215003o,275001,325000,299998,49987,0.0182,0.0164,0.0149,0.0249,0.0063,0.0136,0.0148,0.0157,0.0151,0.0175,0.0171,0.0248,0.0293,0.0184,0.0183,0.025,0.0247,0.0162,0.0244,0.0295,0.0194,0.0186,0.0262,0.0259,0.025,0.0292,0.0186,0.0174,0.0256,0.0254,0.0334,0.0258,0.0263,0.0293,0.0294,0.0286,0.0296,0.0286,0.0284,0.0166,0.0225,0.0222,0.0247,0.0244,0.0155,0.0062,0.0165,0.0872,0.4276,0.0776,0.0544,0.2027,0.2046,0.0188,0.1058,0.4608,0.1342,0.0916,0.2521,0.256,0.1395,0.4836,0.1385,0.0817,0.2641,0.27,0.3989,0.174,0.1655,0.2049,0.2138,0.4999,0.4907,0.4617,0.4701,0.0804,0.2223,0.224,0.2488,0.2512,0.0032
Hmel215003o,300001,350000,325001,49988,0.0136,0.0125,0.0118,0.0248,0.0042,0.0123,0.0138,0.0118,0.0131,0.013,0.0132,0.0231,0.0254,0.0166,0.0172,0.0248,0.0237,0.0123,0.0223,0.025,0.0171,0.0167,0.025,0.024,0.0229,0.0255,0.017,0.0164,0.0256,0.0246,0.03,0.025,0.0259,0.0291,0.0282,0.0255,0.0259,0.0262,0.0259,0.0151,0.0205,0.0206,0.0209,0.0212,0.0127,-0.0003,0.0209,0.1212,0.4978,0.1302,0.1209,0.3371,0.2934,0.0083,0.1212,0.5158,0.1694,0.1271,0.3631,0.3191,0.1438,0.5375,0.1783,0.1303,0.3837,0.341,0.389,0.18,0.174,0.258,0.2238,0.5268,0.502,0.5495,0.516,0.0797,0.2722,0.2492,0.2538,0.2354,0.014
Hmel215003o,325001,375000,350001,49997,0.0175,0.0166,0.0161,0.0289,0.0044,0.0175,0.0186,0.0143,0.0177,0.0172,0.0175,0.0285,0.0276,0.0223,0.0229,0.0308,0.0287,0.0163,0.0275,0.0277,0.0226,0.0224,0.0314,0.0293,0.0276,0.0281,0.0226,0.0228,0.0316,0.0299,0.0332,0.031,0.0319,0.0358,0.0346,0.0279,0.0282,0.0302,0.0289,0.0213,0.0261,0.0254,0.0254,0.0247,0.0165,0.0046,0.0229,0.1272,0.4465,0.1282,0.1262,0.332,0.251,0.0001,0.1224,0.4653,0.1478,0.127,0.3551,0.2748,0.1303,0.4814,0.1551,0.1444,0.365,0.2909,0.3742,0.1685,0.1688,0.2756,0.2177,0.4513,0.4358,0.5419,0.4619,0.0867,0.2532,0.1903,0.2245,0.1606,0.0168
Hmel215003o,350001,400000,374667,48570,0.0224,0.0192,0.019,0.0328,0.0075,0.0163,0.0187,0.0172,0.0185,0.0213,0.0218,0.0335,0.0335,0.0248,0.0239,0.0334,0.0324,0.0193,0.0328,0.0335,0.0251,0.0235,0.036,0.0349,0.0328,0.0333,0.0251,0.0239,0.0349,0.0342,0.0388,0.0357,0.0351,0.0406,0.0405,0.0341,0.034,0.0363,0.0356,0.0213,0.0289,0.0279,0.0294,0.0285,0.0182,0.012,0.0258,0.1166,0.3974,0.1294,0.0786,0.2666,0.2371,0.0056,0.1425,0.4444,0.1807,0.1123,0.3422,0.3119,0.1444,0.4459,0.1829,0.1237,0.3303,0.3042,0.3561,0.2151,0.1804,0.2652,0.25,0.4971,0.4587,0.5074,0.4808,0.1029,0.2771,0.2433,0.2537,0.2203,0.0088
Hmel215003o,375001,425000,400336,48432,0.0259,0.0232,0.021,0.0313,0.0079,0.0164,0.0191,0.019,0.0182,0.0244,0.0254,0.0341,0.0371,0.0277,0.0274,0.0353,0.0353,0.0228,0.0336,0.0363,0.0282,0.0274,0.0367,0.0366,0.0346,0.0365,0.0277,0.0266,0.0351,0.0351,0.0402,0.0379,0.0373,0.0413,0.0412,0.0384,0.0387,0.0387,0.0388,0.0208,0.0276,0.0276,0.0295,0.0297,0.0189,-0.0031,0.0425,0.0999,0.3892,0.1413,0.1039,0.2337,0.2423,0.0156,0.1209,0.4151,0.1839,0.136,0.2823,0.2905,0.1608,0.4486,0.2046,0.148,0.2877,0.2966,0.3805,0.2545,0.2183,0.2665,0.2738,0.5341,0.4985,0.4991,0.5121,0.0846,0.2283,0.2405,0.2267,0.2399,0.007
Hmel215003o,400001,450000,424993,49610,0.0262,0.0248,0.0211,0.0283,0.0061,0.0189,0.0197,0.0187,0.0182,0.0264,0.0269,0.0325,0.0374,0.0287,0.0294,0.0355,0.0353,0.0239,0.0324,0.0372,0.03,0.0288,0.0369,0.0365,0.0339,0.0379,0.0297,0.0282,0.0359,0.0358,0.0395,0.0352,0.0359,0.0388,0.0382,0.0382,0.0392,0.0394,0.039,0.0216,0.0291,0.029,0.0314,0.0312,0.0188,0.0196,0.0687,0.0962,0.4129,0.1283,0.1309,0.2362,0.2395,0.0225,0.1092,0.4293,0.1657,0.1353,0.2705,0.2704,0.1738,0.4884,0.2052,0.1685,0.2999,0.3041,0.4289,0.2182,0.2187,0.2663,0.2654,0.5242,0.5213,0.5376,0.5417,0.0591,0.2253,0.2318,0.2523,0.2559,0.0099
Hmel215003o,425001,475000,450114,49631,0.0248,0.0227,0.0197,0.0269,0.005,0.0198,0.0203,0.0196,0.0189,0.025,0.0243,0.0308,0.0382,0.0279,0.028,0.0393,0.0392,0.0219,0.0307,0.0378,0.0283,0.0265,0.0414,0.0408,0.0315,0.0381,0.0294,0.0267,0.042,0.0416,0.0396,0.0323,0.0328,0.0405,0.0405,0.0395,0.0398,0.0444,0.0442,0.0218,0.0339,0.0334,0.0362,0.0356,0.0196,0.0266,0.0473,0.0956,0.4545,0.1179,0.1137,0.292,0.2969,0.0184,0.1182,0.4795,0.1492,0.1092,0.3374,0.3383,0.1682,0.5266,0.2061,0.1509,0.3776,0.3806,0.4595,0.1777,0.1794,0.2883,0.2963,0.538,0.5338,0.5821,0.59,0.0433,0.2776,0.2785,0.3034,0.3032,0.0089
Hmel215003o,450001,500000,474571,48821,0.0257,0.0246,0.0206,0.0284,0.0053,0.0198,0.0225,0.0197,0.0193,0.0251,0.0244,0.0312,0.0387,0.0304,0.0306,0.0416,0.042,0.023,0.0307,0.0386,0.0299,0.03,0.0422,0.0425,0.031,0.0384,0.0309,0.0301,0.0439,0.0441,0.0411,0.0344,0.0355,0.0426,0.0432,0.0408,0.0412,0.0452,0.0458,0.0234,0.032,0.0325,0.0346,0.0348,0.02,-0.0007,0.029,0.0791,0.4447,0.1516,0.1253,0.3076,0.3158,0.0095,0.0832,0.4582,0.1559,0.1274,0.325,0.3326,0.1355,0.5124,0.2196,0.1744,0.3856,0.3927,0.4541,0.1961,0.18,0.2979,0.3085,0.5455,0.5123,0.5829,0.5925,0.0536,0.2479,0.2599,0.2545,0.2612,0.0125
Hmel215003o,475001,525000,500053,48876,0.0285,0.0276,0.0234,0.0311,0.0061,0.0202,0.0243,0.0204,0.0205,0.0288,0.0284,0.0351,0.0394,0.0311,0.0316,0.0374,0.0375,0.0269,0.0337,0.0396,0.0318,0.0315,0.0383,0.0382,0.0351,0.0405,0.0324,0.0307,0.0393,0.0391,0.0431,0.0371,0.038,0.0406,0.0405,0.0407,0.0409,0.0421,0.0419,0.0258,0.0297,0.0302,0.0319,0.0319,0.0208,0.0142,0.0484,0.0887,0.4055,0.1297,0.0957,0.2212,0.2203,0.0281,0.0778,0.4182,0.1502,0.1026,0.2414,0.2386,0.1424,0.4815,0.2063,0.133,0.2982,0.2943,0.4321,0.204,0.1725,0.2456,0.2421,0.5269,0.4741,0.5372,0.5338,0.0776,0.1982,0.2043,0.1867,0.1848,0.0098
Hmel215003o,500001,550000,525031,49932,0.0279,0.0258,0.0228,0.0321,0.0068,0.0224,0.0249,0.0214,0.0207,0.0277,0.0273,0.0374,0.0399,0.0304,0.03,0.0381,0.0374,0.0256,0.0357,0.0397,0.0309,0.0294,0.0395,0.0389,0.0377,0.0409,0.0319,0.0285,0.0403,0.0396,0.0447,0.0361,0.0375,0.0407,0.04,0.04,0.0399,0.0409,0.04,0.0263,0.0322,0.0318,0.0342,0.0333,0.0211,0.0174,0.0396,0.1197,0.4101,0.101,0.068,0.2258,0.2243,0.0288,0.1182,0.4338,0.1311,0.0785,0.2644,0.2639,0.1767,0.4851,0.1802,0.0934,0.3056,0.305,0.4285,0.1593,0.1515,0.2266,0.2266,0.4809,0.4469,0.5026,0.5047,0.0571,0.201,0.2024,0.2027,0.1967,0.0015
Hmel215003o,525001,575000,550003,49995,0.0233,0.0218,0.0202,0.0325,0.0076,0.0226,0.0218,0.0191,0.0182,0.0232,0.0231,0.0339,0.0368,0.0284,0.027,0.0391,0.0383,0.0214,0.0339,0.0378,0.0287,0.0262,0.0403,0.0399,0.0347,0.0381,0.0289,0.0258,0.0409,0.0406,0.0432,0.034,0.035,0.041,0.0406,0.0378,0.0388,0.0406,0.0402,0.0245,0.0328,0.0321,0.035,0.0341,0.019,0.0149,0.0329,0.1157,0.424,0.1127,0.0956,0.3101,0.3099,0.0099,0.1308,0.4551,0.1362,0.0963,0.3408,0.3458,0.1611,0.4806,0.158,0.1083,0.3658,0.3724,0.401,0.1245,0.1472,0.2513,0.2563,0.4453,0.4664,0.5205,0.5288,0.0521,0.2346,0.2347,0.2752,0.2728,0.008
Hmel215003o,550001,600000,575000,49988,0.0218,0.018,0.017,0.0283,0.006,0.0151,0.0168,0.0163,0.0155,0.0208,0.0209,0.0288,0.0367,0.0252,0.0233,0.0323,0.0313,0.018,0.0281,0.0379,0.0245,0.0216,0.0318,0.0308,0.029,0.0387,0.0249,0.0215,0.032,0.031,0.0405,0.0304,0.0296,0.0351,0.0345,0.0365,0.0382,0.0392,0.0392,0.0183,0.025,0.0241,0.0276,0.0264,0.0164,0.024,0.0398,0.0844,0.4678,0.1633,0.0997,0.2706,0.2656,0.0164,0.1197,0.5349,0.2038,0.1129,0.3132,0.3088,0.149,0.5586,0.2271,0.1272,0.3306,0.3274,0.4398,0.1956,0.1592,0.2481,0.2495,0.568,0.556,0.5739,0.5857,0.0724,0.2407,0.2333,0.2619,0.2528,0.0154
Hmel215003o,575001,625000,600004,49982,0.0167,0.0132,0.0123,0.0223,0.004,0.0083,0.0168,0.0145,0.0137,0.0156,0.0156,0.0317,0.0311,0.0303,0.0258,0.0322,0.0323,0.0133,0.0304,0.0313,0.0291,0.0244,0.0315,0.0314,0.0316,0.032,0.0303,0.0247,0.032,0.0319,0.0388,0.0278,0.0289,0.0279,0.0278,0.0359,0.0353,0.0367,0.0373,0.0144,0.0174,0.0164,0.0216,0.0206,0.0142,0.0231,0.0399,0.2556,0.518,0.4327,0.2245,0.3632,0.3757,0.0215,0.2856,0.5841,0.4763,0.2493,0.4041,0.4161,0.3176,0.6102,0.5095,0.2707,0.4262,0.4376,0.5228,0.3238,0.2094,0.2263,0.237,0.7212,0.5608,0.6131,0.6321,0.0737,0.2205,0.2093,0.1683,0.1574,0.0036
Hmel215003o,600001,650000,624994,49964,0.0124,0.0108,0.0102,0.0233,0.0033,0.0078,0.0144,0.0152,0.0145,0.0119,0.0118,0.0288,0.0253,0.0282,0.0244,0.0338,0.0344,0.0108,0.0283,0.0255,0.0277,0.0239,0.0341,0.0349,0.0285,0.0258,0.0279,0.0239,0.0343,0.0351,0.0346,0.0284,0.0295,0.0314,0.0318,0.0327,0.0312,0.0328,0.0332,0.0118,0.0219,0.0208,0.0248,0.0241,0.015,0.0109,0.0253,0.2614,0.5416,0.489,0.3051,0.4354,0.4537,0.0137,0.2767,0.5813,0.5136,0.3225,0.4628,0.4831,0.2902,0.6002,0.5292,0.3346,0.4759,0.4948,0.4782,0.3273,0.2433,0.2603,0.2755,0.7235,0.5741,0.5749,0.5919,0.032,0.3253,0.3166,0.2654,0.2618,0.0035
Hmel215003o,625001,675000,648662,46668,0.013,0.0131,0.0111,0.0253,0.0025,0.0111,0.0119,0.0153,0.0138,0.0129,0.0123,0.0229,0.0246,0.0199,0.0193,0.027,0.0272,0.0123,0.0222,0.0247,0.0198,0.0192,0.0271,0.0274,0.0224,0.025,0.0193,0.0186,0.0276,0.0278,0.0298,0.0273,0.027,0.0322,0.0323,0.0276,0.0274,0.0274,0.0275,0.0113,0.023,0.0216,0.0234,0.0222,0.0146,-0.0062,0.0122,0.1216,0.5352,0.2583,0.2259,0.326,0.3528,0.0081,0.1055,0.5361,0.2537,0.2215,0.3268,0.3549,0.1408,0.5874,0.2849,0.2493,0.3684,0.3967,0.409,0.2343,0.2178,0.2509,0.2725,0.6208,0.6002,0.526,0.558,-0.008,0.2842,0.2818,0.2794,0.28,0.0013
Hmel215003o,650001,700000,674594,44403,0.0133,0.0155,0.011,0.0255,0.0023,0.0126,0.0111,0.0115,0.0106,0.0147,0.0132,0.0241,0.0226,0.017,0.0183,0.0207,0.0208,0.0139,0.0232,0.0222,0.0175,0.0189,0.0206,0.0207,0.0239,0.022,0.0155,0.0178,0.021,0.0212,0.0274,0.0255,0.0264,0.027,0.0271,0.0233,0.0239,0.0239,0.024,0.0132,0.017,0.0165,0.0161,0.0156,0.0107,0.0101,0.0434,0.138,0.5031,0.1418,0.2095,0.2614,0.2828,0.0252,0.0889,0.4447,0.1147,0.1835,0.219,0.2384,0.1717,0.5525,0.1418,0.2462,0.3163,0.3403,0.3759,0.1775,0.217,0.2195,0.2359,0.5311,0.5796,0.5688,0.5936,0.0576,0.1799,0.1852,0.1851,0.1906,-0.018
Hmel215003o,675001,725000,700373,46245,0.0154,0.0159,0.0128,0.0244,0.0028,0.0109,0.0106,0.0125,0.0122,0.0159,0.0149,0.0239,0.0262,0.0184,0.0206,0.0215,0.0215,0.0145,0.023,0.0261,0.0185,0.0209,0.0221,0.022,0.0233,0.026,0.0171,0.0206,0.022,0.0218,0.0308,0.0272,0.0285,0.0293,0.0292,0.027,0.0277,0.0272,0.0269,0.0135,0.0184,0.0188,0.0172,0.0178,0.0119,0.0101,0.0292,0.1167,0.5017,0.1752,0.2384,0.2231,0.2297,0.005,0.089,0.4891,0.1691,0.2338,0.2289,0.2314,0.144,0.5549,0.1918,0.287,0.283,0.2841,0.4291,0.247,0.2716,0.2562,0.2594,0.6116,0.6254,0.5768,0.5802,0.1208,0.2335,0.2522,0.2076,0.2293,-0.0202
Hmel215003o,700001,750000,725562,48042,0.0161,0.016,0.0144,0.0253,0.0039,0.0112,0.0127,0.0157,0.0154,0.0156,0.0154,0.0237,0.0303,0.0199,0.0201,0.0236,0.0232,0.0148,0.0232,0.031,0.02,0.0201,0.0241,0.0237,0.0232,0.0311,0.0199,0.0199,0.0243,0.0238,0.0348,0.0279,0.0277,0.0305,0.0298,0.0308,0.0316,0.0305,0.0305,0.0141,0.0199,0.0198,0.0209,0.0211,0.0153,-0.0149,0.0046,0.0905,0.5192,0.1975,0.1728,0.2047,0.2017,-0.0151,0.082,0.5306,0.2021,0.1767,0.2193,0.2142,0.1071,0.5615,0.2289,0.1987,0.2472,0.2417,0.4453,0.2435,0.2159,0.2192,0.2131,0.6225,0.599,0.5302,0.5363,0.0891,0.2062,0.2086,0.2016,0.2108,-0.0092
Hmel215003o,725001,775000,750095,49465,0.0123,0.0111,0.0101,0.0244,0.0036,0.0076,0.0103,0.0121,0.0117,0.0115,0.0116,0.0205,0.0265,0.0141,0.0131,0.0169,0.0167,0.0105,0.0205,0.0269,0.0148,0.0129,0.0173,0.017,0.021,0.0272,0.0146,0.0122,0.0177,0.0175,0.0314,0.0226,0.0221,0.0236,0.0233,0.0262,0.0268,0.0263,0.0263,0.0109,0.0138,0.0138,0.0155,0.0155,0.0117,-0.0099,0.0167,0.0889,0.5545,0.1806,0.0772,0.1707,0.1736,-0.0077,0.1094,0.5857,0.2365,0.0964,0.2057,0.2064,0.1362,0.6129,0.2567,0.0939,0.2396,0.2448,0.4235,0.2147,0.158,0.1592,0.1608,0.6632,0.6028,0.5555,0.5663,0.1015,0.1754,0.1874,0.1695,0.1796,-0.0117
Hmel215003o,750001,800000,774993,49919,0.0172,0.0151,0.0124,0.0251,0.0043,0.0114,0.0152,0.0144,0.0146,0.0164,0.0157,0.0242,0.0302,0.018,0.0174,0.0211,0.0213,0.0149,0.0239,0.0307,0.0201,0.0177,0.0225,0.0224,0.0248,0.0304,0.0196,0.0161,0.023,0.0232,0.0346,0.0264,0.0259,0.027,0.0271,0.0303,0.0304,0.0291,0.0297,0.0149,0.0177,0.0179,0.0198,0.0201,0.0145,0.0068,0.031,0.0867,0.4906,0.1209,0.0356,0.1506,0.1507,0.0441,0.112,0.536,0.216,0.0826,0.2199,0.2134,0.1708,0.5859,0.2576,0.0832,0.2779,0.2774,0.4397,0.215,0.1501,0.1806,0.1802,0.6036,0.5298,0.5298,0.5319,0.0616,0.1646,0.1651,0.1526,0.1572,-0.0002
Hmel215003o,775001,825000,799985,49768,0.0244,0.0239,0.0201,0.0245,0.0068,0.0189,0.023,0.0202,0.0207,0.0243,0.0237,0.0277,0.0386,0.0262,0.0256,0.0312,0.0314,0.0233,0.0272,0.0392,0.0285,0.0264,0.0327,0.0324,0.0282,0.0388,0.0281,0.0245,0.0331,0.0332,0.0397,0.0311,0.0303,0.0335,0.0332,0.0386,0.0387,0.0367,0.0371,0.0232,0.027,0.0268,0.0297,0.0298,0.0204,0.0038,0.0333,0.066,0.441,0.1014,0.042,0.175,0.173,0.0301,0.0628,0.4532,0.15,0.0629,0.2037,0.194,0.1304,0.5017,0.189,0.0672,0.2541,0.2504,0.4647,0.193,0.129,0.2136,0.2023,0.5162,0.4603,0.4778,0.4764,0.0546,0.1683,0.1575,0.1664,0.163,-0.0002
Hmel215003o,800001,850000,825069,49767,0.0244,0.0246,0.0228,0.0235,0.0069,0.0183,0.0224,0.0207,0.0204,0.0244,0.0246,0.0269,0.0366,0.026,0.0252,0.0304,0.0307,0.0237,0.0269,0.0368,0.0273,0.0254,0.0313,0.0311,0.0276,0.0371,0.0275,0.0246,0.0313,0.0314,0.0373,0.0292,0.0284,0.0324,0.0322,0.0368,0.0366,0.0358,0.036,0.0234,0.0277,0.0274,0.0299,0.0298,0.0207,-0.0024,0.0219,0.0583,0.416,0.1041,0.04,0.1571,0.1648,-0.0019,0.0556,0.415,0.1258,0.0414,0.1684,0.1695,0.0912,0.4434,0.1516,0.0435,0.1898,0.1951,0.4498,0.1818,0.1118,0.2009,0.2018,0.5053,0.4438,0.4588,0.4666,0.074,0.1841,0.1827,0.1715,0.1726,0.0036
Hmel215003o,825001,875000,850011,49919,0.0231,0.0222,0.0214,0.0246,0.0056,0.0167,0.019,0.0194,0.019,0.0225,0.0226,0.0264,0.0337,0.0255,0.0243,0.0302,0.03,0.0213,0.0263,0.0336,0.0258,0.024,0.031,0.0308,0.0268,0.034,0.026,0.0236,0.0312,0.0311,0.0357,0.0296,0.0281,0.0327,0.0327,0.0346,0.0341,0.0341,0.0343,0.021,0.0276,0.0274,0.0289,0.0288,0.0194,-0.0028,0.0076,0.0561,0.4197,0.1316,0.0762,0.184,0.1861,-0.0109,0.0675,0.4316,0.1485,0.0814,0.2078,0.2101,0.0866,0.447,0.162,0.0815,0.2192,0.2231,0.4395,0.1989,0.1418,0.2117,0.2171,0.5297,0.4861,0.48,0.488,0.0865,0.22,0.2227,0.2121,0.2157,0.0044
Hmel215003o,850001,900000,875002,49923,0.0231,0.0224,0.0209,0.0261,0.0053,0.0177,0.0182,0.0198,0.0205,0.0229,0.0226,0.0273,0.0355,0.026,0.0254,0.0317,0.0311,0.0218,0.027,0.0356,0.0265,0.0259,0.0325,0.0323,0.0277,0.0357,0.0257,0.0248,0.0325,0.0323,0.0378,0.0311,0.0307,0.0351,0.035,0.0355,0.0354,0.0358,0.0353,0.0213,0.0283,0.0283,0.0285,0.0283,0.02,0.0036,0.0153,0.0603,0.4454,0.1264,0.1081,0.2029,0.1851,0.0042,0.0632,0.4567,0.1457,0.1278,0.2244,0.2133,0.0956,0.4803,0.1499,0.1246,0.2414,0.2309,0.4478,0.1934,0.1809,0.2267,0.2163,0.5271,0.518,0.4981,0.4827,0.0898,0.214,0.2055,0.2096,0.1983,-0.0021
Hmel215003o,875001,925000,899611,48894,0.0251,0.0241,0.0214,0.0275,0.005,0.0202,0.0195,0.0215,0.023,0.0247,0.0244,0.0294,0.0392,0.0271,0.0277,0.0328,0.0326,0.0234,0.029,0.039,0.0276,0.0279,0.0335,0.0337,0.0295,0.0392,0.0268,0.0268,0.0333,0.0334,0.0414,0.0323,0.0332,0.037,0.0372,0.0386,0.0386,0.0394,0.0387,0.0235,0.0296,0.0295,0.0297,0.0295,0.0225,0.0019,0.0256,0.0629,0.4606,0.0943,0.1138,0.1786,0.1593,0.0149,0.0687,0.4727,0.1161,0.13,0.1997,0.1871,0.1093,0.5126,0.1331,0.1427,0.2284,0.2121,0.4697,0.1678,0.1902,0.2188,0.2053,0.5235,0.5333,0.5122,0.4843,0.088,0.1831,0.1641,0.1916,0.1717,0.0053
Hmel215003o,900001,950000,925108,48779,0.0248,0.0227,0.0204,0.0259,0.0075,0.0204,0.0195,0.0201,0.0216,0.0238,0.0235,0.0289,0.0412,0.0278,0.0279,0.034,0.0344,0.0222,0.028,0.0408,0.0282,0.0274,0.0345,0.0351,0.0286,0.0414,0.0283,0.0266,0.0351,0.0354,0.0411,0.0317,0.0324,0.036,0.0364,0.0411,0.0412,0.0411,0.041,0.0231,0.0299,0.0301,0.0306,0.0309,0.021,-0.0,0.0211,0.0703,0.4524,0.1095,0.122,0.2151,0.2049,0.0151,0.0796,0.4761,0.1415,0.1373,0.2455,0.2372,0.1201,0.5125,0.1707,0.151,0.2812,0.268,0.4523,0.1717,0.1931,0.2363,0.224,0.51,0.523,0.5132,0.4926,0.0789,0.203,0.1883,0.2245,0.2107,0.0027
Hmel215003o,925001,975000,949994,49601,0.024,0.022,0.0191,0.0247,0.0089,0.0202,0.0201,0.0195,0.0206,0.0231,0.0229,0.0274,0.0412,0.0274,0.0274,0.0332,0.0335,0.0211,0.0263,0.0411,0.0284,0.0269,0.0342,0.0346,0.0275,0.0417,0.0291,0.0264,0.0354,0.036,0.0402,0.0313,0.0312,0.0346,0.0348,0.0409,0.0412,0.0396,0.0404,0.0233,0.0278,0.0282,0.0295,0.03,0.02,0.0032,0.0331,0.0633,0.4454,0.1141,0.1139,0.219,0.2117,0.0145,0.0682,0.4701,0.1559,0.1282,0.2574,0.2507,0.129,0.5134,0.2047,0.1559,0.3092,0.303,0.4387,0.1786,0.1778,0.2356,0.2254,0.4917,0.4947,0.4886,0.4815,0.0779,0.1775,0.1695,0.2076,0.2015,-0.0
Hmel215003o,950001,1000000,975068,49751,0.0222,0.0212,0.019,0.0255,0.0067,0.0195,0.0194,0.0199,0.0208,0.0219,0.0221,0.0266,0.0388,0.024,0.0242,0.0298,0.0302,0.0205,0.0258,0.0388,0.0246,0.0237,0.0307,0.0313,0.0269,0.0388,0.025,0.0234,0.0313,0.032,0.0395,0.0295,0.0288,0.0328,0.0334,0.0381,0.0385,0.0364,0.0371,0.0224,0.0253,0.0257,0.0274,0.0278,0.02,0.0046,0.0362,0.063,0.4732,0.0752,0.0816,0.1814,0.1787,0.0106,0.0602,0.4872,0.1007,0.0836,0.2085,0.2077,0.1121,0.5182,0.1378,0.106,0.2453,0.2445,0.4518,0.1511,0.1398,0.1986,0.1949,0.504,0.5099,0.4811,0.4757,0.0762,0.1314,0.1294,0.1743,0.1703,-0.0084
Hmel215003o,975001,1025000,997448,44789,0.0231,0.0236,0.023,0.0254,0.0074,0.0212,0.0209,0.0221,0.0217,0.0236,0.024,0.0274,0.0382,0.0248,0.0251,0.0304,0.0313,0.0236,0.0266,0.0385,0.0254,0.0251,0.0309,0.0322,0.0281,0.0385,0.025,0.0247,0.0314,0.0324,0.0386,0.0294,0.0293,0.033,0.034,0.0382,0.039,0.0369,0.0378,0.0229,0.0273,0.0283,0.0285,0.0294,0.0218,0.007,0.021,0.0682,0.4443,0.0597,0.0699,0.1553,0.1741,0.0079,0.0479,0.442,0.0671,0.0654,0.1588,0.1842,0.083,0.4503,0.0659,0.0622,0.1741,0.1937,0.4342,0.1271,0.1308,0.1744,0.1943,0.4705,0.4831,0.4451,0.4598,0.0449,0.1228,0.1461,0.1485,0.168,-0.0019
Hmel215003o,1000001,1050000,1015121,23178,0.0243,0.0246,0.0244,0.0265,0.0092,0.0227,0.0216,0.024,0.0218,0.0249,0.0253,0.028,0.0366,0.0268,0.0274,0.0329,0.0338,0.0246,0.0275,0.0368,0.0269,0.0265,0.0329,0.0343,0.0292,0.0377,0.0268,0.0267,0.0344,0.0351,0.0371,0.0306,0.0316,0.0343,0.0356,0.0384,0.0385,0.038,0.039,0.0234,0.0302,0.0311,0.0306,0.0318,0.0237,0.0085,0.0205,0.055,0.3879,0.0694,0.0937,0.1623,0.199,0.0009,0.0427,0.3856,0.0692,0.0721,0.1577,0.2032,0.0759,0.3988,0.0693,0.0793,0.1824,0.2166,0.383,0.1208,0.1493,0.1618,0.2067,0.4296,0.4449,0.4081,0.4476,0.0285,0.1353,0.1758,0.1549,0.1988,0.0174
Hmel215003o,1025001,1075000,1060421,28375,0.0159,0.017,0.0116,0.0233,0.0053,0.0144,0.0171,0.0162,0.0171,0.0172,0.0158,0.0279,0.0336,0.0253,0.0198,0.0297,0.0298,0.0167,0.026,0.0343,0.0257,0.0205,0.0295,0.0295,0.0291,0.0335,0.0263,0.0178,0.0307,0.0305,0.0382,0.0302,0.029,0.0309,0.0311,0.0345,0.0333,0.0352,0.0353,0.0213,0.0182,0.0188,0.0254,0.0258,0.0162,0.0244,0.0746,0.1951,0.536,0.2632,0.0953,0.3121,0.3007,0.0845,0.1449,0.5257,0.2529,0.0979,0.2933,0.2806,0.2786,0.6141,0.354,0.1134,0.3922,0.3766,0.4856,0.2535,0.1965,0.2395,0.231,0.5714,0.5135,0.5485,0.535,0.1576,0.0921,0.0925,0.2191,0.213,-0.0133
Hmel215003o,1050001,1100000,1074990,49806,0.0153,0.0205,0.0101,0.0243,0.0058,0.0197,0.0186,0.0176,0.0178,0.0212,0.0179,0.0335,0.0378,0.0253,0.0209,0.0347,0.0351,0.02,0.0283,0.0373,0.0289,0.0233,0.0346,0.0347,0.0328,0.0365,0.0286,0.0177,0.0372,0.0371,0.04,0.0351,0.0327,0.0358,0.0359,0.0384,0.0369,0.0388,0.039,0.0244,0.0236,0.0242,0.0321,0.0324,0.0175,0.0887,0.1797,0.2797,0.579,0.1923,0.1099,0.372,0.3729,0.1396,0.1279,0.4939,0.1886,0.092,0.3032,0.3012,0.3419,0.6569,0.3285,0.1112,0.474,0.4685,0.4841,0.2443,0.2255,0.2806,0.2789,0.5175,0.5191,0.5526,0.551,0.1268,0.1241,0.1345,0.2921,0.2935,-0.0073
Hmel215003o,1075001,1125000,1100072,49764,0.0128,0.0218,0.01,0.0296,0.0057,0.0227,0.0163,0.02,0.0199,0.0216,0.0218,0.0416,0.045,0.025,0.0248,0.0413,0.0412,0.0234,0.0352,0.0435,0.0304,0.028,0.0416,0.0411,0.0391,0.0427,0.0308,0.021,0.0447,0.0442,0.0451,0.0421,0.039,0.0436,0.0434,0.0452,0.0445,0.0466,0.0464,0.0264,0.0313,0.0312,0.0365,0.0364,0.0211,0.117,0.3276,0.3539,0.6738,0.1793,0.2725,0.4468,0.4479,0.2002,0.1739,0.5359,0.1639,0.199,0.3456,0.3406,0.3612,0.7037,0.3211,0.2423,0.5134,0.5106,0.4709,0.2498,0.2842,0.2943,0.2931,0.5388,0.6189,0.5835,0.5838,0.159,0.1989,0.1991,0.3496,0.3499,0.03
Hmel215003o,1100001,1150000,1121993,35643,0.012,0.0228,0.0139,0.03,0.0053,0.0205,0.013,0.0204,0.0207,0.0208,0.0267,0.0439,0.0476,0.0258,0.0308,0.041,0.0402,0.0249,0.0406,0.0474,0.0302,0.0316,0.0414,0.0405,0.0432,0.0477,0.0325,0.0256,0.0414,0.0407,0.0496,0.0441,0.0436,0.0461,0.0462,0.0481,0.0499,0.0494,0.0497,0.0269,0.0324,0.0314,0.0322,0.0315,0.0231,0.0938,0.3613,0.3819,0.7057,0.2382,0.4369,0.4493,0.437,0.1598,0.2288,0.559,0.1744,0.2896,0.3278,0.314,0.3548,0.6798,0.3218,0.3262,0.4304,0.4198,0.5063,0.2911,0.3676,0.3127,0.3108,0.5927,0.7035,0.603,0.6006,0.2439,0.2377,0.2187,0.3307,0.316,0.0611
Hmel215003o,1125001,1175000,1157049,35219,0.0203,0.0279,0.0209,0.0236,0.0089,0.0135,0.0069,0.0135,0.0128,0.0275,0.0277,0.0365,0.0378,0.031,0.0358,0.0344,0.0334,0.025,0.0342,0.0372,0.0336,0.0345,0.0348,0.034,0.0383,0.0403,0.0303,0.0282,0.0301,0.0296,0.0392,0.0446,0.0451,0.0442,0.044,0.0436,0.0447,0.0429,0.0427,0.0146,0.02,0.0188,0.0194,0.0184,0.0139,0.0703,0.1551,0.2616,0.458,0.3079,0.4639,0.356,0.351,0.0128,0.1394,0.3524,0.2488,0.3428,0.2669,0.2629,0.2769,0.4747,0.2882,0.3528,0.2859,0.2864,0.4403,0.4326,0.5194,0.4295,0.4355,0.6066,0.7115,0.6014,0.6092,0.186,0.2054,0.1874,0.3255,0.3161,0.0317
Hmel215003o,1150001,1200000,1175193,49482,0.0197,0.0197,0.0149,0.0247,0.0103,0.0093,0.0067,0.0147,0.0135,0.0208,0.0199,0.0298,0.0343,0.0244,0.0254,0.0266,0.0258,0.0184,0.0295,0.0346,0.0245,0.0245,0.0266,0.0256,0.0314,0.0364,0.0227,0.0218,0.0248,0.024,0.0378,0.0358,0.0356,0.0357,0.0351,0.0366,0.0379,0.0369,0.0365,0.0112,0.017,0.0161,0.0179,0.0168,0.0144,0.0287,0.0746,0.1611,0.4079,0.2663,0.331,0.2252,0.2281,0.0322,0.1556,0.4114,0.2697,0.3148,0.225,0.225,0.2502,0.5021,0.3177,0.3524,0.2641,0.2688,0.3952,0.3862,0.4216,0.3119,0.3205,0.5937,0.6503,0.5106,0.5248,0.1767,0.1816,0.1813,0.2639,0.2636,0.0117
Hmel215003o,1175001,1225000,1199875,49477,0.0178,0.017,0.0138,0.0287,0.0074,0.012,0.0092,0.0165,0.016,0.0176,0.0181,0.0297,0.0337,0.0209,0.0217,0.0247,0.0248,0.0165,0.0296,0.0351,0.021,0.0203,0.0243,0.0242,0.03,0.0355,0.0207,0.0186,0.0237,0.0236,0.0407,0.033,0.0322,0.0332,0.0332,0.0331,0.0355,0.0342,0.0341,0.0145,0.0181,0.0178,0.0195,0.0194,0.0163,0.0054,0.0731,0.1459,0.4722,0.1786,0.2436,0.1906,0.1986,0.0367,0.1542,0.4994,0.1925,0.2249,0.1929,0.1974,0.2025,0.557,0.246,0.2485,0.2322,0.2373,0.4185,0.2712,0.2957,0.2152,0.2217,0.5635,0.6357,0.4986,0.5048,0.1633,0.1259,0.1272,0.2157,0.2217,0.0008
Hmel215003o,1200001,1250000,1225099,49480,0.0182,0.018,0.0165,0.0285,0.0037,0.0158,0.0135,0.0169,0.0173,0.0177,0.0193,0.0292,0.0363,0.0244,0.0225,0.0282,0.0286,0.0181,0.0285,0.0377,0.0263,0.0214,0.0292,0.0296,0.0285,0.0376,0.0253,0.0192,0.028,0.0282,0.0422,0.0327,0.0308,0.0338,0.0343,0.036,0.038,0.0368,0.0373,0.0214,0.0201,0.0204,0.0247,0.025,0.0173,-0.0118,0.057,0.135,0.5511,0.187,0.1821,0.2437,0.2455,0.0271,0.1266,0.5686,0.2294,0.1615,0.2634,0.2649,0.1457,0.5924,0.2318,0.1299,0.2659,0.2628,0.4831,0.2195,0.2218,0.221,0.2234,0.589,0.645,0.578,0.5753,0.197,0.108,0.1101,0.2491,0.2491,0.0042
Hmel215003o,1225001,1275000,1250004,49951,0.0156,0.0113,0.013,0.0224,0.0025,0.0103,0.0136,0.0131,0.0127,0.0134,0.0149,0.0256,0.033,0.0236,0.0198,0.025,0.0252,0.0138,0.0259,0.0339,0.0271,0.0211,0.0273,0.0277,0.0257,0.0339,0.0251,0.0186,0.0263,0.0264,0.0352,0.0263,0.0254,0.0262,0.0266,0.0343,0.0347,0.0336,0.034,0.017,0.0165,0.0166,0.0217,0.0218,0.0132,-0.0022,0.0226,0.1668,0.5858,0.3055,0.1601,0.2828,0.2949,0.0699,0.2415,0.6772,0.4465,0.2696,0.3967,0.4107,0.21,0.6445,0.3825,0.1745,0.351,0.3604,0.5113,0.2636,0.1955,0.2173,0.2309,0.7004,0.6393,0.6379,0.6505,0.182,0.1784,0.1927,0.2489,0.2606,0.0102
Hmel215003o,1250001,1300000,1274970,49844,0.0133,0.0077,0.0119,0.0219,0.0021,0.0058,0.0117,0.0091,0.0088,0.0105,0.0127,0.0243,0.0314,0.0211,0.0189,0.0216,0.0215,0.0111,0.0243,0.0317,0.0241,0.0208,0.0237,0.0236,0.0242,0.0318,0.0217,0.018,0.0223,0.0221,0.0336,0.0262,0.0253,0.0253,0.0253,0.0327,0.0328,0.0319,0.0324,0.0098,0.0117,0.0119,0.0147,0.0151,0.0095,0.0015,0.0047,0.1842,0.6216,0.3915,0.2146,0.3307,0.3347,0.0667,0.2806,0.7458,0.5787,0.3804,0.4935,0.4971,0.2064,0.655,0.4361,0.2211,0.3754,0.3775,0.5081,0.346,0.2297,0.2741,0.2785,0.795,0.6675,0.7149,0.7239,0.0588,0.2306,0.2507,0.1823,0.2013,0.0279
Hmel215003o,1275001,1325000,1300032,49814,0.0106,0.0079,0.011,0.0199,0.0022,0.0039,0.0096,0.0069,0.0078,0.0092,0.0115,0.0195,0.0358,0.0163,0.0154,0.0171,0.0173,0.0101,0.0191,0.0358,0.0188,0.0167,0.0191,0.0192,0.0193,0.0353,0.0164,0.0143,0.0174,0.0173,0.0371,0.0248,0.0231,0.0247,0.0249,0.0348,0.035,0.0344,0.0353,0.0075,0.0078,0.0086,0.0107,0.0113,0.0081,-0.0027,0.0307,0.1508,0.7094,0.3974,0.2185,0.3363,0.3188,0.0315,0.1944,0.7641,0.5351,0.3257,0.4553,0.4342,0.1381,0.699,0.3884,0.172,0.3332,0.3094,0.5694,0.3888,0.2502,0.331,0.318,0.847,0.7246,0.7777,0.7646,0.0507,0.1901,0.2005,0.1368,0.1377,0.053
Hmel215003o,1300001,1350000,1325004,49950,0.0116,0.0104,0.0124,0.0233,0.0025,0.0061,0.0113,0.0089,0.0084,0.011,0.0133,0.0229,0.0358,0.0165,0.0153,0.0184,0.0184,0.0125,0.0227,0.0365,0.019,0.0166,0.0198,0.0198,0.0228,0.036,0.0171,0.0147,0.0181,0.0181,0.0405,0.0232,0.0233,0.0236,0.0235,0.036,0.0355,0.0358,0.0359,0.0104,0.0102,0.0099,0.0128,0.0127,0.0089,-0.0016,0.0561,0.1675,0.6863,0.3161,0.1533,0.2981,0.3109,0.0457,0.1818,0.7131,0.4075,0.2187,0.3572,0.372,0.1526,0.6717,0.3102,0.1136,0.2715,0.2834,0.5482,0.2693,0.1806,0.2269,0.2355,0.7972,0.6886,0.7385,0.7502,0.0903,0.1594,0.1615,0.1224,0.1334,0.0138
Hmel215003o,1325001,1375000,1350001,49985,0.0155,0.0154,0.0142,0.0269,0.0024,0.0109,0.0145,0.0126,0.0119,0.0152,0.0183,0.0286,0.0347,0.0202,0.019,0.0243,0.0237,0.0174,0.0272,0.0351,0.0221,0.02,0.025,0.0243,0.0274,0.0359,0.0206,0.017,0.0236,0.023,0.0407,0.0271,0.0268,0.0287,0.028,0.0365,0.0358,0.037,0.0368,0.015,0.0159,0.0154,0.0186,0.0181,0.0124,-0.0105,0.1089,0.1746,0.6043,0.2202,0.1256,0.2788,0.2785,0.0853,0.1518,0.6104,0.2679,0.1526,0.2943,0.2936,0.173,0.6397,0.257,0.0917,0.2893,0.29,0.505,0.2152,0.1588,0.2164,0.2146,0.7058,0.6332,0.6767,0.6873,0.0902,0.1605,0.1588,0.1669,0.1651,0.0066
Hmel215003o,1350001,1400000,1374887,49632,0.0185,0.0206,0.0144,0.0263,0.0035,0.0167,0.018,0.0158,0.0164,0.0194,0.0237,0.0286,0.0367,0.0225,0.0239,0.0287,0.0288,0.0234,0.0276,0.0364,0.0241,0.0246,0.0293,0.0292,0.0295,0.0366,0.0248,0.0204,0.0282,0.0282,0.0399,0.0303,0.0299,0.0332,0.0327,0.0375,0.0372,0.0389,0.0389,0.0208,0.0218,0.0222,0.0244,0.0243,0.0164,-0.0033,0.1898,0.1415,0.5548,0.1293,0.142,0.2644,0.2583,0.1528,0.0969,0.5205,0.1347,0.1275,0.2462,0.2367,0.2117,0.623,0.2413,0.1217,0.3158,0.3074,0.4912,0.1925,0.169,0.2474,0.2334,0.5925,0.5675,0.618,0.6096,0.0952,0.1531,0.1556,0.1914,0.1817,0.0113
Hmel215003o,1375001,1425000,1400059,49610,0.0147,0.0167,0.0148,0.0254,0.0039,0.0211,0.0185,0.0135,0.0147,0.0157,0.0271,0.0275,0.0355,0.0221,0.0285,0.0358,0.0358,0.0278,0.0279,0.0359,0.0233,0.0291,0.0363,0.036,0.0304,0.0359,0.0291,0.0217,0.0337,0.0338,0.0393,0.0316,0.0302,0.0384,0.0379,0.0373,0.0369,0.0426,0.0421,0.0274,0.0265,0.0266,0.031,0.0304,0.0152,0.0005,0.3091,0.1831,0.6003,0.113,0.2757,0.4507,0.4337,0.2897,0.1622,0.5686,0.111,0.257,0.4269,0.4081,0.2297,0.6024,0.2499,0.1389,0.4245,0.4088,0.4899,0.1667,0.1752,0.3517,0.3312,0.5139,0.5495,0.6741,0.653,0.1701,0.222,0.2073,0.3329,0.3065,0.0411
Hmel215003o,1400001,1450000,1424996,49954,0.007,0.0084,0.0101,0.0246,0.0016,0.0176,0.0142,0.0079,0.0088,0.0079,0.0244,0.0244,0.0362,0.0182,0.0266,0.0344,0.0345,0.025,0.0249,0.0367,0.0187,0.0271,0.0344,0.0345,0.0271,0.0376,0.0275,0.0152,0.0323,0.0328,0.0397,0.0296,0.0263,0.0374,0.0375,0.0371,0.0379,0.0415,0.0412,0.0274,0.0219,0.0221,0.0309,0.0309,0.0106,0.0107,0.4961,0.2561,0.7964,0.2029,0.4451,0.6571,0.6425,0.476,0.2424,0.7704,0.1896,0.4266,0.6306,0.6167,0.2539,0.7432,0.3457,0.1178,0.5803,0.5698,0.5357,0.1856,0.1779,0.4238,0.4138,0.6039,0.6694,0.8034,0.7867,0.2795,0.2751,0.2648,0.4891,0.4745,0.1233
Hmel215003o,1425001,1475000,1449984,49928,0.011,0.0107,0.0083,0.0244,0.0017,0.0163,0.0107,0.0105,0.0121,0.0112,0.0213,0.0243,0.0424,0.0181,0.0241,0.0288,0.0292,0.0214,0.0241,0.0425,0.0179,0.0243,0.0289,0.0294,0.0267,0.0425,0.024,0.0157,0.0288,0.0294,0.0436,0.0281,0.0256,0.0332,0.0331,0.0413,0.0425,0.0403,0.0406,0.0255,0.0216,0.0223,0.0279,0.0285,0.0133,0.0174,0.3912,0.1925,0.7514,0.1473,0.394,0.4716,0.4494,0.4004,0.1929,0.7571,0.1464,0.403,0.4793,0.4571,0.2783,0.8004,0.3364,0.2576,0.5251,0.5022,0.57,0.1816,0.2206,0.3412,0.3175,0.6564,0.7575,0.7498,0.7232,0.3204,0.2464,0.2331,0.4657,0.4449,0.0865
Hmel215003o,1450001,1500000,1473325,45990,0.0147,0.0129,0.0093,0.0224,0.0018,0.0165,0.0095,0.0122,0.0147,0.0138,0.0184,0.0241,0.0429,0.0179,0.0221,0.0274,0.028,0.0182,0.0234,0.0432,0.0168,0.0224,0.0276,0.0282,0.0254,0.0434,0.0203,0.0187,0.0282,0.0289,0.0439,0.0263,0.0253,0.0317,0.0314,0.0416,0.0432,0.0407,0.0408,0.0224,0.0237,0.0248,0.0261,0.0267,0.0152,-0.0,0.2228,0.151,0.6908,0.0712,0.3057,0.3556,0.3243,0.2554,0.1666,0.7219,0.0703,0.3489,0.39,0.3576,0.2667,0.7845,0.2351,0.3477,0.4655,0.4287,0.5943,0.1662,0.2607,0.3187,0.2777,0.6533,0.7798,0.7196,0.6767,0.2775,0.2568,0.2376,0.4288,0.3907,0.0626
Hmel215003o,1475001,1525000,1500440,45968,0.0158,0.0152,0.0097,0.0238,0.0032,0.0195,0.0136,0.0136,0.0159,0.0153,0.0232,0.0249,0.0392,0.0204,0.0237,0.0314,0.0316,0.0232,0.0246,0.0395,0.0195,0.0241,0.0316,0.0318,0.0279,0.0429,0.0253,0.0211,0.0316,0.0319,0.0411,0.0279,0.0275,0.0339,0.0342,0.0389,0.0422,0.0405,0.0407,0.0244,0.0258,0.0269,0.0299,0.0302,0.0169,-0.0084,0.3048,0.1355,0.6253,0.0758,0.2469,0.3774,0.3459,0.3144,0.1396,0.6373,0.0625,0.2643,0.3892,0.3574,0.2834,0.7515,0.2815,0.303,0.4772,0.443,0.537,0.1402,0.2175,0.314,0.2859,0.5648,0.6831,0.672,0.6354,0.2021,0.229,0.2161,0.3913,0.3591,0.0731
Hmel215003o,1500001,1550000,1523702,45550,0.0172,0.0176,0.0078,0.0259,0.0038,0.0238,0.0167,0.0117,0.0166,0.0176,0.0316,0.0297,0.0376,0.0254,0.029,0.0397,0.0391,0.0327,0.0303,0.0369,0.0251,0.0293,0.04,0.0392,0.0308,0.0436,0.0329,0.0215,0.0353,0.0344,0.0409,0.0325,0.0284,0.0377,0.0377,0.0391,0.0422,0.0434,0.0435,0.0307,0.0294,0.0304,0.036,0.0352,0.0169,0.0057,0.4502,0.18,0.579,0.1124,0.2748,0.4823,0.412,0.4569,0.1854,0.5663,0.1013,0.2742,0.4801,0.4081,0.3312,0.7773,0.3665,0.2866,0.584,0.4936,0.5002,0.1428,0.1654,0.3626,0.3004,0.495,0.6236,0.7109,0.6354,0.2158,0.2594,0.2121,0.4498,0.3718,0.0953
Hmel215003o,1525001,1575000,1551097,45623,0.017,0.0181,0.0054,0.0255,0.0031,0.0203,0.0178,0.0099,0.0146,0.0177,0.0296,0.0316,0.0406,0.0256,0.0302,0.036,0.036,0.0299,0.0315,0.04,0.0263,0.0302,0.0365,0.0363,0.0303,0.0443,0.0297,0.02,0.0314,0.0313,0.043,0.0323,0.0272,0.0345,0.0346,0.0418,0.0429,0.0442,0.0447,0.0301,0.0238,0.0255,0.0319,0.032,0.0152,0.0045,0.4654,0.2171,0.6174,0.1643,0.2814,0.4724,0.4058,0.4511,0.2013,0.5951,0.1636,0.2665,0.4618,0.3944,0.3644,0.8328,0.41,0.2768,0.6233,0.5322,0.5316,0.1845,0.1322,0.354,0.2913,0.5774,0.6226,0.7557,0.6839,0.2356,0.2361,0.1975,0.4098,0.342,0.1139
Hmel215003o,1550001,1600000,1574997,49900,0.0133,0.0147,0.0039,0.0235,0.0022,0.0174,0.0174,0.011,0.0121,0.014,0.0217,0.0246,0.036,0.0208,0.0241,0.028,0.0284,0.0226,0.0247,0.0358,0.0215,0.0244,0.0289,0.0292,0.0285,0.0407,0.0234,0.0191,0.0251,0.0251,0.0379,0.0275,0.0263,0.031,0.0314,0.0361,0.038,0.0378,0.0388,0.0234,0.0207,0.0217,0.025,0.0255,0.0134,-0.002,0.4478,0.1713,0.6596,0.1585,0.2322,0.4107,0.3964,0.4324,0.1509,0.6338,0.155,0.2178,0.4004,0.3856,0.3908,0.8682,0.3901,0.2959,0.558,0.5324,0.5261,0.1637,0.1411,0.3134,0.3021,0.5891,0.6055,0.7163,0.7027,0.1548,0.1976,0.2021,0.2896,0.2792,0.079
Hmel215003o,1575001,1625000,1600042,49883,0.0095,0.0093,0.0029,0.0224,0.0017,0.0131,0.0148,0.0097,0.0103,0.0094,0.0129,0.0186,0.0359,0.0181,0.0174,0.0232,0.0234,0.0134,0.0191,0.0358,0.0186,0.0179,0.0239,0.0242,0.0222,0.0395,0.0207,0.0157,0.022,0.0218,0.0372,0.0245,0.0236,0.0275,0.0276,0.0347,0.0364,0.0358,0.0364,0.0158,0.0163,0.0168,0.0182,0.0184,0.0104,0.0029,0.3691,0.1175,0.7428,0.2411,0.1884,0.4295,0.42,0.392,0.1329,0.7468,0.2609,0.208,0.4477,0.4385,0.3242,0.8972,0.4577,0.2943,0.5715,0.552,0.5422,0.184,0.1412,0.2941,0.2861,0.6624,0.6461,0.7379,0.7295,0.0655,0.1845,0.1857,0.2052,0.1989,0.02
Hmel215003o,1600001,1650000,1625000,49975,0.0138,0.0112,0.0051,0.0237,0.0025,0.0101,0.0149,0.0119,0.0126,0.0126,0.0125,0.0228,0.0399,0.02,0.0176,0.0232,0.0233,0.0111,0.022,0.0405,0.0214,0.0179,0.0243,0.0243,0.0226,0.0411,0.0218,0.016,0.0243,0.0246,0.042,0.0262,0.0249,0.0278,0.0277,0.039,0.0397,0.0386,0.0385,0.0151,0.0152,0.0156,0.0181,0.0186,0.0121,0.0051,0.1485,0.1225,0.675,0.2648,0.1085,0.2997,0.2889,0.1607,0.1498,0.7248,0.3502,0.1667,0.3707,0.3578,0.2696,0.8408,0.5001,0.2425,0.4981,0.4873,0.5542,0.2491,0.1505,0.2473,0.2354,0.7356,0.6556,0.6998,0.6876,0.0992,0.1676,0.1657,0.1566,0.1591,-0.005
Hmel215003o,1625001,1675000,1647957,44707,0.0138,0.0115,0.0059,0.0248,0.0029,0.0085,0.0146,0.0119,0.0118,0.0129,0.0128,0.0244,0.0378,0.0154,0.0166,0.0215,0.0215,0.0115,0.0235,0.0381,0.0168,0.0166,0.022,0.022,0.0239,0.038,0.0169,0.0148,0.0216,0.0217,0.0425,0.0249,0.0255,0.0281,0.0282,0.0383,0.0377,0.0371,0.0368,0.0157,0.0175,0.0178,0.0177,0.0179,0.0118,0.0122,0.1389,0.145,0.6526,0.1684,0.0797,0.2626,0.2654,0.1493,0.1644,0.6974,0.2666,0.1282,0.3201,0.3214,0.2657,0.8043,0.4172,0.1896,0.4322,0.4359,0.5398,0.2372,0.1547,0.2415,0.2434,0.7529,0.6381,0.6825,0.6815,0.1602,0.2762,0.2852,0.1523,0.1578,-0.0014
Hmel215003o,1650001,1700000,1675858,44433,0.0085,0.0109,0.0073,0.0235,0.0024,0.0064,0.0115,0.0095,0.0097,0.0101,0.0134,0.0233,0.0352,0.0094,0.0165,0.0186,0.0187,0.013,0.0235,0.0349,0.0109,0.016,0.0176,0.0179,0.0228,0.0349,0.0135,0.0154,0.0178,0.0183,0.0397,0.0233,0.0255,0.0271,0.0274,0.0352,0.0338,0.0336,0.0335,0.0159,0.0175,0.0176,0.0159,0.016,0.0098,0.0204,0.2702,0.2237,0.7428,0.12,0.2579,0.36,0.3594,0.1867,0.1884,0.693,0.1223,0.1859,0.2792,0.2817,0.2358,0.7675,0.3448,0.2535,0.3741,0.3817,0.5383,0.2637,0.2176,0.2761,0.2783,0.7887,0.6725,0.7112,0.7065,0.2932,0.391,0.3885,0.2151,0.2125,0.0104
Hmel215003o,1675001,1725000,1700086,49685,0.0103,0.014,0.0068,0.0212,0.0027,0.0102,0.0099,0.0101,0.011,0.0123,0.0161,0.0235,0.0329,0.0141,0.0202,0.0218,0.0224,0.0156,0.0234,0.033,0.0156,0.02,0.0216,0.0223,0.0229,0.0332,0.0191,0.0186,0.022,0.023,0.0353,0.0254,0.0256,0.028,0.0286,0.0327,0.0324,0.0335,0.034,0.0169,0.018,0.0183,0.0178,0.0182,0.011,0.0073,0.3195,0.227,0.683,0.1658,0.3478,0.3765,0.3684,0.2111,0.1622,0.611,0.1333,0.2638,0.2972,0.2941,0.2795,0.7618,0.401,0.3957,0.4608,0.4571,0.5241,0.2658,0.2734,0.31,0.3046,0.6844,0.6874,0.6918,0.6776,0.2677,0.2917,0.2785,0.293,0.2828,0.0181
Hmel215003o,1700001,1750000,1724983,49770,0.0102,0.0126,0.0035,0.0209,0.0045,0.0099,0.0074,0.0084,0.009,0.0111,0.0114,0.021,0.0323,0.0156,0.0169,0.0193,0.0193,0.0116,0.0206,0.0326,0.0163,0.0173,0.0199,0.02,0.0217,0.0326,0.0181,0.0161,0.0202,0.0204,0.0342,0.0233,0.0228,0.0249,0.0249,0.0322,0.0326,0.0336,0.0337,0.0112,0.0127,0.0131,0.0123,0.0125,0.0087,-0.0118,0.2617,0.1812,0.6448,0.2282,0.3296,0.3639,0.3517,0.1894,0.1268,0.6004,0.1916,0.2815,0.3222,0.3119,0.3248,0.7915,0.4726,0.5087,0.5587,0.5471,0.4888,0.2334,0.2716,0.2911,0.2818,0.6491,0.7058,0.691,0.6815,0.1335,0.1703,0.1689,0.2266,0.2208,-0.0028
Hmel215003o,1725001,1775000,1750064,49765,0.0115,0.0134,0.002,0.0196,0.0031,0.0054,0.007,0.0068,0.0067,0.012,0.0124,0.0219,0.0318,0.0147,0.0144,0.0158,0.0152,0.0115,0.0218,0.032,0.0159,0.0155,0.017,0.0165,0.0216,0.0342,0.0164,0.0139,0.0168,0.0162,0.0363,0.0229,0.0223,0.0231,0.0225,0.0324,0.0331,0.0327,0.0324,0.0079,0.0082,0.0085,0.0087,0.0088,0.0065,-0.0181,0.3076,0.1963,0.6422,0.2859,0.2277,0.2787,0.2643,0.2084,0.1593,0.6051,0.2704,0.2152,0.2668,0.2561,0.3809,0.8679,0.648,0.5248,0.5971,0.5927,0.552,0.3339,0.2893,0.3075,0.2995,0.7806,0.7473,0.7488,0.7503,0.1303,0.1561,0.1813,0.1187,0.1312,-0.0242
Hmel215003o,1750001,1800000,1775011,49949,0.0103,0.0114,0.0014,0.0191,0.004,0.0067,0.011,0.0099,0.0094,0.0104,0.0114,0.0283,0.0274,0.0239,0.0223,0.0249,0.0244,0.0103,0.029,0.0276,0.0256,0.0237,0.0265,0.0261,0.0274,0.0301,0.0251,0.0217,0.0258,0.0253,0.0357,0.0252,0.0248,0.0257,0.0248,0.0324,0.0326,0.0331,0.0327,0.0101,0.0105,0.0104,0.0121,0.0118,0.0094,-0.0212,0.3379,0.3405,0.6014,0.491,0.3694,0.4397,0.4397,0.2431,0.3316,0.5787,0.4916,0.3719,0.4424,0.445,0.4934,0.8448,0.7349,0.5726,0.6571,0.663,0.5377,0.3541,0.2699,0.3049,0.2969,0.729,0.6408,0.6682,0.6736,0.0688,0.1231,0.132,0.0771,0.0783,-0.014
Hmel215003o,1775001,1825000,1799721,49038,0.012,0.0103,0.0039,0.0196,0.0068,0.009,0.0131,0.015,0.0147,0.0107,0.0112,0.0328,0.0287,0.033,0.0302,0.0342,0.034,0.0102,0.0324,0.0289,0.0346,0.0313,0.0353,0.0351,0.0332,0.0297,0.0352,0.031,0.0359,0.0354,0.0374,0.0292,0.0298,0.0299,0.029,0.0359,0.0351,0.0361,0.0359,0.0112,0.0148,0.0154,0.0165,0.017,0.0148,-0.0208,0.1798,0.3703,0.5223,0.5323,0.4281,0.4489,0.4515,0.1898,0.3915,0.5592,0.5792,0.4726,0.4879,0.4906,0.5075,0.7082,0.7037,0.5856,0.5983,0.5985,0.503,0.3702,0.3122,0.2829,0.2735,0.6533,0.5741,0.5517,0.5537,0.0077,0.109,0.136,0.0835,0.1051,-0.0035
Hmel215003o,1800001,1850000,1825201,49047,0.0207,0.0188,0.0099,0.0222,0.0062,0.0142,0.0164,0.0191,0.0198,0.0198,0.0204,0.0289,0.0356,0.0275,0.0272,0.0305,0.0307,0.0186,0.028,0.0363,0.0301,0.0284,0.0319,0.0322,0.0312,0.0374,0.0311,0.0284,0.0335,0.0329,0.0395,0.0327,0.0329,0.0329,0.0327,0.0384,0.0382,0.0377,0.0379,0.0177,0.023,0.0241,0.024,0.025,0.0196,-0.0,0.1513,0.1559,0.4665,0.2337,0.1973,0.22,0.2157,0.1371,0.1683,0.5035,0.305,0.2457,0.2672,0.2627,0.3502,0.6606,0.4584,0.3826,0.4115,0.3946,0.4985,0.3058,0.2784,0.2411,0.2297,0.5948,0.5583,0.512,0.505,0.0773,0.1693,0.1826,0.1573,0.1675,0.0023
Hmel215003o,1825001,1875000,1849985,49930,0.0205,0.0203,0.0107,0.0266,0.006,0.0195,0.0192,0.0194,0.0205,0.0205,0.0205,0.0274,0.0367,0.024,0.0236,0.0287,0.0288,0.0192,0.0276,0.0375,0.0255,0.0239,0.0299,0.0302,0.0298,0.0386,0.0259,0.0229,0.0314,0.0313,0.0391,0.0315,0.0312,0.0338,0.0336,0.0375,0.0378,0.0368,0.0369,0.0218,0.026,0.0259,0.0271,0.0272,0.0196,0.0034,0.1436,0.0903,0.4856,0.0966,0.091,0.1894,0.1784,0.1124,0.0972,0.4977,0.1321,0.1006,0.2126,0.2047,0.2639,0.6588,0.2761,0.2207,0.3665,0.3491,0.446,0.1733,0.1716,0.2082,0.1928,0.5096,0.5163,0.5037,0.4881,0.0624,0.1518,0.136,0.1767,0.1655,-0.0084
Hmel215003o,1850001,1900000,1875017,49932,0.019,0.0183,0.0114,0.0248,0.0052,0.0172,0.0171,0.0187,0.02,0.0192,0.0193,0.0257,0.0368,0.0248,0.0229,0.0292,0.0297,0.017,0.0251,0.038,0.0248,0.022,0.0294,0.0303,0.0252,0.039,0.0251,0.0216,0.0308,0.0318,0.0392,0.0295,0.0282,0.0326,0.0332,0.0377,0.0378,0.0365,0.037,0.0186,0.0237,0.0243,0.0247,0.0254,0.019,0.0156,0.1271,0.0953,0.5218,0.1649,0.1246,0.228,0.2186,0.0705,0.0939,0.5445,0.1735,0.1142,0.2394,0.2368,0.1971,0.6641,0.2862,0.2152,0.359,0.3534,0.4789,0.1875,0.1663,0.2173,0.2077,0.5589,0.5604,0.5237,0.5087,0.0415,0.1456,0.1393,0.1683,0.1633,-0.0099
Hmel215003o,1875001,1925000,1900001,49996,0.0196,0.0166,0.0124,0.0232,0.0066,0.017,0.0156,0.0181,0.0191,0.0193,0.0201,0.024,0.0353,0.0238,0.0222,0.0277,0.0285,0.0158,0.0228,0.0368,0.0237,0.0204,0.0281,0.0292,0.0231,0.0373,0.0238,0.0198,0.0284,0.0296,0.0368,0.0272,0.0259,0.03,0.0306,0.0363,0.0367,0.0352,0.0362,0.0184,0.0229,0.024,0.0236,0.0246,0.0182,0.0349,0.1214,0.0681,0.4763,0.1394,0.1243,0.2008,0.2022,0.0441,0.0871,0.5369,0.1804,0.1266,0.2485,0.2535,0.1598,0.6102,0.249,0.1808,0.3141,0.3201,0.4545,0.1674,0.1656,0.1992,0.1976,0.5254,0.5522,0.496,0.4934,0.0643,0.1395,0.1507,0.1763,0.1842,-0.0113
Hmel215003o,1900001,1950000,1924350,47553,0.0167,0.0137,0.0083,0.0253,0.0072,0.0153,0.0144,0.0157,0.015,0.0161,0.0162,0.023,0.0327,0.0228,0.0209,0.026,0.0263,0.012,0.0226,0.0331,0.0226,0.019,0.0265,0.0268,0.0234,0.0333,0.0226,0.017,0.0264,0.0268,0.0354,0.0284,0.0271,0.0303,0.0301,0.03,0.031,0.0291,0.0294,0.0171,0.0199,0.0199,0.0215,0.0216,0.015,0.0305,0.1345,0.0679,0.4803,0.1854,0.1562,0.2445,0.2608,0.0465,0.1039,0.5361,0.2302,0.1589,0.2996,0.3169,0.2071,0.6365,0.3276,0.2089,0.3892,0.4086,0.4043,0.1905,0.1814,0.2159,0.2227,0.4706,0.4993,0.4508,0.4683,0.0742,0.1328,0.1445,0.1867,0.2006,-0.0124
Hmel215003o,1925001,1975000,1950630,47501,0.014,0.0127,0.0065,0.0268,0.0058,0.0121,0.0134,0.0148,0.0138,0.0135,0.0123,0.0228,0.0311,0.0221,0.0191,0.0271,0.0272,0.0102,0.023,0.0309,0.0207,0.0173,0.0265,0.0264,0.0225,0.031,0.0208,0.0156,0.0268,0.027,0.0354,0.0286,0.027,0.032,0.0317,0.0282,0.029,0.0279,0.0275,0.0142,0.0189,0.0182,0.0219,0.0213,0.0144,0.0056,0.0969,0.0884,0.5336,0.2697,0.1741,0.3196,0.3366,0.0317,0.1103,0.5554,0.2625,0.146,0.3307,0.3453,0.1995,0.6827,0.3952,0.2294,0.4464,0.4681,0.4064,0.2232,0.1776,0.238,0.247,0.5342,0.5182,0.4771,0.4897,0.0567,0.1774,0.1769,0.2263,0.2311,0.0029
Hmel215003o,1950001,2000000,1975021,49939,0.014,0.0156,0.0098,0.0269,0.004,0.0105,0.0123,0.0156,0.0152,0.015,0.0134,0.0235,0.0333,0.0192,0.0179,0.0244,0.0249,0.0134,0.0236,0.0326,0.0188,0.017,0.0239,0.0242,0.023,0.0341,0.0175,0.0152,0.0231,0.0236,0.0364,0.0274,0.0267,0.0305,0.0305,0.0332,0.034,0.0332,0.0331,0.0133,0.0193,0.0192,0.0202,0.0203,0.0154,0.0058,0.0607,0.0999,0.5891,0.233,0.1608,0.2564,0.272,0.0278,0.08,0.5523,0.1898,0.1018,0.2211,0.2323,0.1543,0.6774,0.2785,0.1645,0.3045,0.3216,0.4414,0.2259,0.1864,0.2043,0.21,0.6565,0.6273,0.5596,0.5662,0.0831,0.2041,0.2092,0.1917,0.2018,0.0014
Hmel215003o,1975001,2025000,2000001,49989,0.0164,0.0185,0.0119,0.0262,0.0042,0.0116,0.0137,0.0155,0.0149,0.0178,0.0163,0.025,0.0357,0.0201,0.0203,0.0232,0.024,0.0161,0.0248,0.035,0.0215,0.0205,0.024,0.025,0.0249,0.0368,0.0201,0.0188,0.0236,0.0245,0.0382,0.0294,0.0291,0.0304,0.031,0.0355,0.036,0.0342,0.0349,0.0143,0.0189,0.019,0.0192,0.0198,0.0152,0.0093,0.0753,0.1048,0.5682,0.1881,0.1555,0.1958,0.2213,0.0292,0.072,0.5266,0.185,0.1271,0.1814,0.2089,0.1685,0.6565,0.2753,0.1993,0.2795,0.3066,0.4667,0.2502,0.2146,0.2119,0.2295,0.6507,0.6177,0.5696,0.5874,0.0635,0.1749,0.1892,0.1436,0.1699,0.0015
Hmel215003o,2000001,2050000,2023768,45370,0.0203,0.0186,0.0127,0.0295,0.0049,0.0142,0.0163,0.0162,0.0159,0.0203,0.0199,0.0281,0.0389,0.0224,0.0217,0.0253,0.0257,0.0165,0.0269,0.0384,0.0255,0.0225,0.0282,0.029,0.0278,0.0385,0.0266,0.022,0.0293,0.03,0.0425,0.0319,0.0306,0.0331,0.0337,0.0397,0.0389,0.0383,0.0389,0.0167,0.0207,0.0206,0.0228,0.0232,0.0158,0.0218,0.1004,0.0811,0.5277,0.1394,0.0901,0.1724,0.1839,0.0278,0.0793,0.5469,0.2291,0.1337,0.2489,0.2651,0.1721,0.643,0.3436,0.2147,0.3538,0.3693,0.4587,0.2186,0.1716,0.2106,0.2223,0.6279,0.5876,0.5847,0.5945,0.0477,0.1625,0.1642,0.1764,0.1893,-0.0059
Hmel215003o,2025001,2075000,2051157,45020,0.0203,0.0215,0.017,0.0313,0.0043,0.0135,0.0185,0.016,0.0165,0.0226,0.0231,0.0305,0.0392,0.0228,0.0225,0.0263,0.0264,0.0202,0.0292,0.0396,0.0263,0.0232,0.0296,0.0299,0.0311,0.0388,0.027,0.0225,0.0302,0.0306,0.043,0.0325,0.031,0.0339,0.0343,0.0399,0.0396,0.0401,0.0405,0.0183,0.021,0.021,0.0246,0.0249,0.016,0.0419,0.1126,0.1049,0.5376,0.1564,0.0778,0.1926,0.1889,0.0274,0.0712,0.5255,0.2108,0.0803,0.2362,0.2359,0.1561,0.5865,0.2919,0.1251,0.3076,0.3072,0.4517,0.2174,0.1348,0.2067,0.2072,0.6494,0.5692,0.6114,0.6075,0.0707,0.1818,0.1757,0.1845,0.1851,-0.0081
Hmel215003o,2050001,2100000,2075024,49634,0.0155,0.0216,0.0169,0.028,0.0043,0.0129,0.0174,0.0153,0.016,0.0224,0.0218,0.029,0.0394,0.0211,0.0216,0.0268,0.0262,0.0205,0.0275,0.0398,0.0225,0.0211,0.028,0.0275,0.0294,0.0397,0.0216,0.0187,0.0278,0.0274,0.0415,0.0293,0.0286,0.0325,0.0323,0.038,0.0385,0.0392,0.0392,0.0179,0.0217,0.0215,0.0252,0.0249,0.0156,0.1001,0.1575,0.1712,0.6145,0.2064,0.143,0.2844,0.2617,0.0331,0.0678,0.5259,0.1414,0.0426,0.2172,0.1994,0.1595,0.595,0.1943,0.0464,0.2805,0.2616,0.475,0.2109,0.1379,0.2287,0.2161,0.647,0.5763,0.6165,0.6048,0.087,0.2233,0.2061,0.2236,0.2063,-0.0011
Hmel215003o,2075001,2125000,2099946,49772,0.0144,0.0171,0.0129,0.0284,0.0034,0.0123,0.0146,0.0156,0.0158,0.0193,0.0189,0.0273,0.0415,0.0198,0.02,0.0266,0.0257,0.0166,0.0257,0.0407,0.0205,0.0189,0.0267,0.0257,0.0264,0.0409,0.0189,0.0161,0.026,0.025,0.043,0.0273,0.0273,0.0322,0.0315,0.0398,0.0397,0.0411,0.0403,0.0157,0.0226,0.0219,0.0237,0.0227,0.0155,0.1087,0.1706,0.1532,0.6613,0.2052,0.1691,0.2927,0.2727,0.0548,0.0878,0.6128,0.1737,0.094,0.2522,0.2315,0.1582,0.6811,0.2112,0.0835,0.3058,0.2838,0.4947,0.1834,0.1495,0.2161,0.2036,0.6845,0.645,0.6397,0.6311,0.0826,0.2478,0.2309,0.2334,0.2082,-0.0075
Hmel215003o,2100001,2150000,2125050,49762,0.0183,0.0178,0.0146,0.025,0.0049,0.0102,0.0164,0.0153,0.0148,0.0188,0.0188,0.0244,0.0374,0.0206,0.02,0.0243,0.0242,0.0171,0.0241,0.0372,0.0217,0.0196,0.0253,0.0249,0.0243,0.037,0.0209,0.0177,0.0252,0.025,0.0378,0.0269,0.0259,0.0287,0.0287,0.0365,0.0368,0.0362,0.0363,0.016,0.0197,0.0192,0.0216,0.0212,0.0147,0.0204,0.0697,0.0755,0.5423,0.1905,0.0748,0.1916,0.197,0.0286,0.0774,0.5484,0.2271,0.0729,0.2195,0.2205,0.128,0.5991,0.2675,0.0726,0.2691,0.2727,0.4661,0.2429,0.1347,0.1982,0.2046,0.6717,0.5677,0.5793,0.5881,0.0969,0.2241,0.2215,0.1619,0.1597,-0.0145
Hmel215003o,2125001,2175000,2149882,49713,0.018,0.0186,0.0158,0.023,0.0052,0.0097,0.0182,0.0143,0.0142,0.0194,0.0197,0.0236,0.0371,0.0223,0.021,0.0246,0.0246,0.0172,0.0236,0.037,0.0227,0.0201,0.0248,0.0248,0.0237,0.0371,0.0224,0.019,0.025,0.0251,0.037,0.0263,0.025,0.0271,0.0269,0.0357,0.0369,0.0344,0.0353,0.017,0.0179,0.0175,0.021,0.021,0.0139,0.0313,0.0812,0.0851,0.5393,0.2471,0.0784,0.2185,0.2192,-0.0006,0.0748,0.528,0.2433,0.0463,0.2119,0.2144,0.1197,0.5734,0.2876,0.0585,0.2605,0.2644,0.4792,0.2671,0.11,0.2094,0.2076,0.6687,0.5334,0.574,0.5836,0.1038,0.2074,0.1985,0.1354,0.1357,-0.0122
Hmel215003o,2150001,2200000,2174235,45789,0.0193,0.0204,0.0151,0.0271,0.0036,0.0162,0.0198,0.0151,0.0161,0.0212,0.0239,0.0271,0.0408,0.0243,0.0238,0.0281,0.0285,0.0205,0.0266,0.0409,0.0242,0.0225,0.0277,0.0284,0.028,0.0408,0.0245,0.0207,0.027,0.0276,0.0413,0.0286,0.0281,0.0308,0.0309,0.0391,0.0406,0.0372,0.0383,0.0201,0.0222,0.0226,0.0243,0.0249,0.0157,0.0359,0.1715,0.0969,0.5772,0.1649,0.1041,0.2531,0.246,0.0742,0.0729,0.561,0.1464,0.06,0.2297,0.2279,0.1685,0.6409,0.2309,0.0901,0.2953,0.2903,0.4916,0.1638,0.1083,0.2143,0.2023,0.61,0.5685,0.6135,0.6059,0.0582,0.1825,0.1755,0.173,0.1704,0.0047
Hmel215003o,2175001,2225000,2201109,45227,0.0204,0.0228,0.0131,0.0287,0.0042,0.0197,0.0193,0.0185,0.0182,0.022,0.0238,0.0272,0.0376,0.023,0.025,0.0312,0.0311,0.0228,0.0271,0.0387,0.0237,0.0248,0.0319,0.0317,0.0292,0.0379,0.024,0.0223,0.0317,0.0318,0.0413,0.03,0.0313,0.0363,0.036,0.0365,0.0387,0.0358,0.0364,0.0206,0.0262,0.0264,0.0277,0.0278,0.0187,0.008,0.1831,0.0689,0.5228,0.0732,0.1225,0.2439,0.2456,0.1268,0.0371,0.4983,0.0589,0.0871,0.2246,0.2263,0.1995,0.6438,0.2001,0.168,0.3493,0.3563,0.4649,0.1279,0.1535,0.2337,0.234,0.5228,0.5505,0.5344,0.546,0.029,0.1654,0.1744,0.1989,0.2058,0.0097
Hmel215003o,2200001,2250000,2225146,49149,0.0171,0.0164,0.0097,0.0242,0.0041,0.0163,0.0144,0.0163,0.0155,0.0173,0.0167,0.023,0.0344,0.0203,0.0203,0.0273,0.0274,0.015,0.0228,0.0354,0.0206,0.019,0.0275,0.0273,0.0231,0.035,0.0199,0.0175,0.0278,0.0278,0.0366,0.0258,0.026,0.031,0.0307,0.0334,0.0347,0.0336,0.0336,0.0173,0.0226,0.0227,0.0233,0.0232,0.016,0.0152,0.1169,0.0722,0.5445,0.1026,0.1327,0.2528,0.2666,0.0754,0.0779,0.5657,0.1208,0.1112,0.2662,0.2758,0.191,0.6852,0.2224,0.1962,0.3784,0.3925,0.4754,0.1409,0.1735,0.2288,0.2369,0.5479,0.5949,0.5501,0.5653,0.0647,0.1713,0.1855,0.2159,0.2281,0.0045
Hmel215003o,2225001,2275000,2250006,49975,0.0182,0.0159,0.0136,0.0261,0.004,0.0155,0.0137,0.0149,0.0153,0.0173,0.0172,0.0256,0.0354,0.0204,0.0204,0.0259,0.0266,0.0152,0.0252,0.0359,0.0204,0.0192,0.0258,0.0262,0.0257,0.0359,0.0203,0.0188,0.0261,0.0264,0.0373,0.0272,0.0278,0.0301,0.0304,0.0351,0.0358,0.0352,0.0356,0.0171,0.0213,0.0217,0.0221,0.0226,0.0153,0.007,0.0425,0.0919,0.5381,0.1013,0.1291,0.2323,0.2395,0.0164,0.1155,0.5818,0.1374,0.1368,0.2653,0.2658,0.1593,0.6212,0.1753,0.1666,0.3073,0.3068,0.4603,0.1604,0.1956,0.2158,0.2161,0.5808,0.6188,0.5925,0.5893,0.0855,0.1759,0.1804,0.2265,0.2295,0.0074
Hmel215003o,2250001,2300000,2274998,49981,0.0219,0.0202,0.0193,0.0278,0.0048,0.0177,0.0167,0.019,0.0185,0.0213,0.0215,0.0289,0.0388,0.023,0.0237,0.0288,0.0289,0.0196,0.0278,0.0385,0.023,0.0239,0.029,0.0289,0.0287,0.0387,0.0234,0.0244,0.0295,0.0294,0.0403,0.0303,0.0318,0.0335,0.0333,0.0384,0.0393,0.0381,0.0379,0.0191,0.0248,0.0247,0.0258,0.0257,0.0191,0.0061,0.023,0.0896,0.5036,0.0778,0.1086,0.1789,0.1872,-0.0025,0.0904,0.5264,0.1023,0.1371,0.2035,0.2084,0.1181,0.5414,0.1248,0.1597,0.225,0.2286,0.4583,0.1648,0.2008,0.198,0.2001,0.5618,0.5864,0.5407,0.5452,0.0561,0.1585,0.1621,0.1928,0.1969,0.0095
Hmel215003o,2275001,2325000,2299980,49657,0.0205,0.0189,0.0179,0.0251,0.006,0.0174,0.018,0.0196,0.0189,0.0202,0.0206,0.0257,0.035,0.0224,0.0221,0.029,0.0293,0.0185,0.025,0.0346,0.0226,0.0227,0.0297,0.0299,0.0258,0.0351,0.0234,0.023,0.0301,0.0303,0.0362,0.0278,0.0282,0.0323,0.0321,0.0341,0.0349,0.033,0.0329,0.0194,0.0258,0.0258,0.027,0.0269,0.0194,0.0137,0.0387,0.0724,0.4668,0.0875,0.0736,0.1916,0.2061,0.0045,0.081,0.4874,0.1161,0.1096,0.2241,0.2364,0.1107,0.5085,0.1476,0.1321,0.2436,0.2564,0.4325,0.1534,0.1516,0.1973,0.2036,0.504,0.505,0.4565,0.4671,0.0484,0.1727,0.1832,0.188,0.1967,0.0023
Hmel215003o,2300001,2350000,2325131,49658,0.0183,0.0182,0.0184,0.0231,0.0052,0.0152,0.0173,0.0179,0.019,0.0183,0.0198,0.0232,0.033,0.0209,0.0203,0.0264,0.0279,0.0187,0.0237,0.0331,0.0214,0.0206,0.0272,0.0284,0.0246,0.034,0.0226,0.0205,0.0273,0.0285,0.0343,0.0256,0.0249,0.0299,0.0303,0.032,0.0337,0.0306,0.0323,0.019,0.0241,0.0248,0.0258,0.0266,0.0182,0.0025,0.0412,0.0709,0.492,0.1173,0.0679,0.1969,0.2098,0.012,0.0835,0.4942,0.1308,0.0774,0.2135,0.2188,0.0981,0.5021,0.1577,0.0732,0.2137,0.219,0.4494,0.1664,0.1198,0.2029,0.1944,0.5335,0.5155,0.4695,0.4713,0.0832,0.1975,0.1936,0.1979,0.1975,-0.0075
Hmel215003o,2325001,2375000,2349951,49753,0.0199,0.0202,0.02,0.0222,0.0051,0.0169,0.0183,0.0193,0.0203,0.0203,0.0213,0.0238,0.035,0.0219,0.021,0.0261,0.0274,0.0205,0.0239,0.0349,0.0227,0.0206,0.0276,0.0284,0.0244,0.0359,0.0231,0.0203,0.0275,0.0281,0.0358,0.0256,0.0245,0.0292,0.0297,0.0349,0.0353,0.0339,0.0354,0.0207,0.0257,0.026,0.0268,0.0274,0.0197,0.0057,0.0354,0.0698,0.4907,0.0919,0.0517,0.1515,0.1631,0.0091,0.0655,0.4844,0.1054,0.0357,0.1754,0.1772,0.0814,0.499,0.1174,0.0319,0.1754,0.1748,0.4793,0.1494,0.1069,0.1815,0.1764,0.538,0.5194,0.4885,0.4892,0.086,0.1844,0.1752,0.1854,0.1834,-0.0022
Hmel215003o,2350001,2400000,2375061,49764,0.0199,0.0202,0.0197,0.0226,0.0057,0.0176,0.0182,0.0187,0.0194,0.0204,0.0206,0.0247,0.0339,0.0222,0.0215,0.0255,0.026,0.0196,0.0238,0.0337,0.0226,0.021,0.0265,0.0271,0.0251,0.0344,0.0225,0.0206,0.0265,0.0268,0.0356,0.026,0.0262,0.0287,0.0294,0.0339,0.033,0.0333,0.0341,0.021,0.0246,0.0248,0.0244,0.0248,0.0191,0.0102,0.0199,0.0838,0.4677,0.0889,0.0642,0.1462,0.1462,-0.0094,0.0597,0.4614,0.0951,0.0466,0.1625,0.1632,0.095,0.4765,0.0995,0.0438,0.1684,0.1648,0.4613,0.1427,0.1371,0.1763,0.1782,0.5047,0.4846,0.4801,0.477,0.0853,0.1602,0.152,0.1478,0.1447,0.0019
Hmel215003o,2375001,2425000,2399353,46764,0.0203,0.0194,0.0193,0.024,0.005,0.0155,0.0187,0.018,0.0187,0.0205,0.0209,0.0256,0.0342,0.0228,0.0227,0.0257,0.0258,0.0192,0.0243,0.0345,0.0227,0.022,0.0261,0.0262,0.0261,0.0351,0.0231,0.0212,0.0266,0.0267,0.0364,0.0268,0.0276,0.0291,0.0293,0.0336,0.0343,0.0333,0.0335,0.0208,0.0229,0.0229,0.0239,0.0238,0.0184,0.017,0.0297,0.0825,0.4762,0.1273,0.0794,0.1545,0.1472,-0.0037,0.0693,0.4936,0.1378,0.0754,0.1728,0.1667,0.1061,0.5022,0.1481,0.0581,0.1844,0.1765,0.4631,0.174,0.1435,0.1779,0.1714,0.5496,0.5031,0.5023,0.4927,0.1044,0.1635,0.1537,0.1391,0.1261,0.0007
Hmel215003o,2400001,2450000,2425953,46052,0.0208,0.0196,0.0189,0.0254,0.0045,0.0145,0.019,0.0199,0.0199,0.0209,0.0211,0.0259,0.034,0.0236,0.0225,0.0291,0.0281,0.0194,0.025,0.0345,0.023,0.0213,0.03,0.029,0.0261,0.0352,0.0233,0.0206,0.0304,0.0296,0.0368,0.0281,0.0271,0.0325,0.0318,0.0349,0.0355,0.0353,0.0349,0.0204,0.0257,0.0252,0.029,0.0279,0.02,0.0177,0.0319,0.0706,0.4732,0.1537,0.0663,0.1876,0.1696,0.004,0.0687,0.4981,0.158,0.0541,0.2176,0.1994,0.0982,0.5167,0.1753,0.0445,0.2329,0.2188,0.4566,0.1968,0.1171,0.1948,0.1832,0.5874,0.5188,0.5024,0.497,0.1044,0.2101,0.1984,0.2087,0.1893,0.0039
Hmel215003o,2425001,2475000,2450172,48896,0.0172,0.0183,0.0152,0.023,0.0042,0.0149,0.0137,0.017,0.017,0.0185,0.0189,0.0249,0.0306,0.0237,0.0225,0.0267,0.027,0.0172,0.024,0.0309,0.0223,0.021,0.0268,0.0268,0.027,0.032,0.022,0.0201,0.0271,0.0272,0.0333,0.0295,0.0291,0.0314,0.0316,0.0328,0.033,0.032,0.0323,0.0161,0.0227,0.0225,0.0241,0.0237,0.0173,0.0208,0.0821,0.1222,0.4978,0.2018,0.1951,0.2299,0.2352,0.0143,0.0893,0.4823,0.1535,0.1433,0.2157,0.2159,0.1928,0.5519,0.1984,0.1734,0.2676,0.2689,0.4547,0.2392,0.2511,0.2385,0.2417,0.5654,0.5897,0.5182,0.5213,0.0616,0.1846,0.178,0.2327,0.2243,0.0086
Hmel215003o,2450001,2500000,2475077,49463,0.0119,0.0136,0.0088,0.0217,0.0034,0.009,0.0072,0.0116,0.012,0.0132,0.0134,0.022,0.0306,0.0219,0.022,0.022,0.023,0.0122,0.0216,0.031,0.0212,0.0213,0.0218,0.0224,0.0243,0.0316,0.0215,0.0213,0.0228,0.0232,0.0335,0.0276,0.0282,0.0269,0.0273,0.0311,0.0315,0.0301,0.0306,0.0084,0.0151,0.0149,0.0155,0.0153,0.012,0.0183,0.1351,0.1628,0.6147,0.3694,0.4105,0.3178,0.3307,0.0448,0.1242,0.5839,0.3172,0.3581,0.2793,0.2849,0.2645,0.6909,0.4309,0.4694,0.3979,0.3977,0.4876,0.3167,0.3553,0.2617,0.2616,0.6805,0.7235,0.615,0.6123,0.0181,0.1994,0.1835,0.2566,0.2382,0.0095
Hmel215003o,2475001,2525000,2499942,49484,0.0084,0.0103,0.0059,0.023,0.0029,0.0054,0.0049,0.0097,0.0112,0.0092,0.0081,0.023,0.0333,0.0196,0.0197,0.0203,0.0204,0.0086,0.0225,0.034,0.0195,0.0196,0.0204,0.0204,0.024,0.0339,0.0203,0.0202,0.0214,0.0212,0.0362,0.0266,0.0258,0.0265,0.0269,0.0327,0.0324,0.0319,0.0325,0.0057,0.0133,0.0131,0.0131,0.013,0.0108,-0.0077,0.0708,0.2283,0.7232,0.4973,0.5137,0.398,0.367,0.0306,0.1834,0.6885,0.4427,0.4567,0.3547,0.3243,0.2915,0.7822,0.5817,0.5965,0.4806,0.4424,0.506,0.3447,0.342,0.2691,0.2533,0.7867,0.7968,0.6827,0.6577,0.0567,0.2876,0.2371,0.2967,0.2467,0.0167
Hmel215003o,2500001,2550000,2525106,49631,0.0107,0.011,0.0082,0.0196,0.0025,0.0065,0.0061,0.0114,0.0125,0.0109,0.0099,0.0209,0.0279,0.0178,0.0175,0.0197,0.0194,0.0097,0.0204,0.0281,0.0164,0.0165,0.0193,0.0192,0.0215,0.0282,0.017,0.0172,0.0198,0.0197,0.0289,0.0224,0.0217,0.0237,0.0242,0.0275,0.0278,0.0274,0.0279,0.0082,0.015,0.015,0.015,0.0151,0.0119,0.0006,0.0224,0.1864,0.6323,0.363,0.3653,0.2936,0.2635,0.0027,0.1701,0.6277,0.3188,0.3305,0.277,0.2517,0.2484,0.6946,0.4107,0.4266,0.3513,0.3251,0.4825,0.3016,0.2947,0.2342,0.2255,0.7326,0.7447,0.6103,0.5915,0.14,0.2667,0.2356,0.2752,0.2481,-0.0015
Hmel215003o,2525001,2575000,2549930,49731,0.0182,0.0186,0.0171,0.0211,0.0044,0.012,0.0142,0.0177,0.0181,0.0189,0.0187,0.0222,0.0322,0.0217,0.0217,0.0259,0.0257,0.0182,0.022,0.0321,0.0208,0.0211,0.0253,0.0252,0.023,0.0328,0.0218,0.0216,0.026,0.0265,0.0328,0.0242,0.0242,0.0269,0.027,0.0311,0.0316,0.0314,0.0315,0.0154,0.0219,0.022,0.0227,0.0227,0.018,0.0136,0.0321,0.072,0.4964,0.1899,0.1538,0.1913,0.1821,0.0091,0.0598,0.4879,0.1607,0.1329,0.1741,0.1658,0.1061,0.521,0.2093,0.1697,0.2081,0.2111,0.4713,0.2133,0.1781,0.1743,0.1695,0.597,0.5616,0.4955,0.4888,0.0844,0.2018,0.1979,0.1848,0.177,0.0036
Hmel215003o,2550001,2600000,2574957,49392,0.0242,0.0248,0.0236,0.0264,0.007,0.0198,0.0239,0.0244,0.0248,0.025,0.0251,0.0288,0.0404,0.0265,0.027,0.0333,0.033,0.0245,0.0281,0.041,0.0262,0.0265,0.0333,0.0329,0.0293,0.0418,0.0271,0.027,0.034,0.0341,0.0426,0.0305,0.0305,0.0354,0.0353,0.0405,0.0408,0.0407,0.0408,0.0233,0.0303,0.0307,0.0314,0.0315,0.0249,0.0111,0.0269,0.071,0.4592,0.0997,0.0621,0.1658,0.1562,0.0067,0.0507,0.4581,0.0851,0.0462,0.1582,0.1494,0.0867,0.48,0.1167,0.0683,0.1817,0.1799,0.4663,0.1556,0.1046,0.1738,0.1672,0.5201,0.4678,0.4597,0.4554,0.036,0.1647,0.168,0.1391,0.1365,0.0067
Hmel215003o,2575001,2625000,2599985,49357,0.0237,0.025,0.0225,0.0247,0.0061,0.0202,0.0206,0.0245,0.0241,0.0246,0.0241,0.0276,0.0386,0.0259,0.0256,0.0328,0.0333,0.024,0.0277,0.0394,0.0271,0.0265,0.0343,0.0352,0.0283,0.0396,0.0263,0.0253,0.0342,0.0348,0.0386,0.0298,0.0297,0.0347,0.0352,0.0379,0.0394,0.0379,0.0382,0.0218,0.0309,0.031,0.0317,0.0322,0.0243,0.005,0.0227,0.0699,0.4588,0.0872,0.0754,0.1616,0.1738,0.0073,0.0561,0.4502,0.0953,0.0789,0.1702,0.1879,0.0994,0.4865,0.1096,0.0862,0.1953,0.2088,0.4609,0.154,0.147,0.177,0.1896,0.5006,0.5095,0.4399,0.4496,0.0344,0.1696,0.1763,0.1778,0.1908,-0.0
Hmel215003o,2600001,2650000,2624965,49129,0.0242,0.0253,0.023,0.026,0.0055,0.0173,0.0179,0.0234,0.0233,0.0253,0.0253,0.0289,0.0387,0.0264,0.0257,0.0324,0.0336,0.0246,0.0291,0.0394,0.029,0.0275,0.0344,0.0355,0.0298,0.0393,0.028,0.0259,0.0339,0.0348,0.0383,0.0322,0.0318,0.036,0.0366,0.0385,0.0397,0.0379,0.0385,0.0195,0.0298,0.0305,0.0309,0.0318,0.0235,0.0109,0.0361,0.0772,0.4614,0.1258,0.1046,0.1613,0.1803,0.0095,0.0679,0.4539,0.1605,0.1275,0.1797,0.197,0.1074,0.4839,0.1725,0.1252,0.1979,0.2111,0.4518,0.2167,0.2032,0.1976,0.2066,0.5584,0.5606,0.4637,0.4715,0.0535,0.1971,0.2107,0.2084,0.2248,0.0029
Hmel215003o,2625001,2675000,2649937,48768,0.0254,0.0255,0.0228,0.0272,0.0052,0.0163,0.0217,0.0221,0.0229,0.026,0.0263,0.0302,0.0378,0.0286,0.0277,0.0336,0.0347,0.0253,0.0299,0.0382,0.0313,0.0286,0.0355,0.036,0.0307,0.0388,0.0317,0.0275,0.0359,0.0365,0.0391,0.0352,0.0339,0.0385,0.0386,0.0397,0.0388,0.0381,0.0388,0.0233,0.0298,0.0311,0.0316,0.0326,0.0226,0.0111,0.0467,0.076,0.4409,0.1654,0.0867,0.1813,0.1892,0.0249,0.0692,0.4432,0.2096,0.1011,0.2074,0.2062,0.1135,0.486,0.2498,0.1121,0.2416,0.2409,0.4492,0.2597,0.1774,0.2328,0.2261,0.5905,0.5025,0.4886,0.4851,0.1078,0.2279,0.2384,0.1912,0.1979,0.0009
Hmel215003o,2650001,2700000,2673300,44267,0.0259,0.0261,0.0236,0.026,0.0055,0.0181,0.0232,0.0232,0.0236,0.027,0.0267,0.0302,0.038,0.0289,0.0276,0.0349,0.0354,0.0261,0.03,0.0377,0.0302,0.0282,0.0356,0.0359,0.0309,0.0386,0.031,0.027,0.0361,0.0368,0.0389,0.0337,0.0326,0.0381,0.0382,0.0379,0.0375,0.0374,0.0376,0.0256,0.0307,0.0308,0.0326,0.0329,0.0233,0.0188,0.0403,0.0788,0.4306,0.1441,0.0615,0.1828,0.1864,0.0258,0.0724,0.4244,0.1643,0.0713,0.1905,0.1919,0.1176,0.4676,0.2057,0.0764,0.2243,0.2298,0.4562,0.2295,0.15,0.2264,0.2246,0.5415,0.4631,0.4605,0.4583,0.1145,0.2062,0.2037,0.1785,0.1788,-0.002
Hmel215003o,2675001,2725000,2700988,43899,0.0246,0.0237,0.0242,0.0269,0.0063,0.0187,0.022,0.0251,0.0246,0.0255,0.0254,0.0301,0.0399,0.0277,0.0277,0.0357,0.0355,0.0241,0.0298,0.0401,0.0286,0.0287,0.0357,0.0358,0.0308,0.0402,0.0282,0.0276,0.0359,0.036,0.0409,0.0323,0.0332,0.0378,0.0375,0.0386,0.0396,0.0387,0.039,0.0228,0.0313,0.0306,0.0338,0.0332,0.0246,0.029,0.0213,0.0844,0.4575,0.1303,0.0917,0.1884,0.1906,0.0018,0.0901,0.472,0.1575,0.1211,0.1976,0.2039,0.1004,0.466,0.143,0.0936,0.195,0.2012,0.4548,0.1922,0.1656,0.1944,0.195,0.5276,0.4899,0.4394,0.4486,0.0609,0.1873,0.1812,0.1895,0.1851,-0.0049
Hmel215003o,2700001,2750000,2725317,48577,0.0249,0.0221,0.023,0.0266,0.0066,0.0181,0.0206,0.024,0.0241,0.0249,0.0247,0.0302,0.041,0.0302,0.0295,0.0365,0.0365,0.0224,0.0301,0.0419,0.0318,0.0299,0.0374,0.0375,0.0301,0.0419,0.0305,0.0286,0.0369,0.0371,0.0421,0.0333,0.0343,0.0375,0.0376,0.0397,0.0406,0.0394,0.0401,0.0229,0.0306,0.0308,0.0323,0.0325,0.0236,0.0299,0.0177,0.0858,0.4608,0.1776,0.1363,0.2074,0.2083,-0.0021,0.1174,0.5051,0.2369,0.1755,0.2488,0.2504,0.108,0.4942,0.2054,0.1426,0.2326,0.2356,0.465,0.2171,0.2009,0.2045,0.2065,0.5404,0.5134,0.4557,0.4628,0.0885,0.1943,0.1967,0.1929,0.1949,-0.0097
Hmel215003o,2725001,2775000,2749838,48953,0.0261,0.0243,0.0231,0.0256,0.007,0.0198,0.0199,0.0229,0.0236,0.0261,0.0254,0.0303,0.041,0.0319,0.0301,0.0362,0.0365,0.0234,0.0302,0.0417,0.0337,0.0302,0.0379,0.0381,0.0299,0.0416,0.0334,0.0298,0.0373,0.0376,0.0403,0.0342,0.0334,0.036,0.0364,0.0396,0.0409,0.0396,0.0401,0.0255,0.0304,0.0309,0.0327,0.033,0.0228,0.018,0.0171,0.081,0.4402,0.1715,0.1423,0.2036,0.1991,-0.0062,0.101,0.4703,0.2197,0.1634,0.2444,0.2391,0.1104,0.4842,0.2289,0.1703,0.2489,0.2456,0.4551,0.2176,0.2057,0.2066,0.2035,0.51,0.522,0.4682,0.4633,0.131,0.1851,0.1837,0.2212,0.2169,-0.0103
Hmel215003o,2750001,2800000,2774749,48374,0.0236,0.0229,0.0206,0.0269,0.0066,0.0211,0.0202,0.0221,0.0231,0.0235,0.0223,0.0288,0.0389,0.0277,0.0277,0.034,0.0345,0.0213,0.0278,0.0394,0.0284,0.0271,0.0351,0.0359,0.0276,0.0391,0.0286,0.0267,0.0346,0.0355,0.0393,0.0319,0.0318,0.0348,0.0355,0.0388,0.0398,0.0387,0.0389,0.0245,0.0302,0.0306,0.0328,0.0328,0.0227,0.005,0.0059,0.0747,0.458,0.1132,0.124,0.2065,0.2025,-0.0121,0.0647,0.4715,0.1342,0.1213,0.2296,0.2296,0.0906,0.5003,0.1645,0.1418,0.2487,0.2495,0.4354,0.156,0.1658,0.1866,0.1845,0.4904,0.5136,0.4745,0.4637,0.0914,0.1749,0.1694,0.2264,0.2159,0.0025
Hmel215003o,2775001,2825000,2800140,48944,0.0191,0.0213,0.0171,0.0322,0.0053,0.0234,0.0201,0.0195,0.0196,0.0217,0.0199,0.03,0.0393,0.0284,0.0306,0.0376,0.038,0.0192,0.0305,0.0399,0.0282,0.0289,0.0366,0.0371,0.0296,0.0397,0.0289,0.0302,0.0382,0.039,0.0446,0.0352,0.0376,0.0427,0.0431,0.0397,0.0403,0.0402,0.0401,0.0235,0.0291,0.0293,0.0283,0.0288,0.02,0.039,0.0519,0.1057,0.5421,0.1537,0.2301,0.3361,0.3396,0.001,0.0878,0.5155,0.122,0.1736,0.2975,0.3026,0.1234,0.5759,0.1864,0.2501,0.3683,0.3752,0.4446,0.1354,0.2027,0.2688,0.2718,0.4854,0.536,0.5444,0.5419,0.0418,0.1601,0.1631,0.1865,0.1938,0.011
Hmel215003o,2800001,2850000,2824387,48165,0.0125,0.0194,0.0128,0.0331,0.004,0.0214,0.0151,0.0167,0.016,0.0188,0.0171,0.0293,0.0392,0.0284,0.0319,0.0374,0.037,0.0169,0.0307,0.0402,0.0274,0.0281,0.0345,0.034,0.0302,0.0398,0.0289,0.0312,0.0375,0.0373,0.0453,0.0368,0.0397,0.0444,0.0441,0.0391,0.0411,0.0415,0.0411,0.0211,0.026,0.0255,0.0238,0.0236,0.0171,0.0863,0.1591,0.1659,0.6661,0.264,0.4113,0.4547,0.4595,0.0248,0.1053,0.5646,0.1553,0.2524,0.3269,0.329,0.1768,0.6663,0.2706,0.399,0.4528,0.4585,0.4563,0.172,0.2752,0.3083,0.3124,0.5262,0.6388,0.617,0.6234,0.078,0.1633,0.1625,0.2113,0.2165,0.024
Hmel215003o,2825001,2875000,2850129,47557,0.0153,0.0202,0.0158,0.0308,0.0058,0.0179,0.0129,0.0183,0.018,0.0194,0.0186,0.0295,0.0388,0.0271,0.0297,0.0326,0.0323,0.0182,0.0296,0.0394,0.0253,0.0257,0.03,0.0299,0.0297,0.0391,0.0266,0.028,0.0317,0.0317,0.041,0.0344,0.0361,0.0384,0.038,0.0381,0.0405,0.0403,0.0399,0.0182,0.0245,0.0238,0.0227,0.022,0.0187,0.0476,0.0958,0.1553,0.5885,0.2523,0.3699,0.3332,0.3333,0.0068,0.0963,0.5207,0.1498,0.2276,0.2292,0.2313,0.1525,0.5839,0.2373,0.336,0.3145,0.3194,0.4215,0.1982,0.2793,0.2438,0.2437,0.5427,0.6398,0.5558,0.5575,0.0889,0.1597,0.1497,0.1932,0.1843,0.0163
Hmel215003o,2850001,2900000,2875172,48809,0.0296,0.0262,0.027,0.0317,0.0089,0.0225,0.0219,0.0252,0.0279,0.0281,0.0286,0.0343,0.0459,0.0332,0.0334,0.0379,0.0394,0.0256,0.0318,0.0438,0.0295,0.0295,0.0347,0.0363,0.0329,0.0445,0.0307,0.0304,0.0355,0.0368,0.044,0.0355,0.0357,0.0391,0.0404,0.0434,0.0436,0.0433,0.0451,0.0233,0.0301,0.0313,0.03,0.0313,0.0258,0.0047,0.0068,0.0618,0.4253,0.128,0.1369,0.1708,0.165,-0.0189,0.0593,0.444,0.1025,0.1079,0.1575,0.1548,0.0676,0.4415,0.1151,0.1142,0.162,0.1541,0.4023,0.1534,0.1613,0.1719,0.1611,0.4853,0.4937,0.4511,0.4357,0.0263,0.1235,0.1136,0.128,0.1192,-0.0156
Hmel215003o,2875001,2925000,2900028,47937,0.032,0.0272,0.0284,0.0335,0.0085,0.0253,0.0249,0.0265,0.0293,0.0296,0.0308,0.0369,0.0471,0.0334,0.0329,0.0392,0.0409,0.0268,0.0335,0.0442,0.0302,0.0291,0.0358,0.0375,0.0347,0.0451,0.0306,0.0288,0.0366,0.0382,0.0475,0.0364,0.0348,0.0407,0.0427,0.0441,0.0437,0.0429,0.0449,0.0266,0.0324,0.0341,0.034,0.0355,0.0272,0.0003,0.0101,0.0633,0.414,0.081,0.0765,0.1531,0.1508,-0.0188,0.0617,0.4405,0.0745,0.0592,0.1508,0.1483,0.0675,0.4359,0.0698,0.0406,0.1511,0.1467,0.4211,0.1229,0.1048,0.1655,0.1631,0.4623,0.4635,0.4364,0.4231,0.0302,0.1176,0.1161,0.146,0.1416,-0.0145
Hmel215003o,2900001,2950000,2925588,47746,0.0246,0.0228,0.0223,0.0336,0.0057,0.0199,0.0197,0.021,0.0187,0.0233,0.0241,0.0334,0.0389,0.0264,0.025,0.0298,0.0308,0.0223,0.0321,0.0377,0.0266,0.0241,0.0292,0.0296,0.0327,0.0383,0.0251,0.022,0.0287,0.029,0.0446,0.0357,0.0328,0.0375,0.038,0.038,0.0387,0.0368,0.0369,0.0217,0.0254,0.0252,0.0271,0.0268,0.0202,-0.0077,0.0153,0.0871,0.456,0.0918,0.0653,0.1419,0.1846,-0.0068,0.0853,0.4678,0.116,0.0664,0.1521,0.185,0.1,0.4803,0.0909,0.0232,0.1476,0.1805,0.4264,0.1691,0.1298,0.181,0.2111,0.5128,0.5213,0.4843,0.5189,0.049,0.1158,0.1399,0.1499,0.1735,0.0086
Hmel215003o,2925001,2975000,2950266,48960,0.0159,0.0151,0.0154,0.0301,0.0028,0.0091,0.0152,0.0146,0.0116,0.0152,0.0158,0.0257,0.0332,0.0207,0.0181,0.0211,0.0211,0.0149,0.0255,0.0325,0.0214,0.0177,0.021,0.0209,0.0261,0.0334,0.02,0.0167,0.0206,0.0201,0.0392,0.0304,0.0279,0.03,0.0296,0.0325,0.0333,0.0322,0.0321,0.0143,0.0168,0.0167,0.018,0.0174,0.0135,-0.0085,0.0041,0.0885,0.5769,0.2584,0.0813,0.1713,0.2211,-0.0139,0.0948,0.5846,0.2899,0.0835,0.1827,0.2305,0.1022,0.5882,0.2516,0.0478,0.166,0.205,0.4496,0.2575,0.1371,0.1801,0.2122,0.7047,0.5908,0.5914,0.6479,0.0859,0.1838,0.2453,0.0998,0.138,0.0164
Hmel215003o,2950001,3000000,2975134,49631,0.0119,0.0114,0.0104,0.0301,0.0026,0.0062,0.0096,0.0106,0.0095,0.0118,0.012,0.0237,0.0324,0.0162,0.0151,0.0169,0.0165,0.0106,0.0231,0.0322,0.0159,0.0138,0.0173,0.017,0.0228,0.0325,0.0153,0.0133,0.0174,0.0171,0.0396,0.0262,0.0249,0.0266,0.0263,0.0321,0.0322,0.0312,0.0309,0.0092,0.0148,0.0147,0.0155,0.0152,0.0102,0.0069,0.0403,0.1024,0.6486,0.2975,0.1777,0.2132,0.2261,-0.0148,0.0975,0.6564,0.3015,0.1443,0.2346,0.2518,0.1066,0.6802,0.311,0.1488,0.261,0.2766,0.4548,0.233,0.1587,0.1762,0.187,0.7697,0.694,0.6657,0.6866,0.0786,0.2915,0.3191,0.2236,0.2394,0.0098
Hmel215003o,2975001,3025000,2999961,49672,0.0131,0.0142,0.0112,0.0285,0.0036,0.0078,0.0092,0.0115,0.011,0.0141,0.0135,0.0239,0.0327,0.0178,0.017,0.0198,0.0199,0.0128,0.0233,0.0329,0.0182,0.017,0.0208,0.0211,0.0228,0.0328,0.0172,0.0157,0.0207,0.021,0.0381,0.0262,0.0256,0.0278,0.0281,0.0318,0.0326,0.0311,0.0314,0.0095,0.0172,0.0171,0.0178,0.018,0.0114,0.0172,0.0554,0.1058,0.6085,0.2719,0.218,0.2439,0.2571,0.005,0.0788,0.5911,0.259,0.1953,0.2501,0.2656,0.112,0.6474,0.3007,0.2223,0.3048,0.3206,0.4464,0.2291,0.196,0.2018,0.2125,0.7111,0.6873,0.6255,0.6384,0.0596,0.2959,0.3034,0.28,0.2954,0.0066
Hmel215003o,3000001,3050000,3025109,49692,0.0122,0.0139,0.0123,0.0229,0.0017,0.0092,0.012,0.0116,0.0117,0.0135,0.0126,0.0217,0.0269,0.0166,0.0164,0.0221,0.0226,0.0131,0.022,0.0278,0.0187,0.0173,0.0226,0.0235,0.0223,0.028,0.0177,0.0164,0.0223,0.0232,0.0305,0.0237,0.0243,0.0268,0.0273,0.0275,0.0285,0.0275,0.0283,0.0125,0.0181,0.0187,0.0186,0.0197,0.0116,0.0162,0.0156,0.1357,0.6043,0.2273,0.1569,0.3114,0.3218,-0.0017,0.1132,0.5779,0.2481,0.1511,0.2911,0.3082,0.1477,0.6165,0.2578,0.1565,0.3154,0.3318,0.4653,0.2283,0.1931,0.2456,0.2526,0.6845,0.6287,0.6258,0.6339,0.086,0.2839,0.2969,0.2358,0.2611,-0.0032
Hmel215003o,3025001,3075000,3049769,49478,0.015,0.0144,0.0148,0.0249,0.0016,0.0106,0.0144,0.0148,0.0146,0.0152,0.0153,0.0245,0.0292,0.0155,0.0168,0.0238,0.0235,0.0155,0.0246,0.0303,0.017,0.0171,0.0234,0.0234,0.0244,0.0293,0.0183,0.0174,0.0249,0.0249,0.0322,0.0253,0.0259,0.0301,0.0299,0.0307,0.0307,0.0315,0.0319,0.0147,0.0208,0.0206,0.0216,0.0217,0.0147,0.0182,0.0145,0.1274,0.5738,0.1016,0.0715,0.2414,0.238,0.0318,0.1389,0.5992,0.1612,0.0915,0.2448,0.2468,0.1288,0.5798,0.1906,0.0929,0.2684,0.2706,0.4589,0.2105,0.1634,0.2304,0.2296,0.684,0.6028,0.6038,0.6109,0.0847,0.2543,0.2527,0.204,0.2098,0.0002
Hmel215003o,3050001,3100000,3075024,49457,0.0206,0.0198,0.0193,0.0265,0.0034,0.014,0.0176,0.0199,0.0194,0.0209,0.021,0.0266,0.0343,0.021,0.0214,0.0267,0.0263,0.0206,0.0264,0.0352,0.0217,0.0213,0.0272,0.0268,0.0257,0.0342,0.023,0.0218,0.0292,0.0288,0.0356,0.0286,0.0276,0.0326,0.0323,0.0343,0.0346,0.0354,0.0353,0.0186,0.0244,0.0241,0.0266,0.0261,0.0196,0.0162,0.0271,0.0752,0.4982,0.1027,0.0601,0.1438,0.1437,0.0264,0.0809,0.5201,0.1304,0.0692,0.165,0.1625,0.0757,0.5189,0.1692,0.0898,0.208,0.2067,0.4475,0.2002,0.1342,0.1846,0.186,0.6122,0.5515,0.5215,0.5284,0.0883,0.1907,0.1907,0.1828,0.1796,-0.0028
Hmel215003o,3075001,3125000,3099582,49056,0.0196,0.0187,0.0175,0.0263,0.0037,0.0153,0.017,0.0186,0.0189,0.0199,0.0198,0.0253,0.0343,0.0206,0.0204,0.0255,0.0258,0.0181,0.0243,0.0352,0.0228,0.0203,0.0276,0.0277,0.0248,0.0355,0.0219,0.02,0.0281,0.028,0.0364,0.0276,0.0262,0.0303,0.0304,0.0336,0.0345,0.0352,0.035,0.0195,0.0237,0.024,0.0262,0.0261,0.0183,0.0207,0.0341,0.0653,0.5091,0.0866,0.0585,0.1522,0.1543,-0.0011,0.0563,0.533,0.1527,0.0674,0.2043,0.2015,0.0824,0.5554,0.1526,0.0787,0.228,0.223,0.4524,0.166,0.1186,0.1679,0.1654,0.5747,0.5544,0.5342,0.5285,0.0985,0.1751,0.1781,0.201,0.1955,-0.012
Hmel215003o,3100001,3150000,3124969,48740,0.0187,0.0168,0.016,0.0243,0.0033,0.0147,0.0165,0.0149,0.0157,0.0179,0.018,0.0252,0.0354,0.019,0.02,0.0251,0.0253,0.0162,0.0241,0.0363,0.0215,0.02,0.0269,0.027,0.0241,0.0364,0.0214,0.0199,0.0274,0.0272,0.0373,0.0275,0.027,0.0306,0.0307,0.0344,0.0359,0.0356,0.0359,0.018,0.0213,0.0214,0.0233,0.0232,0.0149,0.006,0.0191,0.0958,0.5424,0.0697,0.0679,0.21,0.2005,-0.0083,0.0999,0.5817,0.1632,0.0969,0.2709,0.2605,0.1114,0.5963,0.1744,0.1084,0.2914,0.2763,0.4936,0.1959,0.1612,0.2435,0.2331,0.6007,0.5842,0.6084,0.5968,0.0778,0.1904,0.1779,0.2055,0.1914,-0.0142
Hmel215003o,3125001,3175000,3150043,49555,0.022,0.0203,0.0193,0.0256,0.0041,0.0181,0.0195,0.0176,0.0179,0.0211,0.0212,0.0268,0.0356,0.0233,0.0248,0.0293,0.0288,0.0196,0.0261,0.036,0.0237,0.0244,0.0303,0.0298,0.0259,0.0364,0.0236,0.024,0.0305,0.0298,0.0383,0.0289,0.0299,0.0341,0.0337,0.0343,0.0368,0.0347,0.0351,0.0205,0.024,0.0236,0.0256,0.0249,0.0176,-0.0025,0.0131,0.0693,0.4789,0.0789,0.0947,0.2039,0.1908,-0.005,0.0783,0.5095,0.1102,0.1082,0.2412,0.2287,0.0874,0.5292,0.1216,0.1131,0.2574,0.2429,0.4753,0.158,0.1562,0.2438,0.2345,0.5269,0.5311,0.5391,0.5382,0.0468,0.1552,0.1422,0.1698,0.1503,-0.0038
Hmel215003o,3150001,3200000,3174986,49349,0.0243,0.0225,0.022,0.0269,0.0048,0.0192,0.021,0.0221,0.0226,0.0238,0.0238,0.028,0.036,0.0256,0.0258,0.0326,0.0325,0.0226,0.0272,0.0362,0.0252,0.0255,0.0335,0.0333,0.0273,0.0363,0.0251,0.0248,0.0331,0.0331,0.0378,0.0295,0.0297,0.0353,0.0349,0.0354,0.0367,0.0351,0.0357,0.022,0.0291,0.029,0.0308,0.0305,0.022,0.0089,0.0137,0.0521,0.4408,0.0871,0.0696,0.1777,0.1699,0.0077,0.0594,0.4696,0.1002,0.0855,0.2112,0.2031,0.0676,0.4769,0.1035,0.075,0.2098,0.2044,0.4459,0.1427,0.1236,0.1954,0.1836,0.5108,0.4969,0.462,0.4622,0.0483,0.179,0.1723,0.1871,0.1759,-0.0073
Hmel215003o,3175001,3225000,3200127,48189,0.026,0.0238,0.0236,0.0264,0.0056,0.0194,0.0214,0.0245,0.0249,0.0255,0.0254,0.0285,0.0373,0.028,0.0266,0.0342,0.0349,0.0239,0.0281,0.0369,0.0269,0.0266,0.0345,0.0351,0.0284,0.0375,0.0279,0.0266,0.0349,0.0355,0.0368,0.0309,0.03,0.0352,0.0354,0.0373,0.0377,0.0359,0.0376,0.0226,0.031,0.0313,0.0324,0.0328,0.0247,0.0126,0.0132,0.0444,0.4197,0.1098,0.0607,0.1588,0.165,0.006,0.0655,0.4462,0.1161,0.0859,0.1857,0.1914,0.0732,0.4554,0.1376,0.0895,0.194,0.199,0.4298,0.1667,0.1268,0.1699,0.1684,0.5138,0.4876,0.4242,0.4394,0.0546,0.181,0.1806,0.1799,0.1824,-0.0007
Hmel215003o,3200001,3250000,3225333,48088,0.0278,0.0259,0.0261,0.0298,0.0069,0.0227,0.022,0.0265,0.0258,0.0272,0.028,0.0308,0.0392,0.0302,0.0312,0.0354,0.0358,0.026,0.0305,0.0391,0.0307,0.0321,0.036,0.0366,0.0313,0.0399,0.0313,0.0318,0.0369,0.0371,0.0399,0.0347,0.0352,0.0377,0.0382,0.04,0.0408,0.0389,0.0402,0.0254,0.0318,0.0317,0.0325,0.0326,0.0264,0.0077,0.0197,0.0389,0.4013,0.0937,0.119,0.1393,0.1522,0.0008,0.055,0.4251,0.1225,0.1539,0.1671,0.1819,0.0654,0.4299,0.1309,0.1463,0.1765,0.1858,0.4059,0.155,0.1698,0.1557,0.1691,0.4757,0.4929,0.4157,0.4371,0.068,0.1347,0.1405,0.1536,0.1629,0.0053
Hmel215003o,3225001,3275000,3250121,49279,0.0299,0.028,0.0315,0.032,0.0075,0.0262,0.0219,0.0264,0.0269,0.0286,0.0307,0.033,0.0392,0.0308,0.033,0.0364,0.0376,0.0293,0.0327,0.0395,0.0319,0.0336,0.0373,0.0386,0.0347,0.0411,0.0331,0.0337,0.0386,0.0397,0.0416,0.0368,0.0382,0.0398,0.041,0.0401,0.0409,0.0397,0.0409,0.0267,0.0333,0.0341,0.034,0.0349,0.0265,-0.0068,-0.0012,0.0369,0.3688,0.0498,0.1277,0.1358,0.1472,-0.0079,0.0515,0.3954,0.0864,0.1557,0.1659,0.1776,0.0471,0.3712,0.0732,0.1227,0.1509,0.161,0.3927,0.1295,0.1927,0.1668,0.1763,0.4239,0.4875,0.4183,0.4239,0.0549,0.1247,0.132,0.1782,0.1861,-0.0031
Hmel215003o,3250001,3300000,3274750,47473,0.0306,0.0273,0.0316,0.0332,0.0068,0.028,0.0205,0.0247,0.0261,0.0286,0.0308,0.0345,0.0401,0.0314,0.0324,0.0373,0.0382,0.0287,0.0341,0.0402,0.0318,0.0329,0.0379,0.0383,0.0362,0.0427,0.0339,0.0344,0.0403,0.0409,0.042,0.0378,0.0384,0.0413,0.0419,0.0406,0.0404,0.0396,0.0406,0.0267,0.0346,0.0352,0.0333,0.0344,0.0251,-0.0062,-0.0047,0.0446,0.3794,0.0369,0.1264,0.1561,0.1569,-0.0128,0.0716,0.4202,0.0736,0.1679,0.196,0.1885,0.0606,0.3954,0.0681,0.1468,0.1869,0.1821,0.3938,0.1164,0.2011,0.1924,0.1862,0.4154,0.5117,0.4466,0.44,0.0513,0.1427,0.1379,0.2017,0.2033,-0.0059
Hmel215003o,3275001,3325000,3301011,47536,0.0273,0.0246,0.026,0.0304,0.0055,0.0248,0.0189,0.0242,0.0222,0.0259,0.0266,0.0321,0.0395,0.0285,0.0302,0.0334,0.0346,0.0246,0.0311,0.0394,0.0294,0.0315,0.0345,0.0355,0.0318,0.0405,0.0302,0.032,0.0356,0.0366,0.0408,0.0347,0.0358,0.037,0.0379,0.0401,0.0402,0.0389,0.0396,0.0248,0.0313,0.0316,0.0295,0.0307,0.0233,-0.0019,-0.0006,0.0619,0.429,0.0486,0.1418,0.1368,0.1761,-0.0154,0.0741,0.4625,0.0932,0.1926,0.1807,0.2165,0.071,0.4563,0.0918,0.1864,0.1827,0.2173,0.4262,0.1284,0.2089,0.1647,0.1996,0.4683,0.5506,0.4629,0.4976,0.0678,0.1292,0.1558,0.1646,0.2095,0.0028
Hmel215003o,3300001,3350000,3324992,49895,0.023,0.0206,0.0215,0.0253,0.0046,0.018,0.0145,0.0224,0.0202,0.0216,0.0222,0.0266,0.0357,0.0249,0.0263,0.0289,0.0302,0.0207,0.025,0.0355,0.0254,0.0267,0.0296,0.031,0.0263,0.0366,0.0256,0.0269,0.0301,0.0315,0.0372,0.0298,0.0312,0.032,0.0331,0.0359,0.0365,0.0361,0.0366,0.019,0.0259,0.0268,0.0263,0.0276,0.0213,-0.0047,-0.0015,0.0551,0.4583,0.1016,0.1762,0.127,0.1759,-0.0092,0.0552,0.4927,0.1448,0.2182,0.1672,0.2185,0.0682,0.4904,0.1356,0.2087,0.1644,0.2139,0.4612,0.1768,0.2473,0.1558,0.2006,0.5367,0.6021,0.4722,0.5112,0.0827,0.1308,0.1765,0.1858,0.2406,-0.0004
Hmel215003o,3325001,3375000,3349997,49754,0.019,0.0168,0.0178,0.0235,0.0045,0.0149,0.0105,0.019,0.0192,0.0176,0.0187,0.0232,0.0339,0.0236,0.0246,0.0263,0.027,0.0172,0.0221,0.0334,0.0236,0.0246,0.027,0.0276,0.0235,0.0347,0.0236,0.0247,0.0275,0.0282,0.0357,0.028,0.0292,0.0303,0.0306,0.0336,0.0339,0.0341,0.0341,0.0146,0.0225,0.023,0.0234,0.0239,0.0187,-0.008,0.0081,0.0574,0.5029,0.1735,0.2629,0.1706,0.1814,-0.004,0.0651,0.5328,0.2064,0.2989,0.2134,0.2219,0.0809,0.5301,0.1917,0.2847,0.2084,0.2188,0.4696,0.2085,0.2939,0.1895,0.1926,0.5679,0.6526,0.5045,0.502,0.0732,0.1492,0.1583,0.2381,0.2461,-0.0106
Hmel215003o,3350001,3400000,3375034,49831,0.0215,0.0214,0.0218,0.028,0.0066,0.0185,0.0146,0.0193,0.0218,0.0212,0.022,0.0267,0.0368,0.025,0.0255,0.0297,0.0297,0.021,0.0266,0.0363,0.026,0.0263,0.0307,0.0308,0.0274,0.0369,0.0261,0.0258,0.0307,0.031,0.04,0.0311,0.0314,0.034,0.0339,0.0364,0.0358,0.0353,0.0357,0.0183,0.0269,0.0268,0.0274,0.0275,0.0206,-0.0072,0.0071,0.0532,0.4627,0.1165,0.179,0.1953,0.1656,-0.0146,0.0518,0.4584,0.1387,0.1971,0.2136,0.1849,0.0623,0.4597,0.1366,0.1817,0.2085,0.1844,0.429,0.1653,0.2203,0.1997,0.1682,0.5033,0.5576,0.4791,0.4465,0.0518,0.1838,0.1505,0.2467,0.2144,0.0012
Hmel215003o,3375001,3425000,3400001,49977,0.0245,0.0247,0.0251,0.0293,0.0072,0.0213,0.0189,0.0233,0.0256,0.0245,0.0251,0.029,0.0395,0.0261,0.0272,0.0336,0.0333,0.0244,0.0289,0.0406,0.0278,0.0286,0.035,0.0345,0.0299,0.0408,0.0281,0.0281,0.0347,0.0345,0.0424,0.0324,0.0332,0.0367,0.0364,0.0396,0.0394,0.0389,0.0392,0.0219,0.032,0.0319,0.032,0.032,0.0247,-0.0018,0.0048,0.0475,0.4428,0.0693,0.1187,0.1768,0.1486,-0.0112,0.0448,0.4517,0.1008,0.1433,0.1967,0.1662,0.0556,0.4479,0.1012,0.1279,0.1867,0.1608,0.4309,0.1415,0.1797,0.179,0.1503,0.4869,0.5177,0.452,0.425,0.0451,0.1878,0.161,0.2154,0.1881,0.0041
Hmel215003o,3400001,3450000,3424985,49944,0.0231,0.0218,0.0216,0.027,0.0073,0.0209,0.0187,0.0231,0.0262,0.0222,0.0227,0.0274,0.0413,0.0262,0.0295,0.0327,0.033,0.0215,0.0266,0.042,0.0271,0.0309,0.0342,0.0343,0.028,0.0424,0.0275,0.031,0.0342,0.0346,0.042,0.0314,0.034,0.0356,0.0359,0.0405,0.041,0.0393,0.0405,0.0217,0.0298,0.0304,0.0292,0.03,0.0246,-0.0074,0.0078,0.0548,0.4775,0.0916,0.1808,0.182,0.1531,-0.0049,0.0549,0.5007,0.1253,0.2196,0.2181,0.1858,0.0849,0.5081,0.1348,0.2244,0.2212,0.1927,0.4509,0.149,0.2162,0.1863,0.1548,0.4992,0.5349,0.4585,0.4307,0.0495,0.1595,0.1331,0.1751,0.153,-0.0009
Hmel215003o,3425001,3475000,3449941,49716,0.024,0.0219,0.0225,0.0273,0.007,0.0179,0.0168,0.021,0.0239,0.0226,0.0234,0.0279,0.0432,0.0269,0.0293,0.0319,0.0318,0.0217,0.0266,0.0431,0.0285,0.0315,0.0332,0.0333,0.0281,0.0435,0.028,0.0306,0.0331,0.0334,0.0436,0.032,0.034,0.0356,0.0352,0.0403,0.041,0.0385,0.0403,0.0196,0.026,0.0259,0.0265,0.0269,0.0229,-0.0076,0.004,0.0514,0.4878,0.1318,0.1875,0.1828,0.1484,-0.012,0.0522,0.5128,0.1867,0.2491,0.2262,0.1945,0.0713,0.5085,0.1706,0.2284,0.2181,0.1898,0.4656,0.1943,0.2357,0.2093,0.1694,0.5441,0.565,0.483,0.4615,0.0649,0.153,0.1133,0.1762,0.1463,0.0116
Hmel215003o,3450001,3500000,3475018,49672,0.024,0.0215,0.0242,0.0257,0.0052,0.0151,0.0167,0.0202,0.0223,0.0228,0.024,0.0277,0.0398,0.0276,0.0281,0.0317,0.0313,0.0224,0.0267,0.0396,0.029,0.0296,0.0329,0.0323,0.0276,0.0402,0.0281,0.028,0.0324,0.032,0.0402,0.0314,0.0325,0.0345,0.0336,0.0378,0.0391,0.0379,0.0384,0.0184,0.0249,0.0252,0.0265,0.0269,0.0216,0.0019,-0.001,0.06,0.4798,0.1803,0.17,0.1888,0.159,-0.009,0.0726,0.5135,0.2374,0.2274,0.236,0.2031,0.0551,0.4809,0.1869,0.1648,0.1972,0.1678,0.4772,0.2361,0.2326,0.2174,0.1789,0.5922,0.5797,0.5157,0.49,0.0763,0.1792,0.1563,0.1905,0.1686,0.0107
Hmel215003o,3475001,3525000,3499860,49398,0.0213,0.0196,0.0206,0.0243,0.0041,0.0145,0.0141,0.0193,0.0226,0.0205,0.021,0.0273,0.0364,0.0282,0.0285,0.0328,0.0332,0.0201,0.0265,0.0366,0.0286,0.0289,0.0337,0.0336,0.0275,0.0366,0.0283,0.0283,0.0336,0.0337,0.0372,0.0314,0.0319,0.0343,0.0342,0.0376,0.0382,0.0376,0.0379,0.0178,0.0266,0.0274,0.0278,0.0285,0.0211,0.001,0.002,0.0985,0.4976,0.2347,0.2465,0.2469,0.2145,0.0011,0.1073,0.5264,0.2648,0.2768,0.2806,0.2408,0.1118,0.5113,0.2464,0.2528,0.2677,0.2303,0.4795,0.2589,0.2731,0.2373,0.1951,0.6174,0.63,0.5405,0.4944,0.1156,0.2335,0.2015,0.2616,0.2275,0.0044
Hmel215003o,3500001,3550000,3524878,48555,0.0227,0.0212,0.0205,0.0259,0.0046,0.014,0.0153,0.0214,0.0233,0.0218,0.0221,0.0295,0.0362,0.0274,0.0268,0.0341,0.0348,0.0208,0.0287,0.037,0.0285,0.0276,0.0362,0.0363,0.0291,0.0366,0.0283,0.0276,0.036,0.036,0.0384,0.0333,0.032,0.0372,0.0375,0.0377,0.038,0.0382,0.0381,0.0181,0.0294,0.0291,0.0311,0.0309,0.0224,-0.0036,0.012,0.1056,0.468,0.2089,0.1799,0.2251,0.2145,0.0001,0.1111,0.4996,0.2494,0.2152,0.2722,0.2515,0.1279,0.5061,0.2562,0.2239,0.277,0.256,0.4662,0.2773,0.2417,0.2365,0.2189,0.6208,0.6014,0.5096,0.4804,0.112,0.2616,0.23,0.2715,0.2421,0.0012
Hmel215003o,3525001,3575000,3550244,49047,0.0243,0.0214,0.0208,0.0263,0.0054,0.0163,0.0189,0.0238,0.0236,0.0234,0.0235,0.0295,0.0372,0.0254,0.0258,0.0337,0.0338,0.0208,0.0278,0.0376,0.0266,0.0271,0.0359,0.0354,0.0274,0.038,0.0267,0.0269,0.0359,0.0354,0.0395,0.0317,0.032,0.0375,0.0374,0.0368,0.0378,0.0375,0.0369,0.0212,0.03,0.0295,0.0317,0.0316,0.0233,0.0129,0.0217,0.0838,0.4455,0.1172,0.0944,0.1761,0.1792,-0.0074,0.09,0.491,0.1799,0.1556,0.2387,0.2344,0.0891,0.5029,0.189,0.1593,0.2448,0.2404,0.4606,0.2194,0.1912,0.2097,0.2108,0.5604,0.5304,0.4546,0.4518,0.0984,0.2083,0.204,0.2053,0.2068,-0.0094
Hmel215003o,3550001,3600000,3573165,45623,0.0224,0.0202,0.0196,0.0242,0.0051,0.0169,0.019,0.0251,0.0242,0.022,0.0218,0.0262,0.0372,0.0253,0.0257,0.0333,0.0322,0.0197,0.0249,0.0374,0.0263,0.0268,0.0343,0.0331,0.0249,0.0379,0.026,0.0263,0.0349,0.0337,0.0377,0.0293,0.0297,0.0351,0.0344,0.0361,0.0373,0.0367,0.0359,0.0208,0.0293,0.0284,0.0309,0.0301,0.0241,0.0187,0.019,0.0658,0.4769,0.1325,0.1135,0.1762,0.1702,-0.0054,0.068,0.5124,0.1834,0.1635,0.2152,0.2081,0.0755,0.5243,0.183,0.1613,0.2302,0.2232,0.473,0.1948,0.1729,0.1795,0.1796,0.5494,0.5282,0.4332,0.4371,0.0766,0.1726,0.1695,0.175,0.1729,-0.0127
Hmel215003o,3575001,3625000,3598853,40730,0.0226,0.0217,0.0217,0.0235,0.0048,0.0161,0.0186,0.0246,0.0241,0.0225,0.0226,0.0252,0.0356,0.0256,0.0255,0.0316,0.0303,0.0216,0.0249,0.0364,0.0266,0.0258,0.0325,0.0313,0.0253,0.0362,0.0258,0.0254,0.0324,0.0315,0.0349,0.0285,0.0283,0.0323,0.032,0.034,0.0357,0.037,0.0357,0.0192,0.0278,0.0274,0.0288,0.0282,0.0245,0.0076,0.0107,0.0479,0.4596,0.146,0.1128,0.1537,0.1364,-0.0027,0.0534,0.4829,0.1784,0.1312,0.1779,0.164,0.0628,0.4802,0.1642,0.1227,0.1756,0.1675,0.4562,0.2002,0.1616,0.1498,0.1508,0.5464,0.5222,0.4477,0.4391,0.0546,0.1647,0.1624,0.151,0.1467,0.0036
Hmel215003o,3600001,3650000,3626086,44975,0.0259,0.0237,0.0235,0.0246,0.0067,0.0153,0.0138,0.0233,0.0235,0.0259,0.0265,0.029,0.0369,0.0269,0.0275,0.0308,0.0306,0.0235,0.0279,0.0371,0.0294,0.0298,0.0319,0.0316,0.0266,0.0374,0.0313,0.0312,0.033,0.0328,0.0369,0.0328,0.0329,0.0342,0.0339,0.0372,0.038,0.0382,0.0373,0.0176,0.0274,0.0282,0.0273,0.0277,0.024,0.023,0.038,0.0696,0.4034,0.1403,0.1706,0.118,0.1126,-0.0021,0.0767,0.4346,0.2138,0.2403,0.1603,0.153,0.0561,0.4422,0.2479,0.2657,0.1792,0.1749,0.4366,0.2667,0.2879,0.1841,0.1771,0.5609,0.5921,0.4519,0.4397,0.1029,0.1833,0.1944,0.2011,0.2052,0.012
Hmel215003o,3625001,3675000,3648795,45183,0.0277,0.0259,0.0258,0.0256,0.0065,0.0156,0.0134,0.0242,0.0238,0.0275,0.028,0.0308,0.0383,0.0298,0.0296,0.0333,0.0329,0.0256,0.0294,0.0379,0.0314,0.0315,0.0335,0.033,0.029,0.0386,0.0333,0.0326,0.0352,0.0345,0.0389,0.0364,0.0357,0.0371,0.0363,0.039,0.0389,0.0384,0.0378,0.0174,0.0289,0.0291,0.029,0.0289,0.024,0.0133,0.0237,0.0709,0.397,0.1666,0.1892,0.1306,0.1285,-0.0063,0.0677,0.4158,0.2146,0.2422,0.1515,0.1479,0.0623,0.4246,0.2447,0.2619,0.1782,0.1717,0.4471,0.3003,0.32,0.2058,0.2002,0.5733,0.6074,0.4438,0.4423,0.0978,0.195,0.2035,0.2255,0.2271,-0.0001
Hmel215003o,3650001,3700000,3676201,44828,0.0258,0.024,0.0251,0.0275,0.0058,0.0165,0.0133,0.0225,0.0217,0.0249,0.0255,0.0302,0.0389,0.0296,0.0309,0.0328,0.0325,0.024,0.0285,0.038,0.0289,0.0304,0.0328,0.0326,0.0297,0.0391,0.0289,0.0292,0.0333,0.0327,0.0414,0.0357,0.037,0.0369,0.0372,0.0376,0.0391,0.0377,0.0377,0.0184,0.0268,0.0263,0.0275,0.0265,0.0221,-0.0002,0.0002,0.067,0.438,0.1757,0.2357,0.1598,0.1642,-0.0129,0.0604,0.4529,0.185,0.2511,0.1797,0.1853,0.0677,0.4495,0.1714,0.2177,0.1752,0.175,0.4594,0.2614,0.3166,0.2068,0.2189,0.5588,0.6226,0.4709,0.481,0.1106,0.1667,0.1662,0.2232,0.2155,0.0001
Hmel215003o,3675001,3725000,3700055,49532,0.019,0.0173,0.0194,0.0242,0.0044,0.013,0.0104,0.0153,0.0158,0.0179,0.0191,0.0245,0.036,0.0241,0.0257,0.0266,0.027,0.018,0.0231,0.0355,0.0239,0.0257,0.0267,0.0272,0.0251,0.0363,0.0228,0.024,0.0261,0.0265,0.0388,0.0303,0.0316,0.031,0.0318,0.0346,0.0355,0.0339,0.0346,0.014,0.0188,0.0194,0.0194,0.0197,0.0154,-0.0052,-0.0031,0.0782,0.5259,0.2128,0.2861,0.2289,0.2289,-0.0118,0.072,0.5471,0.2352,0.3127,0.2549,0.2558,0.0817,0.5217,0.1774,0.2443,0.212,0.2123,0.4918,0.2658,0.3223,0.2441,0.2492,0.6133,0.6686,0.5653,0.5639,0.0939,0.1486,0.1562,0.2129,0.2106,-0.0028
Hmel215003o,3700001,3750000,3724969,49899,0.0182,0.0167,0.0187,0.0226,0.005,0.0124,0.0119,0.0147,0.0162,0.0173,0.0183,0.0228,0.0351,0.022,0.0228,0.0249,0.0253,0.0179,0.0217,0.0355,0.0219,0.023,0.0251,0.0253,0.0238,0.0357,0.0213,0.0219,0.0242,0.0247,0.0374,0.0283,0.0281,0.0286,0.0293,0.0351,0.0353,0.0344,0.0343,0.0142,0.0199,0.0202,0.0201,0.0209,0.0156,-0.0055,-0.003,0.0693,0.5183,0.1902,0.2159,0.214,0.2006,0.0057,0.0665,0.5471,0.2138,0.2447,0.2418,0.2238,0.084,0.5174,0.1652,0.1876,0.1944,0.1821,0.4902,0.262,0.2669,0.2328,0.2232,0.6183,0.6278,0.5698,0.5434,0.0852,0.2004,0.1822,0.2153,0.2074,0.0059
Hmel215003o,3725001,3775000,3750011,49861,0.0224,0.0214,0.0218,0.0236,0.0068,0.017,0.0166,0.0195,0.0214,0.0218,0.0226,0.0251,0.0392,0.0257,0.0265,0.0283,0.0282,0.022,0.0244,0.0401,0.0259,0.0265,0.029,0.0289,0.0258,0.0403,0.026,0.026,0.0292,0.0293,0.0393,0.0304,0.0306,0.0305,0.0307,0.0394,0.0397,0.0388,0.0382,0.0201,0.0264,0.0261,0.0269,0.0271,0.0207,-0.0043,0.0107,0.0482,0.4733,0.1398,0.1595,0.1561,0.1337,0.0094,0.0472,0.4955,0.1576,0.1741,0.1823,0.158,0.0694,0.4926,0.1548,0.1588,0.1809,0.1605,0.4716,0.2177,0.2261,0.186,0.1641,0.5525,0.5602,0.5098,0.4773,0.0942,0.1932,0.161,0.2064,0.1847,0.0069
Hmel215003o,3750001,3800000,3775002,49914,0.0244,0.0237,0.0225,0.0294,0.0076,0.0183,0.0166,0.0214,0.0236,0.0239,0.0241,0.0297,0.0417,0.0273,0.0282,0.0312,0.0311,0.023,0.0288,0.0422,0.0279,0.0282,0.0319,0.0319,0.0293,0.0421,0.0282,0.0281,0.0325,0.0324,0.0424,0.034,0.0346,0.0361,0.0359,0.0407,0.0414,0.039,0.0391,0.0211,0.0276,0.0279,0.0291,0.0293,0.0225,-0.0033,0.0157,0.0616,0.4611,0.1305,0.1661,0.1628,0.1358,-0.0016,0.054,0.4743,0.1498,0.1754,0.1805,0.1566,0.076,0.4897,0.1701,0.1895,0.2049,0.1772,0.4254,0.199,0.2266,0.1918,0.1641,0.5332,0.5626,0.4734,0.4449,0.099,0.1726,0.1498,0.2204,0.1946,-0.0008
Hmel215003o,3775001,3825000,3799969,49772,0.0223,0.0218,0.021,0.0313,0.0112,0.0189,0.0168,0.0229,0.0237,0.022,0.022,0.0303,0.0366,0.0235,0.0242,0.0295,0.0302,0.021,0.029,0.0364,0.0238,0.0242,0.0295,0.0303,0.029,0.0356,0.0241,0.0244,0.0291,0.0296,0.04,0.0318,0.0316,0.0341,0.0343,0.0358,0.0365,0.0359,0.0358,0.0197,0.0267,0.0272,0.0279,0.0281,0.0227,-0.0016,0.0073,0.0805,0.3873,0.0705,0.1115,0.1392,0.1434,-0.0114,0.0634,0.3905,0.0841,0.1193,0.1443,0.1499,0.0734,0.3921,0.0999,0.1331,0.1477,0.1472,0.3392,0.1434,0.1648,0.1312,0.1269,0.424,0.4609,0.3705,0.3591,0.0535,0.1292,0.1294,0.1764,0.1711,-0.0133
Hmel215003o,3800001,3850000,3824997,49664,0.021,0.0211,0.0203,0.03,0.0099,0.0194,0.0184,0.0226,0.022,0.0218,0.0222,0.0289,0.0352,0.023,0.0233,0.029,0.0298,0.0203,0.0286,0.0354,0.0245,0.0236,0.0303,0.031,0.0296,0.0352,0.0251,0.024,0.0302,0.0309,0.0393,0.0308,0.0305,0.0337,0.0341,0.0348,0.0353,0.0359,0.0356,0.0199,0.0266,0.0271,0.028,0.0283,0.0218,0.0186,0.0387,0.0814,0.4048,0.068,0.088,0.1493,0.1701,-0.0089,0.0764,0.4059,0.1002,0.0954,0.1709,0.19,0.1023,0.4144,0.124,0.1138,0.1796,0.1965,0.359,0.1317,0.139,0.1394,0.1516,0.4228,0.4427,0.3916,0.3952,0.026,0.1253,0.1408,0.1629,0.1756,-0.012
Hmel215003o,3825001,3875000,3849972,49269,0.0216,0.0222,0.0197,0.028,0.0062,0.02,0.0193,0.0231,0.0233,0.0227,0.0224,0.0272,0.039,0.0255,0.0248,0.0325,0.0335,0.0209,0.0277,0.0398,0.0269,0.0252,0.0338,0.0346,0.0281,0.0396,0.0277,0.0253,0.0343,0.0352,0.0412,0.0308,0.0306,0.0364,0.0371,0.0383,0.0397,0.0381,0.0386,0.0226,0.0292,0.0299,0.0309,0.0317,0.0232,0.0179,0.0432,0.0604,0.4901,0.1087,0.1008,0.1961,0.2081,-0.0008,0.0633,0.4889,0.1274,0.1018,0.2085,0.2169,0.1006,0.5222,0.1741,0.1362,0.2438,0.253,0.4459,0.1435,0.1475,0.1894,0.1956,0.5061,0.5294,0.4605,0.463,0.0732,0.1599,0.1698,0.1965,0.2062,0.0013
Hmel215003o,3850001,3900000,3874878,47900,0.0222,0.0226,0.0202,0.0248,0.0068,0.0207,0.0193,0.0236,0.0241,0.0221,0.0213,0.0256,0.0391,0.0262,0.0261,0.0333,0.034,0.0214,0.0251,0.0392,0.026,0.0256,0.0332,0.0336,0.0246,0.0387,0.0261,0.0256,0.0329,0.0338,0.0394,0.0292,0.0304,0.0354,0.036,0.0379,0.039,0.0381,0.0387,0.0241,0.0302,0.0309,0.0309,0.0312,0.0238,-0.0072,0.0021,0.0507,0.4747,0.1055,0.1206,0.1947,0.1999,-0.0009,0.0351,0.4703,0.0976,0.105,0.1887,0.19,0.056,0.4987,0.1288,0.1367,0.2108,0.2194,0.4584,0.1367,0.1743,0.1969,0.1999,0.4847,0.5152,0.4459,0.4455,0.0994,0.1628,0.1684,0.1898,0.1898,-0.0006
Hmel215003o,3875001,3925000,3900155,47444,0.023,0.0221,0.0214,0.0232,0.0071,0.0198,0.0207,0.0218,0.0217,0.0229,0.0227,0.0258,0.037,0.0252,0.0269,0.0318,0.0308,0.0216,0.0247,0.0366,0.0253,0.026,0.0325,0.0317,0.0244,0.0371,0.0256,0.0266,0.0325,0.032,0.0366,0.0284,0.0299,0.0335,0.0337,0.0366,0.0374,0.0364,0.0363,0.0235,0.0289,0.0284,0.0302,0.0292,0.0223,0.0072,0.0117,0.0581,0.4368,0.0855,0.1092,0.1817,0.1681,-0.0053,0.0471,0.4457,0.0985,0.1036,0.2027,0.1922,0.0501,0.4604,0.1138,0.1234,0.2104,0.2054,0.4444,0.1495,0.1645,0.2059,0.2093,0.4781,0.474,0.4468,0.4474,0.0795,0.17,0.1637,0.1828,0.1678,0.0129
Hmel215003o,3900001,3950000,3925243,48941,0.0241,0.0229,0.0221,0.0213,0.0072,0.0178,0.0185,0.0217,0.0207,0.0241,0.0235,0.0259,0.0369,0.0256,0.0278,0.0322,0.0313,0.0221,0.0236,0.0374,0.0254,0.0276,0.0331,0.0329,0.0236,0.0372,0.0258,0.0276,0.0331,0.0327,0.0367,0.0271,0.0286,0.0324,0.0323,0.0367,0.0377,0.0363,0.0365,0.0214,0.0296,0.0287,0.0305,0.0295,0.0221,0.0119,0.0078,0.0619,0.4187,0.106,0.1387,0.177,0.1751,-0.0099,0.0313,0.4416,0.1176,0.1505,0.2056,0.2131,0.0426,0.4502,0.1365,0.1601,0.2141,0.2209,0.4678,0.1757,0.1915,0.2086,0.2209,0.5072,0.5071,0.446,0.4631,0.0868,0.2108,0.2078,0.2166,0.2123,0.0221
Hmel215003o,3925001,3975000,3948717,45997,0.0239,0.0227,0.0233,0.0216,0.0067,0.0168,0.0162,0.0224,0.0217,0.0239,0.0236,0.0254,0.0356,0.0254,0.0286,0.0324,0.0325,0.0228,0.0236,0.037,0.0255,0.0288,0.0336,0.0338,0.0245,0.0361,0.0252,0.0282,0.0332,0.0335,0.0362,0.0268,0.03,0.0335,0.0335,0.0352,0.0364,0.0362,0.0363,0.0199,0.0301,0.0299,0.03,0.0299,0.0228,0.0129,-0.0002,0.0533,0.4146,0.1173,0.1856,0.177,0.1851,-0.0043,0.0301,0.4468,0.1336,0.203,0.2075,0.2189,0.0423,0.4291,0.1206,0.1867,0.1955,0.2081,0.4664,0.1813,0.2439,0.2145,0.2224,0.5152,0.5369,0.4426,0.454,0.0999,0.2218,0.2273,0.2279,0.2361,0.0182
Hmel215003o,3950001,4000000,3975766,45453,0.0226,0.0224,0.0244,0.0246,0.0053,0.02,0.0184,0.0228,0.0226,0.0227,0.0235,0.0263,0.0362,0.0243,0.028,0.0322,0.0319,0.023,0.0262,0.0368,0.0247,0.0279,0.0329,0.0326,0.0271,0.0372,0.0248,0.0275,0.0335,0.0333,0.0382,0.0285,0.0316,0.0351,0.0349,0.0357,0.0379,0.0367,0.0365,0.0234,0.0294,0.0293,0.0314,0.0307,0.0233,0.0036,0.0008,0.0604,0.4588,0.0701,0.1634,0.1826,0.1802,-0.0083,0.0614,0.469,0.0818,0.163,0.1961,0.1931,0.0532,0.4454,0.059,0.132,0.1829,0.183,0.4694,0.1353,0.2074,0.2038,0.2031,0.4924,0.5392,0.4624,0.4637,0.1042,0.1652,0.1666,0.2181,0.2104,0.0144
Hmel215003o,3975001,4025000,4000110,49130,0.025,0.0242,0.0244,0.0258,0.0073,0.0233,0.0179,0.0232,0.0231,0.0247,0.0255,0.0292,0.0407,0.027,0.0287,0.0347,0.0336,0.0241,0.0283,0.0413,0.0262,0.0281,0.0358,0.0349,0.0288,0.042,0.0267,0.0272,0.0363,0.0353,0.0434,0.0315,0.0327,0.0378,0.0374,0.0405,0.0419,0.0394,0.0394,0.0249,0.0321,0.0316,0.0336,0.0323,0.024,0.0033,0.0157,0.0753,0.4482,0.059,0.1525,0.189,0.1758,-0.004,0.0691,0.4651,0.0525,0.1515,0.2139,0.2029,0.0748,0.4676,0.0586,0.1323,0.2186,0.2061,0.4768,0.134,0.2184,0.2246,0.221,0.4678,0.5539,0.458,0.4594,0.1006,0.168,0.1626,0.2516,0.2355,0.0188
Hmel215003o,4000001,4050000,4024473,48261,0.0267,0.0259,0.0248,0.0287,0.0085,0.022,0.0169,0.0235,0.0233,0.0271,0.0272,0.0316,0.0425,0.0294,0.0298,0.0351,0.0342,0.0254,0.0298,0.0432,0.0286,0.0289,0.036,0.035,0.0301,0.0432,0.0286,0.0284,0.0363,0.0353,0.0446,0.0346,0.0348,0.0382,0.0377,0.0418,0.0425,0.0396,0.0399,0.0215,0.0311,0.031,0.0312,0.0306,0.0241,0.0169,0.0284,0.0726,0.4307,0.0996,0.1646,0.1752,0.164,0.0005,0.0509,0.4465,0.0936,0.1581,0.1955,0.1835,0.0683,0.4591,0.1067,0.1621,0.2109,0.1989,0.442,0.1708,0.2339,0.2024,0.1975,0.4821,0.5566,0.4407,0.4461,0.055,0.1632,0.1635,0.2259,0.2184,0.0154
Hmel215003o,4025001,4075000,4050139,48554,0.0245,0.0247,0.0242,0.0306,0.0072,0.0168,0.0181,0.0245,0.0248,0.0253,0.0253,0.0313,0.0422,0.0299,0.0295,0.0354,0.0346,0.0246,0.0306,0.0425,0.0301,0.0292,0.0355,0.0348,0.0306,0.0423,0.0301,0.0295,0.0357,0.0351,0.0447,0.0374,0.036,0.0399,0.0393,0.042,0.0433,0.0405,0.0409,0.0205,0.0296,0.0292,0.0312,0.031,0.025,0.0152,0.0207,0.0762,0.4696,0.192,0.1698,0.1913,0.177,0.0021,0.063,0.4701,0.1939,0.1624,0.1908,0.177,0.0695,0.4747,0.1992,0.1743,0.1995,0.1876,0.4387,0.2508,0.2171,0.1979,0.1865,0.5717,0.5629,0.4536,0.4528,0.0849,0.1872,0.1765,0.1978,0.1915,0.0064
Hmel215003o,4050001,4100000,4074800,49585,0.022,0.0237,0.023,0.0291,0.0049,0.0113,0.0139,0.0229,0.0239,0.0232,0.0231,0.0292,0.0404,0.0294,0.0293,0.0354,0.0349,0.0235,0.0302,0.041,0.0296,0.0292,0.0357,0.0353,0.0299,0.0408,0.0301,0.0299,0.0363,0.0359,0.0423,0.0363,0.0351,0.0389,0.0386,0.0399,0.0411,0.0392,0.0402,0.0161,0.0283,0.0277,0.0296,0.0298,0.0234,0.0069,0.0125,0.0834,0.5173,0.2889,0.2509,0.2346,0.218,0.0019,0.0803,0.4991,0.2678,0.2265,0.2201,0.2048,0.0829,0.5063,0.286,0.2479,0.2367,0.2208,0.4625,0.3171,0.27,0.2147,0.2007,0.6764,0.643,0.493,0.4892,0.1282,0.2571,0.2343,0.2447,0.2344,-0.0006
Hmel215003o,4075001,4125000,4099980,49009,0.022,0.0224,0.022,0.0275,0.0039,0.0126,0.0128,0.0217,0.0223,0.0226,0.0226,0.0281,0.0387,0.0264,0.0271,0.0332,0.0336,0.0221,0.0272,0.039,0.0275,0.027,0.0331,0.0334,0.0277,0.0393,0.0281,0.0276,0.0344,0.0347,0.0407,0.0334,0.0326,0.0359,0.0363,0.0376,0.0386,0.0378,0.0383,0.0151,0.0279,0.028,0.0286,0.0285,0.0217,0.0106,0.0145,0.0764,0.5159,0.2207,0.2297,0.2169,0.2159,-0.0034,0.0554,0.512,0.2328,0.222,0.2108,0.2076,0.069,0.5217,0.2514,0.2389,0.2353,0.2321,0.4777,0.2799,0.2672,0.2011,0.2001,0.656,0.6601,0.5102,0.5068,0.0931,0.2507,0.243,0.2595,0.2503,-0.0073
Hmel215003o,4100001,4150000,4125267,49412,0.0226,0.021,0.0215,0.0244,0.0043,0.0196,0.0184,0.0231,0.0228,0.0228,0.0228,0.0265,0.04,0.0248,0.0245,0.0324,0.0331,0.0211,0.0242,0.0402,0.0257,0.0244,0.0329,0.0335,0.025,0.0407,0.0258,0.0241,0.0335,0.0342,0.041,0.0301,0.0285,0.0346,0.0352,0.0393,0.0402,0.0385,0.0377,0.0219,0.0307,0.0308,0.032,0.0321,0.0228,0.0233,0.0186,0.0655,0.5132,0.0839,0.0942,0.183,0.1953,-0.0032,0.0421,0.538,0.1246,0.1127,0.2077,0.2197,0.0519,0.5351,0.12,0.1001,0.2119,0.2244,0.5118,0.1683,0.159,0.1953,0.2065,0.549,0.5758,0.4916,0.4876,0.0755,0.1891,0.1936,0.2245,0.228,-0.0035
Hmel215003o,4125001,4175000,4149922,49668,0.0207,0.02,0.0198,0.0241,0.0045,0.0189,0.0171,0.0222,0.0222,0.021,0.0209,0.0251,0.0391,0.0244,0.0244,0.0317,0.032,0.0197,0.0239,0.0391,0.0243,0.0241,0.0323,0.0325,0.024,0.0398,0.0245,0.0238,0.0329,0.0332,0.0394,0.0277,0.0278,0.0337,0.034,0.0384,0.0394,0.0368,0.0369,0.0207,0.0296,0.0298,0.0302,0.0305,0.0222,0.0183,0.0183,0.067,0.5298,0.1097,0.1341,0.2026,0.2081,-0.0045,0.0513,0.54,0.1184,0.1371,0.221,0.2233,0.0565,0.5491,0.124,0.1343,0.2315,0.2369,0.4993,0.1422,0.1673,0.1957,0.1999,0.5491,0.5854,0.4838,0.4853,0.0742,0.1898,0.194,0.2229,0.2273,-0.001
Hmel215003o,4150001,4200000,4174947,49352,0.0181,0.0185,0.0177,0.026,0.0066,0.0159,0.0148,0.0204,0.0211,0.0189,0.0189,0.0249,0.0395,0.024,0.0241,0.0302,0.0311,0.018,0.0238,0.0391,0.0239,0.025,0.0314,0.0318,0.0238,0.0397,0.0243,0.0247,0.0317,0.0321,0.0407,0.0288,0.03,0.0345,0.035,0.0391,0.0394,0.0369,0.0383,0.0174,0.0272,0.0279,0.0259,0.0266,0.0209,0.016,0.0285,0.0803,0.5389,0.181,0.1967,0.2319,0.2377,-0.0029,0.0512,0.5295,0.1726,0.21,0.2456,0.2436,0.0643,0.5475,0.1928,0.217,0.2616,0.2601,0.4582,0.1831,0.2156,0.2105,0.2103,0.5695,0.5872,0.4795,0.4851,0.0662,0.2107,0.2141,0.1994,0.2046,0.0032
Hmel215003o,4175001,4225000,4200025,49676,0.0165,0.0181,0.0174,0.0207,0.0053,0.0133,0.0149,0.0194,0.0203,0.018,0.0176,0.021,0.0377,0.0241,0.0231,0.0279,0.0286,0.0172,0.0208,0.038,0.0235,0.0233,0.0292,0.0298,0.0206,0.038,0.0242,0.0235,0.0291,0.0298,0.0375,0.0281,0.0274,0.0308,0.0315,0.0372,0.0374,0.0354,0.0363,0.0157,0.0238,0.0244,0.0241,0.0246,0.0196,0.0211,0.0206,0.074,0.5679,0.2478,0.2005,0.2284,0.2281,-0.0166,0.0426,0.5449,0.2103,0.181,0.2289,0.2265,0.0497,0.5558,0.2347,0.1955,0.2364,0.2357,0.5136,0.2691,0.2321,0.222,0.2193,0.6158,0.5909,0.499,0.4944,0.0579,0.1958,0.1932,0.178,0.174,-0.0085
Hmel215003o,4200001,4250000,4224647,49271,0.0137,0.0178,0.0157,0.0179,0.0053,0.01,0.0148,0.0189,0.0192,0.0164,0.0149,0.0183,0.0363,0.0261,0.0243,0.0285,0.0297,0.0161,0.0194,0.0366,0.0249,0.0231,0.0282,0.0292,0.0183,0.0369,0.0263,0.0242,0.029,0.0304,0.0359,0.029,0.0267,0.0295,0.0307,0.035,0.0358,0.0341,0.0342,0.0138,0.0206,0.0204,0.0231,0.023,0.0186,0.0215,0.0063,0.0884,0.6012,0.3917,0.2733,0.2851,0.3003,-0.0198,0.0441,0.537,0.2956,0.1828,0.2228,0.2352,0.0516,0.5728,0.3568,0.2382,0.2642,0.2834,0.5358,0.373,0.2544,0.2376,0.2527,0.655,0.5772,0.4911,0.4886,0.0555,0.1825,0.1747,0.1634,0.1586,-0.0146
Hmel215003o,4225001,4275000,4250001,48871,0.009,0.0132,0.0106,0.0171,0.0098,0.0059,0.0109,0.0144,0.0128,0.0113,0.0099,0.0187,0.0333,0.0234,0.0219,0.0244,0.0264,0.0116,0.02,0.033,0.0215,0.0205,0.0233,0.0248,0.019,0.0332,0.0236,0.0221,0.0247,0.0267,0.0349,0.0262,0.0252,0.0264,0.0278,0.0326,0.0332,0.0319,0.0321,0.0092,0.0145,0.0141,0.0166,0.0165,0.0133,0.0079,0.0049,0.2064,0.5752,0.5341,0.39,0.3673,0.4314,-0.0119,0.1543,0.4994,0.4022,0.2717,0.2692,0.3277,0.1803,0.5465,0.4991,0.3607,0.3437,0.4072,0.4631,0.4201,0.3054,0.2673,0.3171,0.6273,0.5399,0.4667,0.4953,0.0515,0.1896,0.2146,0.1435,0.172,-0.0126
Hmel215003o,4250001,4300000,4275125,49427,0.0112,0.0131,0.0117,0.0177,0.008,0.0026,0.0074,0.0115,0.0092,0.0125,0.0123,0.022,0.0287,0.0208,0.0206,0.0206,0.0218,0.0124,0.0231,0.0289,0.0188,0.0184,0.0198,0.0204,0.0236,0.0284,0.0217,0.0214,0.0217,0.0226,0.0329,0.0227,0.0236,0.0224,0.0232,0.0297,0.0303,0.0294,0.0297,0.0058,0.011,0.0104,0.0124,0.012,0.0101,0.0147,0.0351,0.2295,0.5147,0.5164,0.3917,0.3032,0.3754,-0.0014,0.2171,0.482,0.4253,0.2982,0.2449,0.3078,0.2537,0.5014,0.5194,0.3985,0.3174,0.3825,0.4632,0.4217,0.3366,0.2326,0.2923,0.7108,0.6115,0.5197,0.5678,0.0796,0.2304,0.2895,0.1446,0.1908,-0.0136
Hmel215003o,4275001,4325000,4299862,49337,0.0221,0.0226,0.0207,0.024,0.0057,0.0089,0.0142,0.0176,0.0169,0.0225,0.0219,0.0275,0.0326,0.0269,0.0268,0.0279,0.0289,0.0214,0.0284,0.0332,0.025,0.0244,0.0277,0.0286,0.0287,0.0326,0.0274,0.0269,0.0294,0.0305,0.0366,0.0281,0.0287,0.0289,0.0297,0.0328,0.0339,0.0326,0.0331,0.0133,0.0195,0.0195,0.0211,0.0217,0.017,0.0049,0.0114,0.095,0.4176,0.282,0.2022,0.1788,0.205,-0.0063,0.107,0.4186,0.2397,0.1483,0.1685,0.1931,0.1349,0.438,0.3115,0.2228,0.222,0.2492,0.4548,0.2977,0.2253,0.1817,0.2041,0.6509,0.562,0.4903,0.507,0.0754,0.2025,0.2159,0.15,0.1751,-0.0081
Hmel215003o,4300001,4350000,4325085,49507,0.0234,0.0229,0.0212,0.0253,0.0066,0.0145,0.0187,0.02,0.0203,0.0227,0.0224,0.026,0.0373,0.0276,0.0272,0.0304,0.0311,0.0215,0.0259,0.0371,0.0261,0.0251,0.0304,0.0313,0.0254,0.0377,0.027,0.0259,0.0314,0.0323,0.0373,0.03,0.0293,0.0321,0.0323,0.0366,0.0374,0.0354,0.0357,0.0188,0.0259,0.0264,0.0272,0.028,0.0201,-0.0106,0.0026,0.0382,0.4425,0.1947,0.134,0.1767,0.1846,-0.0149,0.0422,0.4473,0.1724,0.0986,0.1824,0.193,0.0544,0.4783,0.2141,0.1361,0.2187,0.229,0.4336,0.2278,0.1594,0.187,0.1869,0.5681,0.5109,0.4713,0.4701,0.0648,0.2109,0.2166,0.1768,0.1889,0.0005
Hmel215003o,4325001,4375000,4349998,49976,0.0203,0.0204,0.0191,0.025,0.0058,0.0117,0.0154,0.0185,0.0186,0.0203,0.0206,0.0251,0.0369,0.0267,0.0265,0.0286,0.0289,0.0193,0.0253,0.0367,0.0263,0.0255,0.0293,0.0293,0.0252,0.0375,0.0281,0.027,0.0304,0.0303,0.0373,0.0299,0.0296,0.0312,0.0313,0.0369,0.0378,0.0358,0.0358,0.0155,0.0243,0.0244,0.0253,0.0249,0.0188,-0.0024,0.0243,0.0653,0.4945,0.2625,0.2059,0.201,0.2051,-0.0123,0.0672,0.4898,0.2525,0.185,0.2123,0.211,0.0822,0.518,0.3048,0.2322,0.2469,0.2449,0.4489,0.2701,0.2135,0.1957,0.1956,0.631,0.5775,0.5093,0.5071,0.0711,0.2442,0.2436,0.208,0.1987,0.0069
Hmel215003o,4350001,4400000,4375008,49978,0.017,0.0167,0.0158,0.0233,0.0048,0.0074,0.0107,0.0199,0.0195,0.0171,0.0172,0.024,0.0381,0.0312,0.0302,0.0319,0.0322,0.0161,0.0237,0.0384,0.0319,0.0304,0.0329,0.0329,0.0238,0.0388,0.033,0.0312,0.0333,0.0335,0.0401,0.0359,0.0346,0.0359,0.0359,0.0395,0.0393,0.038,0.038,0.0126,0.0241,0.0237,0.0243,0.0231,0.02,0.0059,0.0264,0.1055,0.57,0.4524,0.3844,0.2795,0.2888,-0.007,0.1029,0.5766,0.4664,0.3918,0.2978,0.303,0.1204,0.5953,0.4966,0.4195,0.3165,0.3234,0.5097,0.4309,0.3675,0.2625,0.2675,0.7437,0.6829,0.5248,0.5308,0.1697,0.2906,0.2877,0.2374,0.22,0.0087
Hmel215003o,4375001,4425000,4400000,49997,0.0121,0.0108,0.0109,0.0171,0.004,0.0046,0.0049,0.0149,0.0132,0.0116,0.0118,0.0185,0.035,0.0245,0.024,0.0265,0.0266,0.0107,0.0176,0.0355,0.0251,0.0244,0.0269,0.0271,0.0181,0.0356,0.0248,0.024,0.027,0.0272,0.0356,0.0293,0.0283,0.0298,0.0298,0.0356,0.0348,0.0345,0.0346,0.0091,0.0192,0.0185,0.0183,0.0174,0.0142,0.0063,0.0132,0.1371,0.6398,0.5074,0.4939,0.339,0.3694,-0.0059,0.1401,0.6692,0.5467,0.5306,0.3698,0.4014,0.1524,0.6683,0.5408,0.5222,0.3686,0.4007,0.5671,0.4891,0.4709,0.3151,0.3425,0.7949,0.7848,0.5862,0.6168,0.331,0.3418,0.3662,0.3126,0.3317,0.0047
Hmel215003o,4400001,4450000,4424939,49842,0.0152,0.0144,0.0144,0.0197,0.0051,0.0079,0.0064,0.0159,0.0152,0.0146,0.0148,0.0207,0.0366,0.0213,0.0196,0.0245,0.025,0.0145,0.0201,0.037,0.0222,0.0205,0.0255,0.0261,0.0209,0.0368,0.0217,0.0194,0.0252,0.0258,0.0363,0.0255,0.0244,0.0273,0.0276,0.0359,0.036,0.0353,0.0357,0.0123,0.0212,0.0211,0.0204,0.0208,0.0153,-0.0065,0.0009,0.0996,0.5816,0.3109,0.3031,0.2338,0.2566,0.0044,0.1006,0.5984,0.3451,0.3415,0.2671,0.2886,0.1194,0.5972,0.3352,0.3158,0.2601,0.2834,0.5176,0.3293,0.339,0.2242,0.2421,0.7071,0.7374,0.5564,0.5731,0.2796,0.2931,0.3072,0.3062,0.3311,-0.0099
Hmel215003o,4425001,4475000,4450000,49731,0.0179,0.0185,0.0178,0.0267,0.0057,0.0103,0.0123,0.0207,0.0207,0.0181,0.0181,0.026,0.0391,0.0252,0.0231,0.0293,0.03,0.0184,0.0257,0.0393,0.0262,0.0238,0.0303,0.0309,0.0262,0.039,0.0254,0.0227,0.0298,0.0306,0.0417,0.0317,0.0302,0.0344,0.0349,0.0391,0.0396,0.0373,0.0373,0.0154,0.0259,0.026,0.0265,0.027,0.0205,-0.0025,0.0056,0.0976,0.5524,0.2966,0.2205,0.2163,0.2269,0.0057,0.083,0.5454,0.3042,0.2256,0.2252,0.2347,0.1031,0.553,0.3015,0.2137,0.2258,0.2383,0.4723,0.2969,0.2475,0.1997,0.2065,0.6754,0.6455,0.4935,0.4935,0.1644,0.2629,0.2642,0.2436,0.2539,-0.0066
Hmel215003o,4450001,4500000,4475030,49842,0.0152,0.0163,0.0156,0.0275,0.0061,0.0142,0.0121,0.0206,0.02,0.0163,0.0163,0.0258,0.0402,0.0275,0.0265,0.033,0.0326,0.016,0.0255,0.0409,0.0284,0.0271,0.0338,0.0337,0.0256,0.0402,0.0275,0.0263,0.0336,0.0334,0.0433,0.0353,0.0343,0.0382,0.0382,0.0401,0.0413,0.039,0.0381,0.0157,0.027,0.0265,0.027,0.0261,0.0206,0.0188,0.0283,0.1237,0.5962,0.3167,0.3346,0.3105,0.3131,-0.0004,0.1017,0.585,0.3146,0.3262,0.3068,0.3136,0.1142,0.5898,0.3105,0.3232,0.3134,0.3184,0.4718,0.2847,0.2988,0.2443,0.2521,0.6111,0.653,0.5052,0.5057,0.0948,0.2273,0.2276,0.2573,0.2504,0.0072
Hmel215003o,4475001,4525000,4500008,49948,0.0171,0.0183,0.017,0.0252,0.0093,0.0191,0.0099,0.022,0.0212,0.0184,0.0189,0.026,0.0413,0.0282,0.0295,0.0344,0.034,0.0178,0.0249,0.0419,0.0285,0.0293,0.034,0.0338,0.0257,0.0411,0.0273,0.0276,0.0336,0.0333,0.0422,0.0338,0.0348,0.0364,0.0363,0.0413,0.0435,0.0414,0.0409,0.0184,0.0277,0.0273,0.0269,0.0259,0.0218,0.0194,0.0549,0.1231,0.5322,0.2296,0.3867,0.2878,0.2935,0.0047,0.0844,0.5206,0.2186,0.3637,0.2668,0.2746,0.1194,0.5321,0.2144,0.3583,0.2779,0.2843,0.447,0.2246,0.3588,0.2243,0.234,0.505,0.653,0.4671,0.4732,0.1269,0.1563,0.1596,0.2669,0.2627,0.0057
Hmel215003o,4500001,4550000,4524998,49983,0.0145,0.0157,0.0159,0.0237,0.0068,0.0137,0.0066,0.0194,0.0189,0.0153,0.0168,0.0233,0.0381,0.0256,0.0286,0.0285,0.0289,0.0158,0.0223,0.0385,0.0256,0.0283,0.0279,0.0283,0.0235,0.038,0.0237,0.0254,0.0272,0.0276,0.0402,0.0309,0.0331,0.0318,0.0323,0.0378,0.0385,0.0373,0.037,0.0131,0.022,0.0224,0.0221,0.0222,0.0189,0.0073,0.0516,0.1253,0.5787,0.3024,0.4779,0.2669,0.2805,-0.0006,0.0851,0.5634,0.2832,0.4509,0.2402,0.2541,0.1056,0.5553,0.2416,0.4024,0.2249,0.2384,0.4782,0.2707,0.4064,0.2075,0.221,0.5882,0.7171,0.4963,0.5007,0.1323,0.1483,0.1667,0.2723,0.2847,-0.0071
Hmel215003o,4525001,4575000,4550001,49989,0.0135,0.0147,0.0128,0.0236,0.0027,0.0122,0.0083,0.0147,0.0143,0.0145,0.0167,0.0238,0.0371,0.0266,0.0283,0.0259,0.0264,0.0152,0.0225,0.0375,0.0259,0.0278,0.0264,0.0268,0.0228,0.0376,0.0228,0.0232,0.0257,0.0258,0.0395,0.03,0.0315,0.0321,0.0324,0.0368,0.0365,0.0354,0.0354,0.0119,0.0203,0.0207,0.0198,0.0201,0.0144,0.0131,0.1264,0.1503,0.6561,0.3637,0.459,0.3096,0.3234,0.0512,0.105,0.638,0.3299,0.4295,0.2985,0.31,0.1408,0.6724,0.305,0.3891,0.3178,0.3245,0.5315,0.2809,0.3593,0.2752,0.2842,0.6785,0.7497,0.6208,0.6274,0.0807,0.2137,0.2308,0.2776,0.2911,-0.0028
Hmel215003o,4550001,4600000,4575000,49993,0.0178,0.0166,0.0159,0.0257,0.003,0.0143,0.013,0.0133,0.0141,0.0175,0.02,0.0266,0.0392,0.0342,0.0341,0.0251,0.0253,0.0178,0.0259,0.0392,0.0335,0.0337,0.0264,0.0264,0.0262,0.04,0.029,0.0282,0.0268,0.0264,0.0428,0.0378,0.0379,0.0331,0.033,0.0396,0.0389,0.0377,0.0383,0.0141,0.0309,0.031,0.0296,0.0297,0.0138,0.0098,0.092,0.1204,0.5959,0.3757,0.394,0.2473,0.2386,0.049,0.1238,0.615,0.3833,0.4048,0.2892,0.2768,0.1394,0.633,0.3293,0.3377,0.3081,0.2893,0.5286,0.3319,0.3493,0.2859,0.2738,0.6551,0.6734,0.6587,0.6494,0.0193,0.398,0.3869,0.4013,0.3889,0.0026
Hmel215003o,4575001,4625000,4599851,49677,0.0164,0.0135,0.0177,0.0204,0.003,0.009,0.0085,0.012,0.0123,0.0154,0.0176,0.0225,0.0346,0.0289,0.0287,0.0211,0.0209,0.0161,0.0224,0.0349,0.0298,0.0294,0.0225,0.0222,0.0233,0.0355,0.0269,0.0263,0.0234,0.023,0.0375,0.0339,0.0337,0.0268,0.0267,0.0337,0.0331,0.0342,0.0345,0.009,0.0276,0.0273,0.0277,0.0271,0.0123,0.0167,0.0158,0.1149,0.5787,0.4066,0.4104,0.2081,0.1959,0.0153,0.1607,0.6323,0.4685,0.4705,0.2896,0.2767,0.1098,0.5643,0.3522,0.3491,0.2354,0.22,0.553,0.4222,0.4261,0.2715,0.2643,0.7121,0.717,0.6562,0.652,0.0159,0.4663,0.4556,0.4761,0.4606,0.0082
Hmel215003o,4600001,4650000,4625008,49555,0.0166,0.0155,0.0163,0.0186,0.0032,0.0114,0.0052,0.0144,0.0136,0.0164,0.0178,0.0229,0.0316,0.0227,0.0232,0.0238,0.0231,0.0164,0.0227,0.0317,0.0231,0.0233,0.0246,0.0238,0.0229,0.0317,0.0216,0.0209,0.0245,0.0236,0.0331,0.0261,0.0257,0.0265,0.0257,0.0305,0.0305,0.0316,0.0312,0.0101,0.0215,0.0205,0.0216,0.0202,0.0139,0.01,0.0403,0.142,0.5394,0.2484,0.3767,0.2226,0.2216,0.0165,0.1543,0.5608,0.2758,0.4013,0.2563,0.2539,0.1456,0.5452,0.2286,0.3356,0.24,0.2356,0.5344,0.2923,0.4029,0.248,0.248,0.6295,0.7714,0.5805,0.5925,0.1052,0.263,0.2548,0.3909,0.3812,-0.003
Hmel215003o,4625001,4675000,4650056,49856,0.016,0.0132,0.0132,0.0209,0.0036,0.0147,0.0032,0.0142,0.0136,0.0147,0.0156,0.0241,0.032,0.0216,0.0221,0.0234,0.0224,0.0129,0.0238,0.0316,0.0206,0.0203,0.0226,0.0215,0.0235,0.0317,0.019,0.0178,0.022,0.021,0.036,0.0252,0.0243,0.0269,0.0263,0.0323,0.0331,0.0326,0.0318,0.0111,0.0205,0.0199,0.0185,0.0181,0.0136,0.0051,0.0374,0.1487,0.5481,0.1796,0.412,0.2267,0.2151,-0.0122,0.1867,0.5948,0.2015,0.4407,0.2556,0.2422,0.1819,0.5964,0.1602,0.3868,0.2431,0.232,0.522,0.1905,0.3809,0.229,0.2291,0.5739,0.8245,0.5859,0.5888,0.1123,0.1799,0.1758,0.3763,0.3804,-0.0138
Hmel215003o,4650001,4700000,4674999,49940,0.0108,0.0072,0.0092,0.0186,0.0024,0.0075,0.002,0.0092,0.0086,0.0095,0.0104,0.0185,0.0271,0.015,0.0157,0.0163,0.0161,0.0077,0.0178,0.0266,0.014,0.0141,0.0153,0.0151,0.018,0.0268,0.0128,0.0124,0.0149,0.0147,0.0306,0.0193,0.0194,0.0206,0.021,0.026,0.027,0.0263,0.026,0.006,0.0124,0.0124,0.0114,0.0115,0.0093,0.0277,0.018,0.1411,0.622,0.2563,0.4348,0.2529,0.2615,-0.0364,0.1986,0.7062,0.3271,0.5207,0.3158,0.3259,0.1603,0.6576,0.2231,0.3912,0.2469,0.2589,0.52,0.2302,0.3554,0.226,0.2468,0.6937,0.8547,0.653,0.6645,0.1191,0.2072,0.2245,0.3539,0.383,0.0235
Hmel215003o,4675001,4725000,4699689,49166,0.0079,0.0065,0.0084,0.0187,0.0017,0.0028,0.0049,0.008,0.0077,0.0074,0.0082,0.0162,0.0265,0.015,0.0147,0.0153,0.0154,0.007,0.0156,0.0265,0.0152,0.0148,0.0154,0.0155,0.0164,0.0262,0.0133,0.0131,0.0146,0.0147,0.0286,0.02,0.02,0.0203,0.0203,0.0235,0.0244,0.0238,0.0237,0.0045,0.0103,0.0097,0.011,0.0105,0.0082,0.0111,0.0031,0.1383,0.7077,0.4898,0.4073,0.3309,0.3403,-0.0321,0.1513,0.7449,0.5477,0.4588,0.3753,0.3854,0.1333,0.6918,0.4241,0.3412,0.2958,0.3041,0.5101,0.3483,0.3,0.2404,0.2457,0.8366,0.7738,0.678,0.6832,0.0874,0.3311,0.313,0.2725,0.2584,0.0253
Hmel215003o,4700001,4750000,4725003,48646,0.0152,0.0132,0.0154,0.0233,0.0035,0.0043,0.007,0.0139,0.0137,0.0144,0.0156,0.0249,0.0334,0.0224,0.0218,0.0253,0.0252,0.014,0.0248,0.0341,0.0219,0.0209,0.0259,0.0256,0.0246,0.034,0.0207,0.0202,0.0247,0.0246,0.0354,0.0302,0.0302,0.0298,0.0297,0.0333,0.0342,0.0322,0.0327,0.0073,0.0202,0.0199,0.0204,0.0203,0.0137,0.0063,0.0099,0.1493,0.5785,0.4085,0.3376,0.2823,0.2828,-0.009,0.1805,0.6236,0.4468,0.3625,0.3272,0.3243,0.1424,0.5821,0.3711,0.3007,0.2693,0.2695,0.4862,0.4122,0.3666,0.2563,0.2565,0.8025,0.7466,0.5915,0.5995,0.1382,0.3953,0.392,0.3359,0.3379,-0.0045
Hmel215003o,4725001,4775000,4750214,49414,0.0197,0.0161,0.0179,0.0267,0.0043,0.0102,0.0115,0.0173,0.0174,0.0184,0.0191,0.0296,0.0354,0.0253,0.0265,0.0316,0.032,0.0173,0.0304,0.0362,0.0255,0.0255,0.032,0.032,0.0292,0.0359,0.0244,0.025,0.0313,0.0314,0.0384,0.0317,0.0339,0.0375,0.0375,0.0355,0.0364,0.034,0.0346,0.0144,0.0285,0.0285,0.0269,0.0267,0.0175,0.0146,0.0078,0.1389,0.511,0.2708,0.2722,0.275,0.2794,0.0086,0.1979,0.5757,0.3331,0.3111,0.3285,0.3261,0.1557,0.544,0.2821,0.2733,0.2933,0.2939,0.461,0.298,0.3109,0.282,0.2804,0.6748,0.6591,0.5341,0.5398,0.1492,0.3634,0.3631,0.3168,0.3125,0.0045
Hmel215003o,4750001,4800000,4775010,49977,0.0162,0.0119,0.0118,0.0224,0.0025,0.0089,0.0143,0.0119,0.0127,0.0141,0.0143,0.0244,0.0292,0.0213,0.021,0.0239,0.0244,0.012,0.0258,0.0295,0.0218,0.0203,0.0236,0.0241,0.0251,0.0295,0.0207,0.0195,0.0236,0.0241,0.0326,0.025,0.0261,0.0307,0.0307,0.0273,0.028,0.0269,0.0271,0.0145,0.0203,0.0208,0.0198,0.0199,0.0123,0.0019,0.0108,0.1353,0.5309,0.2695,0.1653,0.2715,0.2679,0.0036,0.2289,0.622,0.3672,0.2248,0.3438,0.3365,0.2177,0.6246,0.3474,0.2074,0.3469,0.341,0.4826,0.2645,0.1954,0.3085,0.2963,0.6677,0.5536,0.5934,0.5781,0.1158,0.3371,0.3289,0.2126,0.2013,-0.0019
Hmel215003o,4775001,4825000,4799992,49972,0.0185,0.0145,0.0142,0.0213,0.0031,0.0103,0.0168,0.0128,0.0133,0.0168,0.0169,0.0232,0.0301,0.0221,0.0203,0.0238,0.024,0.0142,0.0243,0.031,0.0223,0.0194,0.0244,0.0247,0.024,0.0312,0.0228,0.0196,0.0248,0.0252,0.0322,0.0263,0.0248,0.0285,0.0287,0.0292,0.0301,0.0289,0.0292,0.0153,0.0174,0.0179,0.0197,0.0203,0.0129,0.0098,0.0192,0.0875,0.4888,0.222,0.0742,0.2179,0.2144,-0.0041,0.1723,0.5742,0.2973,0.1132,0.2969,0.294,0.172,0.583,0.3148,0.124,0.3112,0.3084,0.4853,0.2777,0.1453,0.2762,0.2708,0.641,0.5197,0.5854,0.578,0.0647,0.212,0.2159,0.1511,0.1588,-0.0049
Hmel215003o,4800001,4850000,4824949,49842,0.0217,0.0202,0.0195,0.0264,0.0054,0.0174,0.0206,0.0184,0.0189,0.0214,0.021,0.0261,0.0373,0.0242,0.0235,0.0305,0.0308,0.0201,0.026,0.0383,0.0249,0.0233,0.0317,0.032,0.0261,0.0383,0.0254,0.0239,0.032,0.0325,0.039,0.0292,0.0278,0.0344,0.0346,0.0373,0.0384,0.037,0.0374,0.0211,0.0252,0.0255,0.0279,0.0282,0.0188,0.0126,0.0113,0.0524,0.4837,0.1132,0.0564,0.2181,0.2171,0.0081,0.0706,0.5153,0.1485,0.0714,0.2563,0.2534,0.0821,0.5249,0.167,0.0923,0.2695,0.2694,0.4543,0.1652,0.0989,0.2308,0.2272,0.5477,0.5105,0.5299,0.5251,0.0569,0.1788,0.1774,0.1873,0.1859,0.0059
Hmel215003o,4825001,4875000,4847824,45150,0.021,0.0211,0.0208,0.0274,0.0066,0.0198,0.0204,0.021,0.0216,0.0213,0.0208,0.0272,0.0378,0.024,0.0231,0.0319,0.0325,0.0212,0.0265,0.0385,0.025,0.0236,0.0327,0.0332,0.027,0.0377,0.0246,0.0232,0.0326,0.0334,0.0403,0.0301,0.0284,0.0355,0.0361,0.0368,0.038,0.0368,0.0371,0.0226,0.0294,0.0298,0.0312,0.0318,0.0215,0.0063,-0.0016,0.0727,0.4803,0.0873,0.0597,0.2161,0.2181,0.0064,0.0582,0.4855,0.1067,0.0683,0.2264,0.228,0.0718,0.4823,0.1026,0.0644,0.2291,0.2346,0.4383,0.1395,0.1036,0.2055,0.2065,0.4879,0.4921,0.4698,0.4646,0.0624,0.1899,0.1901,0.213,0.2156,0.005
Hmel215003o,4850001,4900000,4875426,45262,0.0244,0.0225,0.0237,0.0267,0.0075,0.0213,0.0201,0.0228,0.0222,0.0233,0.0235,0.0277,0.0367,0.0256,0.0246,0.0311,0.0312,0.023,0.026,0.0368,0.0271,0.0254,0.0325,0.0327,0.0272,0.0363,0.0262,0.0242,0.0321,0.0324,0.0384,0.0309,0.0291,0.0351,0.0349,0.0353,0.0363,0.0355,0.0355,0.0222,0.0288,0.0288,0.0303,0.0309,0.0222,-0.0033,-0.0127,0.0459,0.41,0.0604,0.0533,0.1452,0.1543,-0.0035,0.0388,0.4376,0.1127,0.0937,0.1891,0.199,0.0451,0.4146,0.0805,0.0514,0.1689,0.1794,0.4162,0.1405,0.1249,0.1853,0.1901,0.4373,0.4652,0.4186,0.4271,0.0362,0.1414,0.1487,0.1802,0.1965,-0.0062
Hmel215003o,4875001,4925000,4899985,49928,0.0256,0.0234,0.0238,0.026,0.0072,0.0215,0.0223,0.0241,0.0231,0.0244,0.0247,0.0278,0.0378,0.0248,0.0257,0.0314,0.0319,0.0238,0.0261,0.0379,0.0261,0.0265,0.0329,0.0336,0.0271,0.038,0.0253,0.0254,0.0321,0.0327,0.0382,0.029,0.0292,0.035,0.0347,0.0365,0.0378,0.0365,0.0365,0.0228,0.0296,0.0296,0.0304,0.0308,0.0235,-0.0014,0.0007,0.0398,0.4105,0.0275,0.0386,0.1239,0.1425,0.0051,0.0333,0.4407,0.0801,0.0772,0.1699,0.192,0.0488,0.4365,0.059,0.0524,0.1528,0.1737,0.4267,0.1132,0.106,0.174,0.1829,0.452,0.4541,0.415,0.4293,0.0203,0.1362,0.1494,0.1404,0.1597,-0.0026
Hmel215003o,4900001,4950000,4925001,49924,0.0242,0.0217,0.0222,0.0246,0.0071,0.0194,0.022,0.0252,0.0245,0.0236,0.0238,0.0269,0.0372,0.0236,0.0245,0.0324,0.0323,0.0223,0.025,0.0376,0.0242,0.0244,0.0338,0.0341,0.026,0.0375,0.0244,0.0246,0.0332,0.0333,0.0368,0.0271,0.0276,0.035,0.0347,0.0359,0.0368,0.0367,0.0366,0.0225,0.0313,0.0311,0.031,0.031,0.0248,0.015,0.0136,0.0507,0.4221,0.0418,0.0302,0.1427,0.1481,0.009,0.0479,0.4616,0.0882,0.0584,0.191,0.2026,0.0595,0.4544,0.0854,0.0566,0.1777,0.1855,0.4287,0.1176,0.0926,0.174,0.1784,0.4759,0.448,0.4046,0.4116,0.0439,0.1785,0.1827,0.1428,0.1503,-0.0003
Hmel215003o,4925001,4975000,4949687,49213,0.0237,0.0199,0.0212,0.0242,0.0085,0.0164,0.0191,0.0249,0.0246,0.0223,0.0229,0.0259,0.0347,0.0227,0.0223,0.0325,0.0313,0.0206,0.024,0.0352,0.0219,0.0211,0.0343,0.0331,0.0251,0.0353,0.0229,0.0224,0.0339,0.0328,0.0353,0.026,0.0256,0.0357,0.0347,0.0345,0.0346,0.0363,0.0364,0.0199,0.0322,0.0313,0.032,0.0308,0.0246,0.0118,0.0115,0.0412,0.3815,0.0656,0.023,0.1534,0.1371,0.0017,0.0534,0.4405,0.0982,0.0416,0.2208,0.2062,0.0579,0.4236,0.1047,0.0568,0.2003,0.1869,0.3973,0.1432,0.0967,0.19,0.1804,0.4857,0.4447,0.3845,0.3902,0.0604,0.2301,0.2188,0.1942,0.1788,-0.0029
Hmel215003o,4950001,5000000,4975067,49218,0.0238,0.0203,0.0224,0.0267,0.0072,0.0128,0.0195,0.0221,0.0219,0.0225,0.023,0.0287,0.0339,0.0235,0.0232,0.0307,0.0304,0.0214,0.0271,0.0344,0.0222,0.0218,0.0316,0.0311,0.0275,0.0343,0.0226,0.0228,0.0305,0.03,0.0372,0.0289,0.0285,0.0342,0.034,0.0341,0.0345,0.0348,0.0354,0.0189,0.0296,0.0294,0.0301,0.0298,0.0219,0.011,-0.0023,0.0723,0.3881,0.1319,0.0374,0.1522,0.1505,0.0014,0.0862,0.4445,0.1544,0.0499,0.207,0.2015,0.0679,0.4116,0.1319,0.0459,0.1649,0.1586,0.4075,0.2202,0.1227,0.1802,0.1806,0.5625,0.4585,0.4224,0.432,0.0833,0.2712,0.2698,0.1937,0.1898,-0.0039
Hmel215003o,4975001,5025000,4999928,49637,0.0209,0.0219,0.0224,0.0287,0.0051,0.0131,0.0207,0.0191,0.0187,0.0226,0.0226,0.0298,0.0346,0.0226,0.0226,0.0283,0.0283,0.0226,0.0293,0.0345,0.0237,0.0233,0.0297,0.0298,0.0292,0.0341,0.0228,0.0232,0.029,0.029,0.0379,0.0308,0.0305,0.0334,0.0338,0.0347,0.0349,0.035,0.0355,0.0198,0.0275,0.0279,0.028,0.0283,0.0191,0.0282,0.0213,0.109,0.4694,0.1489,0.0425,0.1808,0.1853,0.0099,0.0875,0.4523,0.1595,0.0474,0.1915,0.1992,0.081,0.44,0.1328,0.0396,0.1737,0.18,0.4201,0.2237,0.1223,0.1869,0.1964,0.5998,0.4754,0.5017,0.5129,0.0844,0.2743,0.2867,0.1777,0.188,0.0041
Hmel215003o,5000001,5050000,5024955,47620,0.0214,0.0231,0.0228,0.0276,0.0047,0.0172,0.0216,0.0195,0.0194,0.0235,0.0233,0.0294,0.0369,0.0226,0.0232,0.0307,0.0304,0.0233,0.0284,0.0363,0.0255,0.0248,0.0319,0.032,0.0288,0.0358,0.0238,0.0237,0.0319,0.0325,0.0387,0.0308,0.0307,0.0359,0.036,0.0357,0.0363,0.0353,0.036,0.0218,0.0293,0.0297,0.0304,0.0307,0.02,0.0296,0.0285,0.1059,0.4938,0.0824,0.0414,0.2108,0.2082,0.0072,0.0673,0.4611,0.1225,0.054,0.2096,0.2124,0.0791,0.4604,0.0916,0.0351,0.2132,0.2245,0.4466,0.1812,0.1251,0.2266,0.2296,0.5451,0.4835,0.5048,0.5139,0.0622,0.2408,0.2497,0.2043,0.2106,0.0158
Hmel215003o,5025001,5075000,5050888,47845,0.0256,0.0222,0.0235,0.0231,0.0072,0.0185,0.021,0.0213,0.0231,0.0243,0.0246,0.0279,0.0386,0.0277,0.0269,0.033,0.0342,0.023,0.0256,0.0391,0.029,0.0266,0.0337,0.0347,0.0268,0.0385,0.0275,0.0259,0.033,0.0345,0.0386,0.0309,0.0296,0.0337,0.0346,0.0359,0.0382,0.034,0.0363,0.0222,0.0278,0.029,0.0304,0.0317,0.0226,0.0088,0.0004,0.0645,0.4183,0.1206,0.0753,0.1781,0.1768,0.0042,0.0654,0.4682,0.1839,0.1089,0.2256,0.2207,0.0727,0.4458,0.1427,0.0808,0.2009,0.2037,0.4636,0.2097,0.156,0.216,0.2065,0.4886,0.4762,0.424,0.4262,0.0622,0.1748,0.1743,0.1893,0.1885,0.0083
Hmel215003o,5050001,5100000,5075031,49877,0.0246,0.0213,0.0222,0.0276,0.0074,0.0198,0.0202,0.0223,0.0232,0.0232,0.0235,0.0287,0.0393,0.0278,0.0266,0.0323,0.0335,0.0219,0.0271,0.0395,0.0279,0.0262,0.0333,0.0346,0.0277,0.0392,0.0267,0.0254,0.0323,0.0336,0.0404,0.0316,0.0306,0.0353,0.0361,0.037,0.0391,0.0367,0.0384,0.0219,0.0272,0.0281,0.0295,0.0307,0.0231,0.0055,0.0034,0.0556,0.4374,0.1189,0.0901,0.1663,0.1762,0.0047,0.0677,0.4829,0.1605,0.1239,0.2198,0.2284,0.068,0.468,0.1276,0.0967,0.1946,0.2034,0.4281,0.1618,0.1415,0.1858,0.1865,0.4781,0.4948,0.4392,0.4461,0.0495,0.1342,0.1411,0.1713,0.1815,0.0067
Hmel215003o,5075001,5125000,5099807,49452,0.0265,0.0241,0.0249,0.0316,0.007,0.0258,0.0249,0.0235,0.0232,0.0249,0.0251,0.0307,0.0411,0.0287,0.0281,0.034,0.0346,0.0238,0.0296,0.0411,0.0282,0.0278,0.0351,0.0357,0.03,0.0418,0.0283,0.0274,0.0352,0.0357,0.0428,0.0328,0.0326,0.0381,0.0386,0.0399,0.0417,0.039,0.0396,0.0268,0.0321,0.0323,0.0336,0.0342,0.0237,-0.0075,-0.0116,0.0383,0.4369,0.0499,0.0478,0.161,0.1728,-0.0146,0.0458,0.4678,0.0653,0.0676,0.202,0.2126,0.0434,0.4637,0.0592,0.0515,0.1942,0.2046,0.4145,0.0803,0.0858,0.1781,0.1872,0.4341,0.4628,0.4538,0.4631,0.0296,0.1393,0.1448,0.1714,0.1826,0.0068
Hmel215003o,5100001,5150000,5124886,48861,0.03,0.0295,0.0302,0.0328,0.0104,0.0304,0.0318,0.0261,0.026,0.0285,0.0286,0.0335,0.0439,0.0329,0.0319,0.0372,0.037,0.0283,0.0333,0.0448,0.0323,0.0316,0.0384,0.0377,0.034,0.0459,0.0339,0.0324,0.0398,0.0393,0.0456,0.036,0.0362,0.0407,0.0406,0.0445,0.0455,0.0415,0.0417,0.0325,0.0364,0.0357,0.0377,0.0372,0.0262,-0.0236,-0.027,0.0387,0.3853,0.0464,0.0164,0.1484,0.1463,-0.0292,0.0399,0.3999,0.041,0.0162,0.1695,0.1612,0.0439,0.4019,0.0602,0.0228,0.1809,0.1749,0.3902,0.0713,0.0608,0.1748,0.1751,0.3872,0.3819,0.4061,0.4082,0.0236,0.1338,0.1244,0.1391,0.1331,0.0034
Hmel215003o,5125001,5175000,5149913,48287,0.0281,0.0281,0.0285,0.0319,0.0114,0.0285,0.0288,0.0272,0.0266,0.0268,0.0268,0.0327,0.0433,0.0313,0.0294,0.0376,0.0355,0.0267,0.0326,0.044,0.0313,0.0296,0.0387,0.0361,0.0332,0.0442,0.0325,0.0299,0.0399,0.0372,0.0447,0.0352,0.0348,0.041,0.0393,0.0438,0.044,0.0423,0.0419,0.0299,0.0356,0.0336,0.0371,0.035,0.0269,-0.0259,-0.0298,0.0508,0.3882,0.0539,0.0174,0.161,0.1372,-0.0301,0.0499,0.3955,0.0535,0.0216,0.1764,0.1457,0.0545,0.3925,0.0693,0.023,0.187,0.1565,0.3777,0.0853,0.0764,0.1741,0.1597,0.3895,0.3881,0.3877,0.3905,0.0235,0.1293,0.1048,0.1482,0.1234,0.0003
Hmel215003o,5150001,5200000,5174831,46567,0.0228,0.0223,0.0227,0.0279,0.006,0.0241,0.0223,0.023,0.022,0.0213,0.0215,0.0265,0.0374,0.0262,0.0254,0.0329,0.0323,0.0213,0.0251,0.0373,0.0268,0.026,0.0338,0.0333,0.0261,0.0368,0.0271,0.0257,0.0334,0.0328,0.0383,0.0308,0.0298,0.0362,0.0355,0.0351,0.0357,0.0346,0.0345,0.0236,0.0289,0.0284,0.0306,0.0304,0.0228,-0.0283,-0.0292,0.0342,0.4609,0.0584,0.063,0.1884,0.1916,-0.0286,0.0135,0.4667,0.0773,0.0817,0.2083,0.2118,0.0278,0.4554,0.0771,0.0716,0.1981,0.2004,0.4219,0.0942,0.0987,0.1875,0.1894,0.4157,0.4488,0.4253,0.439,0.01,0.1074,0.1093,0.1572,0.1665,0.0064
Hmel215003o,5175001,5225000,5200652,47657,0.03,0.0263,0.0276,0.0313,0.0063,0.0242,0.0251,0.0247,0.0212,0.0266,0.0267,0.0316,0.04,0.0289,0.03,0.0349,0.035,0.0251,0.0289,0.0401,0.0289,0.0296,0.0356,0.036,0.0298,0.0398,0.0291,0.0293,0.035,0.0354,0.0409,0.0331,0.0341,0.0386,0.0383,0.0356,0.0384,0.0358,0.0353,0.0252,0.0291,0.0286,0.0311,0.0309,0.0232,-0.0308,-0.0404,0.0184,0.3916,0.0351,0.045,0.129,0.1632,-0.0386,0.0107,0.4377,0.0719,0.0743,0.1742,0.2153,0.0138,0.4177,0.0628,0.0571,0.1527,0.1928,0.4078,0.1044,0.1093,0.1749,0.2069,0.4158,0.4356,0.4109,0.4547,0.0113,0.0927,0.1221,0.1169,0.1512,0.0063
Hmel215003o,5200001,5250000,5224631,48806,0.0354,0.0307,0.0306,0.0349,0.0078,0.0247,0.0266,0.0272,0.0231,0.0311,0.0307,0.0361,0.0421,0.0304,0.0321,0.0375,0.0363,0.0283,0.0333,0.0425,0.0298,0.0308,0.0379,0.0368,0.0333,0.042,0.0299,0.0305,0.0374,0.0364,0.0432,0.0347,0.0367,0.0414,0.0402,0.0357,0.0406,0.0382,0.0369,0.0264,0.0312,0.0297,0.0333,0.0317,0.025,-0.033,-0.0387,0.0125,0.3365,0.0066,0.0176,0.0957,0.1138,-0.0434,0.0148,0.392,0.0401,0.0374,0.1415,0.1636,0.0153,0.3879,0.0415,0.033,0.1361,0.1591,0.3772,0.096,0.104,0.1587,0.1831,0.39,0.4205,0.3879,0.4258,0.016,0.0976,0.1148,0.1129,0.1282,-0.0036
Hmel215003o,5225001,5275000,5250015,48372,0.0321,0.0311,0.0298,0.035,0.0076,0.0235,0.0245,0.0275,0.0246,0.0294,0.0289,0.034,0.0426,0.0286,0.0293,0.0397,0.0385,0.028,0.0335,0.0428,0.0278,0.0288,0.0389,0.0373,0.0326,0.0427,0.0279,0.0288,0.0391,0.0379,0.0444,0.0328,0.0343,0.0427,0.0417,0.0363,0.0415,0.0401,0.0397,0.0249,0.0312,0.0302,0.0357,0.0347,0.0261,-0.0387,-0.0366,0.0117,0.3783,0.0137,0.0184,0.1507,0.1603,-0.0451,0.0131,0.3922,0.0099,0.0175,0.1482,0.1533,0.0119,0.405,0.0236,0.031,0.162,0.1725,0.3897,0.078,0.0898,0.1706,0.1861,0.415,0.4576,0.4057,0.4384,0.0194,0.107,0.1206,0.1658,0.1804,0.0008
Hmel215003o,5250001,5300000,5275013,49427,0.0307,0.0298,0.028,0.0313,0.007,0.0243,0.0256,0.0247,0.0217,0.0281,0.0273,0.0312,0.0406,0.0287,0.0289,0.0389,0.0382,0.0265,0.0307,0.0407,0.0284,0.0286,0.0385,0.0375,0.0296,0.0402,0.0276,0.0283,0.0384,0.0377,0.0416,0.0315,0.0322,0.0404,0.0396,0.036,0.0396,0.0383,0.0384,0.0259,0.0317,0.0309,0.0351,0.0347,0.0232,-0.0403,-0.0391,0.0052,0.3815,0.0218,0.0138,0.1768,0.1976,-0.0471,0.0044,0.3918,0.0246,0.0161,0.1792,0.1957,0.0047,0.408,0.0281,0.0282,0.1958,0.2164,0.4058,0.0769,0.074,0.1957,0.2187,0.4088,0.4318,0.4297,0.4721,0.019,0.1356,0.1551,0.1744,0.1998,0.0009
Hmel215003o,5275001,5325000,5299823,49274,0.0257,0.0243,0.0223,0.0283,0.0053,0.0204,0.0221,0.0212,0.0191,0.0242,0.0234,0.0281,0.0385,0.0272,0.0264,0.0331,0.0332,0.0221,0.027,0.0386,0.0277,0.0268,0.0339,0.0335,0.0261,0.0387,0.0264,0.0254,0.034,0.0339,0.0403,0.0311,0.0303,0.0367,0.0365,0.0351,0.0374,0.036,0.0358,0.0221,0.0291,0.0292,0.0308,0.031,0.0208,-0.0178,-0.0138,0.0254,0.4414,0.0886,0.0512,0.1799,0.2045,-0.0287,0.0227,0.4612,0.1144,0.075,0.207,0.2258,0.0288,0.4898,0.1126,0.0709,0.2315,0.2548,0.4468,0.1415,0.1069,0.2119,0.2336,0.4809,0.4794,0.4781,0.509,0.0216,0.1765,0.2052,0.184,0.2127,0.0167
Hmel215003o,5300001,5350000,5325058,49266,0.0205,0.0196,0.0189,0.0264,0.0053,0.0173,0.0202,0.0204,0.02,0.0203,0.02,0.0254,0.0369,0.0249,0.0232,0.0292,0.0304,0.019,0.0247,0.0369,0.0257,0.0237,0.0304,0.0313,0.0243,0.0377,0.0255,0.0227,0.0307,0.0319,0.0397,0.031,0.0287,0.0341,0.0353,0.0353,0.0367,0.0338,0.0341,0.0206,0.0269,0.0281,0.0291,0.0301,0.021,0.0067,0.0066,0.0548,0.4978,0.1433,0.0682,0.185,0.2102,-0.0076,0.0514,0.5118,0.1725,0.0915,0.217,0.2357,0.0537,0.5308,0.1794,0.0787,0.2301,0.2555,0.4628,0.1944,0.1194,0.2015,0.2245,0.5313,0.5015,0.465,0.4759,0.0496,0.1854,0.2127,0.1883,0.2108,0.0212
Hmel215003o,5325001,5375000,5349779,48984,0.0208,0.0193,0.0197,0.0256,0.0061,0.019,0.0207,0.0211,0.021,0.0204,0.0203,0.0256,0.0347,0.0237,0.0229,0.0291,0.0303,0.0193,0.0241,0.0345,0.0247,0.0229,0.0302,0.0314,0.0245,0.0349,0.0248,0.0225,0.0298,0.0313,0.0367,0.0299,0.028,0.0333,0.0344,0.0341,0.0347,0.0323,0.0327,0.0217,0.0262,0.0272,0.0282,0.0294,0.0215,0.0093,0.0031,0.0616,0.4584,0.093,0.0522,0.1727,0.1949,-0.0038,0.0516,0.4781,0.1336,0.0718,0.2088,0.2302,0.0534,0.4763,0.1309,0.0579,0.1974,0.2239,0.4301,0.1631,0.1081,0.1892,0.2067,0.4777,0.4589,0.4239,0.4303,0.0471,0.1405,0.1602,0.1567,0.1792,0.012
Hmel215003o,5350001,5400000,5375203,49052,0.0209,0.0199,0.0208,0.0251,0.0061,0.0187,0.019,0.0218,0.0206,0.021,0.0213,0.0256,0.0343,0.0237,0.0222,0.0307,0.0313,0.0203,0.024,0.0339,0.0249,0.0223,0.0312,0.032,0.0246,0.0339,0.0246,0.022,0.0311,0.032,0.035,0.0289,0.0267,0.0337,0.034,0.034,0.0339,0.0328,0.033,0.021,0.0273,0.0276,0.0287,0.0297,0.0216,0.0157,0.0119,0.0641,0.4524,0.0956,0.0575,0.1899,0.2132,-0.0008,0.0442,0.4618,0.133,0.0712,0.2091,0.2359,0.0451,0.4485,0.1151,0.0538,0.1974,0.2251,0.4182,0.1546,0.1107,0.1907,0.2092,0.4818,0.4754,0.4191,0.4399,0.0565,0.1567,0.1778,0.1783,0.2096,0.0095
Hmel215003o,5375001,5425000,5400006,49949,0.0224,0.0215,0.0215,0.0253,0.0068,0.0201,0.0205,0.0239,0.0218,0.0225,0.0225,0.0266,0.0359,0.0251,0.0235,0.0323,0.0323,0.0212,0.0248,0.0361,0.0261,0.0231,0.0331,0.0334,0.0252,0.0356,0.0256,0.0227,0.033,0.0334,0.037,0.03,0.0274,0.0345,0.0348,0.0356,0.0358,0.0341,0.0344,0.0229,0.0289,0.0286,0.0314,0.0317,0.0233,0.0136,0.0127,0.0626,0.4382,0.0894,0.0488,0.1738,0.1973,-0.0071,0.0393,0.4533,0.1192,0.0515,0.1973,0.225,0.0466,0.4469,0.1104,0.042,0.1956,0.2238,0.4281,0.154,0.1034,0.1768,0.205,0.4684,0.4648,0.3955,0.4287,0.066,0.1442,0.1626,0.1825,0.2113,0.0111
Hmel215003o,5400001,5450000,5424986,49948,0.0242,0.0222,0.0218,0.0259,0.0062,0.0202,0.022,0.0238,0.0229,0.0239,0.0236,0.0279,0.0354,0.0256,0.0248,0.0314,0.0316,0.022,0.0257,0.0361,0.0267,0.0245,0.0328,0.0335,0.0263,0.0354,0.0259,0.0236,0.0327,0.033,0.0375,0.0309,0.0289,0.0346,0.0351,0.0347,0.036,0.0347,0.0353,0.0236,0.0273,0.0273,0.0312,0.0314,0.0241,0.0158,0.0138,0.059,0.4153,0.0751,0.0384,0.1409,0.1542,-0.0008,0.043,0.4512,0.1228,0.0554,0.1851,0.206,0.06,0.4492,0.1099,0.0386,0.1868,0.2031,0.4337,0.1619,0.1049,0.1727,0.1915,0.4651,0.4536,0.4112,0.4324,0.0606,0.1135,0.1256,0.1608,0.1757,0.0164
Hmel215003o,5425001,5475000,5449997,49888,0.0234,0.0223,0.0236,0.0257,0.0049,0.016,0.0238,0.0228,0.0226,0.0238,0.0239,0.027,0.034,0.0253,0.0245,0.0314,0.0307,0.0229,0.0262,0.0343,0.0268,0.0244,0.0326,0.0324,0.0272,0.0344,0.026,0.0239,0.0329,0.0322,0.0358,0.0304,0.0287,0.0347,0.0346,0.0335,0.0343,0.0341,0.0343,0.0238,0.0274,0.0272,0.0311,0.0305,0.0231,0.0205,0.009,0.0529,0.428,0.1307,0.0202,0.1608,0.1514,-0.0016,0.0518,0.4477,0.1753,0.0302,0.1917,0.1908,0.0556,0.4301,0.1428,0.0053,0.1827,0.1741,0.4369,0.2097,0.0796,0.187,0.1895,0.5402,0.4251,0.4379,0.4448,0.0941,0.1788,0.1798,0.1508,0.1432,0.0096
Hmel215003o,5450001,5500000,5475013,49877,0.0223,0.0228,0.0247,0.0258,0.0053,0.0171,0.0238,0.021,0.0218,0.023,0.0234,0.0263,0.0333,0.025,0.0243,0.0304,0.0291,0.0234,0.0262,0.0341,0.0264,0.0249,0.0316,0.0303,0.0276,0.0343,0.0257,0.0242,0.0317,0.0304,0.0359,0.0301,0.029,0.0342,0.0334,0.0335,0.0339,0.0331,0.033,0.0244,0.0274,0.0267,0.0301,0.0291,0.0218,0.0112,-0.0018,0.0525,0.4303,0.1248,0.0277,0.1772,0.1445,-0.0092,0.0461,0.4326,0.1462,0.0346,0.1918,0.1612,0.0487,0.4076,0.1093,-0.0018,0.1715,0.1397,0.4313,0.189,0.0839,0.2008,0.1792,0.515,0.4152,0.4474,0.434,0.0927,0.1892,0.1658,0.155,0.1289,0.0105
Hmel215003o,5475001,5525000,5499985,49833,0.0225,0.0215,0.0236,0.0254,0.006,0.0177,0.0214,0.02,0.0212,0.022,0.0228,0.0262,0.0343,0.0252,0.0242,0.0293,0.0293,0.0225,0.0255,0.035,0.0255,0.0243,0.0306,0.0305,0.027,0.0352,0.0249,0.0234,0.0303,0.0301,0.037,0.029,0.0282,0.0329,0.0325,0.0349,0.0355,0.0332,0.0334,0.0228,0.0268,0.0269,0.0286,0.0287,0.0209,0.0008,-0.0061,0.0539,0.4291,0.1202,0.0519,0.1679,0.155,-0.0004,0.0519,0.4528,0.1397,0.0674,0.2022,0.1863,0.0551,0.4239,0.0986,0.0222,0.172,0.1559,0.4374,0.1675,0.1045,0.1979,0.1785,0.5094,0.4597,0.4532,0.4378,0.0816,0.1837,0.1698,0.1688,0.1565,0.0092
Hmel215003o,5500001,5550000,5525012,49894,0.0184,0.0171,0.019,0.0237,0.0047,0.0104,0.0192,0.0168,0.0167,0.0177,0.0186,0.0252,0.0324,0.0213,0.0223,0.0305,0.0314,0.0179,0.0241,0.0328,0.0218,0.0222,0.0316,0.0324,0.0253,0.0327,0.0207,0.0215,0.0302,0.0311,0.0347,0.0274,0.0272,0.0325,0.033,0.0334,0.0331,0.0315,0.0316,0.0195,0.0272,0.0283,0.0261,0.0271,0.0171,-0.0011,-0.0018,0.1048,0.4922,0.2041,0.0911,0.2814,0.2962,-0.0045,0.1014,0.5174,0.2385,0.1059,0.3158,0.3276,0.0974,0.4848,0.178,0.0632,0.2691,0.2841,0.4544,0.2656,0.1319,0.2518,0.2595,0.6475,0.4859,0.5081,0.5109,0.1454,0.349,0.3669,0.1933,0.2124,0.0112
Hmel215003o,5525001,5575000,5549998,49993,0.0162,0.0156,0.0166,0.0246,0.0031,0.0041,0.0192,0.0154,0.0157,0.0155,0.0162,0.0249,0.0313,0.023,0.0215,0.0302,0.0313,0.0154,0.0244,0.0318,0.0254,0.0219,0.0312,0.0325,0.0244,0.0315,0.0246,0.0214,0.03,0.0314,0.0345,0.0311,0.0285,0.0333,0.0344,0.0323,0.0317,0.0316,0.0322,0.0194,0.0238,0.0245,0.0247,0.0259,0.0165,-0.0146,-0.0045,0.1229,0.5464,0.4043,0.103,0.3272,0.3392,-0.0224,0.1196,0.5608,0.458,0.1206,0.3501,0.3634,0.1056,0.5413,0.4247,0.0945,0.3187,0.3357,0.4646,0.4093,0.1467,0.2725,0.2829,0.8112,0.4968,0.5636,0.5636,0.2644,0.4353,0.4395,0.186,0.2046,0.0319
Hmel215003o,5550001,5600000,5574153,47415,0.0177,0.017,0.0174,0.0251,0.0036,0.0053,0.0184,0.0195,0.0193,0.0169,0.0175,0.0245,0.034,0.0277,0.0225,0.0308,0.0318,0.0167,0.0241,0.0348,0.0305,0.0227,0.0323,0.0337,0.0238,0.0343,0.03,0.0223,0.0314,0.0329,0.0372,0.0341,0.0286,0.0354,0.0367,0.0346,0.0343,0.0344,0.0352,0.0198,0.0231,0.0232,0.0274,0.0281,0.0208,-0.0128,-0.0027,0.0868,0.5377,0.429,0.1146,0.2587,0.2767,-0.0152,0.0895,0.5591,0.4826,0.1303,0.2918,0.3139,0.0766,0.5468,0.4679,0.1151,0.2726,0.297,0.4768,0.4203,0.1527,0.243,0.2628,0.7837,0.5296,0.513,0.5247,0.265,0.3165,0.3214,0.1919,0.208,0.0361
Hmel215003o,5575001,5625000,5600504,47384,0.0157,0.0159,0.0158,0.0228,0.0054,0.0133,0.0137,0.0198,0.0191,0.016,0.0159,0.0213,0.0373,0.0219,0.02,0.0314,0.0324,0.0155,0.0207,0.0383,0.0219,0.0202,0.0315,0.0329,0.0215,0.0378,0.0207,0.0191,0.031,0.0324,0.0389,0.0272,0.0244,0.0349,0.0355,0.0383,0.0372,0.0369,0.0372,0.0172,0.0277,0.0294,0.029,0.0302,0.0207,0.0071,0.0064,0.0723,0.5754,0.2152,0.1616,0.2911,0.3153,-0.0119,0.0538,0.5797,0.2094,0.162,0.2901,0.3184,0.0752,0.578,0.1851,0.1356,0.2834,0.3137,0.4975,0.2283,0.1701,0.2559,0.272,0.623,0.607,0.5082,0.52,0.1274,0.2653,0.302,0.2811,0.3097,0.0327
Hmel215003o,5600001,5650000,5624729,49184,0.0169,0.0155,0.0156,0.025,0.0037,0.0135,0.0135,0.0193,0.0186,0.0166,0.0163,0.0233,0.0361,0.0211,0.021,0.0287,0.029,0.0156,0.0222,0.0371,0.0205,0.0217,0.0292,0.0297,0.0231,0.0364,0.0197,0.0205,0.0288,0.0292,0.0385,0.0268,0.0266,0.0333,0.0328,0.0373,0.0364,0.0365,0.0367,0.0178,0.026,0.0274,0.0269,0.0278,0.0199,0.0135,0.0017,0.0737,0.5726,0.1708,0.1695,0.2378,0.2524,0.0026,0.0691,0.6038,0.179,0.2074,0.2645,0.283,0.0885,0.5965,0.1587,0.1796,0.2573,0.2741,0.49,0.1925,0.1888,0.2163,0.218,0.6403,0.6327,0.5364,0.5502,0.1445,0.2378,0.2739,0.2536,0.2805,0.0268
Hmel215003o,5625001,5675000,5650108,49180,0.0151,0.013,0.0152,0.0314,0.0039,0.013,0.0137,0.0177,0.016,0.0142,0.0147,0.0277,0.0331,0.0263,0.0267,0.0292,0.0288,0.0143,0.0278,0.0337,0.0266,0.0274,0.0302,0.0298,0.0277,0.0333,0.0259,0.0265,0.0296,0.0291,0.0375,0.033,0.0339,0.0352,0.035,0.0319,0.0324,0.0317,0.0319,0.0154,0.0213,0.0211,0.0223,0.0221,0.0175,0.0071,-0.0146,0.1213,0.5705,0.3171,0.3136,0.2926,0.3116,0.0086,0.1512,0.6158,0.3585,0.3613,0.3408,0.361,0.122,0.5713,0.3097,0.3089,0.2991,0.3169,0.4034,0.2313,0.2357,0.2048,0.2219,0.5973,0.5894,0.5073,0.5412,0.0757,0.1705,0.196,0.1838,0.2063,0.0202
Hmel215003o,5650001,5700000,5674539,47142,0.0116,0.0087,0.0119,0.0286,0.0036,0.009,0.0088,0.0112,0.0115,0.0107,0.0112,0.0256,0.0296,0.0254,0.0251,0.0261,0.0265,0.0102,0.0257,0.0302,0.0267,0.0266,0.0278,0.0281,0.0255,0.0298,0.0258,0.0258,0.027,0.0273,0.0345,0.0318,0.0323,0.0322,0.0327,0.0283,0.0288,0.0279,0.0284,0.0093,0.0128,0.0141,0.0133,0.0145,0.0123,0.0292,-0.0248,0.1596,0.6066,0.4395,0.4381,0.4076,0.4068,-0.0057,0.2032,0.6759,0.518,0.5215,0.4892,0.4873,0.1523,0.603,0.4397,0.4438,0.4165,0.4143,0.4056,0.2948,0.3043,0.2704,0.2731,0.6512,0.6604,0.5966,0.5945,0.0239,0.1267,0.1675,0.1484,0.1857,0.0431
Hmel215003o,5675001,5725000,5701010,47175,0.0165,0.0153,0.0154,0.0247,0.0048,0.0098,0.0088,0.0136,0.0147,0.0163,0.0158,0.0252,0.0298,0.0228,0.0233,0.0266,0.0268,0.0153,0.0244,0.0308,0.0246,0.0257,0.0288,0.0291,0.0248,0.0303,0.0238,0.0247,0.0282,0.0284,0.0332,0.0282,0.0295,0.0321,0.0322,0.0302,0.0307,0.0303,0.0308,0.0102,0.0168,0.0181,0.0163,0.0174,0.0148,0.0148,-0.0044,0.1232,0.4898,0.2813,0.3104,0.2911,0.2771,-0.0013,0.1242,0.5237,0.3389,0.3759,0.3452,0.3343,0.1304,0.5155,0.3211,0.3564,0.3346,0.3214,0.4225,0.2769,0.311,0.2787,0.265,0.6273,0.6521,0.5507,0.5361,0.0475,0.1885,0.2043,0.1947,0.2049,0.0258
Hmel215003o,5700001,5750000,5724988,49954,0.0209,0.0219,0.0208,0.0245,0.0065,0.0143,0.0132,0.0196,0.0197,0.0209,0.0209,0.0269,0.0327,0.0244,0.0242,0.0299,0.0303,0.0208,0.0261,0.033,0.0258,0.0257,0.031,0.0315,0.0265,0.0332,0.0258,0.0255,0.0313,0.0318,0.0339,0.0301,0.0305,0.0334,0.0335,0.0328,0.0336,0.0333,0.0341,0.0151,0.0259,0.0262,0.0261,0.026,0.0197,-0.0123,-0.0001,0.0953,0.4237,0.1713,0.1813,0.2028,0.2073,-0.0142,0.0668,0.414,0.1866,0.1988,0.2098,0.2155,0.0883,0.4325,0.2008,0.2108,0.2264,0.233,0.4057,0.2412,0.2617,0.219,0.2191,0.5342,0.5621,0.4531,0.4598,0.052,0.2212,0.2232,0.2393,0.2362,0.0007
Hmel215003o,5725001,5775000,5750002,49943,0.0209,0.0202,0.0208,0.0252,0.0067,0.0132,0.0153,0.0204,0.021,0.0203,0.0207,0.0265,0.0353,0.0237,0.0232,0.0298,0.0306,0.0201,0.0254,0.0362,0.0258,0.0247,0.0311,0.0321,0.026,0.0365,0.0252,0.0246,0.031,0.0323,0.0374,0.0311,0.0302,0.0333,0.0339,0.0357,0.037,0.0357,0.0365,0.0162,0.0275,0.0281,0.028,0.0286,0.0208,-0.0048,-0.0028,0.0828,0.4538,0.1725,0.1309,0.1912,0.1974,-0.0096,0.0702,0.4744,0.2245,0.1741,0.221,0.2301,0.0736,0.4689,0.2043,0.1619,0.2113,0.2252,0.434,0.2641,0.2228,0.2014,0.2035,0.5788,0.5579,0.4643,0.4652,0.0665,0.2514,0.2557,0.2322,0.2363,0.0012
Hmel215003o,5750001,5800000,5774957,49627,0.0182,0.0169,0.0187,0.0264,0.0078,0.0125,0.0155,0.0214,0.0215,0.0178,0.0183,0.0245,0.0368,0.0226,0.0222,0.0298,0.03,0.0178,0.0235,0.0385,0.0246,0.0239,0.0314,0.0319,0.0243,0.0385,0.0236,0.0232,0.0308,0.0314,0.0396,0.0296,0.0285,0.0339,0.034,0.038,0.0393,0.0379,0.0378,0.0165,0.0278,0.0278,0.0285,0.0287,0.0219,0.007,-0.0057,0.0666,0.4937,0.1996,0.1436,0.2124,0.214,0.0005,0.0651,0.5311,0.2637,0.2022,0.255,0.2615,0.0561,0.5041,0.2153,0.1597,0.2215,0.2309,0.4292,0.2391,0.1786,0.187,0.1877,0.5948,0.5597,0.4605,0.458,0.0861,0.2542,0.2525,0.2246,0.2277,0.01
Hmel215003o,5775001,5825000,5800006,48962,0.0175,0.0165,0.0171,0.0231,0.007,0.0151,0.016,0.0205,0.0199,0.0168,0.0172,0.0217,0.0355,0.0214,0.0225,0.029,0.0287,0.0164,0.0206,0.0365,0.0225,0.0235,0.0304,0.0299,0.0211,0.0363,0.0223,0.0231,0.0299,0.0294,0.0355,0.0257,0.0263,0.0313,0.0309,0.0353,0.0361,0.0353,0.0354,0.018,0.026,0.0256,0.0274,0.0273,0.0205,-0.0061,-0.005,0.0481,0.5025,0.1444,0.1553,0.2184,0.2217,-0.013,0.039,0.528,0.1836,0.1913,0.2537,0.2553,0.0412,0.5167,0.1715,0.175,0.2383,0.2395,0.4346,0.1694,0.1681,0.1904,0.1926,0.5394,0.5323,0.4541,0.4644,0.0779,0.1975,0.1988,0.2108,0.2179,0.0083
Hmel215003o,5800001,5850000,5825194,49173,0.016,0.0153,0.0152,0.0222,0.0044,0.0136,0.0156,0.018,0.0162,0.0154,0.0155,0.0203,0.0329,0.0182,0.0199,0.0252,0.0246,0.0149,0.0196,0.0333,0.0186,0.0202,0.0264,0.0256,0.02,0.0334,0.0187,0.0204,0.0263,0.0257,0.0348,0.0227,0.024,0.0291,0.0284,0.0323,0.0324,0.0316,0.0323,0.0159,0.0231,0.0227,0.0237,0.0237,0.0179,-0.0089,-0.0037,0.048,0.5419,0.1081,0.1218,0.2038,0.2181,-0.015,0.0408,0.5588,0.1301,0.14,0.238,0.2498,0.0542,0.5615,0.1359,0.1472,0.2386,0.252,0.4781,0.142,0.1377,0.1974,0.2098,0.5788,0.5435,0.4932,0.5318,0.0442,0.1969,0.217,0.1794,0.206,0.0238
Hmel215003o,5825001,5875000,5850037,49841,0.0189,0.0179,0.0181,0.0243,0.0043,0.014,0.016,0.0183,0.0176,0.018,0.0179,0.0228,0.0334,0.0206,0.0212,0.0275,0.0275,0.0173,0.022,0.0337,0.0203,0.021,0.028,0.0282,0.0225,0.0336,0.0207,0.0216,0.028,0.0283,0.0361,0.0256,0.0258,0.0313,0.0313,0.0328,0.0335,0.0322,0.0329,0.0168,0.0258,0.0256,0.0259,0.026,0.0188,-0.0122,-0.0159,0.0417,0.5017,0.1188,0.1031,0.2031,0.2137,-0.0212,0.0375,0.52,0.1254,0.114,0.2259,0.2378,0.0472,0.5165,0.1327,0.1264,0.2242,0.2381,0.4669,0.1704,0.1455,0.2071,0.2167,0.5797,0.5521,0.4966,0.5173,0.0605,0.2404,0.2473,0.2139,0.2257,0.0259
Hmel215003o,5850001,5900000,5874996,49965,0.0211,0.0195,0.0195,0.024,0.0045,0.0148,0.0173,0.0199,0.0199,0.02,0.02,0.0245,0.0344,0.0234,0.0241,0.0303,0.0312,0.0189,0.0231,0.0345,0.0245,0.025,0.0307,0.0319,0.0232,0.0343,0.0247,0.0254,0.0307,0.032,0.0356,0.0286,0.0288,0.0328,0.0337,0.0338,0.0349,0.0324,0.0329,0.019,0.0271,0.0275,0.0278,0.0283,0.0203,-0.0092,-0.0069,0.0486,0.4739,0.139,0.1185,0.2022,0.2177,-0.0175,0.042,0.4992,0.1858,0.1602,0.2297,0.2487,0.0446,0.4979,0.1899,0.1692,0.2301,0.2499,0.4625,0.2156,0.1833,0.2115,0.2251,0.5719,0.5393,0.4686,0.4749,0.0882,0.231,0.2373,0.2084,0.2169,0.0108
Hmel215003o,5875001,5925000,5900000,49978,0.0158,0.0133,0.0141,0.0212,0.0043,0.0113,0.016,0.0163,0.0165,0.0147,0.0149,0.0217,0.0334,0.0179,0.0194,0.0233,0.0246,0.0135,0.0213,0.0342,0.0196,0.0209,0.0247,0.026,0.0211,0.0342,0.0197,0.0211,0.0245,0.0262,0.0346,0.0243,0.0243,0.027,0.0281,0.0331,0.0344,0.0317,0.032,0.0161,0.0209,0.0214,0.0223,0.0226,0.0172,0.005,-0.0035,0.0946,0.5521,0.147,0.1046,0.1942,0.2173,-0.0082,0.1308,0.606,0.2426,0.186,0.2636,0.2852,0.1106,0.5896,0.2256,0.1767,0.2448,0.2741,0.4915,0.2258,0.149,0.196,0.2128,0.6333,0.56,0.5244,0.5252,0.0879,0.2151,0.2235,0.169,0.1735,0.0251
Hmel215003o,5900001,5950000,5924996,49974,0.0161,0.0125,0.0136,0.0204,0.0033,0.0091,0.0132,0.0141,0.0149,0.0146,0.0149,0.0215,0.0331,0.018,0.0187,0.0221,0.023,0.0133,0.021,0.0336,0.0202,0.0209,0.0241,0.025,0.0211,0.0347,0.0208,0.0214,0.0244,0.0255,0.0345,0.0259,0.025,0.0278,0.0285,0.0325,0.0337,0.0318,0.0327,0.0125,0.0168,0.0171,0.0186,0.0189,0.0155,0.0098,0.001,0.0942,0.5623,0.1854,0.1283,0.1973,0.2046,0.0082,0.1469,0.6342,0.3171,0.249,0.3011,0.3059,0.1276,0.6224,0.3056,0.2398,0.2878,0.2961,0.518,0.3036,0.2173,0.2529,0.2529,0.6926,0.6214,0.5852,0.5793,0.058,0.191,0.1825,0.1606,0.1541,0.0351
Hmel215003o,5925001,5975000,5950005,49966,0.0224,0.0195,0.0181,0.0234,0.0041,0.0119,0.0142,0.0184,0.0181,0.0208,0.0208,0.0257,0.0342,0.0244,0.0242,0.028,0.0288,0.0192,0.0239,0.0336,0.0275,0.0271,0.0298,0.0308,0.0247,0.0355,0.029,0.0276,0.0308,0.0317,0.0367,0.0323,0.0318,0.0343,0.0352,0.0342,0.0343,0.0328,0.0341,0.0142,0.0217,0.0217,0.0222,0.0224,0.0193,-0.0036,0.0145,0.0628,0.4574,0.1829,0.1448,0.1658,0.1824,0.0115,0.0639,0.4964,0.2861,0.2435,0.2332,0.2535,0.103,0.541,0.3326,0.2738,0.2687,0.2858,0.4883,0.3197,0.2798,0.2585,0.2747,0.6366,0.5945,0.5052,0.5252,0.0459,0.1876,0.1921,0.161,0.1694,0.028
Hmel215003o,5950001,6000000,5974401,46806,0.0276,0.027,0.0247,0.0299,0.0071,0.0201,0.022,0.0232,0.022,0.0265,0.026,0.032,0.0388,0.0294,0.0286,0.0356,0.0355,0.0252,0.0304,0.0384,0.0304,0.0295,0.0358,0.0359,0.0316,0.0391,0.0313,0.0294,0.0363,0.0368,0.0414,0.0344,0.0345,0.038,0.0386,0.0386,0.0388,0.0379,0.0385,0.0236,0.0309,0.0299,0.0314,0.0306,0.0235,-0.0163,-0.004,0.0601,0.3973,0.1106,0.0763,0.1758,0.1869,-0.0132,0.0405,0.4011,0.1353,0.0996,0.1855,0.1997,0.0854,0.4376,0.1737,0.1211,0.2158,0.2345,0.4174,0.1789,0.1594,0.1938,0.2147,0.495,0.4712,0.4453,0.4676,0.0603,0.1864,0.1842,0.1723,0.1735,0.0217
Hmel215003o,5975001,6025000,6000937,46150,0.0314,0.0307,0.029,0.0334,0.0074,0.0279,0.0275,0.0241,0.0232,0.0294,0.029,0.0372,0.0427,0.0323,0.0308,0.0393,0.0386,0.0281,0.0357,0.0424,0.0318,0.0298,0.0391,0.0384,0.0358,0.0423,0.0315,0.0294,0.0385,0.0381,0.042,0.037,0.0372,0.0397,0.0401,0.0419,0.0423,0.0402,0.0411,0.0297,0.035,0.0344,0.0362,0.0355,0.0245,-0.0299,-0.0215,0.0741,0.39,0.0454,0.0246,0.1818,0.1806,-0.0333,0.0594,0.3952,0.043,0.0133,0.1846,0.1844,0.0775,0.4133,0.0542,0.0206,0.1935,0.1961,0.3842,0.1047,0.1122,0.1784,0.1914,0.4227,0.4319,0.4528,0.4726,0.0372,0.1557,0.1554,0.1771,0.1763,0.0172
Hmel215003o,6000001,6050000,6025163,49268,0.0215,0.0211,0.02,0.0249,0.0042,0.0224,0.0203,0.0179,0.0178,0.0209,0.02,0.0284,0.0344,0.0232,0.0264,0.0319,0.0322,0.0214,0.0268,0.0349,0.0241,0.0265,0.0326,0.033,0.0277,0.0343,0.0238,0.0258,0.0314,0.0316,0.0348,0.0308,0.0336,0.0352,0.0364,0.0353,0.036,0.0338,0.035,0.0244,0.0295,0.0301,0.0264,0.0267,0.0182,-0.0112,-0.021,0.1113,0.4723,0.0285,0.1218,0.2479,0.2523,0.0227,0.0873,0.4843,0.0543,0.1302,0.2637,0.2697,0.1194,0.4949,0.0623,0.1301,0.26,0.2643,0.4466,0.1403,0.2095,0.2623,0.2779,0.4689,0.5086,0.524,0.5378,0.0706,0.1986,0.208,0.1695,0.175,0.0109
Hmel215003o,6025001,6075000,6049943,49757,0.0135,0.0138,0.0157,0.0228,0.0027,0.0138,0.0125,0.0123,0.0118,0.0143,0.0146,0.0229,0.0292,0.0164,0.0208,0.0271,0.0271,0.017,0.0223,0.0299,0.0187,0.0224,0.0282,0.0282,0.0229,0.029,0.0188,0.0216,0.0282,0.0279,0.0309,0.027,0.0278,0.0329,0.0331,0.031,0.0317,0.0307,0.0307,0.0185,0.025,0.0253,0.0209,0.021,0.0125,0.0223,0.0002,0.1402,0.5814,0.0959,0.2398,0.3682,0.3765,0.0752,0.1235,0.5833,0.1579,0.2727,0.3819,0.3893,0.1049,0.5341,0.1265,0.2202,0.3496,0.3534,0.4541,0.215,0.2494,0.3283,0.3375,0.595,0.6285,0.6228,0.6329,0.1779,0.3269,0.3409,0.2677,0.278,0.0189
Hmel215003o,6050001,6100000,6074687,48936,0.0152,0.0146,0.018,0.0227,0.0045,0.0141,0.0127,0.0118,0.0111,0.0147,0.0169,0.0223,0.03,0.0186,0.0186,0.0277,0.028,0.0169,0.0226,0.0303,0.0199,0.02,0.0287,0.0286,0.0219,0.0296,0.0206,0.02,0.0293,0.0291,0.0294,0.0259,0.0241,0.031,0.0312,0.0309,0.0318,0.0295,0.0296,0.0183,0.0244,0.0248,0.0247,0.0253,0.0119,-0.0069,0.0103,0.1025,0.5233,0.1259,0.1523,0.3593,0.375,0.0178,0.1185,0.5371,0.17,0.1984,0.3838,0.3943,0.0497,0.4662,0.1326,0.141,0.3402,0.3475,0.4064,0.1922,0.1809,0.3112,0.324,0.5544,0.5907,0.5836,0.5986,0.1624,0.3189,0.3394,0.3511,0.3748,0.0197
Hmel215003o,6075001,6125000,6097834,42729,0.0143,0.0137,0.0161,0.018,0.0053,0.0138,0.0134,0.0135,0.0127,0.014,0.0159,0.0186,0.0291,0.0185,0.018,0.0273,0.0281,0.0149,0.0183,0.0294,0.0192,0.0194,0.0276,0.0286,0.0183,0.029,0.0195,0.02,0.0274,0.0286,0.0277,0.0215,0.0217,0.0269,0.0283,0.029,0.0311,0.0271,0.0279,0.0171,0.0217,0.0217,0.0249,0.0258,0.0134,0.0012,0.0229,0.0847,0.5117,0.1427,0.1391,0.3392,0.3655,0.001,0.0891,0.5287,0.1742,0.187,0.3541,0.3842,0.0434,0.4777,0.1378,0.1611,0.3125,0.3455,0.439,0.1655,0.1785,0.2796,0.3158,0.5202,0.5547,0.5015,0.5293,0.1189,0.2383,0.2527,0.3122,0.3442,0.0111
Hmel215003o,6100001,6150000,6126052,40106,0.0241,0.0243,0.0246,0.0276,0.0068,0.0176,0.0154,0.0202,0.0212,0.0246,0.0256,0.0296,0.0375,0.0251,0.0262,0.0302,0.0312,0.0244,0.0283,0.0364,0.0279,0.0276,0.031,0.0326,0.0274,0.0373,0.0276,0.0278,0.0321,0.0336,0.0369,0.0304,0.0317,0.0324,0.0338,0.0373,0.0378,0.0362,0.0372,0.0213,0.0272,0.0279,0.0264,0.0282,0.0218,0.0088,0.0266,0.0779,0.432,0.0998,0.1485,0.1639,0.1686,-0.0006,0.0502,0.4157,0.1506,0.1731,0.1734,0.1879,0.031,0.4221,0.1419,0.172,0.1869,0.1998,0.3991,0.1699,0.2191,0.1683,0.177,0.5234,0.5617,0.4726,0.4691,0.1348,0.19,0.1899,0.2056,0.2239,0.0284
Hmel215003o,6125001,6175000,6151479,46474,0.0252,0.0246,0.0231,0.0241,0.0063,0.0158,0.0149,0.0219,0.0228,0.0252,0.0254,0.0275,0.0356,0.0241,0.0248,0.0315,0.0321,0.0242,0.0265,0.036,0.026,0.0256,0.0324,0.0336,0.0252,0.0357,0.0271,0.026,0.0326,0.0341,0.0349,0.029,0.0296,0.0329,0.0334,0.0353,0.0357,0.0354,0.0363,0.0205,0.0302,0.0309,0.03,0.0308,0.0235,0.0058,0.0264,0.0553,0.4021,0.0862,0.1117,0.1523,0.1529,0.0086,0.0425,0.4149,0.1332,0.1352,0.1726,0.182,0.0375,0.4325,0.1739,0.1648,0.1931,0.2063,0.4268,0.2078,0.2296,0.1869,0.1846,0.5399,0.5575,0.4455,0.4435,0.1518,0.2436,0.2437,0.2509,0.2515,0.0262
Hmel215003o,6150001,6200000,6174826,49211,0.0244,0.0248,0.0231,0.0277,0.0069,0.0143,0.0143,0.0238,0.0231,0.0249,0.0247,0.029,0.0369,0.0235,0.0243,0.0331,0.0325,0.0242,0.0284,0.0383,0.0255,0.0261,0.0343,0.0343,0.0275,0.0368,0.0257,0.0253,0.0337,0.0341,0.039,0.0312,0.0321,0.0365,0.0359,0.0372,0.0381,0.0367,0.0376,0.0189,0.0331,0.033,0.0343,0.0336,0.0248,0.0071,0.0209,0.0629,0.4193,0.1033,0.1191,0.1664,0.1653,0.0051,0.0476,0.4302,0.1403,0.1522,0.1804,0.1874,0.0503,0.436,0.166,0.1567,0.1882,0.2024,0.4192,0.2242,0.2384,0.1847,0.1857,0.5715,0.5793,0.4249,0.445,0.1447,0.2811,0.2903,0.2979,0.2985,0.0298
Hmel215003o,6175001,6225000,6200210,49215,0.0249,0.0267,0.0283,0.0329,0.0082,0.0158,0.0182,0.0264,0.0261,0.0277,0.0282,0.0332,0.0405,0.0293,0.029,0.0378,0.0369,0.0277,0.0325,0.0411,0.0294,0.0298,0.0388,0.0383,0.0331,0.0401,0.0279,0.0285,0.038,0.0373,0.0431,0.0355,0.0353,0.0417,0.0414,0.0405,0.0418,0.0397,0.0405,0.0232,0.0378,0.038,0.0396,0.0399,0.0278,0.0373,0.0299,0.0849,0.4351,0.1902,0.155,0.2016,0.1931,0.0026,0.0557,0.4194,0.1708,0.1476,0.198,0.1935,0.0488,0.3894,0.1234,0.1061,0.172,0.1652,0.3896,0.2179,0.1877,0.1839,0.183,0.5592,0.5358,0.4084,0.4214,0.1642,0.2979,0.3033,0.2928,0.2994,0.0321
Hmel215003o,6200001,6250000,6224998,49968,0.0259,0.0267,0.0281,0.0298,0.0062,0.0191,0.0213,0.024,0.0248,0.0278,0.028,0.0318,0.0403,0.0289,0.0284,0.0363,0.0361,0.0277,0.0311,0.0402,0.0296,0.0292,0.0366,0.0368,0.0319,0.0406,0.028,0.0276,0.0366,0.0368,0.0411,0.034,0.0329,0.0389,0.0392,0.04,0.0411,0.0397,0.0403,0.0252,0.0363,0.0366,0.0369,0.0372,0.0262,0.029,0.0199,0.0752,0.4457,0.1325,0.0979,0.1961,0.1839,0.0047,0.0551,0.4335,0.1339,0.1026,0.1914,0.1861,0.053,0.4208,0.0908,0.0589,0.1776,0.1723,0.4262,0.1857,0.1449,0.1975,0.1919,0.5349,0.5138,0.4651,0.4597,0.117,0.2681,0.2622,0.2521,0.2467,0.0381
Hmel215003o,6225001,6275000,6249694,48338,0.0223,0.0226,0.0245,0.0273,0.0049,0.0191,0.0186,0.0207,0.0206,0.0231,0.0238,0.0275,0.0376,0.0243,0.0235,0.0319,0.0314,0.0243,0.0277,0.0376,0.0257,0.0251,0.0322,0.032,0.028,0.0377,0.0248,0.0241,0.0323,0.0323,0.0383,0.0302,0.0295,0.0346,0.0345,0.0372,0.0388,0.0369,0.0379,0.0223,0.031,0.0309,0.0319,0.0312,0.022,0.0138,0.0093,0.064,0.4847,0.0857,0.0732,0.2053,0.1984,0.016,0.0625,0.4798,0.1093,0.1041,0.2068,0.2048,0.0465,0.4553,0.0697,0.0598,0.1866,0.1875,0.4429,0.1503,0.1452,0.1973,0.1975,0.5277,0.551,0.5011,0.5127,0.0882,0.2295,0.229,0.2499,0.2404,0.0345
Hmel215003o,6250001,6300000,6275538,48340,0.0155,0.0154,0.018,0.0209,0.0035,0.0131,0.013,0.0162,0.0156,0.0157,0.0171,0.0199,0.0312,0.0176,0.0174,0.0244,0.0242,0.0172,0.0196,0.0311,0.0179,0.0179,0.0249,0.0247,0.0202,0.0306,0.0183,0.0186,0.0247,0.0247,0.031,0.0216,0.0215,0.0264,0.0263,0.031,0.0317,0.0302,0.031,0.0157,0.0225,0.0226,0.0237,0.0234,0.0161,0.0073,0.0116,0.0598,0.5483,0.1093,0.1058,0.2248,0.2289,0.0151,0.0552,0.5486,0.1188,0.1201,0.2343,0.2395,0.0255,0.4948,0.0861,0.0946,0.1908,0.2007,0.4683,0.1428,0.1424,0.1911,0.1975,0.5927,0.6015,0.5239,0.5443,0.0978,0.2227,0.2351,0.2493,0.2543,0.0085
Hmel215003o,6275001,6325000,6299700,48981,0.0116,0.0111,0.0121,0.0192,0.0021,0.0089,0.0088,0.0115,0.0111,0.0112,0.0118,0.0174,0.0271,0.0131,0.0133,0.0215,0.0214,0.0116,0.0166,0.0268,0.013,0.013,0.0217,0.0217,0.0172,0.0266,0.013,0.0129,0.0215,0.0217,0.029,0.0188,0.0185,0.025,0.0248,0.0274,0.0272,0.027,0.0272,0.0101,0.0198,0.02,0.0208,0.021,0.0114,-0.0055,-0.0011,0.0856,0.6108,0.1317,0.1402,0.3137,0.3207,-0.0007,0.0759,0.6199,0.1394,0.1399,0.3299,0.3368,0.0716,0.594,0.1139,0.1117,0.3046,0.3175,0.4965,0.179,0.1738,0.2628,0.2661,0.6798,0.6801,0.6122,0.6231,0.0706,0.3364,0.349,0.3596,0.3712,0.003
Hmel215003o,6300001,6350000,6322022,41536,0.0117,0.0115,0.0118,0.019,0.0021,0.0093,0.008,0.0113,0.0109,0.0117,0.0119,0.0182,0.0253,0.0152,0.0149,0.024,0.0242,0.0118,0.0174,0.0255,0.0147,0.0143,0.0246,0.0244,0.0176,0.0257,0.014,0.013,0.024,0.0242,0.0286,0.0206,0.0194,0.0274,0.0274,0.0264,0.0261,0.0259,0.0257,0.0098,0.0216,0.0217,0.0237,0.0245,0.0109,0.0026,0.0074,0.1097,0.5891,0.1942,0.2134,0.3679,0.3799,0.008,0.0917,0.5954,0.1802,0.1961,0.3819,0.3851,0.0917,0.5915,0.1512,0.1449,0.3666,0.3771,0.4971,0.2161,0.2128,0.3113,0.318,0.66,0.6894,0.6055,0.6131,0.0646,0.3694,0.3802,0.437,0.459,-0.0117
Hmel215003o,6325001,6375000,6349468,32892,0.0227,0.0211,0.0216,0.0287,0.0093,0.0225,0.0159,0.0269,0.0226,0.0233,0.0237,0.0293,0.0347,0.0272,0.0268,0.0351,0.0342,0.0221,0.0286,0.0362,0.027,0.0263,0.0372,0.0345,0.0281,0.037,0.028,0.0253,0.0367,0.034,0.0379,0.0324,0.0306,0.0386,0.0373,0.0365,0.0365,0.036,0.0354,0.0229,0.0336,0.0316,0.0358,0.0346,0.026,0.0329,0.0358,0.0796,0.3843,0.0978,0.1709,0.1812,0.2136,0.0192,0.0871,0.4249,0.1121,0.1838,0.2263,0.2353,0.0707,0.4264,0.1246,0.1566,0.214,0.2217,0.3664,0.1325,0.1848,0.1717,0.2004,0.408,0.5032,0.346,0.3935,0.092,0.1609,0.1749,0.2635,0.2976,0.025
Hmel215003o,6350001,6400000,6379235,40336,0.0125,0.0115,0.0119,0.0221,0.0037,0.0096,0.0077,0.0158,0.0149,0.0122,0.0122,0.0192,0.0342,0.0125,0.0118,0.0203,0.0211,0.0114,0.0183,0.035,0.0127,0.0119,0.0214,0.022,0.0188,0.0353,0.0127,0.0114,0.0213,0.0218,0.0375,0.02,0.0191,0.0263,0.0267,0.0346,0.0354,0.0343,0.0342,0.0098,0.0201,0.0207,0.021,0.0218,0.0156,0.0101,0.0006,0.0796,0.6317,0.0649,0.0789,0.1881,0.223,-0.0159,0.0759,0.6586,0.0954,0.1113,0.2321,0.263,0.0803,0.6526,0.0877,0.0776,0.222,0.2507,0.5177,0.1514,0.1661,0.1812,0.2027,0.6917,0.7345,0.5734,0.5892,0.0649,0.235,0.2682,0.2938,0.3314,0.0072
Hmel215003o,6375001,6425000,6400000,49964,0.0149,0.0141,0.0141,0.0235,0.0035,0.012,0.0091,0.0173,0.0161,0.0143,0.0144,0.021,0.0364,0.016,0.0158,0.0245,0.0249,0.0135,0.02,0.0366,0.0155,0.015,0.0243,0.0248,0.0205,0.0369,0.0155,0.0149,0.0246,0.025,0.0384,0.0224,0.0223,0.0289,0.0294,0.0363,0.0369,0.0355,0.0352,0.0123,0.0236,0.0243,0.0239,0.0248,0.0168,-0.007,-0.0044,0.0692,0.6123,0.0897,0.1439,0.2166,0.2441,-0.0243,0.0585,0.6292,0.0919,0.1385,0.2271,0.2551,0.0699,0.6304,0.0897,0.1326,0.2314,0.2581,0.5125,0.1471,0.1967,0.1906,0.2156,0.6633,0.7232,0.5641,0.581,0.0803,0.2473,0.2803,0.3031,0.3407,0.0034
Hmel215003o,6400001,6450000,6424982,49442,0.0219,0.0213,0.0219,0.0259,0.0059,0.0194,0.0123,0.0232,0.0227,0.0213,0.0219,0.0257,0.038,0.0242,0.0241,0.0331,0.0342,0.0209,0.0249,0.0375,0.0234,0.0234,0.0323,0.0332,0.0257,0.0386,0.0238,0.0237,0.0332,0.0341,0.0376,0.0276,0.0288,0.0342,0.0348,0.0371,0.0379,0.0368,0.0374,0.0204,0.031,0.0322,0.032,0.0337,0.0228,-0.0063,0.0001,0.0473,0.4816,0.0839,0.1798,0.1996,0.2229,-0.0172,0.0387,0.4842,0.0743,0.1732,0.1938,0.2129,0.0457,0.4862,0.0736,0.1704,0.1999,0.2207,0.4399,0.1161,0.2344,0.1739,0.1903,0.5074,0.629,0.4493,0.464,0.1333,0.1954,0.2199,0.3004,0.3311,-0.0046
Hmel215003o,6425001,6475000,6450249,49418,0.0211,0.0197,0.0205,0.0231,0.0057,0.0178,0.0126,0.022,0.023,0.0206,0.0208,0.0239,0.0344,0.022,0.0218,0.0302,0.0319,0.02,0.0232,0.0343,0.0213,0.0215,0.03,0.0313,0.0241,0.0354,0.0214,0.0211,0.031,0.0326,0.0344,0.025,0.0258,0.031,0.032,0.0338,0.035,0.0342,0.0351,0.0194,0.0288,0.0302,0.0305,0.0322,0.0221,0.0042,0.0015,0.0448,0.4552,0.0644,0.1359,0.1775,0.1927,-0.0031,0.0495,0.475,0.066,0.1495,0.1894,0.1982,0.0586,0.4766,0.0597,0.129,0.1977,0.2097,0.4415,0.1141,0.2094,0.1667,0.1679,0.499,0.6009,0.4399,0.4349,0.1272,0.1918,0.2032,0.2893,0.3013,-0.0097
Hmel215003o,6450001,6500000,6474990,49759,0.0222,0.0201,0.0192,0.0235,0.0063,0.0169,0.016,0.0228,0.0225,0.0215,0.0209,0.0247,0.0349,0.0228,0.0232,0.0308,0.0315,0.0196,0.0238,0.0354,0.0223,0.023,0.0314,0.0317,0.0238,0.0357,0.0218,0.0219,0.0317,0.0323,0.0365,0.0264,0.0266,0.0323,0.0327,0.0351,0.0361,0.0357,0.0356,0.019,0.0306,0.0307,0.0315,0.032,0.0227,0.0075,0.0057,0.0429,0.4357,0.0803,0.1015,0.1654,0.1782,-0.0005,0.0525,0.4716,0.0981,0.1257,0.1979,0.2061,0.0678,0.4902,0.0999,0.1146,0.2142,0.2272,0.4515,0.1519,0.169,0.1736,0.1818,0.5183,0.5437,0.4375,0.4394,0.0741,0.2237,0.2293,0.2503,0.2614,0.0018
Hmel215003o,6475001,6525000,6500045,49726,0.0289,0.0264,0.0248,0.0273,0.009,0.0208,0.021,0.027,0.0261,0.0277,0.0269,0.0308,0.0393,0.0306,0.0305,0.0366,0.0374,0.0258,0.03,0.0397,0.0299,0.0303,0.0369,0.0375,0.0294,0.0402,0.0296,0.0299,0.0372,0.0381,0.0418,0.034,0.0346,0.0374,0.0386,0.0395,0.0407,0.0406,0.0411,0.0259,0.0359,0.0357,0.0366,0.037,0.0271,0.0023,0.0023,0.0454,0.365,0.1092,0.1072,0.141,0.1611,0.0045,0.0587,0.399,0.1242,0.1296,0.169,0.1863,0.0681,0.4242,0.138,0.1397,0.188,0.2091,0.4244,0.1872,0.1939,0.1642,0.1909,0.468,0.4777,0.4015,0.4173,0.1122,0.2104,0.2184,0.2188,0.2336,0.0109
Hmel215003o,6500001,6550000,6524940,49749,0.0298,0.0271,0.0276,0.0292,0.0115,0.0221,0.0228,0.0241,0.0238,0.0281,0.0286,0.0324,0.0403,0.0306,0.0305,0.035,0.036,0.0273,0.032,0.0397,0.0291,0.029,0.0353,0.0365,0.0327,0.0409,0.0306,0.0299,0.0367,0.0379,0.0427,0.0356,0.0359,0.0375,0.0389,0.0395,0.0408,0.0397,0.041,0.0274,0.0345,0.0348,0.0355,0.0363,0.0243,-0.0076,-0.0022,0.0481,0.3362,0.0865,0.0787,0.1377,0.1546,-0.002,0.0704,0.3603,0.0897,0.0797,0.168,0.1874,0.0753,0.3685,0.1103,0.0904,0.1827,0.2013,0.3845,0.1797,0.176,0.1823,0.2041,0.4199,0.4243,0.3964,0.4141,0.106,0.2094,0.2158,0.215,0.2302,0.0081
Hmel215003o,6525001,6575000,6550006,49730,0.0281,0.0261,0.028,0.0303,0.0131,0.0217,0.025,0.0235,0.0231,0.0269,0.0284,0.0314,0.0414,0.0289,0.0301,0.0354,0.0356,0.0267,0.031,0.0405,0.0283,0.0287,0.0362,0.0369,0.0326,0.0418,0.029,0.0287,0.0374,0.0379,0.0439,0.0337,0.0344,0.039,0.0394,0.0404,0.0417,0.0393,0.0403,0.0273,0.0348,0.0352,0.0363,0.0371,0.0236,-0.0042,0.0069,0.042,0.35,0.08,0.0663,0.1658,0.1734,-0.0062,0.0566,0.3631,0.0891,0.0617,0.1972,0.211,0.061,0.3545,0.0812,0.0415,0.1934,0.2051,0.3668,0.1479,0.1219,0.1998,0.2084,0.4134,0.3877,0.3796,0.3954,0.0837,0.224,0.2343,0.2098,0.2241,0.0061
Hmel215003o,6550001,6600000,6574979,49586,0.0267,0.0259,0.026,0.0276,0.0113,0.0218,0.0199,0.0278,0.026,0.027,0.0277,0.031,0.0409,0.0287,0.033,0.0388,0.0388,0.0265,0.03,0.0413,0.0296,0.0338,0.0402,0.0411,0.0317,0.0419,0.03,0.0333,0.04,0.0404,0.0424,0.0324,0.0357,0.0401,0.0406,0.0402,0.0418,0.0403,0.0406,0.0279,0.0384,0.0389,0.041,0.0411,0.0269,0.0131,0.028,0.072,0.3811,0.0898,0.1816,0.1842,0.2016,0.0104,0.0625,0.3938,0.1135,0.2025,0.209,0.2367,0.0901,0.3994,0.1198,0.1942,0.2062,0.2289,0.399,0.1493,0.2198,0.1893,0.2145,0.4319,0.4726,0.3616,0.3861,0.1518,0.2258,0.2509,0.277,0.2967,-0.0006
Hmel215003o,6575001,6625000,6600044,49323,0.0267,0.0251,0.023,0.0283,0.0082,0.0185,0.0126,0.0282,0.0258,0.0269,0.0266,0.0324,0.0399,0.0294,0.0333,0.0383,0.0387,0.0242,0.0314,0.0404,0.0324,0.0364,0.0402,0.0411,0.032,0.0403,0.0329,0.0363,0.0398,0.0406,0.0401,0.0356,0.0379,0.0407,0.0411,0.0392,0.0402,0.0398,0.04,0.0225,0.0372,0.0372,0.0381,0.0379,0.027,0.0214,0.0376,0.0882,0.4077,0.1383,0.2709,0.1744,0.2016,0.0045,0.0903,0.4328,0.2057,0.3312,0.2133,0.2467,0.1236,0.459,0.2385,0.3563,0.2282,0.2618,0.4079,0.2277,0.3286,0.187,0.2173,0.5078,0.6041,0.3877,0.4194,0.191,0.2391,0.265,0.315,0.3419,-0.001
Hmel215003o,6600001,6650000,6623459,44555,0.0262,0.0241,0.0227,0.0314,0.0067,0.0148,0.0145,0.0248,0.0244,0.026,0.0258,0.0326,0.0393,0.0283,0.029,0.0352,0.0359,0.0233,0.0317,0.0392,0.0318,0.0322,0.0375,0.038,0.0321,0.0397,0.0316,0.032,0.0375,0.0381,0.0403,0.0356,0.0364,0.0405,0.0406,0.0382,0.0393,0.0382,0.0388,0.0185,0.0331,0.033,0.0329,0.0331,0.0252,0.0171,0.0281,0.0723,0.4251,0.1683,0.1845,0.1678,0.1821,-0.0021,0.0813,0.4509,0.2523,0.2628,0.2206,0.2323,0.1035,0.4746,0.2666,0.2772,0.2356,0.2478,0.395,0.2437,0.2581,0.1954,0.2008,0.5751,0.5903,0.4314,0.4427,0.1211,0.2629,0.2668,0.2651,0.2725,0.0127
Hmel215003o,6625001,6675000,6650679,43937,0.0244,0.0237,0.0244,0.0282,0.0073,0.0176,0.0166,0.0227,0.0225,0.0244,0.0257,0.0304,0.0369,0.0261,0.0259,0.0329,0.0342,0.0245,0.0289,0.0374,0.0263,0.0259,0.0337,0.0355,0.03,0.0378,0.0275,0.0271,0.0336,0.0355,0.04,0.0329,0.0339,0.0367,0.0381,0.0368,0.0373,0.0364,0.0369,0.0193,0.0304,0.032,0.031,0.033,0.0229,0.0084,0.0287,0.0816,0.4155,0.1143,0.1238,0.1747,0.1962,0.0106,0.064,0.4299,0.1272,0.1334,0.1953,0.2221,0.0747,0.4248,0.1416,0.1467,0.185,0.2149,0.419,0.2031,0.2288,0.196,0.2156,0.5105,0.5316,0.4327,0.4409,0.0631,0.2135,0.2414,0.2356,0.2684,0.007
Hmel215003o,6650001,6700000,6674962,47347,0.0244,0.0239,0.0246,0.0264,0.0065,0.0192,0.0185,0.0227,0.0216,0.0249,0.0253,0.0297,0.0368,0.0265,0.0269,0.0335,0.0342,0.0244,0.0283,0.0377,0.0266,0.0267,0.0338,0.0349,0.0289,0.0368,0.0276,0.0276,0.0337,0.0352,0.0398,0.0328,0.0327,0.036,0.0369,0.0373,0.0374,0.0368,0.0368,0.0209,0.0292,0.03,0.0301,0.0315,0.0225,0.0161,0.017,0.0853,0.4245,0.1038,0.1192,0.1829,0.2051,0.0028,0.0664,0.4415,0.1126,0.1229,0.1942,0.2219,0.0678,0.4218,0.1225,0.131,0.1844,0.2176,0.4472,0.1979,0.2061,0.2015,0.2256,0.5048,0.5158,0.4476,0.4626,0.0552,0.1745,0.2005,0.1984,0.2332,0.0083
Hmel215003o,6675001,6725000,6700672,47904,0.025,0.0249,0.0252,0.0273,0.0077,0.0224,0.0208,0.0228,0.0235,0.0257,0.0254,0.0298,0.0389,0.0271,0.027,0.0337,0.034,0.025,0.0292,0.0395,0.0275,0.0273,0.035,0.0353,0.0296,0.039,0.0279,0.0278,0.0351,0.0356,0.0407,0.0321,0.0314,0.0363,0.0367,0.0388,0.0389,0.0379,0.038,0.0245,0.0302,0.0304,0.0317,0.0322,0.0236,0.016,0.0069,0.0716,0.4238,0.0713,0.0868,0.1791,0.1762,-0.0019,0.0627,0.4315,0.0803,0.0942,0.2005,0.1959,0.0675,0.4232,0.0849,0.0997,0.1985,0.198,0.4312,0.1411,0.1498,0.1975,0.1934,0.4577,0.4807,0.443,0.433,0.0682,0.1523,0.1475,0.1955,0.1951,0.0095
Hmel215003o,6700001,6750000,6725090,49580,0.0213,0.0214,0.0197,0.0266,0.0069,0.0171,0.015,0.0216,0.0223,0.0214,0.0206,0.0268,0.0374,0.0223,0.0224,0.0305,0.0314,0.0203,0.0264,0.0376,0.0233,0.0231,0.0316,0.0323,0.0264,0.0376,0.0228,0.0228,0.0321,0.033,0.0389,0.0287,0.0289,0.0346,0.0352,0.037,0.0375,0.0363,0.0373,0.0181,0.0293,0.0302,0.0302,0.0308,0.0223,0.0012,0.002,0.0688,0.4685,0.0793,0.1114,0.184,0.1901,-0.0064,0.0617,0.4699,0.1013,0.1259,0.2008,0.2042,0.0829,0.4931,0.1126,0.1434,0.228,0.2341,0.43,0.1578,0.1905,0.192,0.1927,0.5261,0.5638,0.4514,0.453,0.0647,0.2153,0.2216,0.2579,0.2581,0.0067
Hmel215003o,6725001,6775000,6749902,49590,0.0204,0.0193,0.0178,0.0261,0.0051,0.0141,0.0144,0.0211,0.0214,0.0201,0.0194,0.0254,0.038,0.0209,0.0219,0.0305,0.0315,0.0182,0.0244,0.038,0.0221,0.0225,0.0309,0.0322,0.0245,0.038,0.022,0.022,0.0323,0.0335,0.0393,0.0277,0.0283,0.0345,0.0354,0.0373,0.038,0.0374,0.0386,0.0165,0.0292,0.0298,0.0297,0.0303,0.0214,0.0071,0.0086,0.0588,0.5124,0.1024,0.1217,0.1997,0.2118,-0.0094,0.0533,0.5297,0.1473,0.1525,0.221,0.2374,0.0746,0.5518,0.1676,0.1632,0.2609,0.2739,0.4637,0.1876,0.1926,0.2018,0.2103,0.606,0.6067,0.4965,0.5037,0.078,0.2607,0.2659,0.2636,0.269,0.0024
Hmel215003o,6750001,6800000,6774988,48991,0.0241,0.0198,0.0197,0.0254,0.0052,0.0166,0.0185,0.022,0.0235,0.0226,0.0226,0.0269,0.0415,0.024,0.0246,0.0325,0.0333,0.0194,0.0245,0.0411,0.0242,0.0236,0.0332,0.0345,0.0247,0.0414,0.0251,0.0239,0.0347,0.0356,0.0407,0.0287,0.0283,0.0354,0.0365,0.0404,0.0412,0.0406,0.0415,0.0215,0.0307,0.0313,0.0309,0.0316,0.0227,0.0163,0.0177,0.0449,0.4942,0.0875,0.076,0.1791,0.1762,-0.0085,0.0542,0.5503,0.1484,0.1112,0.2383,0.2405,0.0611,0.554,0.169,0.1199,0.2623,0.2576,0.4843,0.1766,0.145,0.2094,0.2077,0.5902,0.5696,0.5134,0.5023,0.1072,0.239,0.2299,0.2189,0.2121,-0.0006
Hmel215003o,6775001,6825000,6800036,48944,0.0259,0.0226,0.0222,0.0255,0.0056,0.0177,0.0188,0.0229,0.0233,0.0245,0.0242,0.0279,0.0414,0.0253,0.0262,0.0333,0.0337,0.0222,0.0258,0.041,0.0255,0.0255,0.034,0.035,0.0254,0.0406,0.0258,0.0257,0.0345,0.035,0.0401,0.0294,0.0288,0.0354,0.0361,0.0402,0.0414,0.0399,0.0408,0.0224,0.0314,0.032,0.0315,0.0319,0.0233,0.0045,0.0028,0.0412,0.4643,0.0786,0.0845,0.1632,0.1646,-0.0056,0.0427,0.5048,0.1241,0.1094,0.2094,0.2196,0.0405,0.5066,0.1359,0.1193,0.2207,0.2241,0.4729,0.1736,0.1482,0.1986,0.2044,0.5662,0.5603,0.4896,0.4938,0.1077,0.2257,0.2303,0.2133,0.2152,0.0048
Hmel215003o,6800001,6850000,6824953,48600,0.0272,0.0251,0.0245,0.028,0.0072,0.0205,0.0199,0.0247,0.0235,0.0259,0.0258,0.0289,0.0423,0.0266,0.0282,0.0352,0.035,0.0248,0.0273,0.0427,0.0269,0.0282,0.0359,0.0361,0.027,0.0415,0.0265,0.0282,0.0357,0.0354,0.0426,0.0311,0.0318,0.0383,0.0382,0.0413,0.0423,0.0403,0.0406,0.0233,0.0337,0.0338,0.0335,0.0338,0.0247,-0.0046,-0.0014,0.0266,0.4373,0.0591,0.0953,0.1603,0.1684,-0.0011,0.0201,0.4657,0.0876,0.119,0.1907,0.2048,0.021,0.4623,0.0866,0.1243,0.193,0.2018,0.4469,0.1419,0.1601,0.1968,0.2073,0.5133,0.53,0.4479,0.4669,0.0756,0.2076,0.222,0.2105,0.2278,0.0128
Hmel215003o,6825001,6875000,6849885,46681,0.0252,0.0233,0.0239,0.0283,0.007,0.0192,0.0182,0.0235,0.0226,0.024,0.0242,0.0285,0.04,0.0269,0.0277,0.0331,0.0329,0.0229,0.0271,0.0413,0.028,0.0283,0.0349,0.0345,0.0271,0.0409,0.0274,0.0279,0.0346,0.0339,0.0416,0.0322,0.0334,0.0378,0.0377,0.0399,0.0403,0.0384,0.0388,0.0212,0.0305,0.03,0.0302,0.0299,0.0237,-0.0058,-0.0066,0.0397,0.4429,0.1018,0.1284,0.1619,0.1672,-0.0147,0.035,0.4792,0.1442,0.1625,0.208,0.2115,0.0292,0.4684,0.1269,0.1472,0.1975,0.1971,0.4374,0.1713,0.2002,0.2006,0.2082,0.5214,0.5394,0.4474,0.4634,0.0652,0.186,0.1873,0.1932,0.1985,0.0142
Hmel215003o,6850001,6900000,6875479,46691,0.0208,0.0215,0.0218,0.029,0.0057,0.0172,0.0177,0.0211,0.0213,0.0211,0.0208,0.0269,0.0362,0.0244,0.0253,0.0299,0.0296,0.0209,0.0273,0.0379,0.0271,0.0271,0.0327,0.0322,0.0268,0.0383,0.0268,0.0266,0.0328,0.0323,0.0398,0.0321,0.0331,0.0368,0.0368,0.0363,0.0377,0.0364,0.0366,0.0199,0.0272,0.0268,0.0271,0.0266,0.0214,-0.0019,-0.0121,0.0577,0.4806,0.1331,0.1437,0.1862,0.1792,-0.0201,0.0545,0.487,0.1753,0.1685,0.2213,0.2128,0.042,0.4872,0.1668,0.1561,0.2194,0.2105,0.429,0.1895,0.1966,0.2083,0.2058,0.537,0.5426,0.4775,0.4772,0.0705,0.1845,0.174,0.1742,0.1628,0.0051
Hmel215003o,6875001,6925000,6899755,47407,0.0212,0.0226,0.0214,0.0311,0.0046,0.022,0.0194,0.0203,0.0204,0.022,0.0214,0.0297,0.0375,0.026,0.028,0.0324,0.0316,0.0218,0.0315,0.0395,0.0286,0.029,0.0348,0.0336,0.03,0.0393,0.0287,0.0289,0.035,0.0345,0.0422,0.036,0.0371,0.041,0.0408,0.0386,0.0389,0.0381,0.0373,0.0267,0.0324,0.0317,0.0286,0.027,0.0207,0.0014,0.0007,0.0846,0.5036,0.0981,0.168,0.2312,0.2177,-0.0063,0.0981,0.5036,0.1296,0.1687,0.2492,0.2317,0.0872,0.5185,0.1455,0.1815,0.2656,0.2572,0.4437,0.1695,0.2136,0.2518,0.2485,0.5027,0.5447,0.5242,0.5144,0.1331,0.2213,0.2088,0.1912,0.1609,0.0111
Hmel215003o,6900001,6950000,6925430,48334,0.0229,0.0226,0.0216,0.0305,0.0052,0.0213,0.0156,0.0205,0.02,0.0229,0.0224,0.0307,0.0396,0.0257,0.0278,0.0404,0.0404,0.022,0.031,0.0404,0.0261,0.0269,0.0414,0.041,0.0298,0.0398,0.0259,0.0275,0.0408,0.041,0.0412,0.0336,0.0358,0.0459,0.0458,0.0406,0.0403,0.0437,0.0434,0.0245,0.04,0.0396,0.037,0.036,0.0208,0.0044,0.0043,0.0864,0.4916,0.0805,0.191,0.3153,0.3205,-0.0018,0.0933,0.5032,0.0914,0.1788,0.3288,0.3306,0.0864,0.5122,0.0991,0.2034,0.3341,0.3412,0.4314,0.1489,0.2442,0.3051,0.3096,0.5234,0.6041,0.561,0.5653,0.1483,0.3271,0.328,0.3587,0.3525,0.014
Hmel215003o,6925001,6975000,6950001,49991,0.0176,0.0177,0.0166,0.0272,0.0042,0.0117,0.0111,0.0171,0.0163,0.0175,0.0174,0.0245,0.0323,0.0229,0.0229,0.033,0.0337,0.0171,0.0239,0.0325,0.0224,0.0219,0.0332,0.0341,0.0234,0.0324,0.022,0.0219,0.0335,0.0345,0.0351,0.0291,0.0292,0.0371,0.0374,0.0332,0.0337,0.0354,0.0363,0.0136,0.029,0.0293,0.0296,0.0301,0.0166,-0.0044,0.0086,0.0688,0.5106,0.2311,0.2422,0.3251,0.3454,-0.0032,0.0533,0.5118,0.218,0.2168,0.327,0.3492,0.0582,0.5287,0.2286,0.2364,0.3462,0.3686,0.42,0.2321,0.2436,0.2746,0.2875,0.6279,0.6444,0.554,0.5745,0.0919,0.3515,0.3674,0.3703,0.3896,-0.0034
Hmel215003o,6950001,7000000,6974984,49627,0.0152,0.0167,0.0158,0.0247,0.0033,0.012,0.0125,0.0156,0.0149,0.0155,0.0158,0.0216,0.03,0.0241,0.022,0.0275,0.028,0.0161,0.0219,0.0306,0.0244,0.0227,0.0278,0.0283,0.0211,0.0312,0.0245,0.0224,0.0288,0.0296,0.0347,0.0299,0.0286,0.0321,0.0324,0.0307,0.0309,0.0323,0.0333,0.0139,0.0234,0.0235,0.0253,0.0259,0.0151,-0.0162,0.012,0.0653,0.5465,0.2915,0.2395,0.2963,0.3137,-0.006,0.0477,0.5234,0.2727,0.2277,0.277,0.2964,0.0452,0.5487,0.2907,0.2392,0.3094,0.3311,0.4626,0.268,0.2414,0.2508,0.2647,0.6179,0.6099,0.564,0.587,0.0664,0.2712,0.2844,0.3008,0.3223,-0.0044
Hmel215003o,6975001,7025000,7000158,49498,0.0197,0.0211,0.0205,0.0253,0.005,0.0216,0.0175,0.0208,0.0207,0.0204,0.0204,0.0247,0.0352,0.0246,0.0223,0.0317,0.0321,0.0204,0.0251,0.0356,0.0256,0.0233,0.032,0.0323,0.0243,0.0365,0.0259,0.0237,0.0328,0.0332,0.0387,0.0297,0.0284,0.0352,0.0356,0.0346,0.0349,0.0364,0.0367,0.022,0.0294,0.0294,0.0319,0.0327,0.021,-0.0007,0.0082,0.0601,0.4961,0.0936,0.0966,0.2306,0.2386,-0.0093,0.0513,0.4809,0.097,0.1005,0.2202,0.226,0.0419,0.499,0.1105,0.1183,0.2392,0.2474,0.4693,0.1299,0.161,0.2223,0.229,0.4609,0.529,0.4933,0.4987,0.0633,0.171,0.1733,0.2629,0.2761,0.0063
Hmel215003o,7000001,7050000,7025018,49698,0.0249,0.0255,0.0256,0.028,0.0067,0.0246,0.0238,0.0247,0.0249,0.0255,0.0251,0.0281,0.0374,0.0263,0.0257,0.0335,0.0337,0.0251,0.0282,0.0381,0.0268,0.0253,0.0345,0.0347,0.0276,0.0383,0.0274,0.0258,0.035,0.0351,0.0392,0.0297,0.0289,0.0364,0.0365,0.0366,0.0385,0.0365,0.0362,0.0262,0.0312,0.0309,0.0338,0.034,0.0253,0.0061,-0.0013,0.038,0.4219,0.0321,0.0292,0.1573,0.1598,-0.0094,0.0322,0.421,0.0351,0.0136,0.1659,0.1677,0.0216,0.4229,0.0466,0.0224,0.1731,0.1726,0.4208,0.0692,0.0653,0.1712,0.1713,0.4169,0.4485,0.4135,0.4085,0.0421,0.123,0.1166,0.1733,0.1748,0.011
Hmel215003o,7025001,7075000,7049995,49341,0.0247,0.024,0.0242,0.0286,0.0062,0.0232,0.0227,0.0228,0.0223,0.0243,0.0243,0.0282,0.0367,0.0259,0.0256,0.032,0.0323,0.0236,0.0276,0.0367,0.026,0.0254,0.0325,0.0329,0.0279,0.037,0.0267,0.0257,0.0332,0.0335,0.0387,0.0297,0.0296,0.0345,0.0347,0.0363,0.0379,0.035,0.0351,0.0249,0.03,0.0302,0.0329,0.0333,0.0233,-0.0024,-0.003,0.0376,0.423,0.0426,0.0407,0.1565,0.1668,-0.0117,0.034,0.432,0.0513,0.0446,0.1704,0.1825,0.0362,0.4333,0.0635,0.0481,0.18,0.1901,0.4158,0.0807,0.0855,0.1604,0.1691,0.4407,0.4643,0.4304,0.4382,0.0437,0.1406,0.1489,0.1927,0.2047,0.0169
Hmel215003o,7050001,7100000,7075019,48858,0.0234,0.022,0.0216,0.0271,0.0067,0.0223,0.0196,0.0224,0.0217,0.0228,0.023,0.0272,0.0367,0.0253,0.0243,0.0313,0.0319,0.0217,0.0263,0.0363,0.0258,0.0248,0.0322,0.0328,0.0267,0.0365,0.0259,0.0245,0.0324,0.033,0.0378,0.0296,0.0289,0.0337,0.034,0.036,0.0366,0.0349,0.0358,0.0233,0.0301,0.0306,0.0323,0.0329,0.0226,0.0008,0.0117,0.0457,0.4331,0.053,0.0646,0.1631,0.1802,-0.0018,0.0468,0.4488,0.0803,0.0924,0.1938,0.2108,0.0596,0.457,0.0883,0.0918,0.2016,0.2187,0.4155,0.1024,0.124,0.1669,0.1786,0.4412,0.4862,0.4266,0.4474,0.0552,0.1561,0.1729,0.2235,0.2402,0.0134
Hmel215003o,7075001,7125000,7100158,49325,0.0247,0.0237,0.0231,0.0278,0.0063,0.0221,0.0226,0.0222,0.0226,0.0243,0.0244,0.0283,0.0355,0.0259,0.0251,0.0311,0.0314,0.0233,0.0276,0.0354,0.0261,0.0252,0.0325,0.0328,0.0274,0.0353,0.0259,0.0247,0.0321,0.0325,0.0364,0.03,0.0289,0.0336,0.0333,0.035,0.0354,0.0344,0.0356,0.0243,0.0309,0.0315,0.032,0.0323,0.0225,0.0013,0.0102,0.0446,0.4062,0.0536,0.0315,0.1486,0.1491,-0.0012,0.0446,0.4208,0.0699,0.0453,0.1824,0.1827,0.0472,0.4269,0.0721,0.0398,0.1811,0.1836,0.3972,0.1053,0.0795,0.1607,0.1524,0.438,0.4356,0.4298,0.4384,0.0433,0.1738,0.179,0.1858,0.1863,0.0037
Hmel215003o,7100001,7150000,7125005,49956,0.0244,0.023,0.0236,0.0279,0.0056,0.0196,0.0202,0.0213,0.0227,0.0235,0.0241,0.028,0.035,0.0249,0.0237,0.0297,0.03,0.0229,0.0271,0.0351,0.0244,0.0235,0.0304,0.0307,0.0272,0.0355,0.0252,0.024,0.0305,0.031,0.0366,0.0297,0.0279,0.0321,0.032,0.0355,0.0353,0.0342,0.0349,0.0233,0.029,0.0295,0.03,0.0304,0.022,-0.0048,0.0013,0.0426,0.4146,0.0647,0.0315,0.1382,0.1268,-0.009,0.0426,0.4364,0.071,0.0435,0.165,0.1546,0.0374,0.4333,0.0824,0.049,0.1611,0.1543,0.41,0.1304,0.0926,0.1481,0.1298,0.4922,0.4805,0.4516,0.4394,0.0828,0.1823,0.1746,0.1919,0.1819,-0.0001
Hmel215003o,7125001,7175000,7149865,49422,0.0243,0.0239,0.0243,0.0295,0.0064,0.0204,0.02,0.0236,0.0247,0.024,0.024,0.0286,0.0364,0.0248,0.0246,0.031,0.0315,0.0237,0.0282,0.0365,0.0252,0.0252,0.0316,0.0323,0.0284,0.0372,0.0258,0.0257,0.032,0.0328,0.0391,0.0303,0.0299,0.0343,0.0346,0.0363,0.0367,0.0353,0.0357,0.0244,0.03,0.0302,0.0312,0.0315,0.0242,-0.0022,-0.006,0.0412,0.4229,0.0551,0.0553,0.1351,0.132,-0.0089,0.0402,0.4297,0.0684,0.0741,0.1508,0.1485,0.0367,0.4307,0.075,0.0774,0.1519,0.1522,0.4062,0.1167,0.1149,0.1415,0.1331,0.4759,0.4867,0.4193,0.4081,0.0989,0.1628,0.1515,0.1859,0.1785,-0.0004
Hmel215003o,7150001,7200000,7175074,49018,0.0243,0.0245,0.0239,0.0295,0.0071,0.0213,0.0228,0.0249,0.0253,0.0242,0.0239,0.0284,0.0368,0.0245,0.0254,0.0323,0.0325,0.0237,0.0281,0.0369,0.0252,0.0257,0.0331,0.0333,0.0279,0.0373,0.025,0.0252,0.0336,0.034,0.0386,0.0291,0.0294,0.035,0.0352,0.036,0.0368,0.035,0.0356,0.0244,0.0317,0.0315,0.0328,0.0327,0.0252,-0.0047,-0.0032,0.0377,0.4174,0.0369,0.0402,0.1427,0.142,-0.0092,0.0307,0.4165,0.0511,0.045,0.1544,0.1532,0.0341,0.4296,0.0544,0.0416,0.1684,0.1702,0.3938,0.0853,0.0736,0.1373,0.1357,0.4503,0.4383,0.3888,0.3912,0.0539,0.1652,0.1575,0.167,0.1617,0.003
Hmel215003o,7175001,7225000,7200149,49557,0.0229,0.022,0.0216,0.0248,0.0067,0.0199,0.0209,0.0219,0.0232,0.0221,0.0222,0.0251,0.0338,0.0228,0.0231,0.0294,0.0288,0.0213,0.0244,0.0341,0.023,0.0226,0.0309,0.0301,0.0243,0.0344,0.0235,0.0227,0.0318,0.0311,0.0345,0.0259,0.0253,0.0319,0.0311,0.0337,0.0335,0.033,0.0333,0.022,0.0292,0.0284,0.03,0.0296,0.0224,-0.0089,-0.0001,0.0319,0.4063,0.0334,0.0283,0.1443,0.1164,-0.012,0.0284,0.4231,0.0505,0.0281,0.1798,0.1499,0.0327,0.4328,0.0671,0.0356,0.198,0.1716,0.4061,0.0872,0.0615,0.1666,0.1364,0.4494,0.4312,0.4108,0.3947,0.0402,0.1751,0.1442,0.1774,0.1537,-0.0037
Hmel215003o,7200001,7250000,7225005,49981,0.0226,0.021,0.021,0.0229,0.0051,0.0204,0.0206,0.0215,0.0227,0.0217,0.0216,0.0242,0.0319,0.0235,0.0226,0.0299,0.0289,0.0205,0.0231,0.0317,0.0233,0.0225,0.0309,0.0298,0.0232,0.0324,0.0235,0.0226,0.0315,0.0307,0.0326,0.0255,0.025,0.0327,0.0315,0.0322,0.0317,0.033,0.0325,0.0227,0.0292,0.028,0.0293,0.0291,0.022,-0.004,-0.0053,0.0321,0.4094,0.0475,0.0225,0.1586,0.1283,-0.0143,0.0314,0.4323,0.0634,0.0413,0.1941,0.1623,0.0347,0.4411,0.0678,0.0436,0.2035,0.1777,0.4337,0.0918,0.0776,0.1999,0.1661,0.4482,0.4385,0.4409,0.4149,0.0553,0.174,0.1378,0.1719,0.1544,-0.0021
Hmel215003o,7225001,7275000,7249979,49927,0.0228,0.0227,0.0223,0.0232,0.0049,0.0204,0.0213,0.0231,0.0227,0.0227,0.0223,0.0255,0.035,0.0246,0.0234,0.0328,0.0327,0.0222,0.0249,0.0344,0.0248,0.0239,0.0333,0.033,0.025,0.0357,0.025,0.0241,0.0338,0.0338,0.0345,0.0268,0.0266,0.0344,0.0342,0.0345,0.0345,0.0353,0.0348,0.0232,0.0319,0.0313,0.0325,0.0324,0.023,-0.001,-0.0068,0.0558,0.4489,0.0704,0.0331,0.1871,0.1899,-0.0089,0.0421,0.4425,0.0745,0.0442,0.1944,0.1938,0.051,0.4635,0.0825,0.0522,0.2055,0.2111,0.4546,0.1123,0.0975,0.202,0.2047,0.4801,0.4658,0.4478,0.4475,0.0581,0.2001,0.1951,0.1979,0.2017,0.0019
Hmel215003o,7250001,7300000,7275007,49863,0.0195,0.0195,0.0188,0.0247,0.0056,0.0163,0.0182,0.0178,0.0177,0.0196,0.0192,0.0247,0.036,0.021,0.0209,0.0276,0.0285,0.019,0.0241,0.0364,0.0211,0.0208,0.0285,0.0292,0.0243,0.0368,0.0209,0.0206,0.0291,0.0297,0.0371,0.0261,0.0259,0.0314,0.0318,0.0355,0.0361,0.0345,0.0348,0.0185,0.028,0.0285,0.0287,0.0293,0.018,0.0049,0.003,0.0703,0.499,0.086,0.0546,0.2046,0.2219,-0.0036,0.0572,0.5042,0.0868,0.0536,0.2204,0.2329,0.0708,0.5187,0.0928,0.0572,0.2387,0.2506,0.4524,0.1418,0.112,0.2101,0.2188,0.5437,0.52,0.5088,0.5138,0.0357,0.2536,0.2648,0.2409,0.2521,0.0079
Hmel215003o,7275001,7325000,7299957,49765,0.0186,0.0173,0.0175,0.0248,0.0066,0.0151,0.0173,0.0171,0.0189,0.018,0.0185,0.0244,0.0357,0.019,0.0197,0.026,0.0274,0.0171,0.0235,0.0362,0.0185,0.019,0.0263,0.0275,0.0236,0.0361,0.0186,0.019,0.027,0.0281,0.0383,0.0257,0.0255,0.0303,0.031,0.0356,0.0361,0.0337,0.0347,0.0172,0.0264,0.0275,0.0262,0.0278,0.0185,0.0029,0.0127,0.0748,0.4942,0.0646,0.0488,0.1952,0.1974,-0.0085,0.074,0.519,0.0711,0.0515,0.2198,0.2173,0.0752,0.516,0.0717,0.0469,0.2311,0.2257,0.4493,0.1516,0.1163,0.2024,0.189,0.5484,0.5189,0.4942,0.4777,0.0336,0.2535,0.2477,0.2173,0.222,0.0151
Hmel215003o,7300001,7350000,7325009,49816,0.0236,0.0239,0.0251,0.0263,0.0092,0.0218,0.0219,0.0254,0.0278,0.0235,0.0243,0.0288,0.0393,0.0242,0.0247,0.0352,0.0354,0.024,0.0284,0.0395,0.0247,0.0251,0.0354,0.0356,0.0285,0.0401,0.0257,0.0262,0.0358,0.036,0.0413,0.0303,0.0308,0.0363,0.0359,0.0397,0.0394,0.0388,0.0394,0.0239,0.0358,0.0361,0.0345,0.0353,0.0269,-0.0062,-0.0012,0.0798,0.4275,0.0341,0.0456,0.1897,0.1679,-0.0125,0.0689,0.4251,0.0409,0.0498,0.188,0.167,0.0553,0.4161,0.0476,0.0587,0.1814,0.1602,0.4281,0.1275,0.1345,0.1758,0.1425,0.4551,0.4513,0.3988,0.376,0.0482,0.2155,0.1949,0.1966,0.1826,0.0052
Hmel215003o,7325001,7375000,7349962,49853,0.0263,0.025,0.0265,0.0287,0.0083,0.0237,0.0233,0.0288,0.029,0.0255,0.0262,0.0304,0.0429,0.0271,0.0266,0.0389,0.0383,0.0254,0.0292,0.043,0.0274,0.0265,0.039,0.0388,0.0298,0.0436,0.0281,0.0272,0.0395,0.0391,0.0453,0.0329,0.032,0.0405,0.0398,0.0436,0.0436,0.0436,0.044,0.0257,0.0386,0.0381,0.0388,0.0387,0.0294,-0.0032,-0.0043,0.0559,0.4418,0.0427,0.0375,0.1797,0.1706,-0.007,0.0511,0.459,0.0632,0.0492,0.1934,0.1888,0.0432,0.4458,0.0597,0.0469,0.1854,0.1792,0.4504,0.1269,0.1159,0.1761,0.164,0.4801,0.4847,0.4193,0.4198,0.048,0.2007,0.1926,0.207,0.2032,0.0091
Hmel215003o,7350001,7400000,7374972,49451,0.0228,0.0214,0.0213,0.0292,0.0081,0.0193,0.0186,0.0227,0.0221,0.0219,0.0221,0.0288,0.0371,0.0237,0.0223,0.0327,0.0323,0.0211,0.0273,0.0367,0.0236,0.0217,0.032,0.0319,0.0272,0.0371,0.0239,0.0218,0.0332,0.0327,0.0408,0.0304,0.0283,0.0365,0.0362,0.0368,0.0371,0.0363,0.0363,0.0207,0.03,0.0293,0.0315,0.0312,0.0232,-0.0036,0.0,0.0656,0.4277,0.0629,0.0388,0.1891,0.1888,-0.0074,0.0553,0.4416,0.0784,0.0418,0.1943,0.1982,0.0547,0.4472,0.0851,0.0469,0.2126,0.2128,0.4051,0.1342,0.1071,0.1844,0.1871,0.4728,0.4857,0.4187,0.4278,0.045,0.1857,0.1814,0.2175,0.2211,0.0172
Hmel215003o,7375001,7425000,7399886,48115,0.022,0.0216,0.0202,0.0293,0.0086,0.0194,0.0187,0.0203,0.0211,0.0217,0.0213,0.0281,0.0336,0.0233,0.0219,0.0308,0.0306,0.0204,0.0272,0.0332,0.0231,0.0209,0.0297,0.0298,0.0262,0.0332,0.0231,0.0212,0.0306,0.0304,0.0364,0.0292,0.0273,0.0342,0.034,0.033,0.033,0.0322,0.0322,0.0207,0.0279,0.0279,0.0282,0.0283,0.0212,-0.0013,0.0041,0.0615,0.3885,0.0624,0.0383,0.1948,0.1831,-0.0122,0.0505,0.3907,0.0644,0.0208,0.182,0.1748,0.048,0.4102,0.0817,0.0449,0.214,0.2013,0.3513,0.1127,0.0882,0.1783,0.1666,0.42,0.4297,0.3959,0.3846,0.0447,0.1787,0.1692,0.1918,0.1845,0.0134
Hmel215003o,7400001,7450000,7425480,48514,0.027,0.0264,0.0252,0.0296,0.0092,0.0254,0.0252,0.0265,0.0276,0.0269,0.0265,0.0307,0.0408,0.0287,0.0284,0.0384,0.0391,0.0256,0.03,0.0412,0.0285,0.0276,0.0373,0.0384,0.0292,0.0408,0.028,0.027,0.0376,0.0387,0.0417,0.0325,0.0319,0.0394,0.0402,0.0407,0.0414,0.0403,0.0406,0.0273,0.0361,0.037,0.0364,0.0371,0.027,0.0029,0.008,0.0471,0.4002,0.0479,0.0445,0.1876,0.1878,-0.0048,0.0412,0.4119,0.0496,0.0361,0.1786,0.1843,0.0417,0.4229,0.0545,0.038,0.1952,0.1997,0.3974,0.0928,0.0862,0.1781,0.1782,0.4177,0.428,0.4006,0.392,0.0408,0.1722,0.1743,0.179,0.1782,-0.0003
Hmel215003o,7425001,7475000,7449931,49748,0.0285,0.0287,0.0275,0.0302,0.0092,0.0257,0.0242,0.0272,0.0286,0.0288,0.0287,0.0327,0.0418,0.0303,0.0301,0.0384,0.0401,0.028,0.0325,0.0426,0.0305,0.0302,0.0382,0.0398,0.0323,0.0421,0.0301,0.0296,0.0382,0.0399,0.0433,0.0344,0.0347,0.0399,0.0416,0.0418,0.0426,0.0425,0.0434,0.0274,0.0358,0.037,0.0356,0.0367,0.0277,0.0047,0.013,0.0595,0.393,0.0592,0.0703,0.168,0.1767,-0.0019,0.0544,0.4002,0.0616,0.0698,0.1632,0.1724,0.0636,0.4084,0.066,0.0724,0.1743,0.1837,0.406,0.1148,0.1342,0.1725,0.1797,0.4262,0.452,0.415,0.4084,0.0497,0.1584,0.1625,0.1702,0.1717,-0.0046
Hmel215003o,7450001,7500000,7475031,49718,0.0236,0.0235,0.0218,0.0256,0.0065,0.021,0.0199,0.0233,0.024,0.0235,0.0233,0.0279,0.0361,0.0266,0.0262,0.0323,0.034,0.0227,0.028,0.0363,0.0271,0.0262,0.0328,0.0343,0.0275,0.0361,0.027,0.0259,0.0323,0.0339,0.0375,0.0309,0.0308,0.0347,0.0359,0.0364,0.037,0.037,0.0379,0.0227,0.0293,0.03,0.029,0.0299,0.0238,0.0003,0.0141,0.0699,0.4281,0.0939,0.099,0.1683,0.1862,0.0015,0.0734,0.4322,0.1051,0.1005,0.1774,0.1917,0.0847,0.4528,0.122,0.1151,0.1865,0.2026,0.4337,0.154,0.1666,0.1834,0.1918,0.468,0.4906,0.4418,0.4419,0.055,0.1471,0.1512,0.1545,0.1615,0.0031
Hmel215003o,7475001,7525000,7500014,49950,0.0201,0.0201,0.0174,0.0235,0.0057,0.0173,0.0205,0.0198,0.0197,0.0199,0.0201,0.0264,0.0349,0.0272,0.0252,0.032,0.033,0.0189,0.0259,0.0349,0.0277,0.0253,0.0323,0.0334,0.0244,0.0353,0.0275,0.0245,0.0317,0.033,0.036,0.0309,0.0295,0.0336,0.0338,0.0342,0.0354,0.0341,0.0347,0.0215,0.0249,0.025,0.0271,0.0277,0.0198,-0.0047,0.0376,0.1063,0.4772,0.1953,0.1146,0.2438,0.2598,0.0027,0.0963,0.4762,0.2042,0.1152,0.2479,0.2642,0.1053,0.5239,0.2375,0.1347,0.2743,0.2938,0.4552,0.2224,0.1559,0.2305,0.2331,0.5126,0.4751,0.4726,0.4804,0.0664,0.1537,0.1567,0.1553,0.1672,0.0021
Hmel215003o,7500001,7550000,7524990,49906,0.0206,0.0223,0.0198,0.0266,0.0079,0.017,0.0216,0.0195,0.0196,0.0217,0.0219,0.029,0.0331,0.0262,0.0245,0.0311,0.032,0.0208,0.0284,0.0334,0.0275,0.026,0.0318,0.0329,0.0274,0.0337,0.0265,0.0248,0.0315,0.0329,0.0351,0.0325,0.0307,0.0346,0.0347,0.0322,0.034,0.0328,0.0337,0.0224,0.026,0.0263,0.0275,0.0287,0.0192,0.0053,0.0436,0.1191,0.4138,0.1737,0.08,0.2271,0.2402,-0.0067,0.0858,0.3924,0.1745,0.0892,0.2177,0.2334,0.1008,0.4337,0.19,0.0969,0.2434,0.2634,0.3768,0.2193,0.1352,0.218,0.2191,0.4588,0.4112,0.427,0.4377,0.0782,0.1849,0.1898,0.1528,0.1741,-0.0088
Hmel215003o,7525001,7575000,7550026,49859,0.023,0.0246,0.0249,0.0284,0.0094,0.0193,0.021,0.0233,0.0234,0.0245,0.0246,0.0297,0.0337,0.0247,0.0257,0.0319,0.0322,0.024,0.0289,0.0342,0.0264,0.0276,0.0326,0.033,0.0296,0.0341,0.0256,0.0266,0.0327,0.0333,0.0361,0.032,0.0323,0.036,0.0363,0.034,0.0353,0.0339,0.0342,0.0222,0.0309,0.0311,0.031,0.032,0.0231,0.0169,0.0138,0.0852,0.3663,0.0824,0.0822,0.1683,0.1709,-0.0163,0.0518,0.3501,0.0972,0.101,0.1619,0.1661,0.0615,0.3441,0.0775,0.0778,0.1593,0.1681,0.3462,0.1658,0.1513,0.1773,0.1798,0.4213,0.4137,0.3633,0.3663,0.0516,0.1926,0.1946,0.175,0.1904,-0.0072
Hmel215003o,7550001,7600000,7575014,49951,0.0257,0.0246,0.026,0.028,0.0074,0.0198,0.0177,0.0247,0.0248,0.0264,0.0265,0.0298,0.0368,0.0292,0.0302,0.035,0.0353,0.0247,0.0281,0.0369,0.031,0.032,0.0356,0.036,0.0295,0.0373,0.0312,0.0317,0.0361,0.0365,0.0383,0.0334,0.035,0.0374,0.0375,0.0395,0.0398,0.0375,0.0375,0.02,0.0308,0.0314,0.0314,0.0321,0.0246,0.0247,0.0137,0.0592,0.3956,0.1301,0.1738,0.1719,0.1751,-0.0122,0.0418,0.4104,0.1738,0.2149,0.1919,0.1956,0.0509,0.3974,0.1616,0.1947,0.1849,0.1898,0.4035,0.1852,0.2337,0.1854,0.1859,0.5033,0.5376,0.4174,0.4159,0.0348,0.1709,0.1778,0.2047,0.2144,-0.0021
Hmel215003o,7575001,7625000,7599752,49342,0.019,0.0196,0.019,0.0253,0.0051,0.0161,0.0094,0.0183,0.0194,0.02,0.0194,0.0269,0.0324,0.0279,0.0306,0.0305,0.0317,0.0192,0.0256,0.0325,0.0289,0.0318,0.0308,0.032,0.0263,0.0329,0.0292,0.0324,0.0314,0.0327,0.0334,0.0318,0.0343,0.0336,0.0341,0.0343,0.0353,0.0332,0.0341,0.0152,0.0228,0.0237,0.0217,0.0222,0.0188,0.0177,0.0106,0.1131,0.4741,0.2395,0.3828,0.2526,0.259,-0.0023,0.0803,0.4641,0.2467,0.3889,0.2486,0.2544,0.1031,0.479,0.2606,0.4065,0.2674,0.2738,0.4115,0.2327,0.3597,0.2307,0.225,0.5431,0.6737,0.4943,0.4876,0.0923,0.1465,0.1524,0.2327,0.2256,-0.0019
Hmel215003o,7600001,7650000,7625062,49189,0.0166,0.017,0.0183,0.0262,0.0068,0.0156,0.0095,0.0174,0.0194,0.0172,0.0175,0.0282,0.034,0.0289,0.0323,0.0317,0.033,0.0176,0.0277,0.0343,0.0291,0.0321,0.0316,0.0328,0.0277,0.034,0.0292,0.0327,0.032,0.0332,0.0344,0.0332,0.0353,0.0344,0.0354,0.0343,0.0358,0.0341,0.0351,0.016,0.0216,0.0221,0.0213,0.0213,0.0185,0.0116,0.002,0.1622,0.5044,0.2987,0.4417,0.3159,0.3094,-0.0012,0.1457,0.4999,0.2943,0.4316,0.3074,0.2998,0.1281,0.4757,0.278,0.4197,0.2971,0.2894,0.3876,0.252,0.3609,0.2447,0.2351,0.5231,0.6437,0.4906,0.4726,0.1302,0.1415,0.1227,0.2375,0.2036,0.0016
Hmel215003o,7625001,7675000,7650043,49817,0.0225,0.0212,0.0227,0.0284,0.0076,0.0171,0.0164,0.0219,0.0233,0.0222,0.0229,0.0307,0.0376,0.0301,0.0305,0.034,0.0348,0.0218,0.0302,0.0375,0.0304,0.0308,0.0344,0.0354,0.0299,0.0373,0.0306,0.0309,0.0348,0.0354,0.0389,0.0348,0.035,0.0364,0.0376,0.0375,0.0386,0.0372,0.0376,0.0197,0.0269,0.0266,0.0279,0.0279,0.0226,0.0096,0.0083,0.1073,0.4439,0.2172,0.2313,0.2215,0.2168,-0.002,0.115,0.4612,0.2389,0.2535,0.2424,0.2401,0.0918,0.4388,0.2233,0.2369,0.2305,0.2241,0.4019,0.2332,0.2442,0.1988,0.1991,0.5205,0.5409,0.4483,0.4337,0.086,0.1681,0.1455,0.1962,0.1774,0.0006
Hmel215003o,7650001,7700000,7674958,49799,0.0218,0.0213,0.0205,0.0272,0.0051,0.0172,0.019,0.0218,0.0224,0.0221,0.0221,0.0272,0.0367,0.0247,0.024,0.0301,0.0301,0.0209,0.0269,0.0368,0.0251,0.0243,0.031,0.0315,0.0269,0.0372,0.0255,0.0245,0.0316,0.0318,0.039,0.0295,0.0294,0.0338,0.0344,0.036,0.0366,0.0356,0.0354,0.0209,0.0282,0.0279,0.0284,0.0283,0.0221,0.013,0.0232,0.0666,0.4806,0.1247,0.0878,0.169,0.1627,-0.0012,0.0651,0.4881,0.1394,0.1002,0.1901,0.1902,0.0763,0.5032,0.1562,0.1132,0.2077,0.204,0.4497,0.1647,0.1403,0.1743,0.176,0.542,0.5217,0.4674,0.4567,0.0762,0.1908,0.1784,0.1735,0.1647,-0.0009
Hmel215003o,7675001,7725000,7699934,49566,0.0213,0.0195,0.018,0.024,0.0052,0.0154,0.0168,0.0201,0.0196,0.0208,0.0209,0.0251,0.035,0.0223,0.0221,0.0267,0.0267,0.0188,0.0244,0.0348,0.0222,0.0218,0.0279,0.028,0.0242,0.0345,0.0228,0.022,0.0284,0.0285,0.0362,0.0269,0.0267,0.0307,0.031,0.0339,0.0343,0.0336,0.0337,0.0186,0.0256,0.0255,0.0259,0.0256,0.0197,0.0114,0.0326,0.0597,0.4673,0.1021,0.08,0.1333,0.1411,0.0005,0.0687,0.4917,0.127,0.0973,0.1785,0.1882,0.088,0.5122,0.1628,0.1243,0.2074,0.2166,0.4567,0.1758,0.1537,0.1762,0.1889,0.5481,0.5293,0.4682,0.4776,0.0755,0.1904,0.1954,0.1766,0.1792,-0.0045
Hmel215003o,7700001,7750000,7725022,49733,0.0224,0.0216,0.0198,0.0253,0.0057,0.0169,0.0181,0.0203,0.0193,0.0219,0.0219,0.0262,0.0329,0.0234,0.0242,0.0278,0.0284,0.0207,0.0254,0.0332,0.0232,0.0238,0.0283,0.029,0.0253,0.0323,0.0235,0.0235,0.0281,0.0288,0.0342,0.0279,0.0282,0.0304,0.0312,0.032,0.0324,0.0319,0.0327,0.0196,0.0256,0.0259,0.0261,0.0261,0.0199,-0.0013,0.0203,0.0549,0.4172,0.0931,0.0949,0.1403,0.1612,0.0013,0.05,0.4325,0.0998,0.0968,0.1582,0.1825,0.0715,0.4493,0.1307,0.1128,0.1774,0.2002,0.4121,0.1612,0.1489,0.1581,0.1828,0.4934,0.4776,0.4363,0.4615,0.0601,0.1671,0.1863,0.1608,0.1727,0.0018
Hmel215003o,7725001,7775000,7749890,49707,0.0245,0.024,0.0237,0.0285,0.0062,0.0226,0.0226,0.0214,0.0223,0.0246,0.0251,0.0286,0.035,0.0258,0.0276,0.0312,0.0319,0.0242,0.028,0.0353,0.0259,0.0276,0.0318,0.0327,0.0286,0.0351,0.0263,0.0274,0.0315,0.0323,0.0357,0.0298,0.0308,0.0326,0.0335,0.0337,0.035,0.0337,0.0341,0.0254,0.0287,0.0293,0.0301,0.0306,0.0219,0.0069,0.0208,0.0464,0.4055,0.0475,0.0839,0.1612,0.1626,0.0072,0.0423,0.4168,0.0552,0.0891,0.1763,0.1797,0.0564,0.4188,0.0679,0.0881,0.1758,0.1767,0.3843,0.0903,0.1065,0.1503,0.1519,0.4162,0.4329,0.435,0.4264,0.0618,0.1391,0.1394,0.1632,0.1613,0.0008
Hmel215003o,7750001,7800000,7775033,49708,0.0247,0.0206,0.0222,0.0285,0.0057,0.0205,0.017,0.02,0.021,0.0243,0.0247,0.0289,0.0372,0.0269,0.0278,0.0322,0.0327,0.0216,0.0282,0.0368,0.0275,0.0284,0.0348,0.0353,0.0288,0.0372,0.0273,0.028,0.0346,0.035,0.038,0.031,0.0314,0.0351,0.0356,0.0357,0.0376,0.0351,0.0358,0.0216,0.0275,0.0285,0.0292,0.0303,0.0206,0.0378,0.0287,0.0507,0.4365,0.0936,0.1512,0.1912,0.187,0.0047,0.0877,0.4904,0.1535,0.2153,0.2765,0.2701,0.0792,0.4706,0.1303,0.187,0.2555,0.2492,0.4172,0.1373,0.1856,0.2027,0.1971,0.4797,0.5526,0.4813,0.4728,0.0753,0.1607,0.1659,0.2364,0.2412,0.0017
Hmel215003o,7775001,7825000,7799998,49983,0.0172,0.013,0.0166,0.0232,0.0056,0.0094,0.0073,0.0147,0.015,0.0166,0.0173,0.0232,0.034,0.02,0.0203,0.0274,0.0274,0.0146,0.0221,0.0341,0.0209,0.0212,0.0303,0.0304,0.023,0.0343,0.0201,0.0206,0.029,0.029,0.0366,0.0266,0.0269,0.0326,0.0327,0.0339,0.0352,0.033,0.0337,0.0101,0.0232,0.0232,0.0241,0.0241,0.0152,0.0493,0.012,0.0857,0.5142,0.2119,0.2581,0.2774,0.2718,-0.0058,0.1294,0.5886,0.3171,0.37,0.389,0.3858,0.0914,0.5281,0.2266,0.2795,0.3131,0.3082,0.4672,0.275,0.3137,0.2866,0.2838,0.6544,0.7055,0.5473,0.5481,0.1012,0.3319,0.326,0.3903,0.3837,0.0134
Hmel215003o,7800001,7850000,7825001,49978,0.012,0.0096,0.0126,0.0202,0.005,0.0065,0.005,0.0126,0.014,0.0111,0.012,0.0189,0.0339,0.0133,0.0157,0.0235,0.0238,0.0111,0.0178,0.0343,0.0137,0.0168,0.025,0.0254,0.0186,0.0341,0.0134,0.0158,0.0235,0.0238,0.0368,0.0219,0.0241,0.0299,0.0301,0.0342,0.0338,0.0319,0.0316,0.0087,0.0221,0.0218,0.0208,0.0206,0.0133,0.0136,-0.0153,0.1062,0.615,0.1902,0.3107,0.3263,0.307,-0.0021,0.124,0.6639,0.2712,0.4096,0.3998,0.3795,0.0873,0.6049,0.1769,0.2966,0.3146,0.2947,0.5173,0.2807,0.3512,0.3123,0.2931,0.7249,0.7539,0.583,0.5527,0.2099,0.4117,0.3742,0.4187,0.3814,-0.002
Hmel215003o,7825001,7875000,7850000,49979,0.0148,0.0141,0.0148,0.0199,0.0047,0.0124,0.011,0.0151,0.0162,0.0145,0.0151,0.0189,0.0316,0.0157,0.0178,0.0245,0.0251,0.0144,0.0184,0.0326,0.0163,0.0192,0.0262,0.0269,0.0193,0.0324,0.0163,0.018,0.0259,0.0265,0.0325,0.0211,0.0231,0.0281,0.0285,0.0312,0.0312,0.0299,0.0299,0.0152,0.0224,0.023,0.0216,0.0224,0.0154,0.0027,0.01,0.0601,0.5446,0.0763,0.1684,0.2527,0.2482,-0.0007,0.058,0.5675,0.1114,0.2205,0.298,0.2919,0.0713,0.5534,0.0966,0.1741,0.28,0.2744,0.4814,0.1586,0.2247,0.2497,0.2387,0.5866,0.6134,0.5182,0.4978,0.1386,0.2523,0.2452,0.2589,0.2561,-0.0079
Hmel215003o,7850001,7900000,7874964,49835,0.0178,0.0171,0.0177,0.0202,0.0052,0.0143,0.0134,0.0164,0.017,0.0174,0.0183,0.0207,0.0303,0.0199,0.0204,0.0252,0.0256,0.0171,0.0197,0.0303,0.0198,0.0205,0.0261,0.0269,0.0206,0.0305,0.0206,0.021,0.0267,0.0274,0.031,0.0236,0.0238,0.0274,0.0278,0.0296,0.0306,0.0298,0.0305,0.0167,0.0225,0.0227,0.0233,0.024,0.0166,-0.0002,0.0156,0.0511,0.4663,0.1125,0.1399,0.2008,0.1996,-0.0099,0.0375,0.4791,0.1231,0.1562,0.2306,0.2354,0.0508,0.4702,0.1323,0.1561,0.2316,0.236,0.4509,0.1747,0.194,0.2128,0.2118,0.5212,0.5499,0.4851,0.4834,0.1,0.2,0.1944,0.2313,0.2347,-0.0041
Hmel215003o,7875001,7925000,7899794,49339,0.0174,0.0157,0.0161,0.0204,0.003,0.0113,0.0119,0.0165,0.0163,0.0165,0.0167,0.0216,0.0286,0.0214,0.0216,0.0242,0.0245,0.0159,0.0219,0.0271,0.0203,0.0213,0.0246,0.0246,0.0199,0.0285,0.0211,0.0211,0.0241,0.0246,0.0327,0.0253,0.0245,0.0263,0.027,0.0294,0.0306,0.0301,0.0308,0.0139,0.0205,0.0198,0.0211,0.0212,0.0162,-0.0031,-0.0033,0.0758,0.49,0.2071,0.2021,0.1855,0.1943,-0.0001,0.1118,0.5034,0.2126,0.2247,0.2194,0.2233,0.056,0.5137,0.2228,0.2117,0.2035,0.2156,0.5053,0.2549,0.2302,0.1896,0.2062,0.6251,0.6244,0.5272,0.5398,0.0966,0.2038,0.1898,0.2064,0.2111,-0.0064
Hmel215003o,7900001,7950000,7924795,48483,0.0171,0.0158,0.0158,0.0211,0.0019,0.0098,0.0116,0.0166,0.0158,0.0164,0.0161,0.0226,0.0269,0.0213,0.0223,0.0241,0.0244,0.0161,0.0237,0.0257,0.0213,0.0233,0.0255,0.025,0.0209,0.0276,0.0207,0.0211,0.0244,0.0243,0.0326,0.0267,0.0259,0.0274,0.0279,0.0296,0.0308,0.0301,0.0302,0.0123,0.0202,0.0194,0.0207,0.0205,0.0159,0.0011,-0.0119,0.0972,0.4945,0.2385,0.23,0.1882,0.2052,0.0128,0.1434,0.5043,0.2616,0.2728,0.2356,0.2383,0.0791,0.5299,0.2481,0.2243,0.2139,0.2221,0.5126,0.2973,0.2534,0.2015,0.2214,0.6838,0.655,0.5463,0.5615,0.0747,0.2219,0.2153,0.2009,0.2097,-0.01
Hmel215003o,7925001,7975000,7950051,47993,0.0174,0.0166,0.0184,0.0281,0.0031,0.0119,0.0084,0.0169,0.0173,0.0168,0.0181,0.0273,0.0334,0.0239,0.0288,0.0292,0.0278,0.0173,0.0266,0.0332,0.0229,0.0284,0.0289,0.0279,0.0286,0.0333,0.0208,0.0249,0.0279,0.0266,0.0367,0.0341,0.0379,0.0362,0.0351,0.0356,0.0362,0.0328,0.0344,0.0134,0.0217,0.0215,0.0205,0.0208,0.0177,-0.0057,0.0062,0.1168,0.5474,0.2526,0.3977,0.2723,0.2439,-0.0069,0.1138,0.5592,0.2448,0.4042,0.2782,0.2574,0.1255,0.5295,0.1665,0.3137,0.2372,0.2085,0.4441,0.2931,0.384,0.2577,0.2383,0.6671,0.7395,0.5495,0.5594,0.1463,0.2124,0.2016,0.2481,0.25,0.0188
Hmel215003o,7950001,8000000,7975185,48597,0.0209,0.0209,0.0214,0.0283,0.0027,0.01,0.0052,0.0169,0.0165,0.0209,0.021,0.0288,0.0333,0.026,0.0277,0.0281,0.028,0.0204,0.0286,0.0334,0.0266,0.0299,0.0292,0.0289,0.0296,0.0334,0.0239,0.0261,0.0276,0.0272,0.0369,0.0359,0.0372,0.0357,0.0353,0.0352,0.0354,0.0328,0.0341,0.0112,0.0193,0.0192,0.018,0.0184,0.0172,-0.0013,-0.0046,0.0949,0.4931,0.267,0.3742,0.2064,0.2082,-0.0193,0.0913,0.4938,0.2789,0.4075,0.2265,0.2245,0.1024,0.4867,0.2178,0.3387,0.1912,0.1884,0.4488,0.3376,0.4165,0.2482,0.2469,0.709,0.81,0.557,0.5762,0.2044,0.1903,0.1915,0.2516,0.27,0.0169
Hmel215003o,7975001,8025000,8000127,49590,0.023,0.0215,0.0229,0.0262,0.0034,0.013,0.0074,0.0191,0.0186,0.0231,0.023,0.028,0.032,0.025,0.0251,0.0277,0.0281,0.0214,0.0265,0.0319,0.0282,0.0297,0.0304,0.0302,0.0271,0.0325,0.0263,0.0277,0.0298,0.0296,0.0346,0.0328,0.0337,0.0342,0.0342,0.0328,0.0335,0.032,0.0324,0.014,0.0212,0.0216,0.0214,0.0219,0.0189,0.0194,0.0013,0.0736,0.4312,0.1723,0.2574,0.1442,0.1566,-0.0192,0.0637,0.4542,0.253,0.3587,0.2098,0.2122,0.0594,0.4401,0.1992,0.3055,0.1825,0.1858,0.4406,0.281,0.3708,0.2213,0.2276,0.6162,0.735,0.4962,0.5091,0.164,0.1473,0.1644,0.2449,0.2673,0.0009
Hmel215003o,8000001,8050000,8024992,49973,0.024,0.022,0.0227,0.0292,0.0052,0.0172,0.0139,0.0193,0.0193,0.0241,0.0237,0.029,0.0335,0.0246,0.0247,0.0278,0.0278,0.022,0.0275,0.0337,0.026,0.0284,0.0302,0.0299,0.0277,0.0345,0.0246,0.0268,0.0305,0.0303,0.0366,0.0304,0.033,0.0338,0.0341,0.0339,0.0353,0.0343,0.0344,0.0201,0.0252,0.0257,0.025,0.025,0.0194,0.0241,0.0084,0.0558,0.4088,0.0932,0.1393,0.1327,0.132,-0.0088,0.0517,0.4398,0.148,0.2354,0.1969,0.1922,0.0479,0.4404,0.1114,0.1996,0.1951,0.1908,0.3999,0.159,0.2408,0.1855,0.1895,0.5187,0.5891,0.4896,0.4905,0.133,0.1687,0.1786,0.2119,0.212,0.0032
Hmel215003o,8025001,8075000,8049998,49967,0.0247,0.0237,0.0228,0.03,0.0066,0.0199,0.017,0.0198,0.0205,0.0243,0.024,0.0294,0.0367,0.0244,0.0249,0.0294,0.0299,0.023,0.0282,0.0374,0.0241,0.0259,0.0302,0.031,0.0279,0.0378,0.0233,0.0251,0.0311,0.0317,0.04,0.029,0.031,0.0341,0.0348,0.0375,0.0382,0.0362,0.0367,0.0233,0.0291,0.0301,0.0286,0.0289,0.0204,0.0027,0.0056,0.0476,0.4181,0.0479,0.0943,0.1467,0.1472,-0.0072,0.0367,0.4394,0.0532,0.1262,0.1715,0.1759,0.0436,0.4564,0.0478,0.1232,0.1968,0.1986,0.409,0.0973,0.165,0.1771,0.1795,0.4944,0.5455,0.4822,0.4776,0.1239,0.2002,0.2076,0.2293,0.2244,0.0081
Hmel215003o,8050001,8100000,8074980,49938,0.0262,0.0249,0.0253,0.0283,0.0067,0.023,0.0193,0.0233,0.0249,0.0251,0.0257,0.0296,0.0379,0.0264,0.0272,0.0322,0.033,0.0246,0.0281,0.0384,0.0261,0.0265,0.0325,0.0337,0.0287,0.0387,0.0263,0.0267,0.0332,0.0341,0.0397,0.0305,0.0308,0.0351,0.0357,0.0387,0.0392,0.0359,0.0369,0.026,0.0322,0.0333,0.0323,0.0333,0.024,-0.0106,-0.0009,0.0461,0.4097,0.0381,0.0941,0.138,0.1343,-0.0108,0.0346,0.4321,0.0448,0.0954,0.156,0.158,0.0417,0.4296,0.0455,0.0949,0.1623,0.1602,0.4223,0.0998,0.1487,0.1668,0.1572,0.4618,0.5173,0.4257,0.4162,0.1099,0.1731,0.1736,0.2158,0.2129,-0.0015
Hmel215003o,8075001,8125000,8099948,49566,0.0243,0.0221,0.0236,0.0283,0.0059,0.0209,0.017,0.0218,0.0226,0.0233,0.0237,0.0286,0.0355,0.0244,0.0241,0.0316,0.0312,0.0228,0.0271,0.0358,0.0237,0.0232,0.0332,0.0332,0.0282,0.0363,0.0243,0.0237,0.0327,0.0324,0.0371,0.0294,0.029,0.0356,0.0356,0.0356,0.036,0.0356,0.0354,0.0228,0.0321,0.0318,0.0319,0.0319,0.022,0.0019,-0.0065,0.0511,0.4195,0.0413,0.0828,0.1648,0.1507,-0.0007,0.0505,0.4549,0.0534,0.0917,0.2148,0.2063,0.0528,0.438,0.0478,0.0822,0.1897,0.1773,0.4068,0.1067,0.149,0.1895,0.1807,0.4703,0.5342,0.4564,0.443,0.0978,0.2124,0.1979,0.2571,0.2475,-0.0043
Hmel215003o,8100001,8150000,8125119,49463,0.0243,0.0212,0.0232,0.0278,0.0055,0.02,0.0162,0.0221,0.0216,0.0234,0.0237,0.0287,0.0375,0.0239,0.0238,0.0339,0.0333,0.0227,0.0272,0.0372,0.0231,0.0232,0.035,0.0349,0.0279,0.0381,0.0246,0.0243,0.0349,0.0347,0.0382,0.0302,0.0296,0.0369,0.037,0.037,0.0376,0.0378,0.0372,0.0212,0.0331,0.0328,0.0338,0.0331,0.0221,0.0141,-0.0003,0.0571,0.4467,0.0402,0.0855,0.1972,0.1929,0.0106,0.0682,0.4868,0.0603,0.1122,0.2479,0.2504,0.0565,0.4682,0.0678,0.1109,0.2237,0.2265,0.4288,0.1354,0.1726,0.2093,0.2148,0.5025,0.5665,0.4814,0.4809,0.0835,0.2346,0.234,0.2899,0.2853,0.0064
Hmel215003o,8125001,8175000,8150019,49728,0.0263,0.0254,0.0264,0.0295,0.0067,0.0228,0.0186,0.0254,0.0267,0.0266,0.0268,0.0313,0.0425,0.0269,0.0291,0.0378,0.0369,0.0261,0.0313,0.0412,0.0268,0.0289,0.0365,0.036,0.0313,0.0427,0.0281,0.0303,0.0383,0.0381,0.0423,0.0335,0.0356,0.0402,0.0401,0.0419,0.0425,0.0415,0.0418,0.0266,0.0354,0.0349,0.0351,0.0343,0.0264,0.0145,0.01,0.0655,0.4569,0.0485,0.1372,0.1975,0.1723,0.0031,0.0745,0.4553,0.0564,0.1428,0.1885,0.1683,0.0643,0.457,0.0699,0.1561,0.2029,0.1881,0.4344,0.1392,0.2166,0.2001,0.186,0.4951,0.557,0.4576,0.4437,0.1314,0.1997,0.1792,0.2411,0.2141,0.0065
Hmel215003o,8150001,8200000,8174849,49440,0.0255,0.0249,0.0253,0.0264,0.0078,0.0224,0.015,0.0242,0.0258,0.0255,0.0257,0.0287,0.0403,0.0258,0.0285,0.0351,0.034,0.0252,0.029,0.0394,0.0264,0.0283,0.0345,0.0334,0.0292,0.0406,0.0264,0.0287,0.0354,0.0345,0.0393,0.03,0.032,0.0366,0.0357,0.0395,0.0401,0.0392,0.0401,0.0251,0.0333,0.0325,0.0318,0.0312,0.0251,0.0056,0.0062,0.0544,0.4297,0.0383,0.1772,0.1811,0.147,0.0027,0.0657,0.4279,0.0575,0.1807,0.1779,0.1443,0.0648,0.4366,0.0534,0.1843,0.1877,0.1578,0.4238,0.1139,0.2391,0.1931,0.162,0.4614,0.5715,0.4355,0.4242,0.1531,0.1865,0.1558,0.2498,0.2197,0.0021
Hmel215003o,8175001,8225000,8199945,48551,0.0283,0.0251,0.0255,0.0259,0.0094,0.0247,0.0172,0.0251,0.0251,0.0273,0.0275,0.0297,0.0406,0.0285,0.0299,0.0336,0.0334,0.0258,0.028,0.04,0.0281,0.0293,0.0352,0.0347,0.0288,0.041,0.0281,0.029,0.0349,0.0345,0.0401,0.031,0.032,0.0357,0.0352,0.0394,0.0412,0.0383,0.0393,0.025,0.0329,0.033,0.0323,0.032,0.0254,0.0118,0.0132,0.0441,0.3819,0.0388,0.1441,0.1214,0.1178,0.0105,0.0511,0.4132,0.0635,0.17,0.177,0.1697,0.0609,0.4195,0.0599,0.1609,0.1687,0.1635,0.4183,0.1085,0.216,0.1745,0.1682,0.4123,0.5278,0.3942,0.4056,0.0941,0.1468,0.1484,0.2183,0.2147,0.006
Hmel215003o,8200001,8250000,8224797,47238,0.0281,0.0263,0.0268,0.0283,0.0073,0.0263,0.0197,0.0254,0.0249,0.0283,0.0287,0.0311,0.0381,0.0294,0.0295,0.033,0.0333,0.0267,0.0293,0.0388,0.0289,0.0286,0.0362,0.0363,0.0302,0.0394,0.0292,0.0286,0.0359,0.0362,0.0394,0.0323,0.0332,0.0364,0.0372,0.0372,0.0388,0.0361,0.036,0.0256,0.0333,0.0339,0.0339,0.0338,0.0255,0.0217,0.023,0.0506,0.3794,0.0413,0.1098,0.1105,0.1204,0.0029,0.0419,0.4116,0.0512,0.1153,0.1773,0.1827,0.05,0.4102,0.0503,0.1094,0.1676,0.1754,0.412,0.0913,0.1797,0.1615,0.1771,0.3928,0.4989,0.3915,0.3964,0.0556,0.1333,0.1477,0.2123,0.2153,0.007
Hmel215003o,8225001,8275000,8249951,46468,0.0257,0.0241,0.0252,0.0264,0.0053,0.0249,0.0184,0.024,0.0242,0.0255,0.0259,0.029,0.034,0.0267,0.0256,0.0306,0.0306,0.0251,0.0275,0.0354,0.0267,0.0252,0.0337,0.0337,0.0285,0.0356,0.0271,0.0257,0.0332,0.0334,0.0361,0.0296,0.0293,0.0343,0.0349,0.0336,0.0345,0.0337,0.034,0.0244,0.0306,0.0309,0.0319,0.0318,0.0242,0.0137,0.0102,0.0572,0.3889,0.0287,0.0795,0.1099,0.1079,0.0092,0.049,0.4287,0.0456,0.09,0.1772,0.1739,0.0539,0.4155,0.0419,0.0858,0.158,0.1576,0.4252,0.077,0.1526,0.1634,0.1685,0.3954,0.5038,0.4097,0.4099,0.0634,0.1189,0.1203,0.2122,0.2069,0.003
Hmel215003o,8250001,8300000,8275547,48076,0.0262,0.0243,0.0254,0.0255,0.0062,0.0246,0.0217,0.0254,0.0267,0.0256,0.0259,0.0283,0.0374,0.0266,0.0261,0.0325,0.0335,0.0253,0.0269,0.0375,0.0268,0.0256,0.0342,0.0348,0.0276,0.0385,0.0274,0.0264,0.0342,0.0348,0.0375,0.0294,0.0285,0.0354,0.0362,0.0364,0.0379,0.0374,0.0381,0.0261,0.0306,0.0315,0.033,0.0336,0.0265,0.0085,0.002,0.0468,0.4106,0.0243,0.0457,0.1221,0.1251,0.0113,0.0445,0.4387,0.049,0.0578,0.1673,0.1641,0.0425,0.4339,0.049,0.0606,0.1555,0.152,0.439,0.085,0.1056,0.1697,0.1665,0.4213,0.478,0.4218,0.4126,0.0639,0.1073,0.1087,0.1765,0.1719,0.0101
Hmel215003o,8275001,8325000,8299887,49520,0.0298,0.0279,0.0289,0.0267,0.0073,0.0258,0.0247,0.0272,0.0283,0.0294,0.0296,0.0315,0.0412,0.0297,0.0297,0.036,0.0374,0.0285,0.0303,0.0419,0.0297,0.0289,0.0378,0.039,0.0305,0.0418,0.03,0.0291,0.0378,0.0387,0.0409,0.0324,0.0307,0.0378,0.0383,0.041,0.0424,0.0409,0.0412,0.0286,0.0344,0.0357,0.0365,0.0377,0.0282,0.0099,0.004,0.0516,0.3948,0.0351,0.0467,0.1226,0.1326,0.0009,0.0521,0.4241,0.0525,0.0498,0.1652,0.1705,0.0432,0.411,0.0486,0.044,0.156,0.1578,0.4436,0.1102,0.0963,0.1736,0.1678,0.4408,0.469,0.4226,0.4118,0.0671,0.137,0.1458,0.1792,0.1843,0.0088
Hmel215003o,8300001,8350000,8324969,49538,0.0302,0.0289,0.0308,0.0296,0.0075,0.0279,0.0259,0.0282,0.028,0.0305,0.0313,0.0349,0.0412,0.0324,0.0325,0.0382,0.0392,0.0302,0.0333,0.0423,0.0323,0.0318,0.0401,0.0413,0.034,0.0413,0.0323,0.0314,0.0399,0.041,0.0416,0.036,0.0345,0.0402,0.0408,0.0414,0.0414,0.0405,0.041,0.0306,0.0374,0.0384,0.0376,0.0383,0.0287,0.0172,0.0133,0.0794,0.3876,0.0576,0.0782,0.1412,0.156,0.0058,0.0686,0.4136,0.0689,0.0795,0.1778,0.1943,0.0591,0.3812,0.0513,0.0538,0.1585,0.1736,0.4168,0.1195,0.1179,0.1708,0.18,0.4161,0.441,0.4038,0.4107,0.0684,0.1505,0.1657,0.1726,0.1824,0.0106
Hmel215003o,8325001,8375000,8349874,49434,0.0276,0.0274,0.0289,0.0289,0.0077,0.025,0.0228,0.0288,0.029,0.0285,0.0293,0.0324,0.0413,0.029,0.0301,0.0399,0.0411,0.0283,0.0308,0.0411,0.0302,0.0295,0.0403,0.0418,0.032,0.0413,0.0299,0.0294,0.0408,0.0419,0.0402,0.0335,0.0326,0.0406,0.0413,0.0403,0.0401,0.0403,0.0411,0.0288,0.0383,0.0395,0.0391,0.0395,0.03,0.02,0.0199,0.0735,0.4169,0.0523,0.0945,0.1805,0.1951,0.0027,0.0496,0.4171,0.0757,0.0862,0.1877,0.2046,0.0523,0.4017,0.056,0.0693,0.1802,0.1929,0.4076,0.1187,0.1305,0.1747,0.1816,0.4393,0.4651,0.3914,0.3981,0.0994,0.1842,0.1984,0.2156,0.2188,0.0192
Hmel215003o,8350001,8400000,8375063,49478,0.0276,0.0263,0.0271,0.0263,0.0087,0.0217,0.0203,0.0284,0.0277,0.0274,0.0282,0.0302,0.0399,0.0267,0.028,0.0379,0.0378,0.0265,0.0284,0.0389,0.0277,0.027,0.0372,0.0373,0.0295,0.04,0.0277,0.028,0.0386,0.0384,0.0389,0.0302,0.0301,0.0386,0.0382,0.0389,0.0393,0.0393,0.0392,0.0264,0.0371,0.0372,0.0383,0.038,0.0285,0.0089,0.0165,0.0568,0.3898,0.0434,0.0826,0.1592,0.1644,-0.0033,0.04,0.3952,0.0759,0.0779,0.1611,0.1697,0.0495,0.3964,0.0673,0.0888,0.1728,0.1762,0.4099,0.1277,0.1423,0.1747,0.1771,0.4537,0.4766,0.3736,0.381,0.1216,0.2051,0.2135,0.2341,0.2377,0.0087
Hmel215003o,8375001,8425000,8399994,49546,0.0279,0.0258,0.0258,0.0256,0.008,0.0224,0.022,0.0268,0.026,0.027,0.0278,0.0297,0.0366,0.0286,0.0283,0.0345,0.0341,0.0258,0.0278,0.0362,0.0287,0.027,0.0341,0.0339,0.0282,0.0367,0.0284,0.0278,0.0354,0.0352,0.0365,0.0309,0.0301,0.0351,0.0351,0.0363,0.037,0.0371,0.0368,0.0265,0.0351,0.0344,0.0348,0.0347,0.0261,0.0042,0.0183,0.05,0.3572,0.0681,0.0671,0.1233,0.1249,0.0003,0.0414,0.3786,0.0926,0.0645,0.1375,0.1423,0.0474,0.3854,0.0864,0.0798,0.1559,0.1609,0.4012,0.1358,0.1263,0.1498,0.1575,0.4256,0.4379,0.3767,0.384,0.0929,0.1854,0.1829,0.1852,0.1913,-0.0064
Hmel215003o,8400001,8450000,8424894,48604,0.0272,0.0262,0.0258,0.0284,0.0063,0.0214,0.0213,0.0252,0.0276,0.028,0.0283,0.0312,0.0374,0.0288,0.0283,0.0339,0.0348,0.026,0.0297,0.0374,0.0297,0.027,0.0355,0.0364,0.0292,0.0373,0.0291,0.0273,0.0359,0.0367,0.0369,0.0331,0.0314,0.0366,0.0371,0.0376,0.0385,0.0376,0.0385,0.026,0.0338,0.0339,0.0341,0.0353,0.0263,0.0249,0.0349,0.062,0.3959,0.0895,0.0814,0.1357,0.1255,0.0011,0.0483,0.4089,0.1167,0.0687,0.1687,0.158,0.0435,0.4136,0.1105,0.0792,0.1789,0.167,0.3967,0.1578,0.134,0.1645,0.1462,0.4767,0.4884,0.4237,0.4042,0.1037,0.1925,0.1703,0.2,0.1919,-0.002
Hmel215003o,8425001,8475000,8450273,48955,0.0285,0.0285,0.0287,0.0304,0.0062,0.025,0.0245,0.0271,0.0282,0.0304,0.0306,0.0333,0.039,0.0298,0.0299,0.0362,0.0365,0.0285,0.0319,0.0386,0.0306,0.0296,0.0369,0.0378,0.0313,0.0388,0.0309,0.0296,0.0378,0.0381,0.0394,0.0344,0.0327,0.0394,0.0392,0.0394,0.0395,0.0394,0.04,0.0284,0.0361,0.0364,0.0366,0.037,0.0281,0.0343,0.0369,0.0671,0.4004,0.0585,0.0646,0.1393,0.1322,-0.0012,0.0441,0.3953,0.0712,0.0584,0.1484,0.15,0.0334,0.3954,0.0756,0.0573,0.1593,0.1528,0.4047,0.1212,0.1019,0.1666,0.1532,0.4496,0.4572,0.4216,0.4146,0.0732,0.1713,0.1647,0.1825,0.1775,0.0085
Hmel215003o,8450001,8500000,8474961,49803,0.0255,0.0265,0.0266,0.0288,0.007,0.0229,0.0224,0.0257,0.0255,0.0281,0.0283,0.0316,0.0373,0.0271,0.0271,0.0338,0.0335,0.0263,0.0296,0.0375,0.0268,0.0269,0.0342,0.0345,0.0297,0.0374,0.0275,0.027,0.0352,0.0349,0.0386,0.0317,0.0309,0.0374,0.0372,0.0377,0.0381,0.0384,0.0382,0.0251,0.0344,0.0343,0.0336,0.0335,0.0259,0.0424,0.0439,0.0841,0.4086,0.0615,0.0655,0.1462,0.1439,-0.0041,0.0398,0.3974,0.0444,0.0508,0.1424,0.1489,0.04,0.3951,0.0558,0.0507,0.1557,0.1529,0.4014,0.1147,0.1084,0.167,0.1669,0.4476,0.4587,0.4185,0.4187,0.0543,0.1818,0.1813,0.1749,0.1746,0.0065
Hmel215003o,8475001,8525000,8499976,49678,0.0224,0.0255,0.0262,0.0291,0.0073,0.0205,0.0189,0.0233,0.0239,0.0265,0.027,0.0319,0.0386,0.026,0.0247,0.0338,0.0336,0.0259,0.0294,0.0392,0.0279,0.0266,0.0357,0.0353,0.0307,0.0394,0.0279,0.0269,0.0354,0.0348,0.0397,0.0334,0.0318,0.0377,0.0376,0.0393,0.0397,0.0393,0.0388,0.023,0.0325,0.0323,0.033,0.0328,0.0234,0.0538,0.0553,0.1222,0.461,0.1026,0.094,0.2026,0.1942,0.0008,0.046,0.4264,0.1017,0.0946,0.1977,0.1861,0.0595,0.4186,0.0934,0.0922,0.1864,0.1717,0.4063,0.1677,0.162,0.1947,0.1869,0.4951,0.5205,0.4558,0.4429,0.0821,0.2051,0.1961,0.2304,0.2211,-0.005
Hmel215003o,8500001,8550000,8525004,49857,0.0233,0.0257,0.0271,0.0288,0.0066,0.0217,0.0216,0.0233,0.0239,0.0269,0.0276,0.0317,0.04,0.0283,0.0282,0.0348,0.0346,0.0264,0.0289,0.04,0.0293,0.0291,0.036,0.0355,0.0304,0.04,0.0285,0.0283,0.0354,0.0351,0.0405,0.0336,0.0331,0.037,0.0371,0.0399,0.0393,0.0388,0.0387,0.025,0.0332,0.0331,0.034,0.034,0.0234,0.0511,0.0489,0.1108,0.4713,0.1214,0.1208,0.2088,0.1994,0.0007,0.0371,0.441,0.1129,0.1095,0.201,0.1876,0.0462,0.4226,0.0818,0.08,0.1778,0.166,0.4259,0.1586,0.1529,0.1885,0.1827,0.4922,0.4874,0.4598,0.4494,0.0758,0.2027,0.1937,0.2162,0.2078,-0.0051
Hmel215003o,8525001,8575000,8549999,49991,0.0219,0.0237,0.0253,0.0251,0.0061,0.0202,0.0226,0.0221,0.0228,0.0254,0.0258,0.0292,0.0383,0.0266,0.0289,0.0333,0.0332,0.0244,0.0258,0.0375,0.0261,0.0273,0.0338,0.0332,0.0272,0.0377,0.0259,0.027,0.0338,0.0333,0.0376,0.0285,0.0301,0.0346,0.0343,0.0377,0.0361,0.0364,0.0362,0.0252,0.0317,0.0315,0.0328,0.0326,0.0224,0.0566,0.0466,0.1176,0.481,0.1216,0.1376,0.2153,0.2053,-0.0034,0.0326,0.4478,0.0914,0.0876,0.203,0.1859,0.0381,0.4274,0.0678,0.0627,0.1852,0.1694,0.4469,0.1273,0.1259,0.2013,0.187,0.4986,0.4477,0.458,0.4455,0.0858,0.2097,0.1983,0.2002,0.1882,-0.0004
Hmel215003o,8550001,8600000,8574915,49789,0.0248,0.0251,0.0262,0.0249,0.0069,0.021,0.024,0.0225,0.0231,0.0268,0.0272,0.0302,0.0385,0.0277,0.0295,0.0355,0.0354,0.0255,0.0274,0.0374,0.0273,0.0276,0.0352,0.035,0.0287,0.0385,0.0281,0.0288,0.0358,0.0356,0.0375,0.0295,0.0306,0.0361,0.0352,0.0375,0.0371,0.0375,0.0373,0.0266,0.0328,0.0327,0.0344,0.0339,0.023,0.0374,0.0336,0.1016,0.4323,0.0993,0.1007,0.2098,0.2029,-0.0032,0.0467,0.4166,0.09,0.0628,0.2039,0.1944,0.0572,0.4143,0.0913,0.0734,0.1999,0.1917,0.4363,0.1372,0.1183,0.2186,0.1998,0.4733,0.4283,0.4533,0.4439,0.0891,0.2128,0.2053,0.2045,0.1914,0.0053
Hmel215003o,8575001,8625000,8599730,48535,0.0289,0.0261,0.0276,0.026,0.0055,0.0239,0.0228,0.0238,0.0245,0.0285,0.0292,0.0303,0.0385,0.0301,0.0306,0.0349,0.0348,0.0265,0.0287,0.0377,0.0284,0.0277,0.0351,0.0353,0.0298,0.0386,0.0294,0.0294,0.0361,0.0364,0.0379,0.0312,0.0313,0.0361,0.0357,0.0373,0.0388,0.0385,0.0382,0.0268,0.0341,0.0341,0.0348,0.0347,0.0251,0.0185,0.0185,0.0466,0.3969,0.0695,0.0891,0.1465,0.1401,-0.0069,0.049,0.424,0.0678,0.0666,0.1773,0.1738,0.0529,0.415,0.0701,0.0822,0.1774,0.1753,0.4459,0.1198,0.1339,0.1927,0.1802,0.4497,0.4807,0.4629,0.4514,0.0735,0.1853,0.1785,0.208,0.2001,0.0209
Hmel215003o,8600001,8650000,8625363,48731,0.0305,0.0266,0.028,0.0267,0.006,0.0249,0.0225,0.025,0.0254,0.0295,0.0297,0.0307,0.0388,0.0301,0.0308,0.0353,0.0347,0.0268,0.0283,0.0382,0.0282,0.0285,0.0365,0.0359,0.0292,0.0386,0.029,0.0293,0.0373,0.0369,0.0376,0.0306,0.031,0.0365,0.036,0.0379,0.0389,0.0382,0.0378,0.0276,0.0351,0.0344,0.0357,0.0353,0.0259,0.0174,0.0093,0.0308,0.3764,0.0449,0.0798,0.1263,0.1143,-0.01,0.0305,0.4175,0.0487,0.0795,0.1805,0.1678,0.0316,0.4053,0.0489,0.0795,0.1787,0.1693,0.4289,0.0916,0.1268,0.1795,0.1681,0.4365,0.4806,0.4387,0.428,0.0805,0.177,0.163,0.2108,0.201,0.0141
Hmel215003o,8625001,8675000,8649757,48953,0.0276,0.0254,0.026,0.0289,0.0079,0.0214,0.0215,0.0233,0.0241,0.0269,0.0271,0.0299,0.0382,0.0272,0.0285,0.0343,0.0339,0.0252,0.028,0.0382,0.0263,0.0279,0.0349,0.0346,0.0286,0.0385,0.0267,0.0278,0.0354,0.0351,0.0388,0.0302,0.0313,0.0365,0.0362,0.0375,0.0381,0.0376,0.0379,0.0252,0.0329,0.0324,0.0326,0.0324,0.0234,0.0091,0.007,0.0327,0.3802,0.0546,0.0801,0.1564,0.143,-0.0094,0.0239,0.4089,0.0629,0.092,0.1884,0.1746,0.0284,0.404,0.0625,0.0842,0.1888,0.177,0.3915,0.1076,0.1251,0.1799,0.1669,0.4533,0.4587,0.4286,0.4218,0.085,0.2002,0.1832,0.1954,0.1829,-0.0069
Hmel215003o,8650001,8700000,8675287,48814,0.026,0.0247,0.0259,0.0279,0.0072,0.0217,0.0231,0.0242,0.0255,0.025,0.0259,0.0283,0.0375,0.0283,0.0287,0.0358,0.0355,0.0252,0.0276,0.0372,0.028,0.0282,0.0354,0.0351,0.0285,0.0371,0.0285,0.0283,0.0355,0.0355,0.0376,0.0312,0.0316,0.0368,0.0364,0.0374,0.0371,0.0375,0.0378,0.0262,0.0322,0.0324,0.0324,0.0326,0.0246,-0.0075,-0.0005,0.0299,0.4018,0.0902,0.0834,0.1858,0.1677,-0.0013,0.0308,0.4154,0.0994,0.0868,0.1935,0.1755,0.0337,0.3974,0.0942,0.0759,0.1826,0.1681,0.3977,0.1288,0.1195,0.1826,0.1625,0.4583,0.4354,0.4257,0.4107,0.0827,0.177,0.1649,0.1644,0.1528,-0.0058
Hmel215003o,8675001,8725000,8700036,49755,0.0273,0.0255,0.0277,0.0293,0.0064,0.0247,0.0252,0.0257,0.0265,0.0261,0.0271,0.0302,0.0393,0.0305,0.0309,0.0381,0.0378,0.0269,0.0295,0.0387,0.03,0.0302,0.0378,0.0375,0.0305,0.0389,0.0308,0.0306,0.0376,0.0376,0.0395,0.033,0.0338,0.0388,0.0386,0.0396,0.0406,0.0398,0.0401,0.0282,0.0338,0.0341,0.0349,0.0354,0.0259,-0.0052,-0.008,0.0378,0.4152,0.0832,0.0863,0.1892,0.1767,0.0057,0.0465,0.4328,0.0938,0.0931,0.2033,0.1914,0.0381,0.4069,0.0847,0.0775,0.1794,0.1709,0.4138,0.1104,0.1187,0.182,0.1697,0.4516,0.4555,0.4415,0.4336,0.0653,0.1536,0.1504,0.1658,0.1641,-0.0044
Hmel215003o,8700001,8750000,8725009,49817,0.0255,0.0244,0.025,0.0311,0.0064,0.0238,0.0233,0.0241,0.0233,0.0249,0.0252,0.0316,0.0389,0.0275,0.0282,0.0361,0.0354,0.0246,0.0305,0.0387,0.0276,0.0282,0.0363,0.0356,0.0307,0.0394,0.0278,0.0285,0.0364,0.0357,0.0421,0.0327,0.034,0.0392,0.0389,0.0395,0.0405,0.0393,0.0395,0.0269,0.0334,0.0332,0.0339,0.0338,0.0235,-0.0007,-0.0011,0.0674,0.4344,0.0581,0.0772,0.1955,0.1941,-0.0012,0.0625,0.4477,0.0729,0.0891,0.2098,0.2084,0.0588,0.4473,0.0696,0.0872,0.205,0.2032,0.4205,0.1039,0.1282,0.1898,0.1939,0.4637,0.4807,0.4585,0.47,0.0703,0.1743,0.1796,0.1876,0.1944,-0.0043
Hmel215003o,8725001,8775000,8750032,49902,0.0257,0.0243,0.0241,0.0271,0.0066,0.0218,0.0215,0.0229,0.0215,0.0251,0.0251,0.0298,0.0381,0.0266,0.0269,0.0344,0.034,0.0238,0.0286,0.0379,0.0262,0.0263,0.0349,0.0345,0.0288,0.0387,0.0262,0.0265,0.0356,0.0352,0.0396,0.0308,0.0313,0.0371,0.0368,0.0383,0.0379,0.0377,0.0382,0.025,0.0326,0.0323,0.033,0.0326,0.0225,0.0022,0.0044,0.0657,0.419,0.0611,0.0692,0.182,0.1892,-0.0081,0.0617,0.4358,0.0683,0.0734,0.2039,0.2119,0.0669,0.4469,0.071,0.0785,0.2159,0.2237,0.4357,0.1294,0.14,0.2081,0.2188,0.4753,0.4741,0.4534,0.4768,0.0771,0.1981,0.2075,0.2058,0.2147,0.0083
Hmel215003o,8750001,8800000,8774967,49804,0.0261,0.0244,0.0251,0.0233,0.0072,0.0209,0.0207,0.0238,0.0241,0.0255,0.0258,0.0268,0.0397,0.0267,0.0272,0.0344,0.0341,0.0245,0.0261,0.039,0.026,0.0257,0.0345,0.0341,0.0263,0.0398,0.0261,0.0261,0.0355,0.0352,0.0383,0.0279,0.028,0.0351,0.0345,0.0392,0.0395,0.0383,0.0391,0.0239,0.0335,0.033,0.034,0.0337,0.0241,0.0055,0.0035,0.0366,0.4247,0.0677,0.0787,0.1679,0.1605,-0.0045,0.0443,0.4399,0.0724,0.0689,0.1877,0.179,0.0387,0.4378,0.0658,0.0683,0.1939,0.187,0.4578,0.1241,0.1292,0.203,0.191,0.4882,0.4935,0.4396,0.444,0.0738,0.2095,0.1989,0.2195,0.2118,0.0043
Hmel215003o,8775001,8825000,8800046,49769,0.0266,0.0247,0.0251,0.0247,0.0079,0.0212,0.0203,0.0242,0.0256,0.0262,0.0269,0.0282,0.0407,0.0266,0.0271,0.0345,0.0343,0.0251,0.027,0.0402,0.0267,0.0268,0.0346,0.0346,0.0268,0.041,0.0271,0.0269,0.0356,0.0356,0.0401,0.0283,0.0288,0.0357,0.0358,0.0406,0.0413,0.0388,0.0398,0.0243,0.0335,0.0334,0.0339,0.0339,0.0249,0.0113,0.0207,0.0446,0.4206,0.0567,0.0764,0.1596,0.1434,0.0038,0.0458,0.4396,0.0807,0.0923,0.1814,0.1668,0.0371,0.4416,0.0822,0.0904,0.1908,0.1775,0.4513,0.1144,0.1368,0.1949,0.1798,0.4888,0.5081,0.4302,0.4231,0.0843,0.2016,0.1857,0.2183,0.2037,-0.0009
Hmel215003o,8800001,8850000,8823978,46742,0.0262,0.0238,0.025,0.0249,0.0079,0.0198,0.0197,0.0238,0.024,0.0263,0.0271,0.0287,0.039,0.0262,0.027,0.0321,0.0326,0.0246,0.0271,0.0391,0.0257,0.0264,0.0333,0.0339,0.0272,0.0397,0.0268,0.0267,0.0336,0.0346,0.0391,0.0287,0.029,0.0346,0.0354,0.0389,0.0395,0.0372,0.0385,0.0229,0.0304,0.0306,0.0312,0.0318,0.0236,0.0264,0.031,0.0586,0.4073,0.0688,0.0856,0.1306,0.1375,0.0052,0.0587,0.4394,0.0883,0.1013,0.175,0.1835,0.0457,0.4313,0.0948,0.0946,0.1681,0.1812,0.4392,0.14,0.1456,0.1824,0.1912,0.4923,0.4987,0.4183,0.4313,0.0779,0.1736,0.1757,0.1879,0.1951,-0.0061
Hmel215003o,8825001,8875000,8850674,46792,0.0257,0.024,0.0246,0.0245,0.0089,0.0206,0.023,0.026,0.0267,0.026,0.026,0.028,0.0406,0.0272,0.0275,0.0345,0.0347,0.0243,0.0274,0.0414,0.0261,0.0263,0.0357,0.0357,0.0277,0.0412,0.027,0.0264,0.036,0.0363,0.0404,0.0298,0.0296,0.0366,0.037,0.04,0.0418,0.0381,0.0384,0.0259,0.0324,0.0323,0.0352,0.0352,0.0259,0.023,0.0176,0.0545,0.4195,0.085,0.0656,0.152,0.1481,0.0001,0.0636,0.4476,0.082,0.0587,0.1852,0.1789,0.0626,0.4388,0.095,0.0554,0.1853,0.1821,0.4431,0.1508,0.1179,0.1887,0.186,0.4773,0.4641,0.3885,0.3825,0.0902,0.1719,0.164,0.189,0.1827,-0.0081
Hmel215003o,8850001,8900000,8874996,49979,0.0215,0.0203,0.0208,0.0257,0.0056,0.0186,0.0196,0.0198,0.024,0.0211,0.0215,0.0266,0.0343,0.0234,0.0227,0.0309,0.0303,0.0205,0.0264,0.0351,0.0221,0.0218,0.0314,0.0305,0.0263,0.0352,0.0234,0.0223,0.0317,0.031,0.0371,0.0293,0.0287,0.0335,0.0337,0.0342,0.0351,0.0344,0.0346,0.0228,0.0294,0.0292,0.0317,0.0311,0.0219,0.0048,0.0087,0.071,0.4504,0.0825,0.0544,0.2096,0.1514,-0.0024,0.0835,0.4768,0.0694,0.0474,0.2319,0.1674,0.074,0.47,0.092,0.0525,0.2301,0.1696,0.4411,0.1578,0.1346,0.208,0.1595,0.4932,0.4884,0.4763,0.4156,0.0941,0.2214,0.1654,0.2455,0.1858,0.001
Hmel215003o,8875001,8925000,8900002,49953,0.0206,0.0194,0.0211,0.0256,0.0035,0.0157,0.0176,0.0183,0.0204,0.02,0.0213,0.0258,0.0309,0.0223,0.0217,0.0267,0.0257,0.0199,0.0251,0.0313,0.0208,0.0206,0.0278,0.0267,0.0259,0.0317,0.0225,0.0217,0.0281,0.0272,0.0337,0.0283,0.0277,0.0299,0.0298,0.0313,0.0311,0.0322,0.0324,0.0199,0.0268,0.0262,0.0271,0.0264,0.0194,0.0003,0.0102,0.068,0.4546,0.1093,0.0672,0.166,0.1191,-0.0082,0.0717,0.4803,0.0908,0.0586,0.2022,0.1551,0.0623,0.4565,0.1051,0.0596,0.1845,0.1412,0.4356,0.18,0.1431,0.1732,0.1426,0.5461,0.5092,0.5103,0.4766,0.0957,0.2352,0.1939,0.2144,0.1718,0.002
Hmel215003o,8900001,8950000,8924992,49909,0.0259,0.0246,0.026,0.027,0.0051,0.0189,0.0201,0.0234,0.0222,0.025,0.0266,0.0285,0.0372,0.0257,0.0262,0.0294,0.0287,0.0254,0.0273,0.0373,0.0251,0.0257,0.0309,0.0304,0.0289,0.038,0.026,0.0268,0.0319,0.0314,0.038,0.0297,0.0304,0.033,0.033,0.0372,0.0381,0.0365,0.0369,0.0229,0.0301,0.0296,0.0304,0.0296,0.0228,-0.0045,0.0129,0.0405,0.4281,0.0728,0.069,0.0924,0.0939,0.0015,0.0339,0.4465,0.0746,0.0741,0.1317,0.1383,0.0472,0.4355,0.0783,0.0807,0.134,0.1399,0.442,0.1472,0.1433,0.1441,0.1595,0.5273,0.5191,0.4539,0.477,0.0851,0.1829,0.1897,0.1735,0.1759,-0.0007
Hmel215003o,8925001,8975000,8949777,49439,0.025,0.0233,0.0241,0.0276,0.0067,0.0197,0.0194,0.0225,0.0223,0.0238,0.0249,0.028,0.0374,0.0244,0.025,0.0295,0.0291,0.0238,0.0266,0.0372,0.0241,0.0245,0.0299,0.0296,0.0274,0.0382,0.0246,0.0255,0.0313,0.0309,0.0389,0.029,0.0295,0.0335,0.0335,0.0381,0.0388,0.037,0.0377,0.0215,0.0292,0.0288,0.0296,0.0289,0.0223,-0.0079,0.0087,0.0379,0.4202,0.0468,0.0633,0.1154,0.1096,0.0027,0.0335,0.4409,0.0613,0.0725,0.1407,0.1376,0.0384,0.4412,0.0615,0.0851,0.1559,0.1507,0.422,0.1218,0.1337,0.1585,0.1603,0.5013,0.5122,0.4505,0.4601,0.0511,0.17,0.1664,0.1804,0.1713,-0.0012
Hmel215003o,8950001,9000000,8973659,46517,0.0236,0.0221,0.0223,0.0258,0.007,0.0193,0.0214,0.0209,0.0212,0.0228,0.0231,0.0276,0.0347,0.0235,0.0239,0.0299,0.0295,0.0221,0.0264,0.0349,0.0236,0.0236,0.0304,0.03,0.0266,0.0353,0.0243,0.0238,0.0316,0.0311,0.0373,0.0291,0.0284,0.0343,0.034,0.0355,0.0358,0.035,0.0354,0.0216,0.0282,0.0278,0.0292,0.0286,0.0212,-0.0009,0.0027,0.0616,0.4027,0.0491,0.0324,0.1555,0.1457,-0.0023,0.0588,0.4265,0.0703,0.0433,0.181,0.1715,0.0597,0.4281,0.0818,0.0456,0.1982,0.1874,0.421,0.1436,0.1047,0.2031,0.1971,0.4751,0.4471,0.445,0.4461,0.0315,0.1765,0.1673,0.1686,0.1554,0.0036
Hmel215003o,8975001,9025000,8999321,41315,0.026,0.0246,0.0244,0.0251,0.0056,0.0214,0.0238,0.0233,0.0219,0.0249,0.0251,0.0299,0.0346,0.0248,0.0251,0.0321,0.0315,0.0246,0.0287,0.0352,0.0257,0.0254,0.0331,0.0323,0.029,0.0348,0.026,0.0252,0.0341,0.0331,0.0377,0.0312,0.0303,0.0367,0.0363,0.0336,0.0346,0.0349,0.0348,0.0237,0.0305,0.0298,0.0321,0.0309,0.0225,-0.0082,-0.0032,0.0797,0.3873,0.0244,0.0042,0.1394,0.1429,0.0019,0.0753,0.4145,0.0585,0.0253,0.1687,0.1707,0.0832,0.4134,0.0671,0.0234,0.1865,0.1861,0.4536,0.1571,0.1129,0.2158,0.2261,0.4428,0.4186,0.4308,0.4485,0.0258,0.1637,0.1662,0.1618,0.1582,-0.0012
Hmel215003o,9000001,9050000,9027010,43298,0.0276,0.026,0.0269,0.0266,0.0077,0.022,0.0244,0.0218,0.0243,0.0265,0.027,0.0328,0.0377,0.0271,0.027,0.034,0.0339,0.0261,0.0302,0.0373,0.0272,0.0265,0.0325,0.0326,0.0316,0.0375,0.027,0.027,0.0338,0.0338,0.0405,0.0331,0.0328,0.0353,0.0359,0.0373,0.038,0.0399,0.0391,0.0253,0.0298,0.0306,0.0322,0.0319,0.0231,-0.0064,-0.0052,0.0966,0.3775,0.0463,0.0194,0.1676,0.1402,-0.0068,0.0732,0.3935,0.0662,0.027,0.1609,0.1363,0.0858,0.3844,0.0525,0.0284,0.1711,0.1463,0.4354,0.1664,0.1338,0.1996,0.1798,0.4453,0.4217,0.4755,0.4349,0.0454,0.1605,0.146,0.1729,0.1423,0.0004
Hmel215003o,9025001,9075000,9049121,43452,0.0246,0.0231,0.0238,0.0258,0.0071,0.0195,0.0231,0.0184,0.021,0.0235,0.0238,0.0305,0.0338,0.0248,0.0244,0.0312,0.0317,0.0229,0.0287,0.0331,0.0255,0.0239,0.0302,0.0305,0.0301,0.0333,0.0248,0.0245,0.0312,0.0318,0.0368,0.0312,0.0308,0.0324,0.0333,0.0339,0.0345,0.037,0.0366,0.0244,0.0275,0.0286,0.0297,0.0299,0.0199,-0.0075,-0.0106,0.1011,0.3766,0.0631,0.0111,0.1924,0.172,-0.0138,0.0888,0.3887,0.0946,0.0173,0.1954,0.169,0.1042,0.3807,0.0709,0.0226,0.2025,0.1827,0.4162,0.1755,0.1232,0.2074,0.1891,0.4522,0.406,0.5038,0.4616,0.0707,0.1938,0.1795,0.1869,0.1587,0.0057
Hmel215003o,9050001,9100000,9076986,41283,0.0268,0.0255,0.0246,0.0272,0.0069,0.0219,0.0231,0.0244,0.0236,0.0259,0.026,0.0296,0.0367,0.0265,0.0276,0.0337,0.0337,0.0255,0.0291,0.036,0.0277,0.0279,0.035,0.0344,0.0294,0.0361,0.0268,0.027,0.0345,0.0342,0.0373,0.0306,0.0316,0.0351,0.0351,0.0359,0.0365,0.0373,0.0369,0.0259,0.0326,0.0326,0.034,0.0336,0.0238,-0.0044,0.0067,0.0495,0.3857,0.0455,0.0534,0.145,0.152,0.0087,0.0554,0.3944,0.0828,0.0735,0.1765,0.1764,0.071,0.4081,0.0749,0.0651,0.179,0.1826,0.4081,0.1244,0.1256,0.1627,0.1725,0.4435,0.4329,0.4243,0.4304,0.075,0.1786,0.188,0.1864,0.1887,-0.0046
Hmel215003o,9075001,9125000,9101498,46818,0.0314,0.0298,0.0292,0.03,0.0085,0.0235,0.0222,0.0287,0.0282,0.0307,0.0311,0.0329,0.0412,0.0319,0.0325,0.0382,0.0378,0.0298,0.032,0.0409,0.0327,0.0336,0.0399,0.0391,0.0317,0.042,0.0327,0.0325,0.0399,0.0394,0.0415,0.0349,0.0355,0.0403,0.0396,0.0419,0.0427,0.0418,0.0407,0.0265,0.036,0.0356,0.0371,0.0367,0.0282,0.0014,0.0145,0.0336,0.3624,0.0794,0.1026,0.1269,0.1255,0.0055,0.0351,0.3774,0.1081,0.135,0.1624,0.1569,0.0383,0.3957,0.1142,0.1249,0.1684,0.1671,0.4,0.1476,0.1705,0.1643,0.1611,0.4628,0.4877,0.3992,0.3943,0.0786,0.1684,0.1686,0.1967,0.1969,-0.0049
Hmel215003o,9100001,9150000,9124999,49972,0.0292,0.0285,0.0266,0.0309,0.0088,0.024,0.0202,0.0259,0.0257,0.0286,0.0285,0.0329,0.0423,0.0308,0.0316,0.0377,0.0378,0.0272,0.0319,0.0428,0.0319,0.0336,0.0393,0.0391,0.0318,0.0437,0.0316,0.0321,0.0392,0.039,0.0429,0.0362,0.0375,0.0411,0.0409,0.0432,0.0443,0.0429,0.0421,0.0257,0.0345,0.0343,0.0334,0.0333,0.0256,-0.0042,0.0104,0.0497,0.3957,0.0776,0.1293,0.1634,0.1671,-0.0059,0.0416,0.409,0.1042,0.1683,0.1915,0.1907,0.06,0.4385,0.1169,0.1645,0.2072,0.2068,0.4003,0.1525,0.2107,0.1958,0.1957,0.4659,0.5225,0.4393,0.4341,0.0803,0.1695,0.1686,0.1928,0.1932,-0.004
Hmel215003o,9125001,9175000,9149611,48801,0.0236,0.0228,0.0208,0.0318,0.0078,0.0219,0.0193,0.0206,0.0215,0.0227,0.0221,0.0305,0.0376,0.0255,0.027,0.033,0.0329,0.0215,0.0299,0.0374,0.027,0.0289,0.0343,0.0338,0.0303,0.0376,0.0258,0.0272,0.0339,0.0335,0.0405,0.0338,0.036,0.0378,0.0377,0.0378,0.0391,0.0386,0.0386,0.0237,0.0287,0.0293,0.028,0.0283,0.0209,-0.0107,-0.0028,0.0648,0.4269,0.0615,0.1218,0.2087,0.1974,-0.0075,0.065,0.436,0.1011,0.1671,0.2362,0.2201,0.0926,0.4649,0.1005,0.1602,0.2528,0.2383,0.3803,0.1346,0.194,0.2036,0.193,0.4518,0.5016,0.4784,0.4668,0.0734,0.1579,0.1586,0.176,0.1715,-0.0043
Hmel215003o,9150001,9200000,9175137,48585,0.0213,0.0206,0.0192,0.0302,0.0079,0.0173,0.0185,0.02,0.0212,0.0208,0.0203,0.0285,0.0348,0.0241,0.0237,0.0317,0.0311,0.0199,0.028,0.0343,0.0247,0.0243,0.0317,0.0309,0.0276,0.0344,0.0239,0.0235,0.0323,0.0317,0.0388,0.0307,0.0308,0.0362,0.0355,0.0355,0.0359,0.0362,0.0362,0.02,0.0273,0.0276,0.0282,0.0284,0.0203,-0.0048,0.0016,0.0692,0.4249,0.1168,0.0916,0.2216,0.1978,0.0018,0.0701,0.4297,0.1399,0.1165,0.231,0.2032,0.0786,0.4518,0.1422,0.1162,0.2571,0.2329,0.3777,0.1548,0.1427,0.2018,0.1789,0.4927,0.4796,0.4599,0.4433,0.0589,0.1985,0.1882,0.1992,0.1875,-0.0089
Hmel215003o,9175001,9225000,9199936,49514,0.0196,0.0203,0.0188,0.025,0.0082,0.0192,0.0182,0.0201,0.0212,0.0199,0.0196,0.0247,0.0349,0.0237,0.0224,0.0327,0.0317,0.0196,0.0244,0.035,0.0235,0.0226,0.032,0.0314,0.0239,0.0346,0.0236,0.022,0.0325,0.0316,0.0366,0.0273,0.0266,0.0348,0.034,0.0354,0.0353,0.0351,0.0348,0.0208,0.0288,0.0285,0.0298,0.0292,0.0204,-0.0026,0.0108,0.0643,0.446,0.1062,0.0889,0.2568,0.2292,0.0016,0.048,0.4367,0.0915,0.0849,0.2373,0.2143,0.0586,0.4545,0.1132,0.0914,0.2629,0.2367,0.4068,0.1197,0.1211,0.2275,0.2034,0.4568,0.4702,0.441,0.4218,0.0558,0.1988,0.1798,0.2281,0.204,-0.0062
Hmel215003o,9200001,9250000,9224677,46861,0.0217,0.0208,0.0203,0.0248,0.0078,0.0232,0.019,0.0209,0.0214,0.0211,0.0209,0.0249,0.0345,0.0247,0.0228,0.0319,0.0306,0.0202,0.0243,0.0349,0.0243,0.0225,0.032,0.031,0.0247,0.0336,0.0243,0.0223,0.0313,0.03,0.0359,0.0281,0.0263,0.0338,0.0331,0.0356,0.035,0.0351,0.0346,0.024,0.0304,0.0297,0.0302,0.0293,0.0214,-0.0035,-0.0035,0.0422,0.4167,0.051,0.0618,0.209,0.184,-0.009,0.0431,0.4339,0.052,0.0657,0.2216,0.1996,0.0577,0.4262,0.0596,0.0665,0.2165,0.1904,0.4074,0.085,0.1079,0.2063,0.1907,0.4092,0.4621,0.435,0.4216,0.0695,0.1685,0.1509,0.2151,0.1935,0.0061
Hmel215003o,9225001,9275000,9250920,46215,0.0242,0.0228,0.024,0.026,0.008,0.0231,0.0208,0.0265,0.0251,0.0237,0.0241,0.0275,0.0399,0.0258,0.025,0.0343,0.0336,0.0232,0.0264,0.041,0.0252,0.0241,0.035,0.0343,0.0275,0.0401,0.026,0.0247,0.0349,0.0339,0.0399,0.029,0.0279,0.0357,0.0353,0.0402,0.0407,0.0398,0.0391,0.026,0.0344,0.0335,0.0344,0.0338,0.0258,0.0037,-0.0005,0.0503,0.4422,0.047,0.0555,0.1579,0.1628,-0.005,0.0481,0.4703,0.0491,0.0531,0.1827,0.1869,0.0527,0.446,0.0533,0.0521,0.1691,0.1691,0.4326,0.0929,0.1017,0.157,0.1683,0.4597,0.4944,0.4113,0.422,0.0896,0.1715,0.1725,0.1956,0.202,-0.0005
Hmel215003o,9250001,9300000,9274959,48162,0.0264,0.025,0.0264,0.0264,0.0076,0.0225,0.0225,0.0294,0.0269,0.0262,0.027,0.0292,0.0404,0.0273,0.0275,0.0363,0.0348,0.0256,0.028,0.0417,0.0266,0.0266,0.0375,0.0362,0.0289,0.0415,0.0276,0.0271,0.0382,0.0366,0.0402,0.029,0.0293,0.0373,0.0362,0.0398,0.0418,0.0403,0.0389,0.0263,0.0362,0.0349,0.0374,0.0362,0.028,0.0088,0.0112,0.0522,0.4225,0.0587,0.0629,0.138,0.1404,-0.0016,0.0473,0.4534,0.0605,0.0602,0.1672,0.1742,0.0468,0.4348,0.0651,0.0559,0.1648,0.1659,0.4363,0.0955,0.1012,0.1452,0.1574,0.4672,0.4862,0.3855,0.4004,0.0824,0.1737,0.18,0.1913,0.1998,-0.0037
Hmel215003o,9275001,9325000,9300257,49039,0.0303,0.0276,0.0276,0.027,0.0076,0.025,0.025,0.0283,0.0267,0.0292,0.0295,0.031,0.0396,0.0299,0.0302,0.0369,0.0355,0.0276,0.0295,0.0403,0.0286,0.0293,0.0382,0.0368,0.0297,0.0399,0.0293,0.0295,0.0386,0.0373,0.0392,0.0303,0.0315,0.0377,0.0363,0.0405,0.0411,0.0406,0.0394,0.0277,0.0378,0.0364,0.0378,0.0362,0.0277,0.0051,0.0102,0.0356,0.3678,0.0415,0.0469,0.1221,0.1164,0.0008,0.0395,0.4076,0.0452,0.0573,0.163,0.1585,0.043,0.404,0.0587,0.0613,0.1687,0.1661,0.4204,0.0834,0.1025,0.1577,0.1562,0.4426,0.4485,0.403,0.4098,0.0548,0.1831,0.1788,0.1818,0.1755,0.003
Hmel215003o,9300001,9350000,9325001,49926,0.028,0.0268,0.0265,0.0286,0.0072,0.0251,0.0236,0.026,0.0255,0.0277,0.0276,0.0309,0.037,0.0289,0.0292,0.035,0.0339,0.0265,0.0303,0.0377,0.0281,0.0292,0.0361,0.0347,0.0307,0.0369,0.0285,0.0281,0.0362,0.0353,0.0376,0.0317,0.0337,0.0367,0.0363,0.0383,0.0378,0.0382,0.0374,0.0278,0.0359,0.0345,0.0349,0.0334,0.0262,0.0046,0.0063,0.047,0.3701,0.0451,0.0656,0.1364,0.1241,-0.002,0.0509,0.3937,0.0414,0.0794,0.1635,0.1485,0.0605,0.3888,0.0532,0.0617,0.1689,0.1605,0.3907,0.0928,0.1408,0.1562,0.1569,0.4223,0.437,0.409,0.4067,0.0709,0.1763,0.1624,0.1784,0.162,0.0081
Hmel215003o,9325001,9375000,9349997,49590,0.0274,0.0268,0.0266,0.0283,0.0067,0.0247,0.0222,0.0248,0.0233,0.0273,0.0277,0.0306,0.0367,0.0287,0.0286,0.034,0.0335,0.0266,0.0301,0.0367,0.0285,0.0287,0.0345,0.0338,0.0307,0.0363,0.0282,0.0275,0.0351,0.0345,0.0367,0.0322,0.0328,0.0355,0.0359,0.0364,0.036,0.0377,0.0372,0.0272,0.0338,0.0332,0.0344,0.0339,0.0248,0.0042,0.0143,0.0508,0.3804,0.0522,0.0754,0.1382,0.1474,-0.0018,0.0497,0.3884,0.0541,0.0838,0.1524,0.1577,0.0625,0.3868,0.0508,0.0641,0.163,0.1703,0.3909,0.1063,0.1461,0.1555,0.1782,0.4124,0.4435,0.4252,0.4407,0.0781,0.1625,0.1693,0.1985,0.2083,0.0172
Hmel215003o,9350001,9400000,9374634,48378,0.0277,0.0272,0.0261,0.0279,0.0058,0.0232,0.0219,0.0224,0.0202,0.0276,0.0276,0.0303,0.0384,0.0273,0.0275,0.0329,0.0325,0.0268,0.0295,0.0386,0.0278,0.0276,0.0339,0.0335,0.0298,0.0387,0.0267,0.027,0.0336,0.0331,0.0381,0.0311,0.0312,0.0352,0.0347,0.0382,0.0385,0.0395,0.039,0.025,0.0317,0.031,0.0325,0.0321,0.0219,0.0028,0.0131,0.046,0.4079,0.0378,0.0547,0.1426,0.1603,0.002,0.0371,0.417,0.0527,0.0619,0.1639,0.1813,0.0552,0.4318,0.0432,0.0616,0.1699,0.1855,0.4231,0.1104,0.1273,0.1811,0.1994,0.4661,0.4871,0.4904,0.5157,0.0555,0.1729,0.1865,0.2006,0.2183,0.0156
Hmel215003o,9375001,9425000,9400126,48721,0.0255,0.0262,0.0256,0.0282,0.0063,0.0223,0.022,0.0233,0.0211,0.026,0.0256,0.0295,0.0363,0.0256,0.0255,0.0323,0.0321,0.0257,0.029,0.0375,0.0269,0.0262,0.0339,0.0339,0.0296,0.0378,0.026,0.0257,0.0335,0.0332,0.0376,0.0308,0.0305,0.0361,0.0357,0.0375,0.0376,0.0376,0.0374,0.0241,0.0319,0.0315,0.0318,0.0315,0.0223,0.0024,0.0011,0.0537,0.4055,0.0366,0.0367,0.1471,0.167,-0.0038,0.037,0.4104,0.0557,0.0437,0.1652,0.1881,0.0543,0.4226,0.043,0.0406,0.1646,0.1841,0.4075,0.1129,0.112,0.1807,0.2007,0.4639,0.4696,0.4518,0.4805,0.0455,0.1752,0.1945,0.1772,0.1983,0.0038
Hmel215003o,9400001,9450000,9424999,49980,0.0257,0.0248,0.0265,0.0273,0.0068,0.0225,0.0234,0.0246,0.0227,0.0251,0.026,0.0286,0.0359,0.0259,0.0261,0.0332,0.0335,0.0254,0.0281,0.0364,0.0265,0.0261,0.0338,0.0342,0.0291,0.0373,0.0268,0.0265,0.0343,0.0348,0.0366,0.03,0.0301,0.0355,0.0356,0.0363,0.0368,0.0363,0.037,0.0248,0.0326,0.0328,0.033,0.0338,0.0242,-0.0024,-0.0014,0.0424,0.3932,0.0391,0.0332,0.1462,0.1699,-0.004,0.0444,0.4114,0.0613,0.0418,0.1638,0.1896,0.0429,0.399,0.0473,0.032,0.1543,0.1814,0.4004,0.1062,0.0967,0.1653,0.1877,0.4421,0.4341,0.4123,0.4459,0.0413,0.1709,0.1941,0.166,0.1978,0.0107
Hmel215003o,9425001,9475000,9449955,49745,0.023,0.0211,0.0229,0.0281,0.007,0.0193,0.0195,0.0215,0.0205,0.0218,0.0229,0.0284,0.0344,0.0228,0.0236,0.031,0.0308,0.0218,0.0282,0.0344,0.0226,0.023,0.0309,0.0306,0.0284,0.0348,0.023,0.0231,0.0314,0.0313,0.0355,0.0292,0.0295,0.0344,0.0339,0.0337,0.0341,0.0339,0.0346,0.0213,0.0297,0.0292,0.0301,0.0304,0.0214,-0.0066,-0.0021,0.0645,0.4068,0.0382,0.0538,0.1739,0.1809,-0.0055,0.0831,0.435,0.0592,0.0642,0.1929,0.2007,0.0664,0.4139,0.0439,0.0458,0.1806,0.1916,0.3748,0.1228,0.1258,0.1786,0.1833,0.4534,0.4549,0.4244,0.4471,0.0491,0.1959,0.199,0.2004,0.2175,0.0117
Hmel215003o,9450001,9500000,9474952,49253,0.0261,0.0243,0.0254,0.0359,0.0075,0.0279,0.0222,0.0266,0.0259,0.0246,0.0253,0.0342,0.0399,0.0295,0.028,0.0371,0.0356,0.0237,0.033,0.04,0.0289,0.0284,0.0376,0.0358,0.033,0.0389,0.0279,0.0268,0.0367,0.0352,0.0436,0.0378,0.0366,0.0423,0.0413,0.0407,0.0381,0.0411,0.0401,0.026,0.0367,0.0354,0.035,0.034,0.0257,-0.0113,-0.0106,0.067,0.4231,0.0462,0.0771,0.1793,0.1643,-0.025,0.0683,0.448,0.0553,0.1053,0.2033,0.1854,0.055,0.4211,0.0239,0.0626,0.1804,0.1643,0.376,0.0994,0.1386,0.1683,0.1626,0.4094,0.4545,0.4298,0.4272,0.0183,0.1563,0.1442,0.1873,0.1796,-0.0107
Hmel215003o,9475001,9525000,9498947,47014,0.0424,0.0383,0.038,0.0514,0.0184,0.045,0.034,0.0379,0.0374,0.0383,0.0384,0.0488,0.0509,0.0445,0.0406,0.0481,0.0464,0.0354,0.0458,0.0496,0.0431,0.0395,0.0476,0.0455,0.0458,0.0476,0.0422,0.0378,0.0457,0.0441,0.0552,0.0521,0.0482,0.0534,0.0528,0.0524,0.0474,0.0515,0.0503,0.0391,0.0478,0.0464,0.0426,0.0414,0.036,-0.0282,-0.0245,0.0303,0.2644,0.0096,0.0323,0.0953,0.0795,-0.0405,0.0265,0.2852,0.0187,0.048,0.1173,0.0976,0.0289,0.268,0.0096,0.0263,0.0978,0.0827,0.2627,0.0472,0.0826,0.1061,0.1041,0.2581,0.3009,0.3066,0.299,-0.0054,0.0753,0.0628,0.0903,0.0783,-0.0248
Hmel215003o,9500001,9550000,9524983,46861,0.045,0.0392,0.0373,0.055,0.0261,0.0438,0.0341,0.0352,0.0334,0.0393,0.0388,0.0518,0.052,0.0426,0.0393,0.0445,0.0432,0.0353,0.0491,0.0501,0.0409,0.0366,0.0421,0.0406,0.048,0.048,0.0403,0.0357,0.0411,0.0398,0.0566,0.0522,0.048,0.0516,0.0513,0.0531,0.0478,0.0514,0.0508,0.0384,0.0434,0.0419,0.0398,0.0381,0.032,-0.0377,-0.0315,0.0288,0.1979,-0.0221,-0.0037,0.0556,0.0519,-0.0433,0.0396,0.2216,-0.0083,-0.0013,0.0657,0.0596,0.0404,0.2154,-0.0026,0.0004,0.0671,0.0627,0.1979,0.0406,0.0631,0.0915,0.1,0.2167,0.2388,0.2657,0.2738,-0.0074,0.0506,0.0437,0.0743,0.0648,-0.0369
Hmel215003o,9525001,9575000,9550108,48689,0.0464,0.0398,0.0371,0.0561,0.0251,0.0465,0.0372,0.0335,0.0301,0.0397,0.0387,0.0516,0.0526,0.0441,0.0401,0.0448,0.0428,0.0356,0.0492,0.0502,0.0416,0.037,0.0421,0.0396,0.0475,0.0487,0.0405,0.0359,0.0408,0.0385,0.059,0.0536,0.0492,0.0517,0.0504,0.054,0.0489,0.0528,0.0513,0.0411,0.044,0.0418,0.0429,0.04,0.0296,-0.0432,-0.041,0.0141,0.2013,-0.0278,-0.0215,0.0619,0.0592,-0.0419,0.031,0.2258,-0.02,-0.0219,0.0735,0.0653,0.0316,0.2318,-0.0167,-0.0185,0.0768,0.0711,0.2181,0.0321,0.0489,0.0978,0.1085,0.2133,0.2335,0.3002,0.3141,-0.01,0.0507,0.0456,0.1026,0.0906,-0.0386
Hmel215003o,9550001,9600000,9575204,49180,0.052,0.0467,0.0441,0.0617,0.0249,0.0543,0.0426,0.0364,0.034,0.0453,0.0445,0.0563,0.0562,0.05,0.045,0.0493,0.048,0.0417,0.0537,0.0536,0.048,0.0424,0.048,0.0458,0.0527,0.052,0.0472,0.0413,0.0464,0.0446,0.0637,0.0592,0.0535,0.0565,0.0551,0.0569,0.0524,0.057,0.0552,0.0465,0.051,0.0496,0.0479,0.0459,0.033,-0.0454,-0.0412,0.0039,0.1971,-0.0321,-0.0267,0.0581,0.0578,-0.0455,0.0102,0.2097,-0.0268,-0.0278,0.0764,0.0669,0.0162,0.2131,-0.0218,-0.026,0.0751,0.0704,0.2269,0.0176,0.0323,0.0975,0.1,0.1895,0.2278,0.3142,0.318,-0.0218,0.0628,0.0618,0.1016,0.0958,-0.035
Hmel215003o,9575001,9625000,9600010,49752,0.0523,0.0464,0.0439,0.0603,0.025,0.0529,0.0428,0.0367,0.0358,0.0456,0.0446,0.0554,0.0571,0.0493,0.0452,0.0495,0.0488,0.0417,0.0526,0.0549,0.0473,0.0423,0.048,0.0468,0.0514,0.053,0.0463,0.0411,0.0462,0.0453,0.0635,0.0573,0.0521,0.0566,0.0557,0.0571,0.054,0.059,0.0579,0.0454,0.0509,0.05,0.0466,0.0457,0.0337,-0.0427,-0.0405,-0.0008,0.2031,-0.035,-0.0272,0.0566,0.0542,-0.0428,0.0075,0.2231,-0.026,-0.0287,0.0767,0.0688,0.0098,0.2229,-0.0242,-0.0294,0.0721,0.0677,0.2316,0.0137,0.0239,0.1027,0.1004,0.1988,0.2402,0.3275,0.3258,-0.0285,0.0674,0.0638,0.0841,0.0799,-0.0392
Hmel215003o,9600001,9650000,9625026,49913,0.0524,0.0465,0.0445,0.0548,0.0216,0.0515,0.0446,0.0374,0.0361,0.0458,0.045,0.0527,0.0565,0.0486,0.0462,0.0503,0.0495,0.042,0.0499,0.0541,0.0466,0.0428,0.0484,0.0474,0.0485,0.0527,0.0462,0.0419,0.047,0.0462,0.0603,0.0537,0.0503,0.0533,0.0527,0.0568,0.0536,0.0579,0.0573,0.0465,0.0496,0.0489,0.0477,0.0471,0.0339,-0.0405,-0.0394,-0.006,0.2198,-0.0355,-0.0262,0.0603,0.0598,-0.0428,0.001,0.2393,-0.0267,-0.0334,0.0758,0.0738,-0.0001,0.2405,-0.0206,-0.0333,0.0729,0.073,0.2599,0.0092,0.017,0.0935,0.0967,0.2279,0.2483,0.3391,0.3448,-0.0179,0.058,0.0586,0.08,0.0819,-0.0424
Hmel215003o,9625001,9675000,9649977,49923,0.0489,0.0449,0.0435,0.054,0.0194,0.0473,0.0416,0.0369,0.0354,0.0434,0.0434,0.0509,0.052,0.0452,0.0435,0.0479,0.047,0.0405,0.0489,0.05,0.0436,0.0408,0.0472,0.0462,0.0487,0.0487,0.0441,0.0401,0.0475,0.0465,0.0569,0.0524,0.0491,0.0521,0.0515,0.0529,0.0479,0.0533,0.0526,0.0435,0.0469,0.0461,0.0463,0.0458,0.0336,-0.0418,-0.0337,-0.0003,0.2184,-0.0338,-0.0217,0.0589,0.0578,-0.0467,0.0049,0.2288,-0.0289,-0.0315,0.0766,0.0751,0.0109,0.2264,-0.0152,-0.0318,0.0885,0.0874,0.2542,0.025,0.0279,0.089,0.0935,0.2387,0.2335,0.323,0.3297,-0.0112,0.0581,0.0576,0.0878,0.0925,-0.0383
Hmel215003o,9650001,9700000,9674904,49558,0.0477,0.0445,0.0432,0.0579,0.0268,0.0492,0.0388,0.0396,0.0387,0.0426,0.0424,0.0517,0.0527,0.0456,0.0413,0.0486,0.0473,0.0403,0.0504,0.0513,0.0442,0.0395,0.0475,0.0461,0.0503,0.0502,0.0444,0.0387,0.048,0.0467,0.0582,0.0547,0.0494,0.0559,0.0551,0.0541,0.0484,0.055,0.0538,0.0425,0.0485,0.0472,0.0456,0.0445,0.0367,-0.042,-0.0372,0.0,0.1816,-0.0322,-0.0244,0.0567,0.0483,-0.0456,0.0061,0.1902,-0.0315,-0.0287,0.0641,0.0545,0.0132,0.1891,-0.0209,-0.0306,0.0783,0.07,0.1915,0.0205,0.0319,0.0885,0.0874,0.1847,0.2027,0.2592,0.2552,-0.0188,0.0473,0.0384,0.0794,0.0732,-0.035
Hmel215003o,9675001,9725000,9700072,49634,0.0522,0.0497,0.0478,0.0623,0.0326,0.0571,0.0428,0.0433,0.041,0.0469,0.0461,0.0561,0.0581,0.0511,0.0448,0.052,0.0503,0.0446,0.0547,0.0571,0.0501,0.0434,0.051,0.049,0.0539,0.0562,0.0496,0.0426,0.0501,0.0483,0.0633,0.0598,0.0532,0.0588,0.0572,0.0601,0.0544,0.06,0.058,0.0478,0.0545,0.0527,0.0489,0.0469,0.0394,-0.0436,-0.0433,-0.001,0.1651,-0.0362,-0.0312,0.0448,0.0405,-0.0473,0.0007,0.171,-0.0343,-0.0332,0.0495,0.0413,0.0035,0.1747,-0.0298,-0.0323,0.0508,0.0442,0.173,0.0053,0.0271,0.0733,0.0733,0.1527,0.1917,0.2359,0.2353,-0.0231,0.043,0.0383,0.0681,0.0607,-0.0359
Hmel215003o,9700001,9750000,9724928,49813,0.0529,0.0495,0.0476,0.0616,0.0308,0.0552,0.0424,0.0436,0.0419,0.0471,0.0463,0.0561,0.058,0.0509,0.0451,0.0515,0.0503,0.0444,0.0541,0.0563,0.0496,0.0436,0.0508,0.0493,0.0533,0.0558,0.049,0.0426,0.0498,0.0483,0.0631,0.0587,0.0532,0.0579,0.0567,0.0595,0.0543,0.059,0.0581,0.0469,0.0533,0.0519,0.0479,0.0464,0.0398,-0.0447,-0.0435,-0.0025,0.1706,-0.0324,-0.029,0.0338,0.0316,-0.0477,-0.0019,0.1763,-0.0288,-0.0284,0.0458,0.0397,0.0022,0.1837,-0.0251,-0.0293,0.0465,0.0408,0.1858,0.0087,0.0317,0.0664,0.0659,0.17,0.2048,0.2376,0.2417,-0.0209,0.0405,0.0357,0.0573,0.0514,-0.0381
Hmel215003o,9725001,9775000,9749982,49710,0.05,0.0452,0.0445,0.0581,0.0269,0.0499,0.0403,0.0418,0.0406,0.0441,0.0435,0.0533,0.0556,0.0476,0.0432,0.049,0.0482,0.0413,0.0504,0.0529,0.0463,0.0415,0.0478,0.0467,0.0504,0.0528,0.0461,0.0404,0.0473,0.0464,0.0586,0.0547,0.0505,0.0549,0.0545,0.0556,0.0521,0.056,0.0558,0.044,0.0489,0.048,0.0453,0.0442,0.0383,-0.0405,-0.0437,0.0007,0.1928,-0.0258,-0.0228,0.0344,0.0332,-0.0443,0.0007,0.1995,-0.0139,-0.0163,0.0497,0.0452,0.0053,0.2036,-0.0127,-0.025,0.0488,0.0464,0.1928,0.0151,0.0323,0.0655,0.0693,0.1932,0.2273,0.2517,0.2589,-0.013,0.0345,0.0313,0.0521,0.0473,-0.0393
Hmel215003o,9750001,9800000,9774945,49585,0.046,0.0419,0.041,0.056,0.0247,0.0455,0.0372,0.0362,0.036,0.0408,0.0402,0.0511,0.0527,0.0441,0.0407,0.0456,0.0444,0.0379,0.0485,0.0502,0.0433,0.0388,0.0453,0.0439,0.0486,0.0497,0.043,0.0382,0.0445,0.0433,0.056,0.0524,0.0485,0.0525,0.0519,0.0518,0.0495,0.0529,0.052,0.0401,0.0446,0.0438,0.0418,0.0405,0.0336,-0.0396,-0.0426,0.0122,0.2073,-0.0192,-0.0114,0.0548,0.0421,-0.0488,0.0107,0.2128,-0.0057,-0.0105,0.0781,0.0628,0.0183,0.2145,-0.0038,-0.0132,0.0755,0.0618,0.1977,0.028,0.0419,0.0881,0.0835,0.2023,0.2423,0.2816,0.275,-0.0163,0.0459,0.0384,0.0683,0.0534,-0.0387
Hmel215003o,9775001,9825000,9799393,47742,0.039,0.0367,0.0354,0.0495,0.0202,0.039,0.0316,0.03,0.0306,0.0356,0.0351,0.0476,0.0482,0.0405,0.0369,0.0426,0.0412,0.0334,0.0464,0.0465,0.0398,0.0356,0.043,0.0416,0.0459,0.0458,0.0394,0.0353,0.0424,0.0411,0.0546,0.0503,0.0457,0.0483,0.0475,0.0473,0.047,0.0506,0.0502,0.0363,0.041,0.0398,0.0372,0.0357,0.0288,-0.0332,-0.0298,0.0505,0.2511,0.0198,0.0239,0.1111,0.0898,-0.0415,0.0527,0.2524,0.026,0.0222,0.1333,0.1114,0.0573,0.2576,0.0312,0.0287,0.1373,0.116,0.2557,0.0784,0.083,0.1227,0.11,0.2424,0.303,0.3521,0.3423,0.0154,0.0918,0.0715,0.0996,0.0729,-0.0282
Hmel215003o,9800001,9850000,9825294,47890,0.0284,0.0267,0.0252,0.0422,0.0128,0.0314,0.023,0.024,0.0251,0.0263,0.0263,0.0419,0.0409,0.0348,0.0331,0.0401,0.038,0.025,0.0414,0.0391,0.0341,0.0322,0.0403,0.0383,0.0412,0.0395,0.0343,0.0325,0.0403,0.0386,0.0485,0.046,0.0433,0.0444,0.0436,0.0407,0.0417,0.0456,0.0447,0.0319,0.0363,0.0347,0.0315,0.0305,0.0239,-0.0233,-0.0102,0.1068,0.3451,0.0808,0.134,0.2201,0.1836,-0.0196,0.1153,0.3444,0.0851,0.1373,0.2389,0.2038,0.1258,0.365,0.1022,0.157,0.2537,0.2217,0.3147,0.1282,0.1693,0.1725,0.1543,0.3111,0.4159,0.4414,0.4211,0.0849,0.1423,0.109,0.1526,0.1255,-0.0147
Hmel215003o,9825001,9875000,9850051,49810,0.0244,0.0214,0.019,0.0399,0.0102,0.0206,0.0142,0.0199,0.0226,0.0225,0.0223,0.0383,0.0378,0.0288,0.0292,0.035,0.0337,0.0196,0.0387,0.0369,0.0287,0.0289,0.0345,0.0336,0.0398,0.0373,0.0283,0.0282,0.0343,0.0334,0.0461,0.0414,0.0418,0.0435,0.043,0.0367,0.0369,0.0396,0.038,0.0196,0.0285,0.0276,0.0265,0.026,0.021,-0.0104,0.0157,0.1126,0.3876,0.1306,0.2142,0.2367,0.1886,-0.016,0.1462,0.4157,0.1628,0.2488,0.2634,0.2198,0.1835,0.4541,0.1854,0.2718,0.2891,0.2444,0.3359,0.1851,0.2522,0.2158,0.1855,0.4242,0.5187,0.4645,0.4127,0.0626,0.1784,0.128,0.228,0.1809,-0.0068
Hmel215003o,9850001,9900000,9875008,49973,0.0231,0.0157,0.017,0.0332,0.0061,0.016,0.0111,0.0172,0.019,0.02,0.0208,0.0367,0.0342,0.026,0.0247,0.0324,0.0321,0.0161,0.0388,0.0335,0.0263,0.0239,0.0321,0.032,0.0394,0.0337,0.0257,0.0225,0.0314,0.0313,0.0422,0.0373,0.0395,0.0396,0.0395,0.032,0.0332,0.0344,0.0339,0.0184,0.0266,0.0261,0.0259,0.0259,0.0182,0.0157,0.0186,0.1516,0.4168,0.1505,0.1929,0.2442,0.2186,-0.0067,0.2576,0.5248,0.2611,0.2963,0.3362,0.3101,0.2507,0.5054,0.2288,0.2433,0.3082,0.2823,0.4032,0.2363,0.3183,0.2502,0.2304,0.5023,0.6037,0.5089,0.4747,0.16,0.2433,0.2073,0.3077,0.2769,0.0017
Hmel215003o,9875001,9925000,9900000,50000,0.0206,0.0148,0.0173,0.025,0.0058,0.0158,0.0132,0.015,0.0162,0.018,0.019,0.0315,0.0319,0.0243,0.0217,0.0303,0.0297,0.0158,0.0328,0.0313,0.0242,0.0203,0.0301,0.0297,0.0327,0.0316,0.0242,0.02,0.0298,0.0294,0.0366,0.0324,0.0336,0.0335,0.0332,0.0314,0.0318,0.0323,0.032,0.0208,0.0256,0.0255,0.0254,0.0258,0.016,0.0105,0.0001,0.174,0.4314,0.1511,0.1323,0.2723,0.2467,-0.0079,0.2694,0.5215,0.238,0.1944,0.3523,0.3274,0.2336,0.48,0.196,0.1433,0.3098,0.2863,0.4417,0.2492,0.3023,0.2757,0.2548,0.505,0.557,0.5295,0.5047,0.1884,0.2602,0.2393,0.3002,0.2868,0.0132
Hmel215003o,9900001,9950000,9924991,49968,0.0185,0.018,0.0189,0.0246,0.0059,0.014,0.018,0.0152,0.0164,0.0182,0.0186,0.0304,0.0348,0.0221,0.0212,0.0321,0.0312,0.0183,0.0311,0.0347,0.0223,0.021,0.032,0.0314,0.0307,0.0343,0.0215,0.0208,0.0313,0.0308,0.0376,0.0324,0.0316,0.0331,0.0325,0.0351,0.0344,0.0357,0.0353,0.0198,0.0281,0.0277,0.0289,0.0288,0.0161,-0.0007,-0.0015,0.1878,0.4967,0.1634,0.0789,0.3253,0.2959,-0.0045,0.2049,0.5036,0.1756,0.0814,0.3307,0.3054,0.1875,0.4845,0.1414,0.0628,0.3079,0.2837,0.455,0.2786,0.2122,0.272,0.2478,0.5745,0.499,0.5592,0.5353,0.1136,0.3304,0.3063,0.2826,0.2635,0.0099
Hmel215003o,9925001,9975000,9949977,49735,0.018,0.0193,0.019,0.0273,0.0071,0.015,0.0189,0.0164,0.0167,0.0193,0.0187,0.0321,0.0361,0.0214,0.0214,0.0342,0.0343,0.0195,0.0319,0.0362,0.0221,0.0221,0.0339,0.034,0.0321,0.0357,0.0205,0.0207,0.033,0.0333,0.0401,0.0327,0.0323,0.0352,0.0354,0.0359,0.0358,0.037,0.0376,0.021,0.0308,0.0309,0.0318,0.0319,0.0168,0.0171,0.0048,0.1936,0.5009,0.1373,0.079,0.3449,0.3419,0.011,0.1742,0.4813,0.1323,0.0756,0.3233,0.3205,0.1821,0.4817,0.1002,0.0469,0.3164,0.3164,0.433,0.2412,0.186,0.2567,0.2562,0.546,0.4842,0.5344,0.5356,0.1138,0.3394,0.337,0.2983,0.2963,0.0059
Hmel215003o,9950001,10000000,9975087,49765,0.0157,0.0166,0.0158,0.026,0.0069,0.0148,0.0149,0.0155,0.0144,0.017,0.016,0.0273,0.0314,0.0192,0.0196,0.0301,0.0308,0.0165,0.027,0.0317,0.0198,0.0199,0.03,0.0307,0.0268,0.0313,0.0185,0.0185,0.0294,0.0301,0.037,0.0278,0.0285,0.0343,0.0349,0.031,0.0317,0.0312,0.032,0.0179,0.0281,0.0285,0.0285,0.0291,0.0153,0.0261,0.01,0.1599,0.4869,0.121,0.13,0.3313,0.358,0.0092,0.1419,0.4766,0.1235,0.1233,0.3166,0.3435,0.1491,0.4842,0.1008,0.0989,0.3192,0.346,0.419,0.1811,0.1916,0.27,0.2921,0.4984,0.5057,0.4882,0.5163,0.0989,0.3135,0.3364,0.319,0.3451,0.0125
Hmel215003o,9975001,10025000,9999862,49705,0.0097,0.0091,0.0097,0.0212,0.0044,0.0098,0.0089,0.0109,0.01,0.0098,0.0098,0.0204,0.0241,0.0181,0.02,0.0261,0.0259,0.0094,0.0204,0.0245,0.0187,0.02,0.0265,0.0263,0.0201,0.024,0.018,0.0195,0.0259,0.0256,0.0295,0.0252,0.0265,0.0306,0.0306,0.0244,0.0253,0.0247,0.0247,0.0108,0.0191,0.0192,0.0183,0.0187,0.0105,0.0227,0.003,0.1722,0.5641,0.3142,0.3784,0.4507,0.4647,-0.0032,0.1851,0.5842,0.3438,0.3937,0.468,0.4827,0.1653,0.5618,0.31,0.3671,0.4466,0.4594,0.4306,0.2692,0.3075,0.3382,0.351,0.566,0.5987,0.5448,0.5635,0.077,0.312,0.334,0.3124,0.3413,0.005
Hmel215003o,10000001,10050000,10024508,48344,0.0082,0.0078,0.0083,0.0216,0.005,0.0069,0.0078,0.0084,0.0085,0.0085,0.0086,0.0216,0.0236,0.0183,0.019,0.0265,0.0256,0.0078,0.0213,0.0234,0.0192,0.0195,0.0265,0.0256,0.0214,0.0234,0.0192,0.0194,0.0263,0.0254,0.0287,0.0274,0.0281,0.0306,0.0298,0.0235,0.0243,0.024,0.0232,0.0089,0.0169,0.0164,0.0168,0.0164,0.0085,0.0292,0.021,0.2219,0.5787,0.4308,0.4247,0.5395,0.5246,-0.0156,0.2226,0.5863,0.462,0.4443,0.547,0.5334,0.2156,0.5736,0.4482,0.4311,0.5342,0.5202,0.4027,0.3495,0.3461,0.3721,0.3598,0.6124,0.6001,0.5804,0.5668,0.1,0.3929,0.3777,0.3643,0.3529,0.0023
Hmel215003o,10025001,10075000,10050125,48156,0.0091,0.0087,0.0082,0.0259,0.005,0.013,0.0106,0.0082,0.0082,0.0094,0.0094,0.0282,0.0275,0.0159,0.0128,0.0283,0.028,0.0082,0.0285,0.0274,0.0167,0.0128,0.0281,0.0279,0.0281,0.0271,0.0167,0.0126,0.0276,0.0275,0.0334,0.0296,0.0292,0.0332,0.0327,0.0256,0.0268,0.0271,0.0265,0.0136,0.0237,0.0233,0.0259,0.0256,0.0084,0.03,0.044,0.2722,0.6098,0.1919,0.137,0.5482,0.546,-0.0152,0.2816,0.6164,0.2242,0.1455,0.5522,0.5522,0.2839,0.6246,0.2343,0.1504,0.5572,0.557,0.4062,0.2367,0.2643,0.3558,0.35,0.4977,0.5645,0.6234,0.6182,0.0755,0.3979,0.3913,0.481,0.4798,0.0159
Hmel215003o,10050001,10100000,10075123,48919,0.006,0.0051,0.0048,0.0244,0.0027,0.0149,0.0093,0.0076,0.0062,0.0057,0.0058,0.0261,0.0247,0.0134,0.0089,0.0252,0.0252,0.0048,0.0264,0.0247,0.0136,0.0085,0.025,0.025,0.0259,0.0245,0.0135,0.0083,0.0246,0.0246,0.0316,0.0273,0.0266,0.0308,0.0307,0.022,0.0237,0.0253,0.0246,0.0131,0.0226,0.0223,0.0245,0.0243,0.0069,0.0198,0.0407,0.3068,0.7151,0.1306,0.0833,0.5924,0.6253,-0.0153,0.3268,0.7396,0.1608,0.0906,0.611,0.646,0.3247,0.7473,0.1656,0.0866,0.6137,0.6491,0.4397,0.1884,0.2598,0.3522,0.3711,0.4441,0.6112,0.6772,0.706,0.0428,0.3517,0.3726,0.5037,0.5311,0.0022
Hmel215003o,10075001,10125000,10099580,45841,0.0037,0.0039,0.0041,0.0221,0.003,0.0106,0.0088,0.0073,0.0073,0.0037,0.004,0.0208,0.0233,0.0114,0.0098,0.0244,0.024,0.0038,0.021,0.0232,0.0115,0.0097,0.0245,0.0241,0.021,0.0234,0.0115,0.0098,0.0244,0.0241,0.0306,0.0239,0.0237,0.0309,0.0309,0.021,0.0215,0.0242,0.0235,0.0102,0.0225,0.0219,0.0222,0.0216,0.0072,-0.0106,0.0188,0.2849,0.7602,0.2379,0.2303,0.646,0.6419,-0.0289,0.2845,0.7531,0.236,0.2198,0.6424,0.6379,0.2817,0.7494,0.2314,0.2167,0.6365,0.6334,0.4559,0.2189,0.2461,0.3878,0.3877,0.5272,0.586,0.664,0.6553,0.0245,0.4463,0.4362,0.4843,0.4734,-0.0099
Hmel215003o,10100001,10150000,10126192,44447,0.005,0.0055,0.0057,0.0226,0.0048,0.0084,0.0092,0.0087,0.0097,0.0055,0.0056,0.0204,0.0276,0.0146,0.014,0.0287,0.0286,0.0055,0.0207,0.0279,0.0149,0.014,0.0291,0.0289,0.0209,0.0277,0.0151,0.0143,0.0291,0.0291,0.0342,0.0261,0.0257,0.0347,0.035,0.027,0.0264,0.0285,0.0285,0.0094,0.0238,0.0236,0.0231,0.0229,0.009,0.0286,0.0245,0.2424,0.7117,0.388,0.3425,0.6293,0.6074,-0.0081,0.2385,0.7021,0.3805,0.3259,0.6219,0.5995,0.2394,0.6956,0.379,0.3305,0.6181,0.5978,0.4602,0.2899,0.2681,0.4059,0.3952,0.6224,0.5967,0.6321,0.6111,0.0346,0.4882,0.4637,0.4576,0.4317,-0.0095
Hmel215003o,10125001,10175000,10147418,40883,0.0054,0.0058,0.0058,0.0209,0.0046,0.0064,0.0082,0.011,0.0106,0.0059,0.0058,0.0218,0.0288,0.0164,0.0146,0.0247,0.025,0.0058,0.0222,0.0297,0.0169,0.015,0.0254,0.0255,0.0222,0.0293,0.0168,0.0151,0.0252,0.0254,0.0326,0.0271,0.0263,0.0309,0.0312,0.0287,0.0288,0.029,0.0293,0.0075,0.0178,0.0179,0.0186,0.0187,0.0106,0.0254,0.0252,0.2905,0.7182,0.4877,0.3808,0.5199,0.5317,0.001,0.2885,0.7145,0.4853,0.3772,0.5187,0.5273,0.291,0.7132,0.4858,0.3814,0.5183,0.5276,0.469,0.3635,0.3201,0.3443,0.3538,0.693,0.6518,0.5925,0.6029,0.0184,0.3582,0.3711,0.3333,0.3442,-0.0116
