scaffold,start,end,mid,sites,pi_Hmel.mal.col,pi_Hmel.agl.per,pi_Hmel.ama.per,pi_Hmel.mel.gui,pi_Hnum.bsl.bra,pi_Htim.flo.per,pi_Htim.the.per,pi_Hcyd.chi.pan,pi_Hcyd.zel.col,dxy_Hmel.mal.col_Hmel.agl.per,dxy_Hmel.mal.col_Hmel.ama.per,dxy_Hmel.mal.col_Hmel.mel.gui,dxy_Hmel.mal.col_Hnum.bsl.bra,dxy_Hmel.mal.col_Htim.flo.per,dxy_Hmel.mal.col_Htim.the.per,dxy_Hmel.mal.col_Hcyd.chi.pan,dxy_Hmel.mal.col_Hcyd.zel.col,dxy_Hmel.agl.per_Hmel.ama.per,dxy_Hmel.agl.per_Hmel.mel.gui,dxy_Hmel.agl.per_Hnum.bsl.bra,dxy_Hmel.agl.per_Htim.flo.per,dxy_Hmel.agl.per_Htim.the.per,dxy_Hmel.agl.per_Hcyd.chi.pan,dxy_Hmel.agl.per_Hcyd.zel.col,dxy_Hmel.ama.per_Hmel.mel.gui,dxy_Hmel.ama.per_Hnum.bsl.bra,dxy_Hmel.ama.per_Htim.flo.per,dxy_Hmel.ama.per_Htim.the.per,dxy_Hmel.ama.per_Hcyd.chi.pan,dxy_Hmel.ama.per_Hcyd.zel.col,dxy_Hmel.mel.gui_Hnum.bsl.bra,dxy_Hmel.mel.gui_Htim.flo.per,dxy_Hmel.mel.gui_Htim.the.per,dxy_Hmel.mel.gui_Hcyd.chi.pan,dxy_Hmel.mel.gui_Hcyd.zel.col,dxy_Hnum.bsl.bra_Htim.flo.per,dxy_Hnum.bsl.bra_Htim.the.per,dxy_Hnum.bsl.bra_Hcyd.chi.pan,dxy_Hnum.bsl.bra_Hcyd.zel.col,dxy_Htim.flo.per_Htim.the.per,dxy_Htim.flo.per_Hcyd.chi.pan,dxy_Htim.flo.per_Hcyd.zel.col,dxy_Htim.the.per_Hcyd.chi.pan,dxy_Htim.the.per_Hcyd.zel.col,dxy_Hcyd.chi.pan_Hcyd.zel.col,Fst_Hmel.mal.col_Hmel.agl.per,Fst_Hmel.mal.col_Hmel.ama.per,Fst_Hmel.mal.col_Hmel.mel.gui,Fst_Hmel.mal.col_Hnum.bsl.bra,Fst_Hmel.mal.col_Htim.flo.per,Fst_Hmel.mal.col_Htim.the.per,Fst_Hmel.mal.col_Hcyd.chi.pan,Fst_Hmel.mal.col_Hcyd.zel.col,Fst_Hmel.agl.per_Hmel.ama.per,Fst_Hmel.agl.per_Hmel.mel.gui,Fst_Hmel.agl.per_Hnum.bsl.bra,Fst_Hmel.agl.per_Htim.flo.per,Fst_Hmel.agl.per_Htim.the.per,Fst_Hmel.agl.per_Hcyd.chi.pan,Fst_Hmel.agl.per_Hcyd.zel.col,Fst_Hmel.ama.per_Hmel.mel.gui,Fst_Hmel.ama.per_Hnum.bsl.bra,Fst_Hmel.ama.per_Htim.flo.per,Fst_Hmel.ama.per_Htim.the.per,Fst_Hmel.ama.per_Hcyd.chi.pan,Fst_Hmel.ama.per_Hcyd.zel.col,Fst_Hmel.mel.gui_Hnum.bsl.bra,Fst_Hmel.mel.gui_Htim.flo.per,Fst_Hmel.mel.gui_Htim.the.per,Fst_Hmel.mel.gui_Hcyd.chi.pan,Fst_Hmel.mel.gui_Hcyd.zel.col,Fst_Hnum.bsl.bra_Htim.flo.per,Fst_Hnum.bsl.bra_Htim.the.per,Fst_Hnum.bsl.bra_Hcyd.chi.pan,Fst_Hnum.bsl.bra_Hcyd.zel.col,Fst_Htim.flo.per_Htim.the.per,Fst_Htim.flo.per_Hcyd.chi.pan,Fst_Htim.flo.per_Hcyd.zel.col,Fst_Htim.the.per_Hcyd.chi.pan,Fst_Htim.the.per_Hcyd.zel.col,Fst_Hcyd.chi.pan_Hcyd.zel.col
Hmel218003o,1,50000,27229,45301,0.0083,0.0083,0.0083,0.0229,0.0036,0.0072,0.0051,0.0097,0.0101,0.0081,0.0093,0.0246,0.0264,0.0226,0.0221,0.0271,0.0271,0.009,0.0246,0.0263,0.0229,0.0224,0.0274,0.0274,0.0249,0.0266,0.0231,0.0226,0.0277,0.0276,0.0342,0.0285,0.0279,0.0315,0.0315,0.029,0.0297,0.0292,0.0293,0.0067,0.0142,0.0142,0.0147,0.0148,0.0104,-0.0148,0.0596,0.2613,0.646,0.505,0.5512,0.5178,0.5091,0.043,0.263,0.6461,0.5114,0.5566,0.5236,0.514,0.2676,0.6481,0.5133,0.5587,0.5266,0.5169,0.476,0.3453,0.3723,0.349,0.3423,0.6989,0.7571,0.6448,0.6366,0.0485,0.2656,0.2567,0.3469,0.3376,0.028
Hmel218003o,25001,75000,50001,49990,0.0064,0.0076,0.0073,0.021,0.0028,0.0079,0.0048,0.0079,0.0083,0.0074,0.0081,0.0224,0.0291,0.0149,0.0142,0.0215,0.0215,0.0079,0.0226,0.029,0.0147,0.0138,0.0217,0.0216,0.0223,0.0289,0.0143,0.0134,0.0217,0.0216,0.035,0.0247,0.0244,0.0281,0.0279,0.0316,0.0324,0.0316,0.0319,0.0067,0.0147,0.0148,0.0163,0.0164,0.0082,0.0272,0.0897,0.2812,0.7383,0.3667,0.4498,0.5163,0.5054,0.0315,0.2616,0.7073,0.3224,0.3936,0.4884,0.4758,0.2629,0.7157,0.3198,0.3941,0.498,0.4854,0.5229,0.2965,0.3488,0.3523,0.3416,0.7236,0.7999,0.7228,0.7157,0.0279,0.3156,0.3072,0.4557,0.4452,0.0087
Hmel218003o,50001,100000,74997,49989,0.0068,0.0084,0.0068,0.0211,0.0016,0.0059,0.004,0.0078,0.0077,0.0085,0.009,0.0231,0.0352,0.0114,0.011,0.0156,0.0154,0.0074,0.0224,0.0356,0.0101,0.0094,0.0162,0.0158,0.0215,0.0357,0.0091,0.0083,0.0161,0.0157,0.0397,0.0221,0.022,0.0253,0.0251,0.0346,0.0351,0.0349,0.0343,0.0052,0.0143,0.014,0.0155,0.0151,0.0078,0.0618,0.1455,0.2855,0.7975,0.2965,0.3552,0.3777,0.3721,-0.0155,0.2428,0.7666,0.1782,0.2132,0.3479,0.3378,0.2543,0.8013,0.1862,0.2239,0.3931,0.384,0.5843,0.2843,0.3201,0.3077,0.3052,0.8143,0.8602,0.7749,0.7725,0.0229,0.3672,0.3591,0.4633,0.4545,0.0053
Hmel218003o,75001,125000,99854,49112,0.0059,0.0081,0.0083,0.024,0.0019,0.0056,0.0027,0.0088,0.0081,0.0077,0.0094,0.0252,0.0366,0.0128,0.0127,0.0201,0.0198,0.0078,0.0242,0.0373,0.0114,0.011,0.021,0.0205,0.0234,0.0375,0.0104,0.0097,0.022,0.0215,0.042,0.0223,0.0224,0.0323,0.032,0.0369,0.0371,0.0396,0.0384,0.0047,0.0229,0.0226,0.0234,0.0229,0.0085,0.0532,0.149,0.2991,0.8183,0.3969,0.5098,0.4805,0.493,-0.0295,0.2437,0.7757,0.2653,0.3566,0.4427,0.4498,0.2249,0.7732,0.2119,0.2904,0.4573,0.4635,0.5602,0.2523,0.3076,0.3591,0.3657,0.8268,0.8903,0.7746,0.7816,0.067,0.5392,0.5512,0.6211,0.6325,0.0029
Hmel218003o,100001,150000,125300,49121,0.0041,0.005,0.0065,0.0238,0.0019,0.0048,0.0019,0.0057,0.0057,0.0048,0.006,0.0229,0.0341,0.0088,0.0083,0.0259,0.0254,0.0057,0.0227,0.034,0.0083,0.0076,0.0261,0.0258,0.0226,0.0342,0.0082,0.0074,0.0271,0.0267,0.0386,0.0214,0.0215,0.0349,0.0344,0.0345,0.0343,0.0362,0.0354,0.0039,0.0283,0.0279,0.0285,0.028,0.0056,0.0267,0.0596,0.293,0.8474,0.3392,0.4819,0.6949,0.6893,-0.0009,0.273,0.827,0.2698,0.3943,0.6751,0.6705,0.2428,0.7922,0.1919,0.2899,0.6465,0.6421,0.5338,0.2494,0.3092,0.4391,0.4333,0.8328,0.9019,0.8207,0.8167,0.0736,0.7001,0.6958,0.7762,0.7722,-0.008
Hmel218003o,125001,175000,149998,49929,0.0056,0.0053,0.005,0.0193,0.002,0.0058,0.0023,0.0066,0.0073,0.0058,0.0059,0.0201,0.0327,0.0123,0.012,0.0234,0.023,0.0053,0.0203,0.0327,0.0121,0.0118,0.0238,0.0234,0.0201,0.0327,0.0123,0.0121,0.0239,0.0234,0.0343,0.0229,0.023,0.0289,0.0282,0.0324,0.0321,0.0316,0.0313,0.0052,0.0187,0.0187,0.0189,0.0187,0.007,0.0391,0.0586,0.2781,0.8032,0.3838,0.5187,0.6015,0.5789,0.0195,0.2886,0.8104,0.3881,0.5287,0.6155,0.5928,0.2915,0.8181,0.407,0.5514,0.6246,0.6016,0.5561,0.3286,0.4034,0.4101,0.3889,0.7961,0.881,0.772,0.7547,0.1276,0.5174,0.4977,0.6307,0.6061,0.006
Hmel218003o,150001,200000,175030,49900,0.0059,0.0056,0.0043,0.0173,0.0018,0.0063,0.003,0.008,0.0088,0.0062,0.006,0.0213,0.0372,0.0194,0.0199,0.022,0.0217,0.0051,0.0216,0.0375,0.0193,0.0199,0.0221,0.0218,0.0214,0.0373,0.0194,0.02,0.022,0.0217,0.0379,0.0262,0.0267,0.0277,0.0272,0.0363,0.0365,0.036,0.0359,0.0064,0.0116,0.0117,0.0115,0.0114,0.0086,0.0378,0.0845,0.3282,0.8209,0.5366,0.65,0.5345,0.5088,0.0168,0.342,0.8293,0.5462,0.6623,0.5455,0.5184,0.3655,0.8556,0.585,0.7054,0.5787,0.5508,0.62,0.4076,0.4817,0.3978,0.3751,0.8083,0.8837,0.7708,0.7536,0.1681,0.251,0.2276,0.3683,0.3326,0.0109
Hmel218003o,175001,225000,200003,49833,0.0044,0.005,0.0035,0.0175,0.0011,0.0037,0.0034,0.0074,0.008,0.0049,0.0047,0.0224,0.0419,0.0176,0.0189,0.0203,0.0199,0.0045,0.0222,0.0418,0.0174,0.0186,0.0199,0.0195,0.0221,0.0415,0.0174,0.0186,0.0199,0.0195,0.0431,0.025,0.0255,0.0263,0.0263,0.0398,0.0403,0.0405,0.0408,0.005,0.0093,0.009,0.0088,0.0085,0.0081,0.0293,0.0936,0.3807,0.8842,0.6418,0.6714,0.565,0.5408,0.0272,0.3638,0.8715,0.6154,0.6456,0.5397,0.5168,0.3946,0.9005,0.6708,0.6991,0.5835,0.5601,0.6665,0.4389,0.4516,0.385,0.3728,0.8928,0.8996,0.8192,0.8091,0.1743,0.2644,0.2234,0.2471,0.204,0.0274
Hmel218003o,200001,250000,225058,49855,0.0026,0.004,0.0028,0.0172,0.0005,0.003,0.0027,0.0053,0.0069,0.0034,0.0035,0.0203,0.0361,0.0134,0.0143,0.0157,0.0156,0.0036,0.0203,0.0362,0.0134,0.0143,0.0157,0.0156,0.0204,0.0361,0.0135,0.0143,0.0157,0.0156,0.0382,0.0218,0.0219,0.0229,0.0228,0.0335,0.034,0.0345,0.0341,0.0038,0.008,0.0086,0.0078,0.0082,0.0073,0.0162,0.1275,0.3878,0.923,0.6692,0.7018,0.6104,0.5479,0.0271,0.3559,0.8913,0.605,0.6395,0.5581,0.4987,0.3835,0.9181,0.6604,0.6923,0.6028,0.5405,0.6489,0.4064,0.4163,0.3741,0.3393,0.9076,0.9168,0.853,0.8148,0.1518,0.3266,0.2798,0.3343,0.2743,0.0914
Hmel218003o,225001,275000,249971,49610,0.0041,0.0042,0.0036,0.0164,0.0006,0.0037,0.003,0.0064,0.0068,0.0041,0.0045,0.019,0.0359,0.0128,0.0128,0.0151,0.0156,0.0042,0.019,0.0362,0.0129,0.0129,0.0152,0.0158,0.0191,0.0365,0.0135,0.0134,0.0155,0.0161,0.0388,0.0214,0.0213,0.0226,0.0227,0.0339,0.0341,0.0342,0.0336,0.0038,0.0092,0.0107,0.0098,0.011,0.008,-0.0078,0.0881,0.3388,0.8847,0.55,0.581,0.5013,0.4983,0.0388,0.3373,0.8834,0.5469,0.5791,0.5014,0.4984,0.3557,0.8988,0.5917,0.6215,0.5319,0.5286,0.6642,0.3994,0.4126,0.3625,0.3544,0.8892,0.9066,0.8263,0.8129,0.0734,0.3058,0.3565,0.3668,0.3979,0.1054
Hmel218003o,250001,300000,275160,49617,0.0071,0.0076,0.0071,0.0177,0.0013,0.0065,0.0088,0.0107,0.0091,0.0075,0.0084,0.0194,0.0422,0.0177,0.0155,0.0203,0.021,0.008,0.0192,0.0425,0.0177,0.0155,0.0204,0.0209,0.0197,0.0431,0.0184,0.0163,0.0209,0.0216,0.0439,0.0248,0.0236,0.0264,0.0265,0.0409,0.0409,0.0405,0.0406,0.0088,0.0143,0.0148,0.016,0.0166,0.0112,0.0102,0.0898,0.2554,0.828,0.4591,0.3362,0.4058,0.4578,0.0474,0.241,0.8199,0.4434,0.321,0.3943,0.4445,0.2631,0.8318,0.4748,0.3596,0.4181,0.4697,0.6663,0.3745,0.3083,0.3229,0.3538,0.8341,0.7907,0.7538,0.7836,0.0707,0.2598,0.3217,0.255,0.3138,0.0646
Hmel218003o,275001,325000,299998,49987,0.0074,0.0095,0.0084,0.0198,0.0023,0.0082,0.0119,0.0105,0.0094,0.0086,0.0096,0.0191,0.0411,0.0203,0.0178,0.0207,0.021,0.0096,0.0191,0.0418,0.0207,0.0181,0.0213,0.0214,0.0193,0.0418,0.0208,0.0183,0.0215,0.0217,0.0425,0.0265,0.0253,0.0269,0.0269,0.0408,0.041,0.0391,0.0395,0.0117,0.0134,0.0131,0.0159,0.0157,0.0108,0.0101,0.1061,0.2072,0.8002,0.4632,0.3128,0.4137,0.4458,0.039,0.1652,0.765,0.4187,0.2707,0.3774,0.4036,0.1926,0.785,0.4465,0.3011,0.4065,0.4356,0.6113,0.3378,0.2534,0.3057,0.3244,0.7833,0.7181,0.732,0.7546,0.0796,0.1889,0.2079,0.1852,0.203,0.0439
Hmel218003o,300001,350000,324985,49914,0.0091,0.0106,0.0092,0.0229,0.0043,0.0082,0.008,0.0116,0.0101,0.0099,0.0111,0.0213,0.0353,0.0198,0.0188,0.0195,0.0191,0.0106,0.0209,0.0361,0.0198,0.0187,0.0199,0.0194,0.0208,0.0363,0.0204,0.0193,0.0205,0.02,0.0402,0.0276,0.027,0.0273,0.0269,0.0356,0.0352,0.0352,0.035,0.0091,0.0136,0.0133,0.0146,0.0143,0.0115,0.0019,0.1015,0.1805,0.6955,0.4085,0.3894,0.3216,0.3456,0.0386,0.1468,0.6732,0.3739,0.3513,0.2986,0.3186,0.167,0.6998,0.4186,0.3976,0.3398,0.3621,0.5234,0.3141,0.3072,0.2543,0.2715,0.7158,0.7155,0.6464,0.6721,0.0609,0.1658,0.1962,0.2064,0.2357,0.0284
Hmel218003o,325001,375000,349516,48740,0.0109,0.0099,0.0094,0.0226,0.004,0.0061,0.0054,0.0127,0.0114,0.0105,0.012,0.0224,0.0343,0.0207,0.0207,0.0207,0.0209,0.0108,0.0215,0.0351,0.0201,0.02,0.0203,0.0203,0.0217,0.0354,0.021,0.021,0.0211,0.0212,0.0397,0.0281,0.0277,0.0275,0.0276,0.0356,0.0353,0.036,0.0358,0.0063,0.0156,0.0162,0.0157,0.0165,0.0138,0.0069,0.0903,0.177,0.6575,0.4342,0.4517,0.2878,0.3182,0.0612,0.175,0.6826,0.4457,0.4612,0.2983,0.3267,0.1875,0.6944,0.4764,0.4939,0.3265,0.3558,0.5269,0.3602,0.3668,0.2442,0.2656,0.7619,0.775,0.6381,0.6602,0.0484,0.2599,0.3115,0.282,0.3398,0.0726
Hmel218003o,350001,400000,374745,47726,0.009,0.0083,0.0078,0.0208,0.0025,0.0058,0.0052,0.0104,0.0104,0.0088,0.0101,0.0247,0.0287,0.0225,0.0233,0.0229,0.0238,0.009,0.0242,0.0292,0.0221,0.0225,0.0227,0.0233,0.0246,0.0298,0.0226,0.0232,0.0231,0.024,0.0375,0.0254,0.0258,0.0255,0.026,0.0336,0.0343,0.0332,0.0337,0.0063,0.0131,0.0142,0.0138,0.0149,0.012,0.0059,0.0953,0.2787,0.6808,0.52,0.5468,0.4202,0.4359,0.0586,0.2825,0.7026,0.5322,0.5535,0.4316,0.4429,0.2989,0.7204,0.5525,0.5784,0.4508,0.4651,0.556,0.3499,0.3673,0.2693,0.2782,0.7915,0.8087,0.6894,0.6924,0.0708,0.2469,0.2832,0.2899,0.324,0.0762
Hmel218003o,375001,425000,400201,48903,0.0076,0.0086,0.0052,0.0233,0.0028,0.0071,0.005,0.0099,0.0088,0.0081,0.0091,0.0231,0.0267,0.0201,0.0207,0.0207,0.021,0.008,0.0233,0.0271,0.0204,0.0207,0.021,0.0213,0.0237,0.0275,0.0206,0.0211,0.0213,0.0217,0.036,0.0253,0.0258,0.0254,0.0256,0.0294,0.0299,0.0293,0.0294,0.0071,0.011,0.0123,0.0122,0.0131,0.0102,-0.0017,0.1793,0.2382,0.6873,0.479,0.5496,0.4198,0.453,0.0777,0.2273,0.669,0.4618,0.524,0.4049,0.4376,0.2944,0.7583,0.5547,0.6257,0.4917,0.5269,0.502,0.2887,0.3349,0.2441,0.2649,0.7253,0.7828,0.6595,0.6856,0.0874,0.1362,0.2265,0.2539,0.3266,0.0445
Hmel218003o,400001,450000,425003,49988,0.0074,0.0078,0.0038,0.0235,0.0028,0.0047,0.0032,0.0086,0.0073,0.0075,0.0089,0.0184,0.0341,0.0164,0.0167,0.017,0.0169,0.0076,0.0184,0.0343,0.0164,0.0167,0.0171,0.017,0.0192,0.0347,0.0167,0.017,0.0173,0.0172,0.0386,0.0249,0.0251,0.0249,0.0248,0.0339,0.0343,0.0339,0.0339,0.0046,0.0093,0.01,0.0102,0.0106,0.0089,-0.0045,0.2419,0.1359,0.7507,0.4733,0.5319,0.3725,0.4078,0.1463,0.1282,0.7442,0.4642,0.5212,0.3653,0.4012,0.2278,0.8355,0.6095,0.6728,0.4884,0.5302,0.5234,0.3208,0.3517,0.2544,0.2743,0.8089,0.8462,0.7241,0.7518,0.0803,0.1752,0.2595,0.2794,0.3494,0.0592
Hmel218003o,425001,475000,450001,49992,0.0086,0.0089,0.0051,0.0203,0.0034,0.0043,0.005,0.0093,0.0087,0.0091,0.01,0.0186,0.0386,0.0181,0.0174,0.0191,0.0186,0.0089,0.018,0.0386,0.018,0.0172,0.0188,0.0183,0.0183,0.0388,0.0179,0.0167,0.0186,0.0182,0.0404,0.0241,0.0236,0.0242,0.0238,0.0385,0.0388,0.0378,0.0377,0.0054,0.0111,0.0111,0.0118,0.0116,0.0097,0.0235,0.1988,0.1638,0.7441,0.4924,0.4527,0.3758,0.3798,0.13,0.1429,0.739,0.4806,0.4403,0.3622,0.3673,0.2288,0.8134,0.6015,0.5511,0.4572,0.4653,0.5729,0.3649,0.3425,0.2713,0.2754,0.8288,0.8148,0.7256,0.7371,0.0793,0.2522,0.2746,0.258,0.2698,0.0373
Hmel218003o,450001,500000,475003,49995,0.0092,0.0099,0.0067,0.0177,0.0034,0.0049,0.009,0.0109,0.0114,0.0102,0.01,0.0181,0.0344,0.0196,0.0178,0.0203,0.0201,0.0095,0.0175,0.0348,0.0196,0.0177,0.02,0.0199,0.0175,0.0349,0.0197,0.0174,0.0198,0.0198,0.0359,0.0241,0.023,0.0241,0.024,0.0338,0.0341,0.0333,0.033,0.0081,0.0144,0.0145,0.0155,0.0155,0.0122,0.0324,0.1205,0.1779,0.7043,0.4864,0.3356,0.3504,0.3368,0.0722,0.146,0.6936,0.4663,0.3176,0.3292,0.3171,0.2158,0.7593,0.559,0.3907,0.3995,0.3864,0.5724,0.3967,0.2927,0.2781,0.2676,0.7923,0.706,0.6611,0.6497,0.0799,0.3036,0.2916,0.2279,0.2152,0.0456
Hmel218003o,475001,525000,499690,49195,0.0095,0.0101,0.0084,0.02,0.0034,0.0074,0.0113,0.0113,0.0124,0.0102,0.0105,0.0191,0.0348,0.0173,0.0155,0.0192,0.0192,0.0104,0.0189,0.0352,0.0179,0.0158,0.0196,0.0196,0.0198,0.0352,0.0184,0.0159,0.0196,0.0197,0.0356,0.0241,0.0229,0.0245,0.0245,0.0345,0.0349,0.0343,0.0339,0.0115,0.0155,0.0153,0.0168,0.0167,0.0131,0.0199,0.0837,0.161,0.6999,0.3575,0.2071,0.312,0.2857,0.0631,0.1454,0.6919,0.3572,0.2035,0.3068,0.2824,0.1997,0.7249,0.4138,0.2452,0.3438,0.3211,0.5335,0.3089,0.214,0.2473,0.2272,0.7418,0.6664,0.6619,0.6358,0.1089,0.2604,0.2231,0.2073,0.179,0.0512
Hmel218003o,500001,550000,525099,49195,0.0132,0.013,0.0106,0.0231,0.0048,0.0098,0.0104,0.0118,0.0133,0.0133,0.0138,0.0223,0.038,0.0177,0.0174,0.0215,0.0213,0.0136,0.0223,0.0381,0.0184,0.0179,0.022,0.022,0.0226,0.0388,0.0181,0.0169,0.0214,0.0214,0.039,0.025,0.025,0.0266,0.0265,0.0378,0.0387,0.037,0.037,0.0119,0.0162,0.0164,0.0169,0.0173,0.0134,0.0086,0.0784,0.1319,0.6335,0.2238,0.2042,0.2787,0.2446,0.075,0.1324,0.6361,0.2471,0.2211,0.2931,0.2645,0.18,0.6825,0.2925,0.2455,0.3269,0.2964,0.5031,0.2399,0.2295,0.2368,0.2119,0.6907,0.6859,0.6496,0.6222,0.0866,0.2105,0.184,0.2198,0.1974,0.0337
Hmel218003o,525001,575000,549697,47852,0.0145,0.0141,0.0102,0.0228,0.0049,0.0083,0.0097,0.0124,0.0147,0.0142,0.0147,0.0226,0.0342,0.0189,0.019,0.0221,0.0228,0.0152,0.0221,0.0342,0.0194,0.0196,0.0226,0.0233,0.0228,0.0353,0.0196,0.0184,0.0222,0.0226,0.0361,0.0249,0.0252,0.0266,0.0272,0.033,0.0337,0.0327,0.0329,0.0098,0.0158,0.0168,0.016,0.0169,0.014,-0.0027,0.0927,0.1187,0.5742,0.2576,0.2336,0.2556,0.2298,0.1187,0.1143,0.5815,0.2808,0.2568,0.2724,0.2489,0.1951,0.6632,0.3735,0.3122,0.34,0.3043,0.4767,0.2664,0.2492,0.2308,0.2058,0.6801,0.6589,0.5966,0.5576,0.0435,0.2179,0.1956,0.1929,0.172,0.0151
Hmel218003o,550001,600000,575803,47803,0.016,0.0163,0.0108,0.0254,0.0045,0.0111,0.0141,0.0155,0.0164,0.0159,0.0168,0.0256,0.0341,0.0233,0.0212,0.0255,0.0253,0.0179,0.0252,0.0342,0.0237,0.0218,0.0259,0.0259,0.0265,0.0344,0.0244,0.0209,0.026,0.0256,0.0367,0.0289,0.028,0.0297,0.0297,0.0336,0.0333,0.0337,0.0333,0.0141,0.0185,0.0187,0.0192,0.0192,0.0164,-0.0086,0.1198,0.1305,0.5534,0.2765,0.1796,0.2467,0.2297,0.1465,0.1166,0.5493,0.28,0.1887,0.2511,0.2363,0.2237,0.6506,0.3962,0.2665,0.3413,0.3188,0.4563,0.2586,0.2005,0.2082,0.1955,0.6383,0.5797,0.558,0.538,0.0594,0.171,0.1604,0.1379,0.1224,0.0127
Hmel218003o,575001,625000,599861,49619,0.0121,0.0138,0.0092,0.0216,0.0036,0.0096,0.0126,0.0126,0.0124,0.0129,0.0131,0.0222,0.0303,0.0215,0.0189,0.0232,0.0225,0.0142,0.0218,0.0303,0.0217,0.0195,0.0236,0.0229,0.0224,0.03,0.0216,0.0186,0.0233,0.0227,0.0332,0.0266,0.0254,0.0277,0.0271,0.0301,0.0295,0.0303,0.0296,0.0123,0.0153,0.0147,0.0162,0.0156,0.0129,-0.0015,0.1103,0.1636,0.6027,0.3438,0.218,0.3167,0.3074,0.1133,0.1274,0.5693,0.3144,0.2041,0.2951,0.2869,0.2212,0.6633,0.4111,0.2743,0.3779,0.3713,0.4827,0.2929,0.2206,0.2606,0.254,0.6546,0.5838,0.5925,0.5898,0.0539,0.1673,0.1539,0.1319,0.1174,0.0143
Hmel218003o,600001,650000,625013,49650,0.0063,0.0072,0.0059,0.0171,0.0026,0.0047,0.0079,0.0069,0.0062,0.0069,0.007,0.0155,0.024,0.0136,0.0124,0.015,0.0152,0.0076,0.0149,0.024,0.0138,0.0129,0.0154,0.0155,0.0155,0.0238,0.0137,0.012,0.0149,0.015,0.027,0.0199,0.0193,0.0212,0.0212,0.0234,0.0233,0.0238,0.0238,0.0068,0.0083,0.0082,0.0091,0.0091,0.0069,0.015,0.0716,0.1796,0.7007,0.4412,0.2871,0.402,0.4308,0.0801,0.1413,0.6767,0.417,0.2761,0.3866,0.4121,0.1912,0.7109,0.4602,0.2842,0.4124,0.4408,0.4977,0.3325,0.2454,0.3073,0.3229,0.7441,0.6491,0.6802,0.7004,0.0435,0.1864,0.2139,0.1072,0.1355,0.0221
Hmel218003o,625001,675000,650002,49982,0.0053,0.0048,0.0055,0.0197,0.0039,0.0047,0.0076,0.0055,0.0052,0.0054,0.0063,0.0157,0.0245,0.011,0.0107,0.0131,0.0132,0.0055,0.0148,0.0243,0.0106,0.0104,0.0129,0.0131,0.0155,0.024,0.0106,0.01,0.0125,0.0127,0.0282,0.0178,0.0181,0.019,0.0192,0.0233,0.0237,0.0232,0.0235,0.007,0.0075,0.0076,0.008,0.008,0.0057,0.0309,0.078,0.1651,0.6949,0.386,0.2614,0.4281,0.4457,0.0405,0.1523,0.7087,0.3952,0.2672,0.4433,0.463,0.1554,0.686,0.364,0.2214,0.4032,0.423,0.4451,0.2354,0.1799,0.2476,0.2589,0.6999,0.6245,0.6746,0.6886,0.0675,0.1979,0.2178,0.1075,0.1212,0.0361
Hmel218003o,650001,700000,675000,49998,0.0083,0.0083,0.0068,0.0215,0.0058,0.0053,0.011,0.009,0.0092,0.0085,0.0111,0.0205,0.0312,0.0133,0.0137,0.0181,0.0185,0.0102,0.0196,0.0309,0.0138,0.0137,0.018,0.0183,0.0204,0.0314,0.0155,0.013,0.0181,0.0182,0.0338,0.0212,0.0215,0.023,0.0234,0.0296,0.0304,0.0287,0.0289,0.011,0.0151,0.0155,0.015,0.0151,0.0095,0.0149,0.201,0.1977,0.6477,0.3383,0.1834,0.3676,0.373,0.1591,0.1764,0.6442,0.3521,0.1804,0.3642,0.3691,0.2249,0.681,0.4531,0.1991,0.4074,0.4046,0.4561,0.2704,0.1685,0.2375,0.2423,0.6979,0.5827,0.6061,0.6042,0.1566,0.3715,0.3758,0.2107,0.2091,0.0222
Hmel218003o,675001,725000,700000,49997,0.0102,0.0106,0.0065,0.0203,0.0061,0.0053,0.0119,0.0117,0.0123,0.0106,0.0181,0.0234,0.0358,0.0132,0.017,0.0227,0.0234,0.0182,0.0233,0.036,0.0138,0.0176,0.0232,0.0237,0.0233,0.0373,0.0209,0.014,0.0232,0.0233,0.0375,0.0244,0.0239,0.0265,0.0267,0.0355,0.0367,0.0336,0.0336,0.0149,0.0227,0.023,0.0223,0.0225,0.0123,0.0081,0.3832,0.2395,0.6428,0.2729,0.2231,0.364,0.3641,0.3756,0.2317,0.638,0.283,0.2316,0.3664,0.3637,0.3062,0.7233,0.5768,0.219,0.4536,0.439,0.5042,0.3508,0.2191,0.2721,0.264,0.7358,0.6204,0.5968,0.5843,0.2836,0.4719,0.4621,0.3234,0.3133,0.0127
Hmel218003o,700001,750000,724799,49332,0.0089,0.0091,0.0055,0.0195,0.006,0.0071,0.0084,0.011,0.0123,0.0093,0.0178,0.0226,0.0343,0.0108,0.0162,0.023,0.0235,0.0183,0.023,0.0344,0.0106,0.0166,0.0236,0.024,0.0213,0.036,0.0182,0.0099,0.0244,0.0246,0.0362,0.0225,0.0216,0.0264,0.0263,0.0337,0.0358,0.0327,0.0326,0.0151,0.0227,0.0229,0.0242,0.0245,0.0119,0.0181,0.4399,0.26,0.658,0.1612,0.3166,0.4115,0.3948,0.4461,0.2636,0.6542,0.1441,0.3238,0.4174,0.3991,0.3018,0.7369,0.5019,0.186,0.5105,0.4852,0.5046,0.2929,0.2491,0.2923,0.2688,0.6883,0.6782,0.6016,0.5765,0.3354,0.4464,0.4204,0.4432,0.4214,0.0107
Hmel218003o,725001,775000,750042,49096,0.0108,0.0109,0.0066,0.0197,0.0056,0.0118,0.0083,0.0114,0.0138,0.0109,0.0168,0.0234,0.0348,0.014,0.017,0.0231,0.0241,0.017,0.0233,0.0347,0.0142,0.0171,0.0234,0.0243,0.021,0.0358,0.0178,0.0087,0.0246,0.026,0.0366,0.0234,0.0206,0.0275,0.0282,0.0342,0.0354,0.0343,0.0334,0.017,0.0226,0.0235,0.0243,0.0257,0.0141,0.0011,0.3306,0.2391,0.634,0.113,0.2939,0.3663,0.3387,0.3339,0.2328,0.63,0.1158,0.2937,0.3687,0.3394,0.2688,0.7215,0.3335,0.0807,0.4798,0.4512,0.5129,0.221,0.2261,0.3023,0.2742,0.6095,0.686,0.6183,0.5654,0.2684,0.3365,0.3088,0.4379,0.4132,0.0579
Hmel218003o,750001,800000,775017,49714,0.0099,0.0099,0.0057,0.0216,0.0053,0.0106,0.008,0.0099,0.012,0.0098,0.0219,0.028,0.0349,0.0126,0.0219,0.0243,0.0255,0.0222,0.0278,0.035,0.0125,0.0222,0.0246,0.0257,0.0218,0.0356,0.0227,0.0086,0.0271,0.0285,0.0382,0.0283,0.0214,0.0316,0.0324,0.0346,0.0354,0.037,0.0364,0.0221,0.0242,0.0255,0.0268,0.0282,0.0127,-0.0034,0.4895,0.3096,0.6568,0.1095,0.4347,0.437,0.4148,0.4968,0.3072,0.6587,0.106,0.4409,0.4419,0.4182,0.2731,0.7436,0.486,0.116,0.5669,0.5411,0.5069,0.3019,0.221,0.3615,0.3412,0.6403,0.6965,0.6731,0.6304,0.4219,0.42,0.4,0.5141,0.492,0.0782
Hmel218003o,775001,825000,800016,49950,0.0055,0.0042,0.0044,0.0202,0.0043,0.0047,0.0062,0.0064,0.0073,0.0051,0.03,0.0329,0.0295,0.0074,0.0296,0.0293,0.03,0.0307,0.033,0.0295,0.0068,0.0302,0.0296,0.0302,0.0212,0.0311,0.029,0.0074,0.025,0.0253,0.0344,0.0325,0.0203,0.0301,0.0305,0.0287,0.0306,0.0316,0.032,0.0286,0.0281,0.0288,0.0247,0.0251,0.0075,0.0241,0.7303,0.4673,0.7289,0.1944,0.6825,0.6751,0.6612,0.7675,0.491,0.7618,0.223,0.7196,0.7095,0.6942,0.3094,0.7682,0.7432,0.1771,0.6596,0.6397,0.5045,0.4774,0.2529,0.4173,0.4068,0.7436,0.7204,0.7235,0.7067,0.6941,0.6847,0.6695,0.6065,0.5894,0.0442
Hmel218003o,800001,850000,825001,49999,0.0043,0.0039,0.0051,0.0182,0.0027,0.0048,0.0069,0.0063,0.0073,0.0045,0.0204,0.025,0.0244,0.0099,0.0214,0.0226,0.0223,0.0205,0.0243,0.0244,0.0096,0.0215,0.0224,0.0222,0.0193,0.0255,0.0209,0.0086,0.0169,0.0167,0.029,0.0257,0.0192,0.0223,0.0222,0.0232,0.0252,0.0241,0.0239,0.0187,0.0186,0.019,0.0156,0.0157,0.0075,0.0439,0.6401,0.4136,0.7613,0.386,0.5992,0.6351,0.6022,0.6559,0.412,0.7755,0.3932,0.6144,0.6458,0.6133,0.2876,0.7489,0.6341,0.1906,0.5134,0.4748,0.5023,0.4163,0.2456,0.3267,0.3041,0.737,0.6949,0.7009,0.6705,0.5414,0.5595,0.5351,0.4211,0.3921,0.0541
Hmel218003o,825001,875000,850000,50000,0.0032,0.0067,0.0086,0.0219,0.002,0.0051,0.0075,0.007,0.0082,0.0052,0.0166,0.022,0.0248,0.0147,0.0159,0.0175,0.0163,0.0157,0.021,0.0249,0.0151,0.016,0.0176,0.0166,0.0197,0.0242,0.0153,0.0128,0.0171,0.0164,0.0291,0.023,0.0219,0.0232,0.0226,0.0231,0.024,0.0239,0.023,0.0075,0.0093,0.0094,0.0112,0.0111,0.0087,0.0273,0.4898,0.3232,0.8188,0.5727,0.5121,0.5633,0.4971,0.3613,0.2338,0.7164,0.4526,0.401,0.4559,0.3951,0.168,0.6554,0.3975,0.2403,0.3887,0.3357,0.4577,0.3036,0.2382,0.2715,0.239,0.7454,0.6847,0.6967,0.6513,0.0903,0.2214,0.181,0.225,0.1823,0.0705
Hmel218003o,850001,900000,875000,49997,0.0059,0.0085,0.0108,0.026,0.0037,0.0072,0.0084,0.0092,0.0102,0.0075,0.0198,0.0252,0.0288,0.0177,0.0198,0.0205,0.0194,0.0185,0.0243,0.0285,0.0179,0.0197,0.0202,0.0192,0.0233,0.0276,0.0188,0.017,0.0204,0.0198,0.0337,0.0268,0.0264,0.0274,0.0269,0.0269,0.0265,0.0264,0.0254,0.0089,0.0122,0.0119,0.0125,0.0121,0.0107,0.0203,0.4235,0.2718,0.7262,0.4754,0.4848,0.4769,0.4272,0.3288,0.2131,0.6604,0.4035,0.4128,0.4049,0.3571,0.158,0.5993,0.3668,0.2925,0.3571,0.3195,0.4274,0.277,0.2521,0.2551,0.2324,0.6761,0.6414,0.62,0.5844,0.068,0.2058,0.16,0.1818,0.1369,0.0483
Hmel218003o,875001,925000,899383,46938,0.0118,0.0108,0.0124,0.0234,0.0061,0.0123,0.0115,0.0132,0.0143,0.0117,0.017,0.0235,0.0317,0.019,0.0221,0.0249,0.0243,0.0161,0.0232,0.0318,0.0186,0.0213,0.0241,0.0235,0.0247,0.0309,0.0202,0.02,0.0241,0.0238,0.0357,0.0267,0.0283,0.0295,0.0293,0.0311,0.0306,0.0302,0.03,0.0158,0.0198,0.0193,0.0183,0.018,0.0144,0.017,0.1783,0.1734,0.574,0.2353,0.3228,0.3444,0.3153,0.1712,0.1844,0.5944,0.2458,0.3254,0.3499,0.3188,0.1899,0.5554,0.2554,0.2658,0.3204,0.2948,0.4471,0.2271,0.2663,0.2603,0.2408,0.5594,0.5689,0.5313,0.5094,0.1497,0.2298,0.1953,0.2054,0.1758,0.0255
Hmel218003o,900001,950000,926012,46924,0.0126,0.0094,0.0108,0.0181,0.0045,0.0108,0.0094,0.0121,0.0131,0.0115,0.0144,0.02,0.0318,0.0175,0.0199,0.0225,0.0226,0.014,0.0204,0.0325,0.0182,0.0201,0.0232,0.0231,0.0208,0.0312,0.0182,0.0183,0.0214,0.0216,0.034,0.0229,0.0244,0.0258,0.0259,0.031,0.0311,0.031,0.0315,0.0138,0.0164,0.0173,0.0149,0.0159,0.0128,0.0236,0.1114,0.1519,0.591,0.2094,0.3015,0.3032,0.2879,0.1725,0.2252,0.6625,0.3014,0.3797,0.3817,0.3602,0.2053,0.6224,0.2691,0.3044,0.3173,0.3016,0.5274,0.2513,0.306,0.2816,0.2668,0.62,0.6502,0.5935,0.5799,0.1636,0.1886,0.1935,0.1697,0.1815,0.0106
Hmel218003o,925001,975000,949926,49804,0.0121,0.0096,0.0079,0.0184,0.0025,0.0122,0.0099,0.0123,0.0132,0.0115,0.0163,0.0212,0.033,0.0205,0.0214,0.0235,0.0233,0.0165,0.0206,0.0337,0.0211,0.0224,0.0242,0.0239,0.0236,0.0322,0.0218,0.0208,0.0245,0.0247,0.0356,0.0257,0.0264,0.0263,0.0261,0.0328,0.0327,0.0322,0.0325,0.0129,0.0171,0.0172,0.0163,0.0164,0.013,0.0309,0.2522,0.1853,0.6525,0.2692,0.3344,0.3311,0.3114,0.3202,0.2199,0.7092,0.3329,0.4093,0.3922,0.369,0.314,0.7352,0.3855,0.4162,0.4331,0.417,0.5731,0.2744,0.3264,0.2835,0.2641,0.6506,0.696,0.6426,0.6276,0.0829,0.1762,0.1606,0.2021,0.184,0.0129
Hmel218003o,950001,1000000,975006,49818,0.013,0.0131,0.0091,0.0211,0.0029,0.015,0.0155,0.0152,0.0155,0.0135,0.0189,0.0244,0.0339,0.0228,0.0232,0.0281,0.0277,0.0193,0.0227,0.0343,0.0225,0.0236,0.0276,0.0271,0.0271,0.0331,0.0247,0.0219,0.0296,0.0294,0.0371,0.0283,0.0289,0.03,0.0296,0.034,0.0341,0.0338,0.0335,0.0174,0.0215,0.0208,0.0229,0.0221,0.0162,0.0181,0.2754,0.1992,0.6339,0.2514,0.2517,0.3457,0.3342,0.2831,0.1631,0.6358,0.2433,0.2579,0.3359,0.3228,0.315,0.7058,0.3602,0.2952,0.4333,0.4256,0.5398,0.2401,0.2423,0.2638,0.2522,0.5987,0.591,0.5925,0.5838,0.071,0.185,0.1624,0.2085,0.1851,0.0278
Hmel218003o,975001,1025000,999323,46333,0.0135,0.0138,0.0089,0.0223,0.0035,0.0125,0.0134,0.0139,0.0133,0.014,0.0166,0.0238,0.0349,0.0223,0.0214,0.0267,0.0264,0.0167,0.0228,0.0351,0.0222,0.0216,0.0265,0.026,0.0239,0.0354,0.0228,0.0195,0.0268,0.026,0.0376,0.0273,0.0269,0.0295,0.0291,0.0331,0.0339,0.0338,0.0332,0.0153,0.0176,0.0179,0.02,0.0198,0.0159,0.013,0.2055,0.1674,0.6247,0.2766,0.2412,0.3371,0.342,0.2012,0.1419,0.621,0.2695,0.2394,0.3278,0.3285,0.2471,0.716,0.3774,0.287,0.4189,0.4179,0.5206,0.2478,0.228,0.2622,0.2654,0.6276,0.6171,0.6078,0.6126,0.0898,0.1512,0.1733,0.2007,0.2048,0.0842
Hmel218003o,1000001,1050000,1026295,46307,0.0132,0.0116,0.0075,0.022,0.0043,0.0117,0.0119,0.0135,0.0141,0.0128,0.0144,0.0238,0.0386,0.0245,0.0231,0.0271,0.0267,0.0141,0.0231,0.0385,0.0239,0.0228,0.0268,0.0263,0.0233,0.0396,0.0245,0.0219,0.0275,0.0265,0.04,0.029,0.0285,0.0296,0.0293,0.0368,0.0375,0.0367,0.0363,0.0137,0.0177,0.0182,0.0194,0.0193,0.0163,0.0138,0.1706,0.1758,0.6462,0.3412,0.3093,0.3549,0.3382,0.2005,0.1878,0.6721,0.3588,0.3344,0.377,0.3579,0.2636,0.7533,0.4538,0.401,0.4622,0.4359,0.5343,0.2927,0.2818,0.274,0.2603,0.659,0.6608,0.6256,0.6114,0.0791,0.1774,0.1795,0.2193,0.2044,0.0863
Hmel218003o,1025001,1075000,1050010,49971,0.0146,0.0142,0.0106,0.0212,0.0044,0.0125,0.0114,0.0146,0.0154,0.0142,0.0165,0.0251,0.0365,0.0248,0.0248,0.0278,0.0275,0.0167,0.0246,0.0365,0.0244,0.0245,0.0273,0.0271,0.0241,0.0368,0.0257,0.0247,0.0283,0.0278,0.0368,0.029,0.0297,0.0293,0.0293,0.0365,0.0374,0.036,0.0363,0.0136,0.0187,0.0188,0.0198,0.0197,0.0161,-0.0072,0.1432,0.1874,0.6017,0.3063,0.3253,0.3247,0.3068,0.156,0.1847,0.6095,0.3053,0.3292,0.3245,0.3072,0.2358,0.6756,0.3959,0.4002,0.4004,0.378,0.5125,0.2872,0.3156,0.2608,0.2486,0.6378,0.6656,0.5982,0.5863,0.0689,0.1694,0.1552,0.2176,0.2013,0.0384
Hmel218003o,1050001,1100000,1075000,50000,0.0149,0.016,0.0129,0.0217,0.0052,0.0132,0.0111,0.0152,0.0156,0.0153,0.0178,0.0242,0.0341,0.0225,0.0226,0.025,0.0251,0.0177,0.0244,0.0344,0.0229,0.0225,0.0252,0.0254,0.024,0.0343,0.0235,0.0224,0.0256,0.0257,0.0353,0.0274,0.0275,0.0285,0.0286,0.0338,0.035,0.0334,0.0334,0.0143,0.0186,0.0185,0.0189,0.0192,0.0159,-0.0055,0.1303,0.1593,0.5612,0.243,0.2824,0.26,0.2574,0.1052,0.1447,0.545,0.2329,0.2599,0.2467,0.2448,0.1861,0.598,0.3006,0.3145,0.3044,0.3004,0.4783,0.2463,0.28,0.2319,0.2298,0.589,0.6368,0.5476,0.5423,0.088,0.1412,0.1338,0.1867,0.1901,0.0174
Hmel218003o,1075001,1125000,1100000,50000,0.0146,0.0137,0.0116,0.021,0.005,0.0129,0.0113,0.0163,0.0171,0.0144,0.0163,0.0219,0.031,0.021,0.0201,0.0228,0.0234,0.0159,0.0218,0.0315,0.0225,0.021,0.024,0.0244,0.0229,0.0317,0.0212,0.0191,0.0238,0.0243,0.0338,0.0269,0.0259,0.0278,0.0281,0.0302,0.0307,0.0299,0.0298,0.0141,0.0193,0.0198,0.0199,0.0207,0.0171,0.011,0.1176,0.1238,0.5356,0.2194,0.2267,0.2023,0.2023,0.1197,0.1357,0.5566,0.2686,0.2658,0.2418,0.2377,0.196,0.6002,0.2796,0.2608,0.2719,0.2701,0.4749,0.2496,0.2586,0.2129,0.2063,0.557,0.594,0.4897,0.4736,0.079,0.1463,0.1441,0.1891,0.1941,0.0115
Hmel218003o,1100001,1150000,1124227,48447,0.0169,0.0159,0.0122,0.0202,0.0044,0.0133,0.0123,0.0175,0.0177,0.0165,0.0177,0.0231,0.0311,0.0223,0.0222,0.0255,0.0255,0.0174,0.0234,0.0319,0.024,0.0236,0.0267,0.0265,0.0236,0.032,0.0222,0.0214,0.0262,0.0262,0.0338,0.0281,0.0281,0.0297,0.0293,0.0309,0.0315,0.0305,0.0306,0.0142,0.0219,0.0218,0.0229,0.023,0.0183,0.0017,0.1051,0.1228,0.5063,0.2045,0.2186,0.2053,0.2028,0.1127,0.1442,0.5325,0.2548,0.2646,0.2411,0.2345,0.2096,0.6042,0.2829,0.2846,0.2888,0.285,0.4968,0.275,0.2911,0.2353,0.2269,0.571,0.5983,0.4882,0.4854,0.0557,0.1826,0.1781,0.2226,0.2212,0.0202
Hmel218003o,1125001,1175000,1148760,45646,0.0157,0.016,0.012,0.0191,0.0048,0.0106,0.0132,0.016,0.0157,0.0156,0.0167,0.0215,0.0324,0.0208,0.021,0.0252,0.0246,0.0156,0.0223,0.0332,0.0225,0.0222,0.0262,0.0256,0.0222,0.0336,0.0223,0.0214,0.0264,0.0258,0.0347,0.0266,0.0268,0.0291,0.0283,0.0319,0.0331,0.0316,0.0312,0.0136,0.0204,0.0196,0.0221,0.0218,0.0162,-0.0073,0.0993,0.118,0.5361,0.2366,0.1939,0.2383,0.2319,0.0582,0.131,0.5403,0.2696,0.2177,0.2532,0.2465,0.199,0.6169,0.342,0.2707,0.3217,0.3153,0.5155,0.3093,0.2677,0.2611,0.2516,0.6272,0.5885,0.5221,0.5214,0.0692,0.2228,0.206,0.2155,0.2114,0.0119
Hmel218003o,1150001,1200000,1175186,46319,0.0135,0.0126,0.0098,0.0177,0.0039,0.0073,0.008,0.0128,0.0136,0.0128,0.0136,0.0182,0.0328,0.0177,0.0179,0.0213,0.0214,0.0122,0.0183,0.0333,0.02,0.0198,0.0226,0.0226,0.0185,0.0335,0.0205,0.0202,0.023,0.0233,0.0341,0.0241,0.0243,0.0255,0.0256,0.0321,0.0327,0.032,0.0317,0.0089,0.0155,0.0156,0.0166,0.0169,0.0136,-0.0107,0.0827,0.0914,0.5957,0.2736,0.2636,0.2485,0.2366,0.0455,0.112,0.6165,0.3496,0.3287,0.2924,0.2774,0.1756,0.6746,0.4281,0.404,0.3572,0.3458,0.5435,0.3462,0.3362,0.2699,0.2575,0.7154,0.705,0.6007,0.582,0.0825,0.2241,0.2088,0.2424,0.2325,0.0169
Hmel218003o,1175001,1225000,1200370,49069,0.0123,0.0125,0.0107,0.0207,0.0026,0.0055,0.0037,0.0088,0.0098,0.0122,0.0133,0.0189,0.0344,0.0129,0.0127,0.0154,0.0156,0.0128,0.0201,0.034,0.0155,0.0155,0.0171,0.0172,0.0197,0.033,0.0163,0.0156,0.0178,0.0179,0.0359,0.0213,0.0216,0.0217,0.0217,0.0347,0.0349,0.0343,0.0341,0.0066,0.0106,0.0109,0.0118,0.0118,0.0097,-0.0099,0.0762,0.0951,0.6584,0.1929,0.241,0.1965,0.1798,0.0521,0.1206,0.6509,0.2784,0.3281,0.2435,0.2237,0.145,0.6787,0.3504,0.3845,0.3043,0.2847,0.5408,0.2813,0.3251,0.2242,0.2073,0.8003,0.8441,0.7266,0.7052,0.1859,0.1996,0.1826,0.3198,0.2879,0.0229
Hmel218003o,1200001,1250000,1225011,49922,0.0149,0.0144,0.0128,0.0241,0.0029,0.0058,0.0046,0.0106,0.0114,0.0144,0.0158,0.0217,0.0325,0.014,0.014,0.0166,0.0162,0.0145,0.0231,0.0323,0.0165,0.0165,0.0184,0.0177,0.0234,0.0318,0.0163,0.0153,0.0185,0.0177,0.0353,0.0231,0.0232,0.0233,0.0229,0.033,0.0332,0.0325,0.0321,0.0072,0.0124,0.012,0.0137,0.0135,0.0112,-0.0105,0.0696,0.0791,0.5858,0.1586,0.1881,0.138,0.11,0.0356,0.1176,0.5949,0.2549,0.2821,0.2015,0.1678,0.1489,0.6205,0.289,0.2883,0.2385,0.2001,0.4831,0.2628,0.2859,0.1817,0.1608,0.7799,0.8079,0.6714,0.6521,0.1714,0.2184,0.178,0.2991,0.2692,0.0107
Hmel218003o,1225001,1275000,1249743,48653,0.0198,0.0187,0.0157,0.0251,0.0047,0.0121,0.0129,0.0172,0.0177,0.0187,0.02,0.0251,0.0319,0.0217,0.022,0.0253,0.0249,0.0188,0.0255,0.0326,0.0239,0.0233,0.0267,0.0258,0.0261,0.0333,0.0229,0.0221,0.0269,0.0261,0.0339,0.0289,0.0289,0.0301,0.0296,0.0322,0.0326,0.0314,0.0308,0.0133,0.021,0.0206,0.0223,0.0221,0.0178,-0.0157,0.0625,0.07,0.461,0.1611,0.1544,0.1638,0.1491,0.0455,0.093,0.4879,0.2255,0.2011,0.2046,0.181,0.1476,0.5479,0.2563,0.2243,0.252,0.2299,0.4272,0.2473,0.2349,0.1951,0.1808,0.6024,0.5907,0.4991,0.4834,0.0324,0.1869,0.1685,0.2022,0.1914,0.0103
Hmel218003o,1250001,1300000,1275398,48634,0.0224,0.0233,0.0202,0.0246,0.006,0.019,0.0198,0.021,0.0205,0.0225,0.023,0.0273,0.0354,0.0257,0.0248,0.0305,0.0303,0.0237,0.0278,0.0361,0.0282,0.0261,0.0318,0.0311,0.028,0.0367,0.0278,0.0256,0.033,0.0327,0.0371,0.0314,0.0303,0.0347,0.034,0.036,0.036,0.0354,0.0347,0.0217,0.0268,0.0266,0.0281,0.0279,0.021,-0.0079,0.0402,0.0815,0.4427,0.1126,0.0846,0.1771,0.1787,0.0454,0.0793,0.4387,0.1503,0.1003,0.1878,0.1831,0.1231,0.4899,0.1818,0.1296,0.2431,0.2444,0.4474,0.1956,0.1685,0.2186,0.2158,0.5002,0.4882,0.4632,0.4619,0.0593,0.1522,0.156,0.1675,0.1702,0.0043
Hmel218003o,1275001,1325000,1297016,43624,0.0224,0.022,0.018,0.021,0.0062,0.0168,0.0186,0.0193,0.0185,0.0217,0.0212,0.027,0.0365,0.0257,0.0239,0.0282,0.0281,0.0216,0.0269,0.0371,0.0273,0.0242,0.0283,0.028,0.026,0.0371,0.0276,0.0239,0.0292,0.0294,0.039,0.032,0.0291,0.0322,0.032,0.0376,0.0364,0.0358,0.0358,0.0216,0.0261,0.0261,0.0258,0.0258,0.0188,-0.0108,0.028,0.1109,0.4533,0.1421,0.0815,0.1581,0.1663,0.043,0.1147,0.466,0.1793,0.0942,0.1661,0.1709,0.1564,0.5253,0.2379,0.1408,0.2317,0.2459,0.5092,0.2732,0.2034,0.2416,0.2492,0.5475,0.5083,0.4915,0.5039,0.1063,0.1928,0.2042,0.1625,0.1739,-0.001
Hmel218003o,1300001,1350000,1325629,42441,0.0202,0.0182,0.0118,0.021,0.0051,0.0151,0.0189,0.0164,0.0158,0.0187,0.0191,0.0267,0.0343,0.0256,0.0244,0.0287,0.0289,0.0175,0.0262,0.0345,0.0265,0.0237,0.0293,0.0296,0.0255,0.0347,0.0271,0.0239,0.0302,0.0307,0.0364,0.0326,0.0309,0.0331,0.0329,0.0349,0.0341,0.0339,0.034,0.0201,0.0235,0.0234,0.0245,0.0245,0.0159,-0.0137,0.0928,0.1353,0.4772,0.1934,0.1162,0.2337,0.2445,0.0831,0.1568,0.5114,0.239,0.129,0.271,0.2845,0.2432,0.6239,0.35,0.2298,0.3785,0.3958,0.5014,0.3055,0.2267,0.2944,0.3001,0.5665,0.4956,0.5349,0.5459,0.0884,0.2075,0.2157,0.1721,0.1809,-0.0055
Hmel218003o,1325001,1375000,1350595,48722,0.0201,0.0178,0.0137,0.0233,0.0044,0.0183,0.0191,0.0175,0.018,0.0187,0.0192,0.0254,0.0336,0.0246,0.0228,0.0301,0.0307,0.0176,0.0256,0.0339,0.0255,0.0222,0.0309,0.0318,0.0255,0.0341,0.0252,0.0217,0.0311,0.032,0.0346,0.029,0.0286,0.0331,0.0333,0.0332,0.0338,0.0335,0.0337,0.0217,0.0241,0.0247,0.0267,0.0274,0.0179,-0.007,0.0677,0.0877,0.4819,0.131,0.0813,0.2428,0.2449,0.0603,0.1257,0.5234,0.1804,0.0979,0.2856,0.2922,0.1857,0.5975,0.2343,0.1478,0.3465,0.3519,0.462,0.1794,0.163,0.2537,0.2504,0.5064,0.5018,0.523,0.5172,0.0797,0.1552,0.1608,0.1959,0.2023,0.0022
Hmel218003o,1350001,1400000,1375005,49917,0.0223,0.0208,0.0198,0.023,0.0047,0.0184,0.0195,0.0192,0.0198,0.0211,0.0219,0.0256,0.033,0.024,0.0225,0.029,0.0294,0.0211,0.0257,0.0334,0.0247,0.0224,0.0291,0.0297,0.0259,0.0336,0.0251,0.0213,0.0293,0.0301,0.0337,0.0273,0.0265,0.0315,0.0316,0.0323,0.0334,0.033,0.0334,0.0223,0.026,0.026,0.028,0.0286,0.0197,-0.0113,0.0216,0.0654,0.4344,0.0872,0.0398,0.1738,0.1741,0.0215,0.0866,0.4625,0.1222,0.0551,0.1948,0.1988,0.1067,0.4819,0.1428,0.0434,0.2121,0.2174,0.4506,0.1519,0.1216,0.2111,0.2044,0.4895,0.4833,0.4837,0.4793,0.0856,0.169,0.1626,0.1919,0.1964,0.0054
Hmel218003o,1375001,1425000,1399891,49716,0.0231,0.0226,0.0217,0.0252,0.0058,0.018,0.0203,0.0198,0.02,0.0227,0.0236,0.0276,0.034,0.0245,0.0241,0.03,0.0306,0.0229,0.0273,0.0339,0.0251,0.0242,0.0308,0.0314,0.0284,0.0349,0.0264,0.0237,0.0318,0.0325,0.0344,0.0292,0.0284,0.0334,0.0337,0.033,0.0341,0.0345,0.0347,0.0224,0.0271,0.0274,0.029,0.0295,0.0201,-0.0041,0.028,0.0743,0.4192,0.0933,0.0567,0.1764,0.1845,0.0182,0.0734,0.4243,0.1124,0.0639,0.1941,0.2021,0.105,0.4503,0.1491,0.064,0.2202,0.2295,0.4135,0.1688,0.1241,0.2102,0.2126,0.4858,0.4625,0.4739,0.474,0.0837,0.1888,0.1912,0.1913,0.198,0.0063
Hmel218003o,1400001,1450000,1424966,49579,0.0216,0.0218,0.019,0.0249,0.0069,0.0199,0.0208,0.0198,0.0213,0.0217,0.0214,0.0281,0.0378,0.0251,0.0234,0.0317,0.0317,0.0212,0.0273,0.0374,0.0252,0.0238,0.0322,0.0324,0.0277,0.039,0.0259,0.0236,0.033,0.0331,0.0377,0.0295,0.0297,0.0344,0.0348,0.0367,0.0383,0.0384,0.0384,0.024,0.0284,0.0291,0.0307,0.0307,0.0212,0.0001,0.0272,0.1049,0.4675,0.1005,0.0516,0.221,0.2033,0.0208,0.0871,0.4612,0.0996,0.0584,0.2269,0.2119,0.133,0.5172,0.1497,0.0899,0.2723,0.2555,0.4375,0.1512,0.143,0.2285,0.2153,0.4811,0.4837,0.5004,0.4786,0.087,0.1881,0.1805,0.2141,0.1959,0.0169
Hmel218003o,1425001,1475000,1449697,48326,0.0222,0.0221,0.0186,0.0229,0.0057,0.0208,0.0213,0.0207,0.0222,0.0221,0.0216,0.0275,0.0375,0.025,0.0234,0.0326,0.0317,0.0211,0.0262,0.0372,0.0256,0.0241,0.0335,0.0328,0.0264,0.0377,0.0249,0.0232,0.0333,0.0326,0.0368,0.0287,0.0292,0.0349,0.0341,0.0363,0.0375,0.0378,0.0373,0.0239,0.0298,0.0288,0.0311,0.0301,0.0222,-0.0008,0.0292,0.1043,0.4725,0.0803,0.0377,0.2157,0.1842,0.0203,0.0804,0.4721,0.0948,0.0574,0.232,0.2036,0.1327,0.5279,0.1241,0.0811,0.2708,0.2415,0.4702,0.1448,0.1475,0.2414,0.2117,0.4811,0.4861,0.4978,0.4703,0.0683,0.1891,0.1527,0.2044,0.1698,0.0175
Hmel218003o,1450001,1500000,1475416,48475,0.024,0.0234,0.0205,0.0258,0.0058,0.0202,0.0197,0.0198,0.0211,0.0234,0.0241,0.0277,0.034,0.0251,0.0251,0.0311,0.031,0.0229,0.0267,0.0344,0.0261,0.0253,0.0321,0.0318,0.0276,0.0337,0.0255,0.0244,0.0315,0.0318,0.0346,0.0289,0.029,0.0335,0.0329,0.0328,0.033,0.0332,0.0333,0.023,0.0274,0.0267,0.0279,0.0277,0.0213,-0.0058,0.0442,0.0606,0.4057,0.068,0.0731,0.1828,0.167,0.0229,0.0481,0.4202,0.0954,0.0853,0.2066,0.1863,0.1023,0.4542,0.1196,0.1023,0.232,0.22,0.4087,0.1294,0.1375,0.206,0.1821,0.4469,0.4572,0.4582,0.4401,0.0744,0.1649,0.1352,0.1793,0.16,0.0221
Hmel218003o,1475001,1525000,1500004,49978,0.0227,0.0221,0.0184,0.0236,0.0057,0.0193,0.0181,0.0195,0.0208,0.0222,0.0239,0.0269,0.0354,0.0262,0.0274,0.0309,0.0313,0.0214,0.0259,0.0361,0.0265,0.027,0.0311,0.031,0.0267,0.0358,0.027,0.0262,0.031,0.0314,0.0364,0.0297,0.0306,0.033,0.0331,0.0332,0.0344,0.0336,0.0344,0.0216,0.0245,0.025,0.0258,0.0263,0.0207,-0.0045,0.0803,0.0789,0.4425,0.1167,0.1549,0.1984,0.1889,0.0302,0.0685,0.46,0.1304,0.1548,0.2095,0.1921,0.134,0.5128,0.1885,0.1879,0.2533,0.2432,0.4572,0.175,0.2055,0.2235,0.2081,0.4695,0.5014,0.4706,0.4599,0.077,0.1229,0.1167,0.1658,0.157,0.0154
Hmel218003o,1500001,1550000,1524995,49977,0.0222,0.021,0.0165,0.0213,0.0049,0.0174,0.0187,0.02,0.0204,0.0214,0.0231,0.0261,0.036,0.0252,0.0272,0.0315,0.032,0.0211,0.0257,0.0367,0.0257,0.0268,0.0326,0.0327,0.0267,0.037,0.0262,0.0244,0.0327,0.0329,0.0359,0.029,0.0313,0.0335,0.0337,0.0337,0.0368,0.0352,0.0357,0.0219,0.025,0.0256,0.0282,0.0288,0.0205,-0.0047,0.0926,0.093,0.469,0.1276,0.1504,0.2082,0.2105,0.0614,0.1005,0.4951,0.1533,0.1572,0.2394,0.2363,0.1867,0.5683,0.2268,0.1704,0.2967,0.2949,0.4953,0.2142,0.2321,0.2473,0.2453,0.5205,0.5312,0.4938,0.4928,0.104,0.1522,0.1587,0.1971,0.2011,0.0078
Hmel218003o,1525001,1575000,1549985,49912,0.0211,0.0207,0.0158,0.0225,0.005,0.0172,0.0204,0.0184,0.0192,0.0209,0.0221,0.0284,0.0353,0.025,0.0254,0.0321,0.0322,0.0213,0.0275,0.0359,0.0256,0.025,0.0334,0.0331,0.0291,0.0366,0.0266,0.023,0.0341,0.0338,0.0352,0.0287,0.0305,0.0334,0.0331,0.0337,0.036,0.0345,0.0348,0.023,0.0255,0.0256,0.0301,0.0302,0.0194,-0.0014,0.0933,0.1379,0.4763,0.1391,0.1057,0.2503,0.2416,0.0796,0.1282,0.4883,0.1579,0.1016,0.274,0.2608,0.2251,0.5728,0.2452,0.124,0.3457,0.3325,0.4694,0.1996,0.1841,0.2542,0.2407,0.5215,0.4943,0.5097,0.5009,0.107,0.1884,0.1785,0.2275,0.2186,0.0162
Hmel218003o,1550001,1600000,1575010,49928,0.0194,0.0203,0.0162,0.0213,0.0057,0.0184,0.0198,0.0189,0.0204,0.0202,0.0219,0.0289,0.038,0.0254,0.0241,0.0337,0.0334,0.0204,0.0278,0.0389,0.0258,0.0231,0.0343,0.0338,0.0294,0.0398,0.0271,0.0229,0.035,0.0345,0.0381,0.0285,0.0293,0.0339,0.0333,0.0374,0.0389,0.0377,0.0378,0.0229,0.0285,0.0278,0.0319,0.0313,0.0205,0.0092,0.11,0.1833,0.5209,0.1557,0.1094,0.2888,0.2664,0.0584,0.1512,0.5164,0.1516,0.0757,0.2859,0.2605,0.2381,0.5844,0.2303,0.1259,0.3455,0.3206,0.505,0.1908,0.1857,0.267,0.2394,0.5285,0.5237,0.5247,0.504,0.0948,0.2185,0.1875,0.2579,0.2291,0.023
Hmel218003o,1575001,1625000,1599737,49014,0.021,0.0203,0.0168,0.0224,0.0063,0.0177,0.016,0.0197,0.0212,0.0206,0.0222,0.0286,0.0383,0.0231,0.0224,0.0324,0.0322,0.0199,0.0281,0.0393,0.0227,0.0212,0.0333,0.0331,0.0299,0.0393,0.0234,0.021,0.0334,0.0333,0.0396,0.0293,0.0305,0.0344,0.0341,0.0385,0.0396,0.0384,0.0381,0.0202,0.0304,0.0299,0.0324,0.0321,0.0214,-0.0018,0.0839,0.1449,0.4902,0.0935,0.1015,0.2389,0.2196,0.0393,0.1465,0.511,0.0951,0.0843,0.2615,0.2426,0.2255,0.5622,0.1595,0.1312,0.3061,0.2867,0.4958,0.2041,0.2464,0.2532,0.2305,0.541,0.5771,0.5099,0.4861,0.0971,0.2501,0.2237,0.3032,0.2795,0.0242
Hmel218003o,1600001,1650000,1625034,46779,0.0212,0.0196,0.0161,0.0243,0.006,0.0175,0.0149,0.0183,0.0193,0.0207,0.0215,0.028,0.0364,0.0243,0.0248,0.0315,0.031,0.0188,0.0277,0.0372,0.0227,0.0229,0.0315,0.0311,0.0288,0.0368,0.0228,0.0232,0.0317,0.0311,0.0389,0.0306,0.0315,0.034,0.0338,0.0359,0.0369,0.0362,0.0356,0.0181,0.0269,0.0266,0.0272,0.0273,0.0195,0.0086,0.0752,0.1139,0.472,0.1192,0.1654,0.2401,0.2215,0.0281,0.1293,0.5038,0.1072,0.1477,0.261,0.2433,0.1967,0.5537,0.1598,0.2103,0.3095,0.288,0.4689,0.206,0.2548,0.2463,0.2307,0.5217,0.5733,0.5123,0.4919,0.059,0.2093,0.1919,0.2534,0.241,0.019
Hmel218003o,1625001,1675000,1650965,47740,0.0232,0.022,0.0177,0.0236,0.0074,0.0184,0.0162,0.0194,0.02,0.023,0.0233,0.0288,0.0375,0.0279,0.0281,0.0335,0.0328,0.0211,0.0272,0.0383,0.0282,0.0283,0.0332,0.0326,0.0282,0.0382,0.0276,0.0273,0.0332,0.0323,0.0394,0.0322,0.0326,0.0347,0.0343,0.0372,0.0382,0.0376,0.037,0.0198,0.0267,0.0262,0.027,0.0267,0.0202,0.0086,0.0683,0.1082,0.4367,0.1536,0.185,0.2345,0.2159,0.0308,0.0948,0.4616,0.1737,0.2038,0.2434,0.2264,0.1708,0.5212,0.2188,0.2447,0.296,0.2745,0.4646,0.2266,0.2616,0.2506,0.2354,0.5008,0.5454,0.4914,0.4758,0.0725,0.1813,0.1619,0.2167,0.2014,0.0137
Hmel218003o,1650001,1700000,1675008,49980,0.0246,0.023,0.0189,0.0217,0.0061,0.0195,0.0187,0.0212,0.022,0.024,0.0241,0.0277,0.0385,0.0271,0.0268,0.0338,0.0338,0.0218,0.0267,0.0387,0.029,0.0277,0.0344,0.0345,0.0276,0.0393,0.0279,0.0261,0.0346,0.0346,0.0386,0.0311,0.031,0.0349,0.035,0.0382,0.0392,0.0384,0.0385,0.0225,0.0282,0.0283,0.0304,0.0304,0.0221,0.0039,0.0525,0.0881,0.4445,0.1089,0.1125,0.2027,0.1935,0.0205,0.09,0.4698,0.1635,0.1503,0.2294,0.221,0.1634,0.5322,0.1936,0.1708,0.2792,0.2684,0.4975,0.2149,0.2247,0.2482,0.2391,0.5138,0.535,0.4915,0.4804,0.0885,0.1714,0.1633,0.2185,0.2083,0.013
Hmel218003o,1675001,1725000,1699978,49768,0.0225,0.0198,0.017,0.022,0.0054,0.0208,0.0196,0.0188,0.02,0.0217,0.022,0.0262,0.0361,0.0251,0.0251,0.0317,0.0321,0.0188,0.0263,0.036,0.0258,0.0251,0.0326,0.0329,0.0263,0.0365,0.0251,0.0251,0.0338,0.0342,0.0369,0.0297,0.0297,0.0343,0.0349,0.0353,0.0368,0.037,0.0376,0.0236,0.0277,0.028,0.0284,0.0286,0.0199,0.014,0.057,0.0824,0.4572,0.0766,0.0919,0.2223,0.2133,0.011,0.1219,0.4959,0.1253,0.126,0.2694,0.2576,0.1627,0.5454,0.1484,0.1651,0.3209,0.3108,0.4873,0.1701,0.1855,0.2675,0.2584,0.4738,0.5076,0.5232,0.5093,0.0805,0.175,0.1644,0.2029,0.1901,0.0137
Hmel218003o,1700001,1750000,1725092,49768,0.0234,0.0211,0.0163,0.0243,0.0074,0.0212,0.0181,0.0183,0.02,0.0229,0.0222,0.0283,0.0371,0.0248,0.0252,0.0316,0.0322,0.0198,0.0284,0.037,0.0268,0.0271,0.0327,0.0332,0.0284,0.0374,0.0261,0.0259,0.0337,0.0344,0.0391,0.031,0.0318,0.035,0.0354,0.0368,0.0377,0.0364,0.0375,0.0225,0.029,0.0292,0.0288,0.0289,0.0194,0.0167,0.0602,0.0912,0.4295,0.058,0.1025,0.2165,0.2041,0.0304,0.1232,0.4609,0.126,0.1698,0.2608,0.2461,0.1873,0.5344,0.1724,0.2117,0.3354,0.3226,0.4527,0.1659,0.2171,0.2603,0.2447,0.4567,0.5112,0.4952,0.4807,0.0719,0.2003,0.1823,0.2377,0.2163,0.0071
Hmel218003o,1725001,1775000,1750000,49991,0.024,0.0239,0.0185,0.0235,0.0066,0.0201,0.019,0.0219,0.0225,0.024,0.023,0.0277,0.0384,0.0253,0.025,0.0324,0.0329,0.0224,0.0281,0.039,0.0277,0.0263,0.0329,0.0335,0.0284,0.0394,0.0271,0.0247,0.0336,0.0343,0.0397,0.0307,0.031,0.0345,0.0352,0.0379,0.0391,0.0369,0.038,0.0229,0.0294,0.03,0.0312,0.0315,0.022,0.0015,0.0427,0.0789,0.4465,0.0741,0.079,0.1809,0.1805,0.0304,0.0893,0.4541,0.1226,0.1076,0.1897,0.1913,0.1642,0.5332,0.177,0.1429,0.2615,0.2632,0.4794,0.1821,0.2003,0.2172,0.2177,0.496,0.5221,0.4593,0.462,0.0827,0.1775,0.178,0.2191,0.2159,-0.0057
Hmel218003o,1750001,1800000,1775002,49987,0.0242,0.0236,0.0194,0.0213,0.0059,0.0162,0.0167,0.0208,0.0216,0.0232,0.023,0.0275,0.0383,0.0272,0.0262,0.031,0.032,0.0225,0.0265,0.039,0.028,0.0268,0.0313,0.0322,0.0275,0.0396,0.029,0.0272,0.0324,0.0332,0.0382,0.0324,0.032,0.0327,0.0337,0.0379,0.0382,0.0371,0.038,0.0189,0.026,0.027,0.0266,0.0277,0.0208,-0.0149,0.0269,0.0924,0.4514,0.1567,0.1308,0.167,0.1741,0.0245,0.082,0.4674,0.1798,0.1498,0.1797,0.1856,0.1576,0.5311,0.251,0.2121,0.2457,0.2479,0.5021,0.2842,0.2707,0.2253,0.2298,0.5648,0.5597,0.4869,0.4845,0.0738,0.1776,0.1859,0.1823,0.1917,-0.0112
Hmel218003o,1775001,1825000,1799983,49946,0.0234,0.0215,0.0183,0.0222,0.0062,0.0145,0.0154,0.0181,0.019,0.0221,0.0219,0.028,0.0373,0.0265,0.0261,0.0286,0.0292,0.0207,0.0265,0.0374,0.0272,0.027,0.0291,0.0296,0.0276,0.0381,0.0282,0.0272,0.0295,0.03,0.0382,0.0319,0.0319,0.0313,0.0316,0.0374,0.0375,0.036,0.0362,0.0159,0.0224,0.0226,0.0225,0.023,0.0182,-0.008,0.0261,0.1056,0.4484,0.1765,0.156,0.167,0.1684,0.0196,0.1006,0.4749,0.2149,0.1984,0.1995,0.1984,0.1675,0.5299,0.2778,0.2479,0.2494,0.2456,0.4866,0.2915,0.2783,0.2311,0.2239,0.5831,0.5692,0.512,0.5014,0.0353,0.167,0.1589,0.1551,0.1542,-0.01
Hmel218003o,1800001,1850000,1824445,47447,0.0204,0.0194,0.0178,0.0246,0.0061,0.0149,0.0163,0.0188,0.0186,0.02,0.02,0.0263,0.0357,0.0248,0.0241,0.0275,0.0273,0.019,0.0259,0.0361,0.0255,0.0247,0.0285,0.0282,0.0264,0.0363,0.0253,0.0242,0.0281,0.0278,0.0382,0.0301,0.0297,0.0316,0.0309,0.0353,0.0361,0.0352,0.0347,0.0159,0.022,0.021,0.0227,0.0222,0.0183,0.0023,0.0235,0.0908,0.474,0.1775,0.144,0.1776,0.1757,0.0125,0.0966,0.494,0.2075,0.1714,0.2083,0.205,0.1271,0.5209,0.2268,0.1829,0.223,0.2202,0.4579,0.2318,0.2057,0.203,0.194,0.558,0.5424,0.4935,0.4913,0.0106,0.1419,0.1192,0.1349,0.126,-0.0119
Hmel218003o,1825001,1875000,1850731,46013,0.0229,0.0231,0.0194,0.0252,0.0075,0.0131,0.0178,0.0222,0.0225,0.0227,0.0222,0.0263,0.0385,0.0277,0.0265,0.0313,0.0317,0.0222,0.0264,0.0394,0.0286,0.0273,0.0325,0.0326,0.0267,0.0401,0.0285,0.0261,0.0327,0.0328,0.0386,0.0314,0.0308,0.0337,0.0337,0.0374,0.0385,0.0373,0.0373,0.0173,0.0257,0.0253,0.0272,0.0276,0.0221,-0.0069,0.0263,0.0525,0.4504,0.2236,0.1383,0.1728,0.1751,0.0234,0.0516,0.4567,0.2346,0.1515,0.1882,0.1867,0.1063,0.5143,0.2861,0.1762,0.2346,0.2327,0.4369,0.2697,0.1963,0.1862,0.1823,0.5833,0.5219,0.4471,0.4432,0.0584,0.195,0.1833,0.1614,0.1644,-0.0051
Hmel218003o,1850001,1900000,1875386,47722,0.024,0.023,0.0185,0.0232,0.006,0.0159,0.0206,0.0217,0.0227,0.0232,0.0224,0.0262,0.0379,0.029,0.0273,0.0319,0.0325,0.022,0.026,0.039,0.0303,0.0286,0.0332,0.0338,0.0262,0.04,0.031,0.0276,0.0339,0.0346,0.0377,0.0325,0.0317,0.0336,0.0342,0.0377,0.0386,0.0365,0.0372,0.0209,0.0262,0.0271,0.0286,0.0294,0.0222,-0.0067,0.0272,0.0517,0.4486,0.1943,0.1073,0.1741,0.172,0.0311,0.0614,0.4741,0.2294,0.143,0.2056,0.204,0.128,0.5471,0.2987,0.1796,0.2675,0.2648,0.4723,0.2682,0.1939,0.2077,0.204,0.5666,0.5048,0.4654,0.4592,0.0732,0.1737,0.1767,0.1579,0.1608,-0.0019
Hmel218003o,1875001,1925000,1899646,47823,0.0219,0.0187,0.0177,0.0219,0.0048,0.0185,0.021,0.0209,0.0215,0.0202,0.0204,0.0255,0.0367,0.0271,0.0258,0.0314,0.0315,0.0191,0.0247,0.0379,0.0292,0.0269,0.0329,0.0333,0.0246,0.0387,0.0297,0.0267,0.0336,0.034,0.0376,0.032,0.031,0.0339,0.034,0.0371,0.0377,0.0366,0.0372,0.0226,0.0262,0.0264,0.028,0.0281,0.0214,-0.0024,0.0176,0.0808,0.4837,0.1547,0.0978,0.2003,0.1943,0.0272,0.1102,0.5434,0.2333,0.1602,0.2611,0.2592,0.1224,0.5662,0.2553,0.1692,0.2831,0.2815,0.5062,0.2402,0.1903,0.2349,0.2288,0.5387,0.5075,0.4964,0.4936,0.0719,0.15,0.1453,0.1526,0.1474,0.0036
Hmel218003o,1900001,1950000,1925284,48560,0.0206,0.0204,0.0188,0.0235,0.0077,0.0156,0.018,0.0206,0.0209,0.0208,0.0212,0.0275,0.0386,0.0285,0.0275,0.0326,0.0331,0.0203,0.0274,0.0394,0.0288,0.0276,0.033,0.0336,0.0264,0.0404,0.029,0.0284,0.0334,0.034,0.0405,0.0327,0.0326,0.035,0.0355,0.0396,0.0401,0.0395,0.04,0.0198,0.0256,0.0256,0.0265,0.0269,0.0207,0.0074,0.0385,0.1202,0.479,0.2347,0.1842,0.2374,0.2403,0.0197,0.1215,0.4904,0.2424,0.1889,0.2456,0.2514,0.125,0.5228,0.2687,0.2252,0.2709,0.2753,0.471,0.2725,0.2382,0.2397,0.2419,0.5613,0.5309,0.4894,0.4899,0.0861,0.1809,0.1764,0.1675,0.1694,-0.0004
Hmel218003o,1925001,1975000,1949959,49776,0.0159,0.0173,0.0148,0.0223,0.0076,0.0146,0.0131,0.0178,0.0174,0.0168,0.0168,0.024,0.0363,0.0262,0.026,0.031,0.0309,0.0165,0.0241,0.037,0.0259,0.0259,0.0309,0.0306,0.0238,0.037,0.0257,0.0262,0.0307,0.0305,0.0379,0.0306,0.0307,0.0329,0.033,0.0366,0.0375,0.0367,0.0373,0.0163,0.0228,0.0231,0.0236,0.0236,0.0178,0.0078,0.0488,0.1325,0.5268,0.2773,0.2989,0.3104,0.3123,0.016,0.1139,0.5118,0.2488,0.2731,0.2892,0.2882,0.1462,0.5507,0.2851,0.3198,0.3207,0.3219,0.4614,0.2688,0.2935,0.2585,0.2643,0.5498,0.5829,0.5023,0.5127,0.0862,0.1779,0.1899,0.22,0.2261,0.0058
Hmel218003o,1950001,2000000,1975016,49835,0.0137,0.0137,0.0133,0.0215,0.0058,0.0141,0.009,0.0153,0.0144,0.0136,0.0142,0.0224,0.031,0.0216,0.0227,0.0268,0.0265,0.0143,0.0226,0.0311,0.022,0.0227,0.0268,0.0263,0.0237,0.0308,0.0219,0.0224,0.0272,0.0267,0.0338,0.0285,0.0288,0.0292,0.029,0.0307,0.032,0.0313,0.0321,0.0135,0.0203,0.0201,0.0208,0.0204,0.0152,-0.0025,0.0276,0.144,0.5372,0.2281,0.3481,0.3107,0.3211,0.0299,0.1472,0.5384,0.2377,0.3476,0.311,0.3175,0.1756,0.5415,0.2394,0.3495,0.3238,0.3317,0.4548,0.2509,0.3376,0.2446,0.2562,0.5249,0.6382,0.5105,0.5371,0.0828,0.1676,0.1797,0.2733,0.2831,0.0123
Hmel218003o,1975001,2025000,1999996,49983,0.0148,0.0118,0.0149,0.0219,0.0043,0.0087,0.0043,0.011,0.0113,0.0139,0.0158,0.0257,0.0253,0.023,0.0239,0.0247,0.0252,0.0173,0.0253,0.0259,0.022,0.0225,0.0236,0.024,0.0279,0.0252,0.0249,0.0259,0.0268,0.0271,0.0312,0.0257,0.0264,0.0252,0.0255,0.0282,0.029,0.0277,0.0285,0.0074,0.0145,0.0144,0.015,0.0151,0.011,0.024,0.0318,0.187,0.4687,0.3374,0.4461,0.3278,0.3314,0.1368,0.2289,0.542,0.3795,0.4894,0.3646,0.3655,0.226,0.4636,0.3726,0.475,0.3628,0.3639,0.4436,0.288,0.3778,0.2408,0.2405,0.6402,0.7547,0.5835,0.5861,0.0719,0.2026,0.1915,0.3406,0.3346,-0.004
Hmel218003o,2000001,2050000,2024937,49607,0.0167,0.0132,0.0158,0.0237,0.005,0.0085,0.0072,0.0122,0.013,0.0157,0.0171,0.0273,0.0293,0.0255,0.026,0.0271,0.0273,0.0182,0.0264,0.03,0.0245,0.0249,0.0264,0.0267,0.0285,0.0292,0.027,0.0267,0.0281,0.0283,0.0339,0.0265,0.027,0.0271,0.0271,0.0318,0.0327,0.0307,0.0313,0.0093,0.0152,0.0156,0.0155,0.0163,0.0126,0.0251,0.0262,0.168,0.4767,0.3537,0.3851,0.318,0.3077,0.1207,0.2053,0.5524,0.4034,0.434,0.3672,0.3557,0.2031,0.492,0.3961,0.4132,0.3513,0.3394,0.4402,0.2815,0.3092,0.2332,0.219,0.6657,0.6987,0.5793,0.5687,0.0874,0.2007,0.1941,0.2429,0.2428,-0.0002
Hmel218003o,2025001,2075000,2049859,46125,0.0188,0.0183,0.0169,0.0253,0.0079,0.013,0.014,0.0174,0.0175,0.0188,0.0186,0.0258,0.0345,0.0229,0.0227,0.0277,0.0278,0.0184,0.0258,0.0344,0.0233,0.0234,0.0279,0.0281,0.0258,0.0345,0.0228,0.0212,0.0275,0.0274,0.0357,0.0282,0.0279,0.0303,0.03,0.0338,0.0349,0.0327,0.0335,0.0163,0.0218,0.0222,0.0228,0.023,0.0176,0.0061,0.0227,0.0965,0.4581,0.1908,0.1702,0.2204,0.2208,0.0239,0.1015,0.4629,0.2064,0.193,0.2307,0.2334,0.1224,0.4867,0.2178,0.1648,0.243,0.2398,0.3966,0.2205,0.2013,0.1941,0.1882,0.5436,0.5383,0.458,0.4657,0.0992,0.1886,0.1965,0.1943,0.197,0.0045
Hmel218003o,2050001,2100000,2076302,45634,0.0169,0.0165,0.0148,0.0235,0.0073,0.0136,0.0144,0.0181,0.0179,0.0165,0.0166,0.0236,0.0317,0.0194,0.0193,0.0261,0.0264,0.0162,0.0234,0.0318,0.02,0.0197,0.0262,0.0263,0.0238,0.0319,0.0199,0.0188,0.0267,0.0266,0.0339,0.0265,0.0256,0.0298,0.0298,0.0321,0.0324,0.0313,0.0315,0.0169,0.0239,0.0236,0.0246,0.0243,0.0181,-0.0043,0.0239,0.0965,0.4629,0.1279,0.1127,0.2092,0.2157,0.0194,0.0989,0.4722,0.1494,0.1305,0.2168,0.2212,0.1319,0.5014,0.1763,0.1339,0.249,0.2508,0.407,0.2016,0.1751,0.1938,0.1968,0.524,0.5146,0.4382,0.4439,0.101,0.2125,0.2092,0.2163,0.2119,0.0026
Hmel218003o,2075001,2125000,2100070,46892,0.0161,0.0166,0.0138,0.0226,0.0053,0.0141,0.0153,0.0162,0.0164,0.0159,0.0157,0.0231,0.0321,0.0202,0.0197,0.0251,0.0258,0.0161,0.0228,0.0327,0.0208,0.0204,0.0253,0.0258,0.0235,0.0326,0.0212,0.0198,0.0262,0.0268,0.0352,0.0267,0.0262,0.029,0.0298,0.0326,0.0327,0.0321,0.0326,0.0162,0.0214,0.0219,0.0221,0.0228,0.0163,-0.0149,0.0242,0.1073,0.5165,0.1534,0.121,0.2271,0.2392,0.0297,0.0931,0.5155,0.1597,0.1296,0.2246,0.2322,0.1514,0.562,0.2164,0.1625,0.2843,0.2919,0.4641,0.2088,0.1811,0.2166,0.227,0.5586,0.5381,0.5144,0.5173,0.0542,0.18,0.1892,0.1787,0.1902,0.0005
Hmel218003o,2100001,2150000,2126114,47758,0.0156,0.0161,0.0141,0.0233,0.0045,0.0117,0.0131,0.0147,0.015,0.0154,0.0154,0.0233,0.0285,0.019,0.0184,0.0232,0.0236,0.0163,0.0227,0.0288,0.0189,0.0192,0.0233,0.0237,0.0243,0.0292,0.0194,0.019,0.0246,0.0251,0.0319,0.0249,0.0251,0.0275,0.028,0.028,0.0289,0.0272,0.0282,0.0139,0.0192,0.0193,0.0205,0.0209,0.015,-0.015,0.0209,0.1124,0.4959,0.1728,0.1305,0.2214,0.2248,0.0408,0.0897,0.489,0.161,0.1431,0.2141,0.2166,0.1558,0.5345,0.2132,0.175,0.2751,0.2783,0.4301,0.2056,0.187,0.2056,0.21,0.5674,0.5505,0.4956,0.5027,0.0623,0.1935,0.191,0.2018,0.2049,0.0054
Hmel218003o,2125001,2175000,2150001,49999,0.0152,0.0139,0.0125,0.0212,0.0036,0.0082,0.0086,0.014,0.014,0.0142,0.0146,0.0226,0.0255,0.0177,0.0186,0.022,0.022,0.0139,0.022,0.0262,0.0185,0.0198,0.0227,0.0229,0.0233,0.0266,0.0189,0.0198,0.0232,0.0233,0.0295,0.0241,0.0247,0.0261,0.0261,0.0251,0.0263,0.0247,0.0252,0.0109,0.0176,0.017,0.0178,0.0174,0.0143,-0.0113,0.0285,0.125,0.4768,0.2155,0.2299,0.2114,0.2115,0.0289,0.134,0.5152,0.2667,0.2894,0.2518,0.2561,0.1863,0.5516,0.3058,0.3196,0.2854,0.2895,0.4425,0.2769,0.2808,0.2149,0.2153,0.6335,0.6387,0.4889,0.4982,0.1386,0.2373,0.2216,0.2354,0.2249,0.0101
Hmel218003o,2150001,2200000,2174982,49948,0.0196,0.0172,0.0149,0.0206,0.0046,0.0111,0.0122,0.0172,0.0162,0.0187,0.0186,0.0248,0.0297,0.0231,0.0235,0.0266,0.0265,0.017,0.0231,0.0305,0.0251,0.025,0.028,0.028,0.0245,0.0305,0.0255,0.0245,0.0284,0.0282,0.0327,0.0282,0.0283,0.0303,0.0302,0.029,0.0304,0.0297,0.0298,0.0151,0.0201,0.0197,0.0212,0.0209,0.017,0.008,0.039,0.1103,0.4367,0.2124,0.203,0.1924,0.2031,0.0322,0.1136,0.4903,0.2923,0.2719,0.2519,0.2656,0.1772,0.5313,0.3375,0.3011,0.2905,0.3017,0.4743,0.3064,0.2904,0.246,0.2583,0.5882,0.5812,0.4785,0.4981,0.1352,0.1827,0.19,0.1896,0.2002,0.0088
Hmel218003o,2175001,2225000,2200008,49946,0.0231,0.0198,0.0188,0.0248,0.0053,0.019,0.0185,0.023,0.0228,0.0218,0.0226,0.0303,0.0418,0.0305,0.0304,0.037,0.0371,0.0207,0.0285,0.0416,0.0313,0.03,0.038,0.0381,0.0301,0.0418,0.0311,0.0294,0.0384,0.0382,0.0434,0.0351,0.0357,0.0397,0.0402,0.0403,0.042,0.0398,0.0402,0.0234,0.0288,0.029,0.0321,0.0325,0.0234,0.0069,0.0386,0.124,0.5095,0.1926,0.1974,0.2434,0.2475,0.037,0.1361,0.5525,0.2464,0.2324,0.2926,0.2963,0.1764,0.5685,0.2555,0.2351,0.3081,0.3086,0.5144,0.2473,0.2618,0.2586,0.2671,0.5533,0.5751,0.4921,0.4996,0.1167,0.1644,0.1709,0.2263,0.2348,0.0116
Hmel218003o,2200001,2250000,2224571,49066,0.0192,0.0176,0.0167,0.0263,0.0033,0.0167,0.0136,0.0176,0.0195,0.018,0.0191,0.0285,0.0388,0.0248,0.0253,0.0309,0.031,0.0179,0.0282,0.0384,0.0249,0.0247,0.0312,0.0314,0.0285,0.0388,0.0243,0.0242,0.031,0.0312,0.0426,0.0322,0.0328,0.0351,0.0352,0.0383,0.0392,0.0361,0.037,0.0178,0.0245,0.0249,0.0264,0.0267,0.0191,-0.0134,0.034,0.1299,0.5653,0.1683,0.2249,0.2649,0.2436,0.0225,0.1457,0.5871,0.1936,0.2377,0.292,0.27,0.1623,0.6046,0.195,0.242,0.3015,0.2797,0.5159,0.2219,0.2713,0.2512,0.2292,0.6011,0.6595,0.5665,0.5449,0.0865,0.1853,0.1685,0.2695,0.2468,0.0166
Hmel218003o,2225001,2275000,2250045,49041,0.0168,0.0173,0.014,0.0273,0.0039,0.0152,0.0151,0.0151,0.0165,0.0165,0.0167,0.0268,0.0353,0.0226,0.0211,0.0272,0.0271,0.0166,0.0268,0.0356,0.0236,0.0218,0.0277,0.0277,0.0269,0.0354,0.023,0.0205,0.0274,0.0274,0.0392,0.0312,0.0301,0.0322,0.0315,0.0352,0.0356,0.0341,0.0349,0.0173,0.0212,0.0213,0.0234,0.0233,0.0159,-0.0188,0.0416,0.1218,0.5622,0.1815,0.1465,0.2733,0.251,0.0303,0.1143,0.5574,0.1957,0.1561,0.274,0.2538,0.1616,0.6114,0.2338,0.179,0.3193,0.2978,0.4666,0.2165,0.2013,0.2317,0.2041,0.5901,0.5941,0.5794,0.5636,0.0698,0.1758,0.1546,0.2257,0.2022,0.0037
Hmel218003o,2250001,2300000,2274898,48815,0.0198,0.0197,0.0169,0.0274,0.0056,0.0162,0.019,0.0189,0.0199,0.0196,0.0195,0.0285,0.0385,0.0273,0.0243,0.0315,0.0326,0.0198,0.0286,0.039,0.0282,0.0252,0.0322,0.0332,0.0289,0.0389,0.0276,0.0238,0.0316,0.033,0.0397,0.0335,0.032,0.0345,0.0356,0.0377,0.0381,0.0373,0.0384,0.0208,0.0233,0.0238,0.027,0.0277,0.019,-0.0029,0.0322,0.1123,0.5199,0.2176,0.1201,0.2516,0.2554,0.0426,0.1147,0.5257,0.2339,0.1385,0.2634,0.2651,0.1568,0.5662,0.2631,0.1491,0.2901,0.2962,0.4463,0.2365,0.1792,0.2175,0.2196,0.5674,0.5271,0.5215,0.5168,0.0886,0.1485,0.1452,0.1846,0.1845,-0.011
Hmel218003o,2275001,2325000,2300463,48757,0.0209,0.0207,0.0182,0.0262,0.0058,0.0145,0.0179,0.0195,0.0206,0.0211,0.0204,0.0278,0.0366,0.0258,0.0236,0.0288,0.03,0.0209,0.0277,0.0373,0.026,0.0239,0.0298,0.0306,0.0281,0.0373,0.0259,0.0228,0.0293,0.0305,0.039,0.0311,0.0299,0.0329,0.0337,0.036,0.0363,0.0353,0.0363,0.0183,0.0223,0.0226,0.0247,0.0252,0.0195,0.0065,0.0224,0.0966,0.481,0.1952,0.102,0.1837,0.1913,0.0373,0.0973,0.4921,0.2036,0.1135,0.204,0.2047,0.1356,0.5287,0.2361,0.1219,0.227,0.2342,0.4509,0.2351,0.172,0.1975,0.1967,0.5749,0.5239,0.4873,0.4827,0.065,0.1409,0.1335,0.1459,0.1416,-0.0152
Hmel218003o,2300001,2350000,2325024,49902,0.0197,0.021,0.0149,0.0249,0.0049,0.0159,0.0188,0.0191,0.0203,0.0205,0.0193,0.0266,0.0358,0.0245,0.0242,0.0299,0.0304,0.0197,0.0262,0.0367,0.0253,0.0249,0.0311,0.0315,0.0274,0.037,0.0242,0.0226,0.031,0.0315,0.038,0.0299,0.0296,0.0339,0.0338,0.0349,0.0361,0.034,0.0349,0.019,0.0243,0.0241,0.0255,0.0253,0.0194,0.0052,0.0577,0.1015,0.5041,0.1658,0.1189,0.2236,0.2163,0.0502,0.0763,0.4947,0.1656,0.1182,0.2274,0.2191,0.1833,0.5933,0.2336,0.1543,0.3052,0.2961,0.4688,0.2102,0.1663,0.2282,0.2122,0.5563,0.5211,0.4938,0.484,0.0474,0.1715,0.1494,0.1539,0.1353,-0.0102
Hmel218003o,2325001,2375000,2349668,49172,0.0221,0.0237,0.0182,0.0245,0.0056,0.0178,0.0188,0.0195,0.0214,0.0228,0.0227,0.0276,0.0384,0.0273,0.0286,0.0322,0.0325,0.0229,0.0268,0.0388,0.0277,0.0289,0.0326,0.0331,0.0284,0.0399,0.027,0.0275,0.0334,0.034,0.0381,0.0308,0.0322,0.034,0.0342,0.0374,0.0393,0.0364,0.0368,0.0203,0.0259,0.0261,0.0272,0.0278,0.0203,-0.0018,0.0635,0.0931,0.4857,0.1644,0.1753,0.2261,0.2093,0.0465,0.057,0.4676,0.1517,0.1613,0.2138,0.2005,0.1601,0.5556,0.2103,0.207,0.292,0.2771,0.4655,0.2042,0.2125,0.2299,0.2103,0.5387,0.5423,0.5031,0.4787,0.0563,0.1712,0.1512,0.1835,0.1701,-0.0025
Hmel218003o,2350001,2400000,2374890,48659,0.02,0.0201,0.0161,0.0236,0.0055,0.013,0.012,0.0178,0.0188,0.0204,0.0205,0.0256,0.037,0.0277,0.0286,0.0301,0.0305,0.0199,0.0252,0.0367,0.0283,0.0288,0.0303,0.0308,0.0262,0.0372,0.0285,0.029,0.0315,0.032,0.0363,0.0302,0.0311,0.0317,0.0318,0.0353,0.0366,0.0349,0.035,0.0143,0.022,0.0228,0.0232,0.0243,0.0184,0.0078,0.0674,0.0916,0.504,0.2661,0.2962,0.2398,0.2338,0.0494,0.0816,0.4991,0.2747,0.2975,0.2405,0.237,0.1589,0.5667,0.3394,0.3621,0.3132,0.3078,0.461,0.2717,0.2997,0.2262,0.2154,0.6017,0.6303,0.5156,0.5005,0.0724,0.1853,0.1868,0.2275,0.236,0.0015
Hmel218003o,2375001,2425000,2400079,49474,0.0141,0.0144,0.0101,0.0195,0.0042,0.0057,0.0066,0.0119,0.012,0.0148,0.0145,0.0212,0.027,0.0198,0.0206,0.0212,0.0214,0.0133,0.0208,0.0273,0.021,0.0211,0.0218,0.0219,0.021,0.0276,0.0205,0.0207,0.022,0.0219,0.0301,0.0251,0.0248,0.0257,0.0254,0.0262,0.0272,0.0262,0.0264,0.0073,0.013,0.0136,0.0139,0.0147,0.0121,0.0225,0.0953,0.1355,0.5111,0.3489,0.3455,0.2503,0.2543,0.0447,0.1191,0.5094,0.368,0.3502,0.2602,0.2598,0.2032,0.6039,0.458,0.4389,0.3454,0.3437,0.4683,0.3664,0.3438,0.2633,0.2577,0.6967,0.683,0.546,0.5467,0.0913,0.2027,0.2213,0.2088,0.234,0.0068
Hmel218003o,2400001,2450000,2424952,49726,0.0143,0.0142,0.0116,0.019,0.0039,0.0048,0.0075,0.0106,0.0108,0.0143,0.0146,0.0215,0.0247,0.0183,0.0188,0.0197,0.0198,0.0131,0.0209,0.0255,0.0187,0.019,0.02,0.0201,0.0206,0.0258,0.0179,0.0179,0.0193,0.0192,0.0284,0.024,0.0241,0.0248,0.0245,0.0249,0.0263,0.025,0.025,0.0069,0.0105,0.0109,0.0121,0.0126,0.0106,0.0012,0.0641,0.1445,0.4769,0.3268,0.2786,0.2364,0.2358,0.0075,0.1325,0.4912,0.3394,0.2856,0.2459,0.244,0.1719,0.5521,0.3856,0.3168,0.2823,0.2752,0.4586,0.375,0.3222,0.2796,0.2691,0.7143,0.6568,0.5663,0.5604,0.0587,0.164,0.173,0.1517,0.1661,-0.006
Hmel218003o,2425001,2475000,2450010,49493,0.0204,0.0196,0.0167,0.0221,0.0042,0.012,0.0119,0.0168,0.0168,0.02,0.0204,0.0261,0.0322,0.0245,0.0262,0.0286,0.0286,0.0188,0.0257,0.0326,0.0244,0.0262,0.0281,0.0284,0.0262,0.0332,0.0236,0.025,0.028,0.0282,0.034,0.0283,0.0294,0.0307,0.0308,0.0319,0.0333,0.0332,0.0333,0.0141,0.0208,0.0204,0.022,0.0215,0.0171,0.0,0.052,0.1115,0.464,0.2164,0.2488,0.2227,0.2235,0.0185,0.1139,0.4812,0.2247,0.2595,0.2241,0.2288,0.1652,0.5367,0.2556,0.2843,0.2624,0.2672,0.4749,0.2758,0.2931,0.2408,0.2428,0.6118,0.6254,0.5349,0.537,0.0868,0.1916,0.1824,0.2202,0.2098,0.0084
Hmel218003o,2450001,2500000,2474818,49236,0.0213,0.0216,0.0172,0.0213,0.0052,0.017,0.0148,0.0196,0.0192,0.0216,0.0214,0.026,0.0337,0.0264,0.0278,0.0303,0.0303,0.0208,0.0252,0.034,0.0265,0.028,0.03,0.0299,0.0265,0.0344,0.0255,0.026,0.0301,0.03,0.0346,0.0289,0.0299,0.0306,0.0308,0.0333,0.0342,0.0346,0.0351,0.0186,0.0255,0.0248,0.0265,0.0256,0.0201,0.0037,0.0551,0.1026,0.4504,0.1688,0.2224,0.2052,0.2093,0.0374,0.0822,0.449,0.1662,0.222,0.1955,0.1983,0.1724,0.5245,0.2083,0.2496,0.2538,0.2564,0.4755,0.2182,0.266,0.2089,0.2165,0.5164,0.5627,0.4886,0.4997,0.0836,0.1739,0.165,0.2233,0.2112,0.0202
Hmel218003o,2475001,2525000,2499841,48500,0.0194,0.0201,0.0154,0.0238,0.0066,0.019,0.0173,0.0191,0.0201,0.0198,0.019,0.0277,0.0333,0.0258,0.026,0.0302,0.0306,0.0196,0.0272,0.0335,0.0258,0.0262,0.03,0.0303,0.0277,0.0335,0.0256,0.024,0.0297,0.0297,0.0338,0.03,0.0304,0.0309,0.0307,0.032,0.0331,0.0324,0.0332,0.0192,0.0255,0.0254,0.0252,0.0249,0.0198,0.0011,0.0475,0.1361,0.4547,0.1555,0.1815,0.2325,0.228,0.0525,0.1175,0.4455,0.1457,0.1766,0.2209,0.2123,0.1925,0.5219,0.2067,0.2005,0.2787,0.2658,0.4115,0.1825,0.212,0.1954,0.1783,0.4451,0.4853,0.4477,0.4423,0.0293,0.1537,0.1384,0.1701,0.1506,0.007
Hmel218003o,2500001,2550000,2525282,49016,0.0206,0.0189,0.0136,0.0266,0.0077,0.0185,0.0155,0.0176,0.0194,0.0202,0.0202,0.0291,0.0346,0.026,0.028,0.0311,0.0314,0.018,0.0291,0.0346,0.0263,0.0281,0.0322,0.0323,0.0291,0.0352,0.0269,0.0278,0.0328,0.033,0.0346,0.0307,0.0321,0.0323,0.0318,0.0337,0.0352,0.0329,0.0334,0.0186,0.0251,0.0257,0.0243,0.0247,0.0187,0.0129,0.0889,0.1199,0.4362,0.1509,0.2271,0.2517,0.2334,0.0563,0.1419,0.4622,0.1785,0.2526,0.2906,0.2681,0.2128,0.5523,0.2662,0.3271,0.3715,0.3479,0.3729,0.1737,0.2331,0.2091,0.1798,0.4567,0.5207,0.4614,0.4396,0.0488,0.1729,0.1595,0.1991,0.1808,0.0054
Hmel218003o,2525001,2575000,2549999,49971,0.0197,0.0176,0.012,0.0242,0.007,0.0157,0.0134,0.0169,0.0182,0.0191,0.0197,0.0263,0.0341,0.0246,0.0255,0.0298,0.0297,0.017,0.0258,0.0344,0.025,0.0259,0.0313,0.0313,0.0263,0.0345,0.0251,0.0243,0.0308,0.0306,0.0338,0.0291,0.0298,0.0313,0.0311,0.0335,0.0359,0.0337,0.0343,0.0178,0.0235,0.0237,0.0235,0.0239,0.018,0.0126,0.1142,0.1033,0.4524,0.1722,0.2246,0.2506,0.2334,0.072,0.1229,0.4889,0.2106,0.2646,0.3036,0.2855,0.2158,0.5827,0.3019,0.3274,0.3756,0.354,0.4014,0.2088,0.253,0.2267,0.2078,0.5096,0.5735,0.4923,0.4785,0.1065,0.1916,0.176,0.2269,0.2166,0.0127
Hmel218003o,2550001,2600000,2574826,49445,0.0209,0.0197,0.0153,0.0236,0.0052,0.0143,0.0153,0.0183,0.0194,0.0208,0.022,0.0268,0.0344,0.024,0.0241,0.0292,0.0294,0.0203,0.0254,0.0347,0.0255,0.0248,0.0308,0.0312,0.0279,0.0344,0.0261,0.021,0.0303,0.0303,0.0357,0.0301,0.03,0.0324,0.0329,0.0335,0.0348,0.0343,0.0348,0.0204,0.0242,0.0238,0.0264,0.0256,0.0193,0.0132,0.1023,0.102,0.4655,0.1609,0.1493,0.2068,0.1959,0.0794,0.0924,0.4885,0.2116,0.1822,0.2494,0.2409,0.2004,0.5574,0.2898,0.1664,0.2995,0.2842,0.4575,0.2508,0.2359,0.2299,0.2238,0.5647,0.5611,0.5053,0.4944,0.1677,0.2046,0.1806,0.2337,0.2034,0.0128
Hmel218003o,2575001,2625000,2600092,49427,0.0206,0.0194,0.013,0.0224,0.0037,0.0169,0.0152,0.0172,0.0188,0.0207,0.0233,0.0266,0.0337,0.0237,0.0228,0.0285,0.0288,0.0211,0.0255,0.0339,0.0253,0.0237,0.0298,0.0302,0.028,0.0348,0.0268,0.0217,0.0316,0.0315,0.0346,0.0292,0.0291,0.0321,0.0325,0.0337,0.0335,0.0325,0.033,0.0208,0.0239,0.0242,0.0279,0.0275,0.0183,0.0179,0.1709,0.1147,0.486,0.1222,0.1282,0.2135,0.1968,0.1377,0.1106,0.508,0.1734,0.1644,0.2518,0.2374,0.2506,0.6271,0.2969,0.2229,0.3673,0.3434,0.4856,0.2127,0.236,0.2539,0.2379,0.5473,0.5765,0.5296,0.5073,0.1369,0.1769,0.1583,0.2787,0.249,0.009
Hmel218003o,2600001,2650000,2625010,49954,0.0144,0.0151,0.007,0.0187,0.0035,0.0161,0.0135,0.0139,0.015,0.0152,0.0186,0.0213,0.0289,0.0192,0.0182,0.0244,0.0244,0.0168,0.0214,0.0298,0.0199,0.0187,0.0247,0.0249,0.0224,0.031,0.0221,0.0167,0.0264,0.0263,0.0294,0.0237,0.0232,0.0268,0.0268,0.029,0.0298,0.0284,0.029,0.0184,0.0201,0.0203,0.0232,0.0235,0.0144,0.0152,0.285,0.1409,0.5444,0.1201,0.1405,0.2785,0.2606,0.2198,0.1306,0.541,0.1285,0.1393,0.2726,0.2588,0.3063,0.7253,0.3279,0.251,0.4498,0.4269,0.4839,0.164,0.1975,0.261,0.242,0.5104,0.5715,0.5477,0.5326,0.1149,0.1533,0.1397,0.269,0.257,-0.0006
Hmel218003o,2625001,2675000,2649983,49892,0.0114,0.0122,0.0062,0.0172,0.0049,0.0137,0.0108,0.0122,0.0134,0.0123,0.0177,0.0199,0.0272,0.0152,0.0184,0.0219,0.0225,0.0164,0.0205,0.0279,0.0164,0.0188,0.0225,0.0229,0.021,0.0296,0.0204,0.0156,0.0226,0.023,0.0289,0.0222,0.0222,0.0252,0.0254,0.0264,0.0285,0.0272,0.0277,0.0174,0.0183,0.0188,0.0194,0.02,0.0126,0.0218,0.3498,0.1851,0.5541,0.1026,0.2572,0.3131,0.3026,0.2943,0.1828,0.5465,0.1231,0.2503,0.3089,0.2968,0.3177,0.6983,0.359,0.3086,0.4373,0.4189,0.4744,0.1935,0.2473,0.2806,0.2641,0.4959,0.5836,0.5372,0.5209,0.1833,0.1798,0.172,0.2663,0.2576,-0.0103
Hmel218003o,2650001,2700000,2675025,49906,0.0152,0.0138,0.0091,0.0193,0.0053,0.0161,0.0122,0.0148,0.0156,0.0152,0.0192,0.0222,0.0298,0.0173,0.0201,0.0238,0.0241,0.0168,0.0217,0.0303,0.0194,0.0208,0.0253,0.0254,0.0219,0.0322,0.0222,0.0191,0.0249,0.025,0.0313,0.0251,0.0237,0.0273,0.0274,0.0294,0.0316,0.0298,0.0303,0.0192,0.0209,0.0213,0.0217,0.0218,0.0153,0.0259,0.2346,0.1396,0.5045,0.0532,0.1992,0.2384,0.2324,0.2009,0.1545,0.5386,0.1387,0.244,0.2924,0.2816,0.2435,0.6491,0.2879,0.2968,0.3671,0.3533,0.467,0.1853,0.2249,0.2488,0.2371,0.4828,0.5834,0.5137,0.5044,0.1594,0.1581,0.1556,0.2464,0.2329,0.0042
Hmel218003o,2675001,2725000,2699554,48331,0.0189,0.0166,0.013,0.0204,0.0067,0.0159,0.0146,0.0167,0.0172,0.0179,0.0185,0.0221,0.0295,0.0208,0.0206,0.0252,0.0254,0.0154,0.0214,0.0298,0.0228,0.0208,0.0265,0.0267,0.0217,0.0308,0.0225,0.0203,0.0265,0.0267,0.0302,0.0263,0.0243,0.0282,0.0284,0.03,0.0305,0.0305,0.0311,0.018,0.0204,0.0209,0.0224,0.0224,0.017,0.0061,0.08,0.0667,0.4105,0.0941,0.11,0.1818,0.179,0.0207,0.085,0.4543,0.1771,0.1515,0.2403,0.2365,0.1526,0.5321,0.228,0.2,0.2943,0.2902,0.4128,0.1993,0.1815,0.2211,0.217,0.4691,0.4994,0.4626,0.4622,0.0865,0.1186,0.1229,0.1874,0.1789,0.0034
Hmel218003o,2700001,2750000,2725408,48296,0.015,0.0144,0.012,0.0205,0.0069,0.011,0.0106,0.0139,0.0144,0.0147,0.0147,0.0216,0.0279,0.0197,0.0197,0.0228,0.0233,0.0132,0.0215,0.0281,0.0204,0.0205,0.0231,0.0238,0.0214,0.0286,0.0199,0.0202,0.0228,0.0235,0.0286,0.0251,0.0245,0.0265,0.027,0.0287,0.0286,0.029,0.0297,0.0127,0.0165,0.0171,0.0176,0.0181,0.0141,-0.0011,0.0447,0.1151,0.4521,0.2147,0.2238,0.2359,0.2384,-0.0009,0.1221,0.4666,0.2448,0.2544,0.2537,0.2589,0.1629,0.5204,0.281,0.2966,0.2892,0.2957,0.3832,0.2563,0.2527,0.2332,0.2343,0.5409,0.5481,0.4889,0.488,0.0852,0.1486,0.1558,0.1894,0.194,-0.0026
Hmel218003o,2725001,2775000,2749809,49108,0.0173,0.0189,0.014,0.0225,0.0056,0.0117,0.0117,0.0154,0.0156,0.0182,0.0175,0.0247,0.0301,0.0232,0.0241,0.0261,0.0263,0.018,0.0243,0.0305,0.024,0.0257,0.0269,0.0275,0.0244,0.0312,0.0231,0.0245,0.026,0.0266,0.0306,0.0274,0.0281,0.0287,0.0291,0.0312,0.0317,0.0311,0.0315,0.0144,0.0193,0.0191,0.0197,0.0202,0.0158,0.0043,0.0582,0.1239,0.464,0.2411,0.2619,0.2416,0.2419,0.0481,0.0915,0.4429,0.2314,0.2663,0.234,0.2396,0.1666,0.537,0.2977,0.3254,0.2903,0.2972,0.404,0.259,0.2709,0.2248,0.2275,0.5795,0.5868,0.5113,0.5116,0.1091,0.1852,0.1748,0.1961,0.2031,0.0118
Hmel218003o,2750001,2800000,2774931,47403,0.0202,0.0214,0.0144,0.0239,0.0046,0.0122,0.0137,0.0131,0.0152,0.0208,0.023,0.0278,0.0325,0.0277,0.0281,0.03,0.03,0.0216,0.0273,0.0328,0.0287,0.0291,0.0311,0.0314,0.0284,0.0334,0.0299,0.0293,0.0316,0.0319,0.0342,0.0318,0.0326,0.033,0.033,0.0332,0.0336,0.0336,0.0334,0.0152,0.0185,0.0186,0.019,0.0199,0.0147,-0.0013,0.1507,0.1274,0.4621,0.273,0.2598,0.2998,0.2702,0.1,0.1008,0.448,0.2732,0.2601,0.3006,0.2762,0.2192,0.5733,0.3994,0.3675,0.4107,0.3826,0.4451,0.3017,0.2922,0.3067,0.2777,0.6095,0.5861,0.5981,0.5583,0.0844,0.1967,0.161,0.1817,0.1672,0.0224
Hmel218003o,2775001,2825000,2800561,48160,0.0169,0.0166,0.0072,0.0242,0.0035,0.0104,0.0091,0.0092,0.0114,0.0173,0.0201,0.0255,0.0298,0.0248,0.0247,0.0262,0.0267,0.0156,0.0258,0.0307,0.025,0.0242,0.0266,0.0271,0.0268,0.0313,0.0254,0.0243,0.0266,0.0269,0.0329,0.029,0.0293,0.03,0.03,0.0306,0.0319,0.0316,0.0317,0.013,0.0135,0.0143,0.0136,0.0148,0.0107,0.0182,0.2634,0.1283,0.5068,0.3028,0.3246,0.349,0.3211,0.1427,0.1386,0.5233,0.3122,0.3214,0.3614,0.3325,0.3011,0.7213,0.5018,0.5136,0.5443,0.5031,0.4453,0.2847,0.3094,0.3175,0.2856,0.6442,0.684,0.679,0.6342,0.1509,0.1665,0.144,0.2041,0.191,0.0218
Hmel218003o,2800001,2850000,2824686,48595,0.017,0.0164,0.0076,0.0259,0.0045,0.0123,0.0066,0.0128,0.0143,0.0175,0.0184,0.0272,0.0306,0.0251,0.0246,0.0268,0.0277,0.0147,0.0282,0.0314,0.0252,0.0246,0.0272,0.0283,0.0287,0.0322,0.0238,0.0233,0.0262,0.0269,0.0336,0.0289,0.0293,0.0302,0.0306,0.0308,0.0329,0.0318,0.0327,0.0142,0.0158,0.0163,0.0166,0.0171,0.0135,0.0255,0.2091,0.1397,0.4962,0.2742,0.3661,0.2979,0.2902,0.1066,0.1665,0.5177,0.2873,0.3784,0.3153,0.3103,0.3029,0.6986,0.4248,0.5505,0.4552,0.4368,0.4172,0.2358,0.3279,0.2485,0.2343,0.5871,0.7258,0.5888,0.5706,0.2128,0.1219,0.1062,0.2749,0.2559,-0.0006
Hmel218003o,2825001,2875000,2850320,48643,0.0135,0.0125,0.0103,0.0254,0.0044,0.0136,0.007,0.0147,0.0159,0.0132,0.0139,0.0327,0.0309,0.0285,0.0289,0.031,0.0316,0.0123,0.0333,0.0313,0.0298,0.0302,0.0322,0.0331,0.0337,0.0317,0.0299,0.0307,0.0326,0.0333,0.0362,0.0313,0.0316,0.0314,0.0315,0.0322,0.0335,0.0319,0.0328,0.0144,0.0191,0.0191,0.0192,0.0187,0.0151,0.0079,0.0842,0.2819,0.5673,0.3711,0.4928,0.3892,0.3804,0.0435,0.3033,0.5903,0.4069,0.5294,0.4209,0.4155,0.3397,0.6388,0.4455,0.5769,0.4618,0.4521,0.453,0.2605,0.3598,0.2463,0.2323,0.5792,0.7228,0.5546,0.5433,0.1753,0.1561,0.1373,0.29,0.2524,-0.0059
Hmel218003o,2850001,2900000,2875007,49943,0.0121,0.0123,0.0121,0.0262,0.0055,0.0169,0.0092,0.0141,0.0145,0.0124,0.0129,0.0341,0.0318,0.0248,0.0244,0.0352,0.0356,0.0125,0.034,0.0323,0.026,0.0254,0.0358,0.0361,0.0343,0.0326,0.0264,0.026,0.0358,0.0363,0.0369,0.033,0.0333,0.0353,0.0356,0.0333,0.0343,0.0343,0.0347,0.016,0.0256,0.0256,0.0255,0.0249,0.0142,0.0099,0.0326,0.3102,0.5839,0.2763,0.4083,0.4736,0.4728,0.0135,0.3052,0.5841,0.2944,0.4193,0.4767,0.475,0.3123,0.5913,0.3039,0.433,0.4803,0.4803,0.4351,0.2321,0.3393,0.299,0.2988,0.5133,0.6615,0.5717,0.5701,0.1062,0.2574,0.2525,0.3873,0.3698,-0.0047
Hmel218003o,2875001,2925000,2899978,49893,0.0149,0.0175,0.0174,0.0301,0.0056,0.019,0.0105,0.0159,0.0153,0.0168,0.0169,0.0339,0.0361,0.0252,0.0222,0.0371,0.0371,0.0179,0.0339,0.0361,0.0257,0.0234,0.037,0.0368,0.0336,0.0365,0.0259,0.0229,0.0373,0.0371,0.0391,0.037,0.0364,0.0406,0.0409,0.0361,0.037,0.0375,0.0377,0.0196,0.028,0.028,0.0315,0.0312,0.0155,0.0193,0.0241,0.2319,0.5724,0.2045,0.2856,0.429,0.4366,0.0108,0.2003,0.53,0.178,0.2637,0.3935,0.3982,0.1972,0.5356,0.1831,0.2553,0.3978,0.4038,0.4111,0.2251,0.319,0.303,0.3129,0.5064,0.6567,0.5699,0.5811,0.1483,0.2443,0.2516,0.4256,0.4315,-0.0025
Hmel218003o,2900001,2950000,2925029,49898,0.0139,0.0166,0.0158,0.0266,0.0035,0.0114,0.0073,0.0158,0.0147,0.016,0.0162,0.0275,0.0329,0.0243,0.0231,0.0285,0.0282,0.0168,0.0273,0.0329,0.0244,0.0241,0.0285,0.0281,0.027,0.0337,0.0243,0.0236,0.0289,0.0285,0.036,0.0318,0.0317,0.033,0.0331,0.0319,0.0326,0.0326,0.0331,0.013,0.0199,0.0192,0.0227,0.0222,0.0154,0.0263,0.0457,0.182,0.5973,0.3303,0.3857,0.3295,0.3419,0.0193,0.1417,0.5477,0.2838,0.3526,0.2885,0.2996,0.1462,0.5706,0.2969,0.3574,0.3072,0.3177,0.4481,0.2844,0.34,0.2413,0.2575,0.6352,0.7265,0.5584,0.5845,0.1726,0.1981,0.2016,0.3396,0.3527,0.0044
Hmel218003o,2925001,2975000,2949999,49995,0.0119,0.0134,0.0116,0.0221,0.0041,0.0057,0.0062,0.013,0.0129,0.0129,0.0132,0.0209,0.0274,0.0183,0.0186,0.0209,0.0208,0.0129,0.0206,0.0276,0.0193,0.0196,0.0212,0.0213,0.0211,0.0283,0.0192,0.0194,0.0216,0.0215,0.0308,0.025,0.0255,0.0256,0.0257,0.0268,0.0273,0.0273,0.0278,0.0068,0.0167,0.0164,0.0172,0.0171,0.013,0.0074,0.0599,0.1323,0.5629,0.3623,0.3592,0.2641,0.2661,0.0148,0.0999,0.5348,0.3504,0.3487,0.2441,0.2481,0.1427,0.5819,0.3922,0.3867,0.2863,0.2887,0.4388,0.3251,0.3258,0.2103,0.2153,0.7034,0.6975,0.5377,0.548,0.0719,0.2934,0.2903,0.298,0.2988,0.0033
Hmel218003o,2950001,3000000,2975001,49987,0.0112,0.0127,0.0095,0.0191,0.0042,0.0063,0.0065,0.0113,0.0122,0.012,0.0114,0.0204,0.0258,0.0188,0.0196,0.0214,0.0216,0.0118,0.0199,0.0259,0.0199,0.0206,0.022,0.0223,0.021,0.0264,0.0202,0.0206,0.0224,0.0226,0.0285,0.0246,0.0251,0.0256,0.0255,0.0266,0.0274,0.0265,0.0269,0.0076,0.0155,0.016,0.0162,0.0168,0.0118,0.002,0.0532,0.176,0.556,0.383,0.3921,0.3258,0.3111,0.0338,0.1331,0.5229,0.368,0.3775,0.3074,0.2949,0.2212,0.6041,0.4564,0.4553,0.381,0.367,0.4525,0.3548,0.3579,0.2787,0.2617,0.6853,0.6853,0.5628,0.5479,0.0882,0.2899,0.2801,0.3035,0.2977,0.0033
Hmel218003o,2975001,3025000,3000004,49992,0.0122,0.013,0.0113,0.0183,0.003,0.0083,0.0068,0.012,0.0127,0.0129,0.0128,0.0228,0.0276,0.0206,0.0214,0.0227,0.023,0.0132,0.0215,0.0279,0.0212,0.0223,0.0235,0.024,0.0229,0.0282,0.0208,0.0217,0.0231,0.0237,0.0303,0.025,0.0258,0.0264,0.0265,0.0278,0.029,0.0282,0.0287,0.0089,0.0142,0.0148,0.0154,0.0163,0.0127,0.0138,0.0455,0.2192,0.584,0.3494,0.4004,0.32,0.3114,0.0475,0.1757,0.571,0.3453,0.4005,0.3208,0.3152,0.2385,0.612,0.3752,0.4279,0.3461,0.3416,0.5105,0.3337,0.3762,0.2923,0.2809,0.6767,0.7244,0.5964,0.5853,0.0887,0.175,0.1794,0.2548,0.2618,0.0153
Hmel218003o,3000001,3050000,3025000,50000,0.0146,0.0139,0.0146,0.0216,0.0045,0.0087,0.0099,0.0141,0.0144,0.0145,0.0154,0.023,0.0315,0.0212,0.0208,0.0218,0.0223,0.015,0.0219,0.0316,0.0224,0.0221,0.0228,0.0234,0.023,0.0317,0.0214,0.021,0.0226,0.0231,0.0338,0.0265,0.0266,0.0265,0.0266,0.0309,0.0319,0.0306,0.0309,0.0105,0.0164,0.0168,0.0179,0.0182,0.0145,0.0092,0.0272,0.1406,0.5509,0.3042,0.2703,0.2171,0.2228,0.027,0.1279,0.5651,0.3437,0.3122,0.2494,0.2571,0.1398,0.553,0.3083,0.2754,0.2343,0.2401,0.4758,0.3056,0.2854,0.2163,0.2141,0.6624,0.6457,0.5494,0.547,0.0611,0.1889,0.1947,0.2059,0.2096,0.0082
Hmel218003o,3025001,3075000,3050000,50000,0.0137,0.0135,0.0122,0.0216,0.0064,0.0074,0.0104,0.0125,0.0131,0.0133,0.0139,0.0199,0.0313,0.019,0.0185,0.0197,0.02,0.0136,0.0198,0.0316,0.0205,0.02,0.021,0.0214,0.0203,0.0315,0.0214,0.0203,0.0221,0.0224,0.033,0.0258,0.0257,0.0255,0.0255,0.0307,0.031,0.0301,0.0302,0.0095,0.0157,0.0155,0.0171,0.017,0.0128,-0.0114,0.0365,0.0828,0.5304,0.2994,0.2229,0.2102,0.2061,0.0295,0.0856,0.5384,0.3401,0.2644,0.2468,0.2442,0.1191,0.5609,0.3875,0.2992,0.2962,0.2907,0.435,0.3152,0.2621,0.2233,0.2138,0.6491,0.5906,0.539,0.528,0.0342,0.2355,0.2138,0.2094,0.1926,-0.0005
Hmel218003o,3050001,3100000,3075000,49999,0.0137,0.0129,0.0104,0.0204,0.0052,0.0091,0.0104,0.0115,0.0121,0.013,0.013,0.0188,0.0284,0.0168,0.0165,0.0196,0.0199,0.0122,0.0188,0.0289,0.0188,0.0181,0.0216,0.0218,0.0188,0.0283,0.0196,0.0182,0.0221,0.0224,0.0306,0.0232,0.0231,0.0248,0.0249,0.0277,0.0282,0.0279,0.0282,0.0101,0.0144,0.0143,0.0161,0.0163,0.012,-0.0146,0.0417,0.0699,0.5173,0.2024,0.163,0.2288,0.2237,0.0241,0.084,0.5386,0.2749,0.2255,0.2894,0.2834,0.1319,0.5837,0.3513,0.2841,0.352,0.3455,0.4431,0.2553,0.229,0.2423,0.2337,0.6069,0.5822,0.5561,0.5469,0.0177,0.1746,0.1554,0.2001,0.1904,0.0082
Hmel218003o,3075001,3125000,3099986,49956,0.0148,0.0152,0.0132,0.0197,0.0056,0.012,0.0121,0.0135,0.0149,0.0149,0.0144,0.0198,0.0281,0.0206,0.0204,0.0238,0.0248,0.0141,0.0195,0.0284,0.0225,0.0217,0.0252,0.0264,0.0195,0.0285,0.0222,0.0213,0.0251,0.0262,0.0297,0.0244,0.0238,0.0264,0.0271,0.0277,0.0288,0.0281,0.029,0.0134,0.0166,0.0174,0.0189,0.0201,0.0148,-0.0051,0.0151,0.0845,0.4836,0.2237,0.2138,0.265,0.2639,-0.0055,0.0719,0.4809,0.2588,0.2377,0.2874,0.2869,0.1058,0.5193,0.2891,0.2644,0.3182,0.3149,0.4356,0.2373,0.2224,0.2485,0.2376,0.535,0.5454,0.5085,0.4944,0.0578,0.1402,0.1369,0.2016,0.2061,0.0212
Hmel218003o,3100001,3150000,3125006,49945,0.0173,0.0191,0.0178,0.021,0.0066,0.0138,0.0122,0.016,0.0167,0.018,0.0177,0.0229,0.0309,0.0251,0.0256,0.027,0.0281,0.0182,0.0232,0.0317,0.0265,0.0268,0.0284,0.0296,0.0232,0.0325,0.0262,0.026,0.0282,0.0294,0.0328,0.0274,0.0275,0.0291,0.03,0.0309,0.0323,0.0308,0.0312,0.0158,0.0198,0.0205,0.0214,0.0224,0.0168,-0.006,0.0031,0.101,0.4574,0.247,0.2817,0.2477,0.2585,-0.0083,0.0798,0.4379,0.2466,0.2741,0.2468,0.2579,0.099,0.4695,0.2597,0.2796,0.2618,0.2732,0.4363,0.2452,0.2709,0.2393,0.2426,0.5201,0.5647,0.4794,0.472,0.1028,0.1488,0.1556,0.2157,0.2273,0.0146
Hmel218003o,3125001,3175000,3150002,49963,0.0201,0.0204,0.0201,0.0241,0.0061,0.0154,0.0146,0.0183,0.0186,0.02,0.0203,0.0255,0.0326,0.0254,0.0257,0.0279,0.0284,0.02,0.0254,0.0335,0.0265,0.0262,0.0294,0.0299,0.0255,0.0338,0.0257,0.0251,0.0286,0.0293,0.0348,0.0289,0.0291,0.03,0.0307,0.0325,0.0339,0.032,0.0321,0.0174,0.0233,0.0238,0.0243,0.0248,0.0183,-0.0053,0.004,0.0817,0.4419,0.1855,0.2051,0.195,0.2001,-0.0061,0.0772,0.4495,0.2039,0.2116,0.2178,0.2219,0.0821,0.4561,0.1925,0.1936,0.2078,0.2153,0.4276,0.21,0.2257,0.189,0.1949,0.5175,0.5486,0.4646,0.4603,0.0793,0.1699,0.1757,0.2032,0.2095,-0.0035
Hmel218003o,3150001,3200000,3174770,49275,0.0195,0.0195,0.0188,0.0241,0.0067,0.0134,0.0152,0.0176,0.0189,0.0192,0.0193,0.0247,0.033,0.0224,0.0226,0.0271,0.0273,0.0191,0.0244,0.0335,0.0236,0.0229,0.0275,0.0277,0.0244,0.0337,0.0234,0.0228,0.0275,0.028,0.0346,0.0279,0.0276,0.0297,0.0301,0.0327,0.0334,0.0319,0.0327,0.0165,0.0239,0.0245,0.025,0.0257,0.0183,-0.0096,0.0044,0.0749,0.4473,0.1629,0.1395,0.1981,0.1836,-0.0015,0.0694,0.4531,0.1888,0.1455,0.2041,0.1904,0.08,0.4669,0.1949,0.1554,0.2156,0.205,0.416,0.2233,0.1909,0.1935,0.182,0.5453,0.5223,0.4644,0.4518,0.0774,0.2247,0.2157,0.22,0.2124,0.0018
Hmel218003o,3175001,3225000,3200099,49256,0.0189,0.02,0.0188,0.023,0.0059,0.0122,0.0152,0.0164,0.0184,0.0195,0.0188,0.0246,0.0346,0.0223,0.0221,0.027,0.0276,0.0192,0.0252,0.0351,0.0236,0.0232,0.0278,0.0281,0.0246,0.0356,0.0237,0.0233,0.0283,0.029,0.0359,0.0282,0.0279,0.0313,0.0319,0.0346,0.0349,0.033,0.0342,0.0163,0.0231,0.024,0.0246,0.0253,0.0177,0.0011,-0.002,0.0925,0.4886,0.1875,0.1371,0.2194,0.2038,-0.004,0.0899,0.4776,0.1995,0.1443,0.2191,0.1997,0.0945,0.502,0.2192,0.1659,0.2445,0.2313,0.4575,0.2581,0.2095,0.2455,0.229,0.6009,0.5531,0.5113,0.4936,0.0929,0.246,0.2338,0.2287,0.2133,0.0078
Hmel218003o,3200001,3250000,3224982,49782,0.0183,0.0195,0.0186,0.0221,0.0051,0.0138,0.0161,0.0164,0.0182,0.0189,0.0184,0.0236,0.0313,0.0228,0.0222,0.0263,0.0273,0.0185,0.0239,0.0314,0.0237,0.0229,0.0273,0.0282,0.0235,0.032,0.0238,0.0231,0.0275,0.0287,0.0328,0.0266,0.0267,0.0295,0.0302,0.0313,0.0317,0.0305,0.0312,0.0181,0.0222,0.0231,0.0237,0.0247,0.0175,-0.0019,-0.0017,0.088,0.4698,0.182,0.1324,0.2156,0.2086,-0.0153,0.0787,0.4521,0.1842,0.1318,0.2181,0.2086,0.0814,0.4747,0.199,0.1487,0.233,0.2294,0.4452,0.2166,0.1835,0.228,0.2123,0.5517,0.5134,0.4944,0.4705,0.1015,0.2013,0.1903,0.1952,0.1885,0.0064
Hmel218003o,3225001,3275000,3250062,49818,0.0205,0.0193,0.0198,0.0244,0.0072,0.0147,0.0183,0.0184,0.0194,0.0198,0.0204,0.0247,0.0322,0.023,0.0225,0.0268,0.0273,0.0191,0.0239,0.0321,0.0239,0.0223,0.0271,0.0278,0.0242,0.0329,0.0243,0.0229,0.0276,0.0283,0.0336,0.0269,0.0263,0.0291,0.0291,0.032,0.0325,0.0315,0.0318,0.0204,0.0241,0.0234,0.0253,0.0251,0.0201,-0.003,0.0067,0.0583,0.4141,0.1398,0.0784,0.167,0.1634,-0.0129,0.0578,0.4312,0.1767,0.09,0.1888,0.1886,0.0592,0.4349,0.1795,0.0983,0.1916,0.1922,0.3941,0.1835,0.1212,0.1686,0.1563,0.5053,0.4535,0.4379,0.4251,0.1121,0.1944,0.1634,0.1673,0.1495,0.0311
Hmel218003o,3250001,3300000,3274999,49985,0.0232,0.0219,0.0231,0.0244,0.0075,0.0167,0.021,0.0195,0.0208,0.0227,0.0234,0.0254,0.0338,0.0248,0.0241,0.0284,0.0287,0.0222,0.0245,0.0345,0.0252,0.0237,0.0287,0.0293,0.0252,0.0351,0.026,0.0245,0.0294,0.0303,0.0338,0.0274,0.026,0.0293,0.0295,0.0333,0.0343,0.0328,0.0337,0.0224,0.0256,0.025,0.0278,0.0278,0.0218,0.0023,0.006,0.0357,0.3896,0.1131,0.0441,0.1487,0.1405,-0.0079,0.0345,0.418,0.1389,0.0531,0.1718,0.1664,0.0343,0.4075,0.1396,0.0554,0.1693,0.1685,0.3909,0.1632,0.0775,0.1584,0.1454,0.4821,0.4277,0.4323,0.4247,0.0902,0.1811,0.1501,0.1657,0.1496,0.0435
Hmel218003o,3275001,3325000,3299867,49602,0.0217,0.0222,0.0223,0.0216,0.0069,0.0183,0.017,0.0182,0.0205,0.0217,0.0221,0.0234,0.0318,0.0245,0.0238,0.0281,0.0289,0.0219,0.0232,0.0329,0.0249,0.0242,0.0285,0.0295,0.0236,0.0334,0.0255,0.025,0.0294,0.0306,0.0313,0.0256,0.0247,0.0282,0.0286,0.0321,0.0321,0.0306,0.0315,0.0214,0.0246,0.025,0.0262,0.0277,0.0204,-0.0054,0.0024,0.0405,0.3941,0.109,0.1094,0.1779,0.1646,-0.0073,0.0283,0.4013,0.109,0.1108,0.1783,0.1695,0.0362,0.4074,0.1219,0.1274,0.1948,0.1859,0.406,0.1362,0.1373,0.1847,0.1603,0.4517,0.4728,0.4332,0.4085,0.1037,0.1562,0.1332,0.2065,0.2019,0.0275
Hmel218003o,3300001,3350000,3325037,49407,0.0182,0.0196,0.0194,0.0202,0.0059,0.0162,0.0141,0.0168,0.0176,0.0188,0.0194,0.0216,0.0291,0.0226,0.0224,0.0265,0.0272,0.0195,0.0218,0.0292,0.023,0.0228,0.0265,0.0275,0.0223,0.0297,0.0236,0.0234,0.0276,0.0281,0.0283,0.0244,0.0242,0.0271,0.0273,0.0287,0.029,0.0275,0.0276,0.019,0.022,0.0225,0.0236,0.0248,0.0177,-0.0017,0.0169,0.0645,0.4297,0.143,0.1698,0.2158,0.2169,0.0005,0.05,0.4097,0.1319,0.1581,0.1973,0.204,0.063,0.4183,0.1483,0.1744,0.2193,0.2175,0.4024,0.159,0.1903,0.2022,0.1933,0.4609,0.5041,0.4322,0.4199,0.1195,0.1511,0.1488,0.2206,0.231,0.0148
Hmel218003o,3325001,3375000,3350068,49775,0.0189,0.0195,0.02,0.0205,0.0062,0.0138,0.014,0.017,0.0168,0.0196,0.02,0.0221,0.0296,0.0222,0.0226,0.0278,0.0282,0.02,0.0222,0.03,0.0226,0.0233,0.0281,0.0289,0.0226,0.0299,0.0226,0.023,0.0282,0.0287,0.0283,0.0234,0.0245,0.0277,0.0279,0.028,0.0297,0.028,0.0283,0.0181,0.0222,0.0223,0.0245,0.0251,0.0173,0.0117,0.0148,0.0632,0.4212,0.1603,0.1658,0.227,0.2361,0.0069,0.0558,0.4164,0.1595,0.1731,0.223,0.24,0.0585,0.4062,0.1523,0.1581,0.2176,0.2299,0.391,0.1739,0.1932,0.2056,0.2115,0.4903,0.5098,0.431,0.4377,0.139,0.1913,0.1967,0.2376,0.2517,0.0125
Hmel218003o,3350001,3400000,3375004,49973,0.0189,0.0191,0.0197,0.0246,0.0069,0.0144,0.0115,0.0183,0.018,0.0194,0.0197,0.0245,0.0355,0.0226,0.0229,0.0291,0.0291,0.0194,0.0241,0.0363,0.0223,0.0236,0.0296,0.0297,0.0247,0.0364,0.0221,0.0231,0.0293,0.0294,0.0361,0.0264,0.0277,0.032,0.0319,0.0347,0.0358,0.0341,0.0341,0.0184,0.0257,0.0252,0.0257,0.026,0.018,0.0118,0.0115,0.0742,0.483,0.1601,0.2116,0.2319,0.2358,0.0005,0.0626,0.4892,0.1509,0.2229,0.2367,0.2432,0.0675,0.4822,0.1377,0.2041,0.2241,0.2302,0.425,0.1752,0.2412,0.2136,0.216,0.5465,0.6065,0.4765,0.4816,0.1838,0.2331,0.228,0.2791,0.2884,-0.0046
Hmel218003o,3375001,3425000,3400002,49995,0.0127,0.0141,0.0152,0.0269,0.0044,0.013,0.0079,0.0138,0.0138,0.0135,0.0144,0.0239,0.036,0.0189,0.0193,0.0236,0.0239,0.0147,0.0238,0.0365,0.0189,0.0198,0.024,0.024,0.0239,0.0362,0.0191,0.0205,0.0247,0.0249,0.0388,0.0269,0.0282,0.0307,0.0308,0.0356,0.0365,0.0356,0.0357,0.0143,0.0203,0.0203,0.0192,0.0197,0.0134,0.003,0.019,0.1287,0.6311,0.2006,0.3167,0.2955,0.2993,0.0025,0.1051,0.6099,0.1725,0.2982,0.2769,0.2764,0.092,0.5897,0.1579,0.2913,0.2742,0.2758,0.4597,0.1809,0.2779,0.2327,0.2328,0.6215,0.7229,0.6079,0.6084,0.1616,0.2148,0.2147,0.2912,0.3016,-0.0165
Hmel218003o,3400001,3450000,3424678,47996,0.0145,0.0148,0.0167,0.0251,0.0033,0.0128,0.0093,0.0124,0.0141,0.0147,0.016,0.025,0.0334,0.0186,0.0194,0.0218,0.0229,0.016,0.0251,0.034,0.0195,0.0204,0.0228,0.0239,0.0254,0.0334,0.019,0.0205,0.0231,0.0241,0.0366,0.027,0.0288,0.0297,0.0306,0.033,0.035,0.0343,0.0351,0.0133,0.0176,0.0182,0.0177,0.0182,0.0132,0.002,0.0127,0.1442,0.5955,0.1625,0.2514,0.2489,0.2441,0.0085,0.1404,0.5951,0.1804,0.2681,0.2631,0.2592,0.1194,0.5557,0.133,0.2342,0.2373,0.232,0.4773,0.2062,0.2871,0.2548,0.2448,0.6241,0.7088,0.6428,0.6192,0.0986,0.1757,0.1589,0.25,0.2292,-0.0035
Hmel218003o,3425001,3475000,3450721,47997,0.0234,0.0235,0.0226,0.0279,0.0039,0.0193,0.0181,0.0191,0.0197,0.0239,0.0241,0.0297,0.0334,0.0251,0.0261,0.0284,0.029,0.0239,0.0297,0.0344,0.0268,0.0273,0.0307,0.0313,0.0308,0.0344,0.0258,0.0259,0.0296,0.0301,0.037,0.032,0.0332,0.0343,0.0347,0.0342,0.036,0.0353,0.0359,0.0216,0.0251,0.0248,0.0268,0.0265,0.0198,0.0091,0.0248,0.0848,0.4346,0.0862,0.1197,0.1517,0.1552,0.0197,0.0824,0.4455,0.1179,0.142,0.1898,0.1921,0.113,0.4595,0.111,0.1274,0.1834,0.1842,0.4366,0.1719,0.2031,0.2061,0.2051,0.5094,0.5466,0.5237,0.5201,0.0765,0.1408,0.1273,0.1886,0.1758,0.0091
Hmel218003o,3450001,3500000,3474988,49920,0.0211,0.023,0.0209,0.0281,0.0043,0.0162,0.0166,0.0183,0.0185,0.0227,0.0223,0.0305,0.0346,0.0276,0.0279,0.0315,0.0309,0.0227,0.0301,0.035,0.029,0.0291,0.033,0.0324,0.0307,0.0353,0.0293,0.0289,0.0331,0.0328,0.0375,0.0326,0.0337,0.0342,0.034,0.0341,0.0355,0.0355,0.0351,0.0187,0.0234,0.0232,0.0248,0.0246,0.019,0.0144,0.0311,0.1231,0.4776,0.203,0.2034,0.242,0.2299,0.0181,0.094,0.455,0.2047,0.2006,0.2425,0.2298,0.1298,0.4894,0.2356,0.2232,0.2684,0.2604,0.4353,0.2168,0.2277,0.2143,0.2077,0.5543,0.5598,0.5334,0.5245,0.0705,0.1603,0.1527,0.1844,0.1755,0.016
Hmel218003o,3475001,3525000,3499975,49808,0.0195,0.0202,0.0186,0.0218,0.0046,0.0141,0.0131,0.0159,0.0164,0.0209,0.0206,0.029,0.0377,0.029,0.0267,0.0326,0.0322,0.0202,0.0282,0.0377,0.0297,0.0265,0.0339,0.0334,0.028,0.0383,0.0304,0.0269,0.0344,0.0343,0.0387,0.0324,0.0319,0.0337,0.0338,0.0366,0.038,0.0371,0.0369,0.0181,0.0214,0.0217,0.0259,0.0257,0.0167,0.0264,0.0432,0.1785,0.5318,0.2799,0.2546,0.3096,0.2985,0.0211,0.1539,0.5202,0.2799,0.2404,0.3175,0.3056,0.1736,0.5518,0.3151,0.272,0.3464,0.3395,0.5195,0.3079,0.3148,0.299,0.2944,0.6093,0.6381,0.5821,0.5735,0.1513,0.1841,0.1849,0.2948,0.2856,0.0193
Hmel218003o,3500001,3550000,3524993,49840,0.0175,0.0174,0.0168,0.0183,0.0059,0.0174,0.0154,0.0163,0.0175,0.0183,0.0185,0.0255,0.0388,0.0295,0.0259,0.0342,0.0342,0.0178,0.0248,0.0385,0.0295,0.0253,0.0351,0.035,0.0238,0.0393,0.0302,0.0254,0.0355,0.0355,0.0381,0.0309,0.0299,0.0335,0.0337,0.0377,0.0387,0.0377,0.0382,0.0216,0.023,0.0236,0.0278,0.028,0.0175,0.0271,0.0393,0.1846,0.5535,0.2684,0.2342,0.3541,0.3382,0.0202,0.1706,0.5519,0.2697,0.2234,0.3677,0.3497,0.1593,0.567,0.2892,0.2347,0.3798,0.3635,0.5414,0.2783,0.2922,0.3326,0.3174,0.5438,0.5834,0.5618,0.5479,0.1429,0.1639,0.1582,0.2866,0.2729,0.0204
Hmel218003o,3525001,3575000,3549802,49502,0.0156,0.0181,0.0184,0.0226,0.0056,0.0163,0.0159,0.0179,0.0195,0.0173,0.0177,0.0258,0.0375,0.0269,0.0257,0.0351,0.0348,0.018,0.0261,0.0378,0.0268,0.026,0.0352,0.035,0.0263,0.0381,0.0275,0.0263,0.0352,0.0353,0.0395,0.0318,0.0313,0.0366,0.0362,0.0369,0.0377,0.0369,0.0369,0.0188,0.0263,0.0266,0.0274,0.0275,0.0193,0.0127,0.0225,0.169,0.5746,0.2677,0.2517,0.3692,0.3449,-0.0065,0.1375,0.5379,0.2297,0.2193,0.3385,0.3152,0.1366,0.5373,0.2377,0.2225,0.3347,0.3154,0.5016,0.2591,0.2575,0.3032,0.2775,0.5584,0.5714,0.533,0.5092,0.0825,0.2246,0.2062,0.2495,0.2293,0.0177
Hmel218003o,3550001,3600000,3575016,49550,0.0188,0.0209,0.0189,0.0268,0.0046,0.015,0.0134,0.0199,0.021,0.0204,0.0199,0.0275,0.0387,0.0259,0.0262,0.0342,0.0337,0.0201,0.0282,0.0396,0.0251,0.0253,0.0338,0.0334,0.0282,0.0394,0.0261,0.0266,0.034,0.0338,0.0425,0.0333,0.0328,0.0386,0.0377,0.038,0.0396,0.0382,0.0382,0.0165,0.0285,0.0278,0.0295,0.0289,0.0206,0.0147,0.027,0.1128,0.5517,0.2204,0.25,0.2896,0.2691,0.0036,0.0988,0.5292,0.1747,0.2025,0.2596,0.2404,0.1238,0.5563,0.2227,0.2558,0.286,0.2691,0.4938,0.2559,0.2692,0.2636,0.2389,0.6068,0.6448,0.5312,0.5136,0.0803,0.2531,0.2244,0.2914,0.2653,0.0032
Hmel218003o,3575001,3625000,3599391,47518,0.0206,0.0204,0.0163,0.0269,0.0035,0.0169,0.017,0.0199,0.0223,0.0208,0.0201,0.0281,0.0379,0.0257,0.028,0.0331,0.0329,0.0189,0.0279,0.0387,0.0246,0.0266,0.0322,0.0321,0.0289,0.0392,0.0255,0.0274,0.0339,0.0335,0.0405,0.0325,0.0348,0.0373,0.0369,0.0364,0.0396,0.0367,0.0375,0.019,0.0271,0.0269,0.0287,0.0287,0.0211,0.0073,0.0452,0.0979,0.5332,0.1651,0.2068,0.2517,0.2217,0.0165,0.0982,0.5447,0.1446,0.1842,0.2418,0.2121,0.1689,0.6125,0.2233,0.2574,0.3174,0.2823,0.4891,0.2176,0.2493,0.246,0.2136,0.5783,0.6055,0.5323,0.505,0.0606,0.2,0.1647,0.2277,0.1971,-0.0005
Hmel218003o,3600001,3650000,3625569,47210,0.0195,0.0194,0.0167,0.024,0.0033,0.0191,0.0207,0.0211,0.023,0.0193,0.0196,0.0258,0.0366,0.0252,0.0283,0.0331,0.0337,0.0184,0.0257,0.0372,0.0254,0.0283,0.0332,0.0339,0.0272,0.0379,0.0256,0.0279,0.0347,0.0354,0.0367,0.0303,0.033,0.0349,0.0358,0.0353,0.0376,0.0358,0.0365,0.0214,0.0278,0.0282,0.0294,0.0298,0.0228,-0.0042,0.0411,0.097,0.5406,0.1403,0.1775,0.2517,0.2376,0.0112,0.098,0.549,0.1455,0.1796,0.2544,0.2416,0.1635,0.5988,0.1878,0.2085,0.3092,0.294,0.4914,0.1844,0.2035,0.2273,0.2162,0.5349,0.5314,0.5075,0.4861,0.0395,0.1708,0.1539,0.1781,0.1613,0.0182
Hmel218003o,3625001,3675000,3649988,49578,0.0175,0.0184,0.0172,0.0241,0.007,0.0163,0.0136,0.0207,0.0219,0.0184,0.019,0.0258,0.0367,0.0269,0.0287,0.0332,0.0338,0.0182,0.0253,0.0376,0.0282,0.0304,0.0344,0.0351,0.0257,0.0374,0.0288,0.0305,0.0351,0.0359,0.0363,0.0317,0.0333,0.035,0.0359,0.0358,0.0371,0.0367,0.0376,0.0167,0.0259,0.0267,0.0266,0.0272,0.0219,0.0126,0.0484,0.1239,0.5148,0.2393,0.3101,0.2816,0.2767,0.0097,0.1027,0.5107,0.2499,0.3242,0.2871,0.2833,0.1267,0.5269,0.2768,0.3422,0.3113,0.309,0.4313,0.242,0.3009,0.2313,0.2305,0.5254,0.5809,0.4679,0.4614,0.0594,0.1767,0.1764,0.226,0.2213,0.0163
Hmel218003o,3650001,3700000,3670754,37355,0.0165,0.0174,0.0154,0.0242,0.0099,0.0144,0.0074,0.0188,0.02,0.018,0.0197,0.0277,0.0368,0.028,0.0302,0.0329,0.0337,0.0182,0.0272,0.0384,0.0301,0.033,0.0349,0.0357,0.0261,0.037,0.0302,0.0331,0.0347,0.0358,0.0361,0.0336,0.0356,0.0354,0.0362,0.0369,0.039,0.0377,0.039,0.0135,0.0236,0.025,0.0234,0.0245,0.0199,0.0318,0.111,0.1739,0.4873,0.3016,0.4491,0.3152,0.3116,0.0549,0.1508,0.4906,0.3228,0.4692,0.3305,0.3261,0.1616,0.507,0.3551,0.5047,0.3546,0.3531,0.3869,0.2935,0.4163,0.2603,0.2554,0.521,0.6517,0.4638,0.4611,0.1135,0.1827,0.1942,0.2947,0.2963,0.0136
Hmel218003o,3675001,3725000,3704182,33238,0.0109,0.0106,0.0106,0.0354,0.0102,0.0236,0.0185,0.0209,0.0252,0.0106,0.0131,0.0318,0.0278,0.0275,0.0343,0.0356,0.0356,0.0121,0.0332,0.0286,0.0275,0.0353,0.0368,0.0369,0.0315,0.028,0.0274,0.0349,0.0363,0.0362,0.0371,0.0405,0.0423,0.043,0.0439,0.0351,0.0369,0.0377,0.0381,0.0239,0.0302,0.0301,0.0282,0.0281,0.0274,-0.0098,0.1045,0.2024,0.4656,0.24,0.4154,0.3974,0.3412,0.0705,0.2264,0.4842,0.2459,0.4331,0.4166,0.362,0.201,0.4752,0.2429,0.4271,0.4103,0.3529,0.28,0.1784,0.2493,0.233,0.202,0.3649,0.4565,0.4325,0.3812,0.0689,0.1602,0.1116,0.1879,0.1317,0.0915
Hmel218003o,3700001,3750000,3726980,45738,0.0105,0.0126,0.013,0.0328,0.0071,0.0195,0.0143,0.0202,0.0206,0.0119,0.0124,0.0313,0.0318,0.0305,0.0351,0.0368,0.0368,0.0126,0.0323,0.0328,0.0311,0.0359,0.0376,0.0377,0.0326,0.0322,0.0308,0.0354,0.0374,0.0373,0.039,0.0415,0.0438,0.0437,0.0444,0.0365,0.0377,0.0383,0.038,0.0179,0.0285,0.0279,0.0265,0.026,0.0222,0.0173,0.0309,0.2244,0.5821,0.3548,0.4931,0.4267,0.4219,-0.009,0.2138,0.5555,0.3332,0.4708,0.4081,0.4046,0.213,0.541,0.3236,0.4597,0.3998,0.3954,0.3639,0.2509,0.3297,0.2675,0.2712,0.4811,0.5734,0.4901,0.4828,0.028,0.187,0.1726,0.2219,0.2079,0.0445
Hmel218003o,3725001,3775000,3750008,49958,0.0112,0.0146,0.0125,0.0282,0.0051,0.0155,0.0116,0.0189,0.0172,0.0142,0.0144,0.0312,0.0371,0.0346,0.0351,0.0412,0.0416,0.0142,0.03,0.0375,0.036,0.0365,0.0418,0.0423,0.0305,0.038,0.0364,0.037,0.0419,0.0426,0.0396,0.0426,0.0434,0.0449,0.0454,0.039,0.0399,0.0419,0.0421,0.0139,0.0279,0.0272,0.0285,0.0281,0.0183,0.0512,0.1038,0.261,0.6546,0.4597,0.5259,0.4809,0.5072,0.0239,0.1968,0.599,0.4267,0.4883,0.4434,0.4694,0.2326,0.6376,0.4609,0.5244,0.4702,0.4985,0.4431,0.3459,0.3988,0.3308,0.3538,0.5978,0.6673,0.5698,0.5957,0.0149,0.2499,0.2616,0.316,0.3368,0.0076
Hmel218003o,3750001,3800000,3775004,49987,0.011,0.0152,0.0123,0.0249,0.0065,0.0097,0.013,0.0192,0.0186,0.0145,0.0147,0.0292,0.0414,0.0402,0.0333,0.0428,0.0437,0.0147,0.027,0.041,0.0405,0.0354,0.043,0.0442,0.0281,0.0416,0.0417,0.0361,0.0437,0.0451,0.0408,0.0426,0.0393,0.0434,0.0439,0.0419,0.0423,0.0432,0.0443,0.0158,0.0285,0.0283,0.032,0.0325,0.0196,0.0555,0.1229,0.2705,0.6663,0.606,0.4878,0.4942,0.5102,0.035,0.1722,0.5967,0.5452,0.4461,0.4434,0.4616,0.2325,0.6456,0.5974,0.4977,0.4852,0.5045,0.4734,0.4482,0.3742,0.3415,0.3534,0.6888,0.6408,0.5568,0.5736,0.1737,0.3406,0.347,0.3447,0.3606,0.0173
Hmel218003o,3775001,3825000,3800001,49998,0.0078,0.0104,0.01,0.0231,0.0052,0.0062,0.0086,0.0156,0.0155,0.0097,0.0103,0.0245,0.0356,0.0371,0.0332,0.0372,0.0383,0.0107,0.0242,0.0359,0.037,0.0343,0.0373,0.0386,0.0248,0.0356,0.0376,0.0346,0.0376,0.039,0.0364,0.0377,0.0363,0.0376,0.0383,0.0358,0.0374,0.0356,0.0368,0.0112,0.0215,0.0215,0.0244,0.0248,0.0159,0.0355,0.0813,0.2661,0.7049,0.6973,0.6202,0.5387,0.5499,0.0266,0.2132,0.6558,0.648,0.5809,0.4989,0.5125,0.2342,0.6625,0.661,0.5922,0.5094,0.523,0.47,0.4698,0.42,0.3403,0.3487,0.7374,0.7018,0.5641,0.5759,0.2175,0.3415,0.3436,0.352,0.3598,0.0103
Hmel218003o,3800001,3850000,3824999,49996,0.0089,0.0084,0.009,0.0249,0.0035,0.0125,0.007,0.014,0.0147,0.0088,0.01,0.0255,0.031,0.0289,0.0304,0.0341,0.0353,0.0094,0.0256,0.0321,0.0293,0.0312,0.0349,0.0359,0.0257,0.0319,0.0294,0.031,0.0346,0.0358,0.0339,0.0345,0.0365,0.0361,0.0371,0.0325,0.0347,0.0334,0.0346,0.0121,0.0203,0.0205,0.0214,0.0216,0.0153,0.0129,0.061,0.2413,0.6814,0.4745,0.6,0.5137,0.5157,0.0442,0.2521,0.7018,0.4907,0.6191,0.5311,0.5298,0.2433,0.6871,0.4796,0.6045,0.5186,0.5191,0.4469,0.3223,0.4231,0.324,0.3268,0.6193,0.749,0.6012,0.5996,0.1118,0.2213,0.2121,0.3558,0.3466,0.0343
Hmel218003o,3825001,3875000,3849995,49983,0.0095,0.0094,0.0095,0.0254,0.0031,0.0129,0.0052,0.0128,0.0128,0.0095,0.0097,0.0245,0.0308,0.0269,0.029,0.0328,0.0334,0.0097,0.0246,0.0318,0.0271,0.0295,0.0332,0.0337,0.0247,0.0315,0.0269,0.0291,0.033,0.0335,0.0355,0.0342,0.0361,0.0357,0.0364,0.0331,0.0346,0.0342,0.0347,0.0115,0.0185,0.0182,0.0186,0.0183,0.0142,0.0011,0.0092,0.2083,0.6754,0.4274,0.6108,0.5085,0.5153,0.0164,0.2123,0.6873,0.4339,0.6191,0.5156,0.5207,0.2124,0.6826,0.4276,0.6128,0.5115,0.5167,0.4651,0.3089,0.4402,0.3295,0.3375,0.6267,0.7972,0.6388,0.6426,0.1265,0.191,0.1819,0.3633,0.3541,0.0564
Hmel218003o,3850001,3900000,3874991,49937,0.0075,0.0086,0.0082,0.0206,0.0026,0.0055,0.002,0.0099,0.009,0.008,0.0078,0.0201,0.0288,0.0272,0.0294,0.0302,0.0303,0.0081,0.02,0.0287,0.0273,0.0294,0.0299,0.0302,0.02,0.0287,0.0274,0.0295,0.03,0.0302,0.0322,0.0307,0.0321,0.0316,0.032,0.03,0.031,0.0306,0.0309,0.0044,0.0136,0.0132,0.0139,0.0133,0.0105,-0.0049,-0.001,0.2182,0.7164,0.6315,0.7361,0.569,0.5891,-0.0233,0.1917,0.6882,0.605,0.7076,0.5428,0.5643,0.2012,0.6968,0.6149,0.7181,0.5519,0.5721,0.5048,0.4357,0.5131,0.3751,0.3956,0.7754,0.8709,0.6763,0.6994,0.0877,0.2898,0.3065,0.4182,0.4339,0.0571
Hmel218003o,3875001,3925000,3900015,49944,0.0111,0.012,0.0093,0.0219,0.0041,0.0043,0.0029,0.0138,0.0153,0.0116,0.0115,0.0235,0.0329,0.0287,0.0297,0.0308,0.0313,0.0107,0.0232,0.0335,0.0306,0.0316,0.032,0.0327,0.0234,0.0338,0.0309,0.0317,0.0322,0.0328,0.0352,0.0326,0.0335,0.0324,0.0333,0.0342,0.0353,0.0343,0.0348,0.0041,0.0198,0.0196,0.0207,0.0204,0.0159,0.0036,0.0643,0.2047,0.6386,0.5928,0.6324,0.4394,0.4226,0.0047,0.184,0.6271,0.596,0.6331,0.4414,0.4272,0.2347,0.683,0.655,0.691,0.4883,0.4711,0.4918,0.4611,0.4933,0.3111,0.3032,0.7923,0.8278,0.6014,0.58,0.0646,0.389,0.3499,0.4412,0.3999,0.0487
Hmel218003o,3900001,3950000,3924874,49613,0.012,0.0132,0.0088,0.0236,0.005,0.0049,0.0044,0.0153,0.0179,0.0126,0.012,0.0235,0.0364,0.0308,0.0306,0.0325,0.032,0.0115,0.0233,0.0373,0.0329,0.0328,0.0337,0.0335,0.0231,0.0371,0.0329,0.0327,0.034,0.0335,0.0391,0.0354,0.0356,0.0348,0.035,0.0388,0.0395,0.0385,0.0381,0.0053,0.0226,0.0217,0.0232,0.022,0.0186,0.0026,0.0776,0.1701,0.6366,0.5855,0.5939,0.4244,0.3793,0.0249,0.1456,0.6233,0.5842,0.5932,0.4215,0.3818,0.2144,0.6997,0.669,0.6783,0.4926,0.4464,0.4944,0.4587,0.4689,0.3045,0.2721,0.7846,0.798,0.5985,0.5542,0.0713,0.3982,0.325,0.4207,0.3433,0.0612
Hmel218003o,3925001,3975000,3950010,49499,0.0115,0.0123,0.0102,0.0247,0.0042,0.0076,0.0076,0.0131,0.0151,0.0121,0.0122,0.0257,0.0361,0.0303,0.0305,0.0317,0.0316,0.0121,0.0253,0.0368,0.03,0.03,0.0314,0.0313,0.0254,0.0364,0.03,0.0302,0.0317,0.0314,0.0402,0.0339,0.0341,0.0337,0.0344,0.0375,0.0387,0.0361,0.0363,0.0083,0.0205,0.0201,0.0214,0.0207,0.016,0.0108,0.0652,0.2065,0.6573,0.5376,0.5384,0.4577,0.4234,0.0411,0.1865,0.6475,0.5185,0.5171,0.4398,0.4062,0.2207,0.6829,0.5601,0.5601,0.4792,0.4424,0.5015,0.3878,0.39,0.3072,0.2891,0.7403,0.7458,0.6274,0.5948,0.046,0.3441,0.2924,0.3626,0.304,0.0673
Hmel218003o,3950001,4000000,3974979,49773,0.0107,0.0103,0.0086,0.0214,0.0031,0.0099,0.0053,0.0106,0.0125,0.0108,0.011,0.0255,0.0349,0.0241,0.025,0.0251,0.0263,0.0104,0.0251,0.0355,0.0239,0.0247,0.025,0.0261,0.0255,0.0354,0.0239,0.0246,0.025,0.026,0.038,0.0289,0.0293,0.0284,0.0296,0.0346,0.0366,0.0334,0.0347,0.0088,0.0186,0.0187,0.0187,0.0184,0.0129,0.0114,0.0662,0.2554,0.6826,0.4159,0.5303,0.4176,0.4038,0.0494,0.2545,0.6948,0.4194,0.5351,0.4241,0.4065,0.2909,0.7273,0.4569,0.5752,0.4585,0.4382,0.5411,0.3251,0.4085,0.305,0.2954,0.6958,0.8042,0.6722,0.648,0.0783,0.3012,0.2622,0.4188,0.364,0.0584
Hmel218003o,3975001,4025000,3999911,49479,0.0063,0.0058,0.0041,0.0192,0.0026,0.0063,0.0018,0.0098,0.0112,0.0059,0.0057,0.0212,0.034,0.0176,0.018,0.0181,0.0183,0.0051,0.021,0.0343,0.0179,0.0185,0.0184,0.0185,0.0211,0.034,0.0176,0.018,0.0181,0.0182,0.0359,0.0251,0.0253,0.0249,0.0245,0.0339,0.0351,0.0334,0.0338,0.0053,0.0154,0.0145,0.0148,0.0137,0.0123,-0.0111,0.0446,0.2864,0.7797,0.4895,0.6486,0.3988,0.3668,0.0183,0.2932,0.7926,0.5111,0.6756,0.4202,0.3863,0.3295,0.8288,0.5587,0.7318,0.4588,0.4218,0.5615,0.3591,0.4536,0.2896,0.2587,0.7792,0.8892,0.6995,0.6751,0.1479,0.3261,0.2587,0.4525,0.3709,0.0828
Hmel218003o,4000001,4050000,4025095,49586,0.0034,0.0036,0.003,0.0193,0.0022,0.0014,0.0025,0.0076,0.0097,0.0034,0.0037,0.0189,0.0322,0.0142,0.0138,0.0149,0.0143,0.0032,0.0187,0.0326,0.0146,0.014,0.0151,0.0145,0.0189,0.0326,0.0146,0.014,0.0151,0.0145,0.0347,0.0215,0.0215,0.022,0.0212,0.0327,0.0326,0.0323,0.032,0.0024,0.0112,0.0112,0.0114,0.0113,0.0104,-0.0195,0.0681,0.2983,0.8466,0.7209,0.6607,0.4773,0.3846,-0.0094,0.2901,0.8448,0.7196,0.6576,0.4763,0.3858,0.307,0.8591,0.7479,0.6845,0.4974,0.4053,0.5553,0.3962,0.3725,0.276,0.2166,0.8999,0.8721,0.7486,0.6988,0.0994,0.4422,0.3489,0.4013,0.3092,0.095
Hmel218003o,4025001,4075000,4050000,50000,0.0041,0.0043,0.0037,0.018,0.002,0.0014,0.0028,0.0063,0.0082,0.0041,0.0045,0.0168,0.03,0.0141,0.0133,0.0147,0.0145,0.0043,0.0166,0.0302,0.0145,0.0136,0.0148,0.0147,0.0168,0.0304,0.0146,0.0136,0.015,0.0148,0.0323,0.0198,0.0194,0.0202,0.0201,0.0294,0.0295,0.0293,0.0294,0.0025,0.0096,0.0105,0.01,0.0109,0.0088,-0.0155,0.0733,0.2537,0.8238,0.6876,0.603,0.4919,0.4203,0.0311,0.2457,0.8197,0.6852,0.5988,0.4895,0.4196,0.2648,0.8361,0.7153,0.6275,0.5158,0.4427,0.5564,0.3897,0.3479,0.2863,0.2446,0.8962,0.8565,0.7632,0.7179,0.0979,0.4435,0.3913,0.391,0.3458,0.106
Hmel218003o,4050001,4100000,4075000,49999,0.0099,0.0092,0.007,0.0195,0.003,0.0033,0.006,0.0106,0.0127,0.0093,0.009,0.0193,0.0301,0.021,0.0205,0.0211,0.0216,0.0088,0.0188,0.0301,0.0216,0.0211,0.0215,0.022,0.0194,0.0305,0.0218,0.021,0.0216,0.0222,0.032,0.026,0.0254,0.0256,0.0261,0.0298,0.0298,0.0294,0.0296,0.0064,0.0141,0.0146,0.0153,0.0158,0.0133,-0.0103,0.0312,0.1668,0.6609,0.5366,0.4569,0.3619,0.3275,0.0467,0.1686,0.6785,0.567,0.488,0.3859,0.3499,0.2278,0.7309,0.6313,0.5422,0.4379,0.4012,0.5118,0.4275,0.3667,0.2862,0.2592,0.8175,0.7492,0.6403,0.5966,0.1633,0.354,0.3053,0.3106,0.2681,0.0728
Hmel218003o,4075001,4125000,4099985,49933,0.0128,0.0121,0.0103,0.0194,0.004,0.009,0.0104,0.0123,0.0163,0.0122,0.0117,0.0191,0.0291,0.0232,0.0222,0.0256,0.0261,0.0116,0.0186,0.0294,0.0235,0.0228,0.0258,0.0264,0.0194,0.0297,0.0241,0.0228,0.0262,0.0271,0.03,0.027,0.026,0.0287,0.0291,0.03,0.0298,0.0294,0.0296,0.0129,0.0199,0.02,0.0212,0.0211,0.0155,-0.0129,0.0063,0.1053,0.5675,0.3743,0.3262,0.3554,0.2965,0.0194,0.1084,0.5866,0.3975,0.3548,0.3742,0.3146,0.1629,0.6275,0.4446,0.3901,0.4138,0.3561,0.4716,0.3386,0.2971,0.3096,0.252,0.6593,0.6262,0.5821,0.5051,0.1484,0.3166,0.2363,0.3163,0.2362,0.0436
Hmel218003o,4100001,4150000,4124878,49488,0.0103,0.0104,0.01,0.0182,0.0038,0.0122,0.01,0.0113,0.0139,0.0101,0.0101,0.0157,0.0258,0.0162,0.0151,0.0221,0.0223,0.0099,0.0155,0.0261,0.0163,0.0154,0.0223,0.0228,0.0158,0.0265,0.0167,0.0154,0.0229,0.0235,0.0267,0.0204,0.0195,0.0246,0.0245,0.0258,0.0263,0.0255,0.0259,0.0138,0.0194,0.0195,0.0203,0.0202,0.0134,-0.0113,-0.0049,0.0768,0.5853,0.1902,0.2056,0.3558,0.3091,-0.0136,0.0689,0.5887,0.1923,0.2159,0.3609,0.3178,0.0856,0.6009,0.2113,0.2234,0.3792,0.3376,0.4501,0.1672,0.189,0.2731,0.2251,0.542,0.6003,0.5574,0.5046,0.1166,0.2559,0.2084,0.3247,0.2687,0.0294
Hmel218003o,4125001,4175000,4150085,49552,0.0107,0.0108,0.0105,0.0201,0.0049,0.0127,0.0102,0.013,0.0143,0.0108,0.0106,0.0178,0.0236,0.0156,0.0156,0.0226,0.0226,0.0105,0.0176,0.0238,0.0161,0.016,0.0231,0.0232,0.0176,0.0241,0.016,0.0159,0.0233,0.0234,0.0253,0.0207,0.0205,0.0249,0.0246,0.0234,0.0242,0.0237,0.024,0.0125,0.0188,0.0189,0.0197,0.0197,0.0142,0.0026,0.0045,0.1032,0.521,0.1522,0.2097,0.3274,0.3006,-0.0063,0.0964,0.5215,0.1662,0.2176,0.3341,0.3118,0.1034,0.5337,0.1678,0.2243,0.3439,0.3211,0.3762,0.1394,0.1806,0.2231,0.1945,0.4706,0.542,0.4691,0.4448,0.0476,0.1969,0.174,0.2712,0.2444,0.0204
Hmel218003o,4150001,4200000,4175001,49998,0.0122,0.0117,0.0125,0.0212,0.0045,0.0118,0.0102,0.0139,0.0156,0.012,0.0125,0.0196,0.0248,0.018,0.0192,0.0238,0.0239,0.0122,0.0196,0.0251,0.019,0.0198,0.0243,0.0243,0.0199,0.0255,0.0193,0.0204,0.0246,0.0247,0.0276,0.0232,0.0236,0.0263,0.0263,0.0247,0.0258,0.0251,0.0254,0.0118,0.0181,0.018,0.0187,0.0188,0.0152,0.0025,0.0048,0.1069,0.5127,0.2093,0.2771,0.3051,0.2768,0.002,0.116,0.5281,0.2477,0.3023,0.3232,0.2943,0.1104,0.5157,0.237,0.2978,0.3141,0.2866,0.4018,0.1958,0.2316,0.2211,0.1941,0.52,0.5731,0.4792,0.4497,0.0363,0.177,0.1443,0.2275,0.1966,0.0161
Hmel218003o,4175001,4225000,4199995,49988,0.0176,0.0151,0.0162,0.0227,0.0047,0.014,0.012,0.0163,0.017,0.0161,0.017,0.0227,0.0319,0.0212,0.0214,0.026,0.0266,0.0155,0.0218,0.0324,0.0224,0.0223,0.0272,0.0276,0.0226,0.0327,0.0227,0.0231,0.0275,0.0279,0.0334,0.027,0.0268,0.0294,0.0296,0.0317,0.0323,0.0308,0.0312,0.016,0.0219,0.0222,0.0227,0.0233,0.0169,-0.0075,0.0051,0.0741,0.4981,0.1553,0.1932,0.2227,0.2221,-0.0038,0.0938,0.5478,0.2245,0.2564,0.2811,0.2766,0.0929,0.5324,0.2126,0.254,0.2703,0.2656,0.451,0.2133,0.2408,0.2213,0.2134,0.5596,0.6033,0.5075,0.4985,0.1097,0.1924,0.1867,0.2438,0.2429,0.0056
Hmel218003o,4200001,4250000,4224996,49845,0.0213,0.0194,0.0192,0.0267,0.0075,0.0166,0.0135,0.0183,0.0177,0.0201,0.0206,0.0267,0.0377,0.0227,0.0224,0.0286,0.029,0.0191,0.0259,0.0388,0.0237,0.0237,0.0305,0.0308,0.0262,0.0389,0.0237,0.0242,0.0304,0.0309,0.0387,0.031,0.0305,0.0335,0.0336,0.038,0.0384,0.037,0.0372,0.0197,0.027,0.0271,0.0274,0.0271,0.0188,-0.0067,0.0093,0.0668,0.4637,0.0944,0.1335,0.1915,0.2058,-0.0066,0.0758,0.5013,0.1447,0.1905,0.2475,0.2604,0.0844,0.5056,0.1477,0.2023,0.2491,0.2639,0.4197,0.1998,0.2342,0.2165,0.2245,0.5345,0.5856,0.4985,0.5101,0.1403,0.2246,0.2344,0.2779,0.2807,0.0234
Hmel218003o,4225001,4275000,4249747,49065,0.016,0.0157,0.0139,0.0267,0.0082,0.0133,0.0118,0.0167,0.0165,0.0164,0.016,0.0238,0.0321,0.0165,0.0176,0.024,0.0239,0.0149,0.0238,0.0326,0.0168,0.018,0.0257,0.0257,0.0237,0.0328,0.0167,0.0179,0.0256,0.026,0.0352,0.0255,0.026,0.0298,0.0299,0.0317,0.0329,0.0326,0.0329,0.0148,0.0232,0.0229,0.0236,0.0227,0.0178,0.0178,0.0333,0.0805,0.4687,0.0647,0.1247,0.2,0.1998,0.0023,0.0841,0.4801,0.0792,0.1425,0.2389,0.2405,0.1077,0.5128,0.1075,0.1726,0.2648,0.2743,0.372,0.1537,0.1849,0.1804,0.1852,0.5113,0.5509,0.4645,0.471,0.0876,0.228,0.223,0.2615,0.244,0.0369
Hmel218003o,4250001,4300000,4275074,49171,0.0198,0.0159,0.0153,0.029,0.007,0.0101,0.011,0.0149,0.0165,0.0185,0.0186,0.0267,0.0328,0.025,0.0251,0.0296,0.0283,0.0156,0.026,0.0323,0.027,0.0272,0.0328,0.0316,0.026,0.0321,0.0262,0.0264,0.0319,0.0311,0.0359,0.0316,0.0315,0.0342,0.0333,0.0356,0.0358,0.0361,0.0356,0.0118,0.0201,0.02,0.0211,0.0211,0.0163,0.0209,0.0322,0.0661,0.4357,0.2631,0.2506,0.2729,0.229,0.0025,0.1032,0.4922,0.3647,0.352,0.3757,0.337,0.1121,0.5008,0.3621,0.3488,0.3722,0.338,0.3694,0.2729,0.2592,0.2457,0.2144,0.6263,0.6128,0.5498,0.5189,0.0564,0.2427,0.2106,0.2506,0.2212,0.0186
Hmel218003o,4275001,4325000,4299859,49304,0.0208,0.0178,0.0174,0.0306,0.0061,0.0092,0.01,0.0143,0.015,0.0197,0.0201,0.0281,0.0325,0.0257,0.0278,0.0302,0.0295,0.0173,0.0273,0.0332,0.0277,0.0297,0.033,0.0325,0.0277,0.0327,0.0265,0.028,0.0321,0.0317,0.036,0.0323,0.0337,0.0345,0.0339,0.036,0.0364,0.0356,0.0351,0.0131,0.0217,0.022,0.0215,0.0217,0.0149,0.0132,0.0278,0.0654,0.43,0.2764,0.3007,0.2784,0.2571,-0.0077,0.0889,0.4867,0.3608,0.3773,0.3606,0.3432,0.101,0.4873,0.3463,0.3576,0.3541,0.3373,0.3664,0.2784,0.2864,0.244,0.2259,0.6634,0.6511,0.5702,0.5522,0.1608,0.3106,0.3031,0.2898,0.2798,0.0102
Hmel218003o,4300001,4350000,4325181,49340,0.016,0.0163,0.0144,0.0275,0.0043,0.0159,0.0116,0.0158,0.015,0.0162,0.0154,0.0248,0.0312,0.0221,0.0254,0.0312,0.0305,0.0154,0.0248,0.0327,0.0224,0.0252,0.0319,0.0313,0.0252,0.0327,0.0216,0.0243,0.032,0.0313,0.0348,0.0296,0.0322,0.0343,0.0338,0.0318,0.033,0.032,0.0314,0.0177,0.0259,0.0257,0.025,0.0244,0.0157,0.0029,0.0089,0.0935,0.5263,0.1698,0.3096,0.3391,0.3407,0.0018,0.089,0.5374,0.1729,0.3015,0.3444,0.3481,0.1231,0.5729,0.186,0.3182,0.3746,0.3773,0.4128,0.1801,0.2767,0.2512,0.2538,0.5347,0.6278,0.5386,0.5472,0.1324,0.2527,0.2622,0.3045,0.3086,0.0112
Hmel218003o,4325001,4375000,4349869,49718,0.0176,0.018,0.0158,0.0246,0.0042,0.0193,0.0111,0.0177,0.0176,0.0176,0.0166,0.0244,0.0331,0.0251,0.0276,0.0334,0.0328,0.0169,0.0245,0.0335,0.0253,0.0276,0.0335,0.0329,0.0245,0.0336,0.0254,0.0278,0.0339,0.0333,0.0352,0.0303,0.0326,0.0344,0.0339,0.0333,0.0348,0.0335,0.0331,0.0187,0.0268,0.0263,0.0257,0.0252,0.0181,-0.0062,-0.0035,0.0904,0.5206,0.1605,0.3297,0.3218,0.3157,0.0013,0.0877,0.5189,0.1597,0.3234,0.3189,0.3125,0.1187,0.5561,0.1923,0.3611,0.3529,0.3456,0.4539,0.175,0.3207,0.2572,0.2518,0.4942,0.6529,0.5228,0.5206,0.1095,0.1923,0.1855,0.2945,0.2859,0.0145
Hmel218003o,4350001,4400000,4374995,49382,0.0154,0.0156,0.0154,0.0227,0.0048,0.0143,0.0099,0.0155,0.0164,0.0154,0.0155,0.0217,0.0299,0.0205,0.0222,0.0263,0.027,0.0153,0.0219,0.0303,0.0207,0.0221,0.0267,0.0275,0.022,0.0302,0.0207,0.0225,0.0266,0.0273,0.0317,0.0253,0.0269,0.0284,0.0288,0.0301,0.0315,0.0296,0.0301,0.0153,0.022,0.0222,0.022,0.0225,0.0162,-0.0013,0.0028,0.0861,0.5104,0.1676,0.2879,0.2721,0.2717,-0.0057,0.088,0.5121,0.1722,0.2828,0.2783,0.2787,0.0926,0.5143,0.1733,0.2943,0.2786,0.2778,0.4304,0.1788,0.2778,0.2161,0.2109,0.5344,0.6363,0.5054,0.4952,0.1234,0.2021,0.1937,0.282,0.2754,0.0097
Hmel218003o,4375001,4425000,4400154,49663,0.0102,0.01,0.0101,0.0218,0.0032,0.0129,0.0101,0.0132,0.0133,0.0099,0.0101,0.0178,0.0297,0.0173,0.0203,0.023,0.0239,0.01,0.0181,0.0303,0.0173,0.0204,0.0237,0.0247,0.0178,0.0305,0.0172,0.0206,0.0234,0.0245,0.0322,0.0231,0.0253,0.0266,0.0272,0.0302,0.031,0.0289,0.0297,0.0131,0.0188,0.0189,0.0186,0.0189,0.0134,-0.0084,-0.0019,0.0905,0.6478,0.212,0.348,0.3412,0.3567,-0.0036,0.1003,0.6566,0.2143,0.354,0.3572,0.3744,0.0902,0.6565,0.2079,0.3571,0.3495,0.3691,0.4751,0.1669,0.2574,0.2306,0.2389,0.5949,0.662,0.5747,0.5816,0.0698,0.1912,0.1922,0.2424,0.2487,0.0047
Hmel218003o,4400001,4450000,4424993,49983,0.0131,0.0133,0.012,0.023,0.0035,0.0174,0.0142,0.0156,0.0163,0.0132,0.0129,0.0206,0.0321,0.0204,0.0228,0.0262,0.0268,0.0125,0.0203,0.0325,0.0202,0.0232,0.0267,0.0275,0.0199,0.0327,0.0202,0.0229,0.0268,0.0275,0.0341,0.0251,0.0272,0.0294,0.0296,0.0325,0.0331,0.0315,0.0318,0.017,0.0225,0.0227,0.0222,0.0225,0.0163,-0.0024,0.0128,0.0929,0.6047,0.1515,0.262,0.3055,0.3038,-0.0057,0.0828,0.6045,0.1432,0.2661,0.3117,0.3127,0.0957,0.6328,0.1666,0.2851,0.3351,0.336,0.4749,0.1239,0.21,0.2282,0.2211,0.5299,0.5933,0.5513,0.5415,0.039,0.1638,0.1563,0.2071,0.2024,0.0131
Hmel218003o,4425001,4475000,4449981,49719,0.0187,0.0184,0.0172,0.025,0.006,0.019,0.0195,0.0182,0.0199,0.0185,0.0183,0.0249,0.0325,0.024,0.0235,0.0297,0.0299,0.0179,0.025,0.033,0.0243,0.024,0.0304,0.031,0.0248,0.0333,0.0245,0.0236,0.0308,0.0313,0.0339,0.028,0.0281,0.0317,0.0318,0.0318,0.0324,0.0321,0.0318,0.0207,0.0251,0.0254,0.0273,0.0278,0.0196,-0.0009,0.0095,0.0825,0.4656,0.1266,0.1086,0.2455,0.2267,0.0026,0.0876,0.4755,0.1381,0.1237,0.261,0.2479,0.1,0.4989,0.1587,0.1329,0.2831,0.2676,0.4081,0.1369,0.1326,0.2078,0.1868,0.4522,0.4516,0.4689,0.4368,0.0382,0.1579,0.1403,0.1935,0.179,0.0165
Hmel218003o,4450001,4500000,4475102,49701,0.0203,0.0182,0.0188,0.0265,0.0067,0.0196,0.0166,0.0197,0.0214,0.0191,0.0198,0.0264,0.0341,0.0266,0.0247,0.0327,0.0333,0.0193,0.0265,0.0347,0.0268,0.0248,0.0333,0.0341,0.0272,0.0349,0.0263,0.0236,0.0331,0.0337,0.0368,0.0318,0.03,0.0356,0.0363,0.0333,0.0339,0.034,0.0346,0.0222,0.0259,0.0261,0.0295,0.0301,0.0207,-0.005,0.0075,0.0763,0.4484,0.1503,0.1528,0.2535,0.2415,0.0237,0.1055,0.4869,0.1826,0.1864,0.2886,0.2785,0.1119,0.4814,0.165,0.1519,0.2787,0.2663,0.4122,0.1766,0.1878,0.2313,0.2204,0.4485,0.5049,0.4565,0.4374,0.1096,0.1455,0.1278,0.2507,0.238,0.0033
Hmel218003o,4475001,4525000,4499882,49331,0.02,0.0181,0.0195,0.0264,0.0069,0.0204,0.0158,0.0197,0.0239,0.0198,0.0207,0.028,0.0359,0.0276,0.0261,0.0342,0.0346,0.0195,0.0276,0.0359,0.0273,0.0256,0.0342,0.0347,0.0287,0.0361,0.027,0.0249,0.034,0.0344,0.0389,0.0336,0.0313,0.0378,0.0379,0.0354,0.0362,0.0369,0.0371,0.0225,0.0275,0.0287,0.03,0.0315,0.0224,0.0204,0.0256,0.1107,0.4711,0.1634,0.1947,0.277,0.2351,0.0185,0.1278,0.5,0.1836,0.214,0.3015,0.2579,0.1283,0.4803,0.1595,0.1781,0.2808,0.2381,0.4335,0.1957,0.2193,0.2594,0.2131,0.4599,0.5376,0.4858,0.4291,0.1149,0.1658,0.1367,0.2677,0.2371,0.0137
Hmel218003o,4500001,4550000,4525069,49038,0.0169,0.0159,0.0147,0.0227,0.0053,0.0183,0.0179,0.0176,0.0205,0.0173,0.0168,0.0238,0.036,0.0231,0.0243,0.0295,0.0292,0.0152,0.0234,0.0362,0.0234,0.0237,0.0303,0.0301,0.0229,0.036,0.0237,0.0241,0.0305,0.0303,0.0375,0.0283,0.0287,0.0327,0.0318,0.0354,0.0358,0.036,0.0353,0.0201,0.0248,0.0252,0.0252,0.026,0.02,0.028,0.0331,0.1076,0.5446,0.1428,0.1736,0.2733,0.2298,-0.0034,0.1153,0.5627,0.1655,0.1765,0.3016,0.2576,0.1235,0.5808,0.1894,0.2042,0.3205,0.2767,0.4866,0.1751,0.1869,0.2531,0.2018,0.5163,0.527,0.5332,0.48,0.0555,0.1695,0.1376,0.1835,0.1591,0.0248
Hmel218003o,4525001,4575000,4550017,49600,0.015,0.0135,0.0118,0.0205,0.004,0.0153,0.0148,0.0172,0.0178,0.0143,0.0137,0.0204,0.0358,0.0222,0.0222,0.0265,0.0263,0.0124,0.02,0.0362,0.0228,0.022,0.0273,0.0271,0.0195,0.0361,0.0227,0.0221,0.0273,0.0271,0.0369,0.0257,0.0264,0.0292,0.0289,0.0346,0.0359,0.0342,0.0345,0.0167,0.022,0.0211,0.023,0.0224,0.018,0.0037,0.0117,0.0857,0.5959,0.1971,0.2066,0.2565,0.2427,-0.0087,0.1039,0.6273,0.2377,0.2293,0.2943,0.2813,0.1228,0.6564,0.2657,0.2611,0.322,0.307,0.53,0.1965,0.2178,0.2301,0.2151,0.5799,0.6009,0.5432,0.5356,0.0564,0.1577,0.1278,0.1904,0.165,0.0157
Hmel218003o,4550001,4600000,4575012,49918,0.0158,0.0147,0.014,0.0215,0.0036,0.0126,0.0132,0.0174,0.0193,0.0151,0.0147,0.0213,0.035,0.024,0.0225,0.0273,0.0287,0.0144,0.0212,0.0355,0.0249,0.0228,0.0279,0.0295,0.0208,0.0352,0.0244,0.0226,0.0278,0.0293,0.0359,0.0279,0.0272,0.0301,0.0313,0.0338,0.0356,0.0328,0.0344,0.0146,0.0227,0.0224,0.0251,0.025,0.019,-0.004,-0.009,0.0834,0.5818,0.2681,0.2276,0.2572,0.2536,0.0013,0.0985,0.6045,0.3036,0.2532,0.2821,0.2803,0.1023,0.6141,0.3077,0.2612,0.291,0.2878,0.5126,0.2662,0.2453,0.2311,0.2224,0.6278,0.6326,0.5314,0.5153,0.0645,0.2158,0.1755,0.2559,0.2218,0.0191
Hmel218003o,4575001,4625000,4599527,48687,0.0164,0.0156,0.0142,0.0244,0.0047,0.0123,0.0129,0.0161,0.0179,0.0158,0.015,0.0237,0.0321,0.0238,0.0234,0.0289,0.0305,0.0152,0.0233,0.0329,0.0242,0.0234,0.0297,0.0315,0.0233,0.0324,0.0238,0.0232,0.0297,0.0314,0.0342,0.03,0.0291,0.0327,0.0339,0.0324,0.0329,0.0316,0.0327,0.0141,0.0229,0.0228,0.0253,0.0255,0.0182,-0.0066,-0.009,0.0955,0.5215,0.2607,0.2414,0.2942,0.2927,0.01,0.0989,0.544,0.2816,0.2553,0.3187,0.3183,0.1215,0.5639,0.2981,0.2769,0.3398,0.3383,0.4381,0.2684,0.2466,0.2567,0.2483,0.5989,0.5937,0.5212,0.5018,0.0615,0.2465,0.2132,0.2851,0.2594,0.0379
Hmel218003o,4600001,4650000,4625195,48697,0.0193,0.018,0.0168,0.0273,0.0072,0.0136,0.0153,0.0141,0.0152,0.0182,0.0181,0.027,0.0322,0.0266,0.0262,0.0295,0.0298,0.0176,0.0264,0.0327,0.0264,0.0256,0.03,0.0304,0.0272,0.0329,0.0267,0.0258,0.0301,0.0307,0.0344,0.0313,0.0306,0.0319,0.0319,0.0319,0.0324,0.0322,0.0318,0.0168,0.0205,0.0205,0.0223,0.0224,0.0161,-0.0125,0.0015,0.0927,0.4324,0.247,0.2161,0.2905,0.2799,0.005,0.0986,0.4587,0.2626,0.2221,0.3166,0.3073,0.1301,0.4812,0.2869,0.2454,0.3377,0.3299,0.3686,0.2397,0.2069,0.2425,0.2271,0.5239,0.5005,0.5193,0.495,0.0804,0.2051,0.184,0.2184,0.2004,0.0515
Hmel218003o,4625001,4675000,4650000,50000,0.0221,0.0195,0.0193,0.0281,0.0062,0.0162,0.0172,0.0149,0.0164,0.0204,0.0207,0.0279,0.0325,0.0275,0.0273,0.03,0.0305,0.0195,0.0276,0.0332,0.0294,0.0283,0.0307,0.0311,0.0277,0.0335,0.0293,0.0281,0.0306,0.0313,0.0338,0.032,0.0312,0.0322,0.0325,0.031,0.0325,0.0319,0.0322,0.0192,0.0227,0.023,0.0237,0.0241,0.0166,-0.0089,-0.001,0.0678,0.4089,0.1895,0.1714,0.2494,0.2381,0.0005,0.0936,0.4569,0.2568,0.2237,0.2933,0.2808,0.0972,0.4643,0.2577,0.2232,0.2953,0.2859,0.3664,0.2081,0.1827,0.2271,0.2123,0.4853,0.4856,0.518,0.4973,0.0739,0.1972,0.1806,0.2015,0.1882,0.0311
Hmel218003o,4650001,4700000,4674996,49987,0.0163,0.014,0.0146,0.0255,0.0038,0.0094,0.0145,0.0126,0.0132,0.0153,0.0157,0.0255,0.0303,0.0271,0.0245,0.029,0.0292,0.0146,0.0252,0.0305,0.0295,0.0264,0.0299,0.0299,0.025,0.0307,0.0294,0.026,0.03,0.0302,0.0308,0.0292,0.0279,0.0292,0.0296,0.031,0.0315,0.0315,0.0321,0.0139,0.0187,0.0183,0.0211,0.0212,0.0133,0.0052,0.0069,0.122,0.518,0.3716,0.2407,0.3484,0.3444,0.0119,0.1488,0.5644,0.4476,0.3131,0.3987,0.3906,0.1367,0.5543,0.4353,0.2957,0.3899,0.3847,0.3978,0.2873,0.1924,0.2393,0.2381,0.6638,0.5666,0.6021,0.5984,0.0812,0.2697,0.2481,0.229,0.221,0.0167
Hmel218003o,4675001,4725000,4700003,49987,0.0079,0.0067,0.0068,0.0203,0.0021,0.0028,0.0088,0.0081,0.0077,0.0074,0.0076,0.0191,0.0296,0.0207,0.0147,0.0216,0.0217,0.0071,0.0188,0.0294,0.0216,0.015,0.0223,0.0222,0.0188,0.0295,0.0217,0.0147,0.0223,0.0224,0.0304,0.0227,0.0196,0.0228,0.0232,0.0292,0.0304,0.0292,0.0296,0.0111,0.0107,0.0102,0.0161,0.0159,0.0082,0.0113,0.0163,0.1913,0.7246,0.6041,0.2912,0.4754,0.4871,0.0281,0.2089,0.753,0.6544,0.334,0.5194,0.5275,0.2054,0.75,0.6508,0.3216,0.5154,0.5258,0.4976,0.3709,0.1863,0.2684,0.2829,0.8534,0.711,0.7168,0.7288,0.3285,0.3387,0.3318,0.3288,0.3331,0.0212
Hmel218003o,4700001,4750000,4724992,49961,0.0088,0.0075,0.0063,0.0185,0.0021,0.0072,0.0073,0.0089,0.0079,0.0082,0.0076,0.0208,0.0286,0.0162,0.0109,0.0188,0.0192,0.0067,0.0211,0.0287,0.0163,0.0103,0.0192,0.0194,0.021,0.0289,0.0162,0.0097,0.0192,0.0195,0.0312,0.0232,0.0204,0.024,0.0242,0.0267,0.0284,0.0274,0.0278,0.0135,0.012,0.0121,0.0165,0.0168,0.0089,0.0016,0.0032,0.2375,0.6918,0.3518,0.1581,0.3747,0.4086,-0.0149,0.2728,0.7265,0.3966,0.1731,0.4192,0.4485,0.2938,0.7573,0.4272,0.1834,0.4491,0.4825,0.5333,0.3199,0.2601,0.3016,0.324,0.7167,0.7284,0.6788,0.7075,0.3161,0.208,0.2456,0.3568,0.3925,0.0289
Hmel218003o,4725001,4775000,4750008,49952,0.0136,0.0118,0.0109,0.0201,0.0022,0.0109,0.0116,0.0109,0.0107,0.0127,0.0123,0.0245,0.0272,0.019,0.0159,0.0214,0.022,0.0108,0.0244,0.028,0.0189,0.0155,0.0227,0.0229,0.0245,0.0283,0.0186,0.015,0.0224,0.0229,0.031,0.0261,0.0252,0.0269,0.0269,0.0283,0.0283,0.0264,0.0266,0.0138,0.019,0.0191,0.0207,0.021,0.0111,0.0012,0.0003,0.205,0.5656,0.2269,0.1215,0.2865,0.3007,-0.0263,0.2352,0.6146,0.2637,0.1459,0.3483,0.3553,0.2506,0.6375,0.2728,0.1496,0.36,0.3722,0.5038,0.2817,0.2516,0.2941,0.2975,0.639,0.621,0.6175,0.6233,0.107,0.2845,0.291,0.3085,0.3175,0.0153
Hmel218003o,4750001,4800000,4775002,49983,0.0116,0.0095,0.009,0.0187,0.0018,0.0075,0.0122,0.008,0.0095,0.0106,0.0103,0.0193,0.0233,0.0194,0.0169,0.0203,0.0208,0.0091,0.0185,0.0241,0.0216,0.0186,0.0228,0.0232,0.0183,0.0242,0.0212,0.0183,0.0223,0.0228,0.0282,0.0258,0.0242,0.0261,0.0263,0.0269,0.0264,0.0245,0.0248,0.0104,0.0177,0.0177,0.0197,0.0198,0.0089,-0.0003,0.0002,0.1442,0.5692,0.3532,0.1831,0.3625,0.3406,-0.0075,0.1646,0.6351,0.4505,0.2747,0.4605,0.4352,0.1715,0.6513,0.4563,0.2813,0.4647,0.4394,0.5021,0.3565,0.2422,0.351,0.3288,0.7192,0.5974,0.6812,0.6458,0.0301,0.4072,0.3681,0.3374,0.307,0.0081
Hmel218003o,4775001,4825000,4800003,49988,0.008,0.0056,0.0051,0.0175,0.0019,0.0039,0.0089,0.0051,0.0063,0.0069,0.0068,0.0164,0.022,0.0162,0.014,0.0164,0.0164,0.0056,0.0159,0.0226,0.0196,0.0164,0.0189,0.0189,0.0157,0.0225,0.0193,0.016,0.0186,0.0186,0.0273,0.0238,0.0218,0.0232,0.0233,0.0245,0.0242,0.0241,0.0242,0.0068,0.0096,0.0094,0.012,0.012,0.0059,0.0023,0.0152,0.1603,0.6449,0.4765,0.2588,0.4459,0.4073,0.0219,0.2029,0.7262,0.6237,0.4025,0.5746,0.5378,0.2078,0.7424,0.6371,0.4086,0.5868,0.5477,0.5078,0.4152,0.2741,0.3805,0.3559,0.7977,0.6501,0.7585,0.7231,0.0352,0.378,0.3123,0.2765,0.2366,0.0234
Hmel218003o,4800001,4850000,4824907,48961,0.0089,0.0065,0.0059,0.0206,0.0024,0.0058,0.0104,0.0074,0.0099,0.0078,0.0083,0.0201,0.0285,0.0179,0.0167,0.0185,0.0186,0.0066,0.0194,0.029,0.0199,0.0178,0.02,0.0202,0.0193,0.0288,0.0197,0.0173,0.0198,0.02,0.0314,0.0241,0.0235,0.0241,0.0241,0.0285,0.0291,0.0282,0.028,0.0085,0.0098,0.0098,0.0123,0.0124,0.0088,0.0085,0.0609,0.1885,0.6838,0.4316,0.2795,0.402,0.3436,0.0329,0.2199,0.7465,0.5424,0.3696,0.4976,0.438,0.2308,0.7597,0.556,0.3713,0.51,0.4496,0.4988,0.3304,0.2329,0.2993,0.2553,0.7602,0.6536,0.717,0.6564,0.0217,0.2041,0.1184,0.1648,0.1042,0.0082
Hmel218003o,4825001,4875000,4850435,48962,0.0145,0.0112,0.0107,0.022,0.0042,0.0122,0.0156,0.0136,0.0161,0.0127,0.0138,0.025,0.0334,0.0249,0.0243,0.0264,0.0268,0.0114,0.024,0.034,0.0265,0.025,0.0279,0.0283,0.0238,0.0343,0.0263,0.0245,0.0279,0.0283,0.0346,0.0291,0.0292,0.0292,0.0294,0.0331,0.0348,0.0331,0.0328,0.0145,0.0173,0.0173,0.021,0.0204,0.0156,-0.0054,0.0464,0.1763,0.5775,0.3144,0.246,0.3196,0.2859,0.0204,0.2121,0.6451,0.4011,0.3153,0.4002,0.363,0.217,0.6571,0.4087,0.3154,0.4099,0.3721,0.4825,0.2844,0.2363,0.2649,0.2313,0.6171,0.5734,0.5921,0.5431,0.021,0.1552,0.1048,0.1902,0.1326,0.0264
Hmel218003o,4850001,4900000,4874566,49023,0.0175,0.015,0.0142,0.0219,0.0051,0.0123,0.015,0.0166,0.0179,0.016,0.0167,0.0251,0.0337,0.0255,0.0254,0.0289,0.0282,0.015,0.024,0.0345,0.0278,0.0272,0.0314,0.0306,0.0247,0.0348,0.0273,0.0267,0.031,0.0303,0.0355,0.0309,0.0311,0.0318,0.0315,0.0334,0.0353,0.0334,0.0333,0.0141,0.0206,0.0201,0.0236,0.0226,0.0187,-0.0085,0.0266,0.1355,0.5138,0.2747,0.232,0.2711,0.2414,0.0135,0.1515,0.5632,0.3552,0.3023,0.3451,0.3135,0.1772,0.5805,0.3604,0.3065,0.3513,0.3209,0.4785,0.311,0.275,0.2635,0.2403,0.6006,0.573,0.5263,0.5016,0.0177,0.1848,0.15,0.2093,0.1659,0.0422
Hmel218003o,4875001,4925000,4899334,45764,0.0165,0.0163,0.0134,0.0213,0.0059,0.0071,0.0094,0.0149,0.016,0.0164,0.016,0.0231,0.0309,0.0206,0.0215,0.0259,0.0249,0.0155,0.0226,0.0313,0.024,0.0249,0.0285,0.0276,0.0232,0.0311,0.0236,0.0246,0.0277,0.027,0.0321,0.028,0.029,0.0299,0.0292,0.0305,0.0322,0.0311,0.0311,0.0087,0.0184,0.0179,0.02,0.0197,0.0168,0.0004,0.0344,0.1164,0.4829,0.2828,0.26,0.2575,0.2216,0.0223,0.1082,0.4916,0.3587,0.3329,0.3063,0.275,0.1683,0.5409,0.4091,0.3817,0.3377,0.3075,0.4366,0.3606,0.3371,0.2655,0.2373,0.6611,0.6305,0.5144,0.4937,0.0304,0.2625,0.2265,0.2552,0.2271,0.0449
Hmel218003o,4900001,4950000,4926026,46719,0.0152,0.0149,0.0115,0.0199,0.0049,0.0051,0.007,0.011,0.0121,0.0149,0.0141,0.0206,0.0263,0.0177,0.0182,0.0208,0.0205,0.0136,0.0206,0.027,0.0203,0.0208,0.0222,0.0221,0.02,0.0271,0.0212,0.0216,0.0224,0.0223,0.028,0.0244,0.0252,0.0249,0.0245,0.0259,0.0269,0.0264,0.026,0.0068,0.014,0.014,0.0155,0.0157,0.0126,-0.0068,0.0296,0.0954,0.4611,0.2825,0.2526,0.2391,0.2105,0.0172,0.0997,0.4778,0.3545,0.3243,0.276,0.2528,0.1485,0.551,0.4542,0.4167,0.3476,0.3214,0.4192,0.3609,0.3378,0.2601,0.2337,0.6898,0.6516,0.5527,0.5223,0.0633,0.2827,0.2492,0.2774,0.2534,0.0437
Hmel218003o,4925001,4975000,4949993,49909,0.0145,0.0139,0.0113,0.0198,0.005,0.0065,0.0081,0.0112,0.0122,0.0141,0.0138,0.0203,0.0254,0.0188,0.0189,0.0202,0.0203,0.0134,0.0203,0.026,0.0201,0.0201,0.0207,0.0209,0.0202,0.0263,0.0206,0.0203,0.0214,0.0215,0.0276,0.0238,0.0243,0.0233,0.0235,0.0249,0.0257,0.0256,0.025,0.0079,0.0139,0.0143,0.0156,0.016,0.0124,-0.0027,0.0351,0.1009,0.461,0.2965,0.2629,0.2325,0.2172,0.0346,0.1124,0.4831,0.3419,0.3047,0.2562,0.2421,0.157,0.5437,0.4141,0.3681,0.3238,0.3059,0.4153,0.3248,0.3038,0.2277,0.2146,0.6403,0.6087,0.5339,0.5044,0.0428,0.2335,0.2228,0.2466,0.2329,0.0292
Hmel218003o,4950001,5000000,4975021,49913,0.014,0.0136,0.0108,0.0204,0.0056,0.0087,0.0088,0.0125,0.0128,0.0141,0.0135,0.021,0.0252,0.0192,0.0194,0.0209,0.0214,0.0137,0.0211,0.0258,0.0197,0.0198,0.0213,0.0217,0.0205,0.026,0.0196,0.0197,0.0216,0.0221,0.0286,0.0236,0.0243,0.0239,0.0243,0.0252,0.0262,0.0265,0.0266,0.0092,0.0148,0.0155,0.0167,0.0176,0.0134,0.0098,0.0451,0.1197,0.4558,0.2694,0.2716,0.2358,0.242,0.06,0.1293,0.4732,0.2901,0.291,0.2521,0.2563,0.1652,0.5345,0.35,0.3498,0.3113,0.3167,0.4087,0.2708,0.2824,0.209,0.212,0.5729,0.5843,0.5068,0.5024,0.0277,0.1743,0.1925,0.2323,0.2531,0.0303
Hmel218003o,4975001,5025000,4999921,49557,0.0139,0.0145,0.0123,0.0212,0.0043,0.008,0.0097,0.0135,0.0137,0.0145,0.0138,0.0217,0.0275,0.0205,0.02,0.0232,0.0236,0.0144,0.0215,0.0279,0.0207,0.0203,0.0237,0.0238,0.0208,0.028,0.0213,0.0209,0.0241,0.0244,0.0306,0.0249,0.025,0.0265,0.0264,0.0273,0.0281,0.0283,0.0287,0.0098,0.0157,0.0162,0.0175,0.0184,0.0143,0.0107,0.025,0.1279,0.5195,0.3166,0.2688,0.2699,0.274,0.0385,0.1133,0.5118,0.3085,0.2635,0.2678,0.2673,0.1331,0.5575,0.3686,0.3236,0.3158,0.3174,0.4465,0.295,0.2674,0.2302,0.2264,0.6478,0.6157,0.5369,0.5389,0.0518,0.1966,0.2076,0.2128,0.2335,0.0255
Hmel218003o,5000001,5050000,5025008,48632,0.0155,0.0155,0.0148,0.0204,0.0046,0.0062,0.0073,0.0143,0.0148,0.0159,0.0156,0.0216,0.0298,0.0208,0.0205,0.0234,0.0234,0.0159,0.0212,0.03,0.0216,0.0215,0.0241,0.024,0.0216,0.03,0.0219,0.0218,0.0246,0.0244,0.0307,0.0257,0.0257,0.0266,0.0266,0.0301,0.0307,0.0298,0.0301,0.008,0.0168,0.0168,0.0175,0.0175,0.0148,0.0131,0.0175,0.1095,0.5118,0.3278,0.299,0.2335,0.2244,0.0275,0.0982,0.513,0.3433,0.3189,0.2481,0.236,0.1216,0.5282,0.3667,0.3428,0.2697,0.2568,0.4546,0.3528,0.3329,0.2311,0.2219,0.7085,0.6886,0.5348,0.5289,0.0862,0.2545,0.2419,0.2486,0.2369,0.0101
Hmel218003o,5025001,5075000,5050355,49059,0.0144,0.0143,0.0134,0.019,0.0055,0.0055,0.0033,0.013,0.0131,0.0148,0.0148,0.019,0.0286,0.0192,0.0203,0.0219,0.022,0.0143,0.0192,0.0289,0.0208,0.022,0.0231,0.0232,0.0193,0.0294,0.0205,0.0216,0.0228,0.0229,0.0297,0.0246,0.0255,0.0257,0.026,0.0291,0.03,0.0283,0.0285,0.0051,0.0157,0.0162,0.0156,0.0162,0.0135,0.0178,0.0332,0.0796,0.5004,0.3304,0.4078,0.2407,0.2421,0.0153,0.0887,0.5074,0.3709,0.4461,0.2699,0.2693,0.1061,0.5289,0.3828,0.4583,0.2783,0.2789,0.4471,0.3715,0.4301,0.2534,0.2555,0.697,0.7581,0.5239,0.5251,0.0821,0.2723,0.2833,0.3298,0.342,0.0196
Hmel218003o,5050001,5100000,5074999,49995,0.0097,0.0102,0.0101,0.0199,0.0057,0.0063,0.0031,0.0099,0.0131,0.0104,0.0108,0.0216,0.0282,0.0204,0.022,0.0187,0.0213,0.01,0.0225,0.0286,0.0217,0.0233,0.0195,0.0222,0.0222,0.029,0.0215,0.0231,0.0196,0.0222,0.0325,0.0252,0.0265,0.0269,0.0272,0.0275,0.0285,0.0279,0.0274,0.0053,0.0183,0.0157,0.0195,0.0159,0.0139,0.0243,0.0469,0.2183,0.5862,0.4528,0.564,0.325,0.316,-0.0058,0.2276,0.5806,0.4667,0.5716,0.3329,0.325,0.2251,0.5875,0.4656,0.5709,0.3383,0.3276,0.4643,0.3525,0.4329,0.314,0.2655,0.6562,0.7435,0.5774,0.5046,0.0671,0.4023,0.2472,0.5142,0.3391,0.1002
Hmel218003o,5075001,5125000,5099999,49989,0.0078,0.0086,0.0081,0.0222,0.0041,0.0087,0.0043,0.0067,0.0096,0.0085,0.0086,0.0229,0.0279,0.0168,0.0178,0.0173,0.0195,0.0085,0.0234,0.0284,0.0172,0.0185,0.0177,0.0201,0.0235,0.0286,0.0171,0.0184,0.0178,0.0201,0.0337,0.0237,0.0243,0.0268,0.0269,0.0271,0.0277,0.0278,0.0274,0.0076,0.0186,0.0154,0.0189,0.0146,0.0101,0.0195,0.0388,0.2472,0.6617,0.3562,0.5077,0.4226,0.3985,0.0083,0.243,0.6495,0.3478,0.4995,0.4123,0.3927,0.2532,0.6609,0.3574,0.51,0.4273,0.4024,0.4708,0.2473,0.3374,0.3355,0.289,0.6331,0.747,0.6871,0.614,0.0831,0.4299,0.2673,0.5621,0.37,0.1126
Hmel218003o,5100001,5150000,5125002,49993,0.01,0.0104,0.0087,0.0228,0.0031,0.0104,0.0077,0.0081,0.0075,0.0102,0.0101,0.0206,0.0261,0.0156,0.0159,0.0209,0.0205,0.0099,0.0205,0.0263,0.0155,0.0157,0.0212,0.0209,0.0201,0.0264,0.0152,0.0154,0.0214,0.021,0.0303,0.0227,0.0227,0.0266,0.0262,0.0258,0.0264,0.0264,0.0261,0.0109,0.0169,0.0165,0.0159,0.0155,0.0077,0.0027,0.04,0.1512,0.6145,0.2222,0.3002,0.4116,0.4178,0.0207,0.141,0.6079,0.21,0.2843,0.409,0.4181,0.1635,0.6497,0.2421,0.3205,0.4523,0.4604,0.4402,0.1899,0.2378,0.3015,0.3054,0.6018,0.6759,0.6657,0.6787,0.0987,0.307,0.3128,0.3524,0.36,-0.0062
Hmel218003o,5125001,5175000,5149744,48776,0.0117,0.0125,0.0118,0.0253,0.0044,0.0092,0.0135,0.0117,0.014,0.0124,0.0163,0.0235,0.0288,0.0254,0.0245,0.0294,0.0287,0.0149,0.0232,0.0293,0.0255,0.0237,0.0294,0.0289,0.0248,0.0304,0.0247,0.0224,0.029,0.0284,0.0328,0.0305,0.0299,0.0335,0.0328,0.0302,0.031,0.0321,0.032,0.0132,0.0199,0.0203,0.0211,0.0215,0.0159,0.0121,0.1714,0.1541,0.5785,0.4333,0.3357,0.4473,0.3967,0.108,0.1365,0.5685,0.419,0.3055,0.434,0.3865,0.1782,0.5945,0.4192,0.2928,0.4399,0.3897,0.4146,0.3126,0.2406,0.318,0.2755,0.6471,0.5682,0.6145,0.5687,0.0798,0.3272,0.2858,0.2669,0.2323,0.1138
Hmel218003o,5150001,5200000,5174268,44086,0.0136,0.0159,0.0157,0.0276,0.0063,0.0118,0.0162,0.016,0.0209,0.0156,0.0226,0.0268,0.0347,0.0335,0.0293,0.0389,0.0382,0.0211,0.0265,0.0357,0.034,0.0297,0.0387,0.038,0.0302,0.0383,0.0329,0.0278,0.0366,0.0359,0.0381,0.0382,0.0361,0.0413,0.0406,0.0393,0.0387,0.0415,0.0415,0.0163,0.0257,0.0273,0.0287,0.0292,0.0245,0.0298,0.2252,0.163,0.5703,0.4666,0.3404,0.4654,0.3941,0.1536,0.1262,0.5419,0.4378,0.3132,0.4323,0.3629,0.1921,0.5695,0.4272,0.2845,0.4109,0.34,0.4185,0.3488,0.269,0.3324,0.2697,0.64,0.5649,0.5915,0.5226,0.0823,0.3113,0.2643,0.2948,0.235,0.1494
Hmel218003o,5175001,5225000,5200982,42779,0.0183,0.0208,0.0187,0.0278,0.0075,0.023,0.0121,0.0226,0.0219,0.0205,0.0248,0.0315,0.0441,0.0272,0.0222,0.0356,0.0342,0.0254,0.0307,0.0444,0.0277,0.0234,0.0356,0.0347,0.0292,0.044,0.03,0.0265,0.0362,0.0359,0.0449,0.0336,0.0326,0.038,0.0385,0.0451,0.0439,0.0467,0.0456,0.0226,0.0298,0.0297,0.0325,0.0309,0.0231,0.0243,0.1533,0.1771,0.5628,0.1438,0.1972,0.283,0.2716,0.1328,0.1341,0.5325,0.1242,0.185,0.2547,0.2498,0.1347,0.5567,0.1907,0.2784,0.2866,0.2902,0.4653,0.1525,0.2736,0.2171,0.2308,0.5106,0.6494,0.5285,0.5278,0.134,0.1406,0.1464,0.3185,0.3038,0.0197
Hmel218003o,5200001,5250000,5224859,44930,0.0168,0.0189,0.0171,0.028,0.0076,0.0198,0.014,0.0228,0.0222,0.0184,0.0208,0.0286,0.0429,0.0254,0.022,0.0343,0.0336,0.0215,0.0286,0.0428,0.0268,0.0232,0.0349,0.0344,0.0274,0.0424,0.0286,0.0246,0.0357,0.0357,0.0449,0.0324,0.0313,0.0373,0.0378,0.0425,0.0426,0.0442,0.0442,0.0214,0.0278,0.0274,0.0297,0.029,0.023,0.0177,0.1083,0.1473,0.5732,0.1715,0.1843,0.2805,0.2776,0.0955,0.1207,0.544,0.1705,0.1801,0.2649,0.2645,0.122,0.5651,0.2276,0.2355,0.2961,0.3036,0.4622,0.1709,0.2263,0.2045,0.2174,0.5296,0.6113,0.5054,0.5118,0.1252,0.1397,0.1405,0.2463,0.2422,0.0116
Hmel218003o,5225001,5275000,5250267,44266,0.0193,0.0217,0.019,0.0282,0.0068,0.0199,0.0187,0.0227,0.0237,0.0214,0.0239,0.0321,0.0423,0.0306,0.0297,0.0368,0.0373,0.0223,0.0308,0.042,0.0314,0.0303,0.0366,0.037,0.0302,0.0425,0.0306,0.0281,0.0362,0.0366,0.0442,0.0351,0.0351,0.0384,0.0391,0.0421,0.0422,0.0424,0.0424,0.0228,0.0283,0.0286,0.0297,0.0299,0.0244,0.0243,0.1176,0.1705,0.544,0.2299,0.2322,0.2862,0.2811,0.0475,0.1201,0.5092,0.2133,0.2108,0.2568,0.2508,0.1444,0.55,0.2335,0.2084,0.2813,0.2755,0.464,0.2067,0.2209,0.2177,0.215,0.5343,0.552,0.4992,0.4863,0.0897,0.1494,0.143,0.1888,0.1795,0.0253
Hmel218003o,5250001,5300000,5274414,41673,0.02,0.0233,0.0206,0.0284,0.0068,0.0207,0.0167,0.0218,0.0231,0.023,0.0298,0.036,0.0418,0.0344,0.0353,0.0377,0.0379,0.0263,0.0337,0.0418,0.0347,0.0351,0.0373,0.0374,0.0328,0.0418,0.0335,0.0332,0.0364,0.0365,0.0435,0.0373,0.038,0.0383,0.0388,0.0419,0.042,0.0411,0.0407,0.0219,0.0279,0.028,0.0289,0.0287,0.0237,0.0326,0.1993,0.2155,0.5309,0.2692,0.3294,0.3008,0.2882,0.0939,0.1451,0.4864,0.2353,0.2862,0.2593,0.2462,0.1616,0.522,0.2483,0.2931,0.2764,0.2631,0.4555,0.224,0.2792,0.225,0.2172,0.522,0.5788,0.5008,0.4796,0.0834,0.1428,0.1288,0.2103,0.1912,0.0304
Hmel218003o,5275001,5325000,5300683,44836,0.0184,0.0213,0.0196,0.0276,0.0079,0.0233,0.0177,0.0216,0.0215,0.021,0.0258,0.0315,0.0405,0.0343,0.0319,0.039,0.0379,0.0246,0.0311,0.0409,0.0356,0.0329,0.04,0.0392,0.0306,0.0403,0.0346,0.0318,0.0386,0.0379,0.0419,0.0375,0.0373,0.04,0.0399,0.0412,0.0426,0.041,0.0409,0.0236,0.0283,0.0277,0.0309,0.0301,0.0222,0.03,0.1597,0.177,0.5245,0.2546,0.2893,0.3361,0.324,0.0973,0.1343,0.4891,0.2405,0.2673,0.3153,0.3066,0.1486,0.5062,0.2455,0.273,0.318,0.3106,0.4358,0.204,0.2664,0.2552,0.2541,0.4655,0.5534,0.487,0.4867,0.0737,0.1227,0.1107,0.2337,0.2223,0.0158
Hmel218003o,5300001,5350000,5325000,49936,0.0192,0.0222,0.021,0.026,0.009,0.0241,0.0184,0.0214,0.0212,0.0215,0.0233,0.0301,0.0401,0.0332,0.0301,0.0378,0.0374,0.0228,0.0301,0.0408,0.0345,0.0311,0.0385,0.0383,0.0305,0.0408,0.0339,0.03,0.038,0.0379,0.0405,0.0358,0.0356,0.0397,0.0401,0.0391,0.0411,0.0392,0.0396,0.0243,0.0279,0.028,0.031,0.031,0.0214,0.0201,0.0774,0.1595,0.4956,0.2222,0.2412,0.3136,0.3116,0.0289,0.1218,0.4632,0.2077,0.2203,0.2899,0.2896,0.1437,0.4792,0.2116,0.2179,0.2974,0.2983,0.426,0.1861,0.2507,0.2662,0.2735,0.4222,0.5159,0.4573,0.4642,0.0716,0.1072,0.1124,0.2277,0.2306,0.0022
Hmel218003o,5325001,5375000,5349634,47580,0.0156,0.0224,0.02,0.026,0.0093,0.0227,0.0159,0.0209,0.0203,0.0213,0.0232,0.0305,0.041,0.0295,0.0281,0.0357,0.0365,0.0226,0.0298,0.0419,0.0308,0.0292,0.0358,0.0362,0.0304,0.0422,0.0311,0.0278,0.0365,0.037,0.0415,0.0332,0.0329,0.0376,0.0383,0.0386,0.0396,0.0391,0.0389,0.0246,0.0272,0.0276,0.03,0.0306,0.0202,0.0606,0.1395,0.2138,0.5496,0.2239,0.2944,0.3377,0.355,0.0351,0.1143,0.4671,0.1642,0.2184,0.259,0.271,0.1556,0.5,0.1953,0.2254,0.2952,0.3082,0.4311,0.1661,0.2449,0.247,0.2627,0.4295,0.5326,0.4586,0.4638,0.1268,0.1172,0.1324,0.2514,0.2686,-0.0092
Hmel218003o,5350001,5400000,5374551,44868,0.0152,0.0221,0.0163,0.027,0.007,0.0258,0.0147,0.0237,0.0232,0.0207,0.0259,0.0309,0.0433,0.0292,0.031,0.0383,0.0388,0.0252,0.0294,0.043,0.0296,0.031,0.0382,0.0386,0.0281,0.0432,0.03,0.0267,0.0388,0.0394,0.0434,0.0334,0.032,0.0387,0.0391,0.0424,0.043,0.0435,0.0427,0.0301,0.0315,0.0316,0.0358,0.0361,0.0237,0.0543,0.2568,0.2145,0.6064,0.1854,0.3647,0.3402,0.3524,0.143,0.1024,0.5091,0.1109,0.2663,0.2612,0.273,0.1562,0.5912,0.1853,0.2782,0.3344,0.3472,0.467,0.1234,0.2379,0.2199,0.2314,0.4579,0.612,0.4936,0.4931,0.2069,0.1275,0.1342,0.3149,0.3267,0.0061
Hmel218003o,5375001,5425000,5400120,45985,0.0214,0.024,0.0227,0.0276,0.012,0.0275,0.0199,0.0255,0.0254,0.0229,0.0282,0.0313,0.0441,0.031,0.0331,0.0389,0.0388,0.0278,0.0311,0.0438,0.0309,0.0333,0.0394,0.0393,0.0304,0.0451,0.0312,0.0304,0.04,0.04,0.0435,0.0345,0.0339,0.0389,0.0391,0.0432,0.0448,0.0449,0.044,0.0289,0.0336,0.0337,0.0359,0.0358,0.0254,0.0055,0.1307,0.1375,0.4661,0.1255,0.2439,0.2601,0.2603,0.0927,0.1033,0.4336,0.0964,0.2162,0.2401,0.24,0.1084,0.4603,0.1154,0.1865,0.2612,0.2612,0.4014,0.1174,0.1953,0.1992,0.2027,0.3872,0.4911,0.4271,0.419,0.1047,0.1249,0.1268,0.2374,0.2369,-0.0001
Hmel218003o,5400001,5450000,5425164,47649,0.0266,0.0271,0.031,0.0278,0.0134,0.0291,0.0267,0.0268,0.0262,0.027,0.0302,0.0321,0.0446,0.0318,0.0344,0.0394,0.0392,0.0298,0.0324,0.0456,0.0319,0.0351,0.0404,0.0401,0.0344,0.0473,0.0331,0.0353,0.0417,0.0413,0.0446,0.035,0.0365,0.0387,0.0385,0.044,0.0466,0.0455,0.0445,0.0294,0.0348,0.0345,0.0351,0.0345,0.0255,0.0018,0.0248,0.0874,0.3958,0.0708,0.1336,0.2019,0.2061,0.013,0.0874,0.3996,0.0663,0.1391,0.2101,0.212,0.0755,0.3754,0.0516,0.1059,0.1916,0.192,0.3929,0.1057,0.1514,0.1815,0.1854,0.3636,0.414,0.4028,0.4004,0.0286,0.1159,0.1176,0.1427,0.1405,-0.0189
Hmel218003o,5425001,5475000,5449971,48289,0.0261,0.0261,0.0289,0.0262,0.0087,0.026,0.024,0.0258,0.0254,0.0259,0.0282,0.0322,0.0431,0.0316,0.0348,0.0377,0.0376,0.0279,0.0326,0.0433,0.032,0.0357,0.0385,0.0385,0.0331,0.0453,0.0328,0.0353,0.0393,0.0393,0.0433,0.0346,0.037,0.0377,0.0379,0.042,0.0446,0.0432,0.0427,0.0269,0.0323,0.032,0.0333,0.0328,0.0246,-0.0028,0.0133,0.1091,0.4409,0.102,0.1725,0.1949,0.1971,0.0078,0.1147,0.4425,0.1088,0.1844,0.2049,0.2085,0.0913,0.429,0.094,0.1511,0.1899,0.1935,0.4533,0.146,0.201,0.1908,0.1976,0.4307,0.4788,0.445,0.4444,0.0376,0.1159,0.1156,0.1527,0.1487,-0.0205
Hmel218003o,5450001,5500000,5473730,45580,0.0231,0.0258,0.0272,0.0283,0.007,0.0211,0.019,0.0249,0.026,0.024,0.0261,0.0333,0.0424,0.0325,0.0343,0.0369,0.0368,0.0269,0.0344,0.0433,0.0339,0.036,0.0378,0.038,0.0332,0.0445,0.0326,0.0342,0.0372,0.0376,0.0443,0.0354,0.0385,0.0381,0.0387,0.0421,0.0438,0.0433,0.044,0.0222,0.0291,0.0293,0.031,0.0311,0.0251,-0.0088,0.0189,0.1433,0.4921,0.202,0.2515,0.2223,0.2105,0.0086,0.1284,0.4667,0.1927,0.2451,0.2077,0.1996,0.0946,0.4598,0.1579,0.204,0.1857,0.1804,0.4614,0.1955,0.2594,0.1886,0.1855,0.5157,0.5581,0.4772,0.4705,0.0552,0.124,0.1166,0.1808,0.1697,-0.0079
Hmel218003o,5475001,5525000,5500374,45757,0.0237,0.0291,0.0294,0.0258,0.006,0.0225,0.0179,0.0254,0.0263,0.0262,0.0278,0.0327,0.0447,0.0343,0.0353,0.0382,0.0378,0.0288,0.033,0.0466,0.0357,0.036,0.0393,0.0391,0.0328,0.0475,0.0347,0.0355,0.039,0.0389,0.0452,0.0336,0.036,0.0371,0.0373,0.0453,0.0464,0.0451,0.0463,0.0225,0.0287,0.0292,0.0298,0.03,0.0256,-0.0042,0.0247,0.1474,0.5177,0.2045,0.2711,0.2283,0.2147,-0.0068,0.0903,0.4693,0.1693,0.2214,0.1906,0.1804,0.0836,0.4732,0.1522,0.2103,0.1837,0.1746,0.5086,0.1753,0.2645,0.1906,0.1839,0.5373,0.6055,0.4992,0.4983,0.0573,0.0956,0.0936,0.1664,0.1587,-0.0051
Hmel218003o,5500001,5550000,5525004,49380,0.0235,0.0293,0.0268,0.0236,0.0075,0.0248,0.0187,0.0243,0.0255,0.0268,0.0278,0.0322,0.0444,0.0331,0.0328,0.0386,0.0389,0.028,0.0325,0.0455,0.0346,0.0332,0.0395,0.0396,0.0325,0.0468,0.0355,0.0323,0.0402,0.0399,0.0451,0.0355,0.0339,0.0381,0.0385,0.0451,0.0451,0.0446,0.0453,0.025,0.029,0.03,0.0312,0.0313,0.0247,0.0071,0.0532,0.1615,0.4979,0.1643,0.2288,0.2471,0.2391,-0.0003,0.0975,0.4394,0.1295,0.1698,0.2017,0.1926,0.1257,0.4791,0.1671,0.1828,0.2344,0.2189,0.5116,0.1932,0.2469,0.2346,0.2262,0.488,0.5659,0.4904,0.482,0.0742,0.088,0.0924,0.1943,0.1821,-0.0049
Hmel218003o,5525001,5575000,5548412,42995,0.0221,0.0263,0.0238,0.026,0.0088,0.0244,0.0186,0.0234,0.025,0.0248,0.0259,0.0328,0.041,0.0312,0.0323,0.0382,0.0387,0.0258,0.0332,0.0421,0.0328,0.0335,0.039,0.0392,0.0333,0.0425,0.0341,0.0315,0.0394,0.0392,0.044,0.0371,0.0357,0.0401,0.0404,0.0414,0.0433,0.0428,0.0433,0.0263,0.0292,0.0301,0.0314,0.0315,0.0241,0.0118,0.0646,0.1659,0.469,0.1547,0.2385,0.2666,0.2553,0.0152,0.1234,0.4268,0.1354,0.2073,0.2334,0.2187,0.1539,0.463,0.1814,0.2066,0.2645,0.245,0.4615,0.2,0.2493,0.2498,0.2349,0.4437,0.5361,0.4702,0.4546,0.1066,0.1062,0.1042,0.2095,0.1914,-0.0033
Hmel218003o,5550001,5600000,5577306,43045,0.02,0.0207,0.0194,0.0255,0.0068,0.0204,0.0167,0.0202,0.0217,0.0214,0.0213,0.0302,0.0389,0.0273,0.0289,0.035,0.0354,0.0206,0.0296,0.0391,0.0286,0.0302,0.0359,0.0361,0.0299,0.0392,0.0284,0.0299,0.0359,0.0363,0.0415,0.0334,0.0337,0.037,0.0373,0.0389,0.0404,0.0396,0.0393,0.0232,0.0276,0.0277,0.0284,0.0285,0.0211,0.0288,0.0435,0.157,0.5044,0.1586,0.2355,0.2838,0.2713,0.0155,0.1373,0.4965,0.1726,0.2484,0.2874,0.2727,0.1587,0.5161,0.1861,0.261,0.3028,0.2905,0.4702,0.2009,0.2524,0.2527,0.238,0.4972,0.5658,0.5079,0.4839,0.1176,0.1609,0.1444,0.2242,0.2062,0.0055
Hmel218003o,5575001,5625000,5599999,49780,0.0152,0.016,0.0185,0.0232,0.0077,0.0181,0.0171,0.016,0.0175,0.0166,0.0183,0.0277,0.0345,0.0291,0.0249,0.0355,0.0354,0.0174,0.0261,0.0343,0.0294,0.0251,0.0355,0.0354,0.0274,0.0346,0.0289,0.0256,0.0345,0.0344,0.0364,0.0328,0.0323,0.0372,0.037,0.0366,0.0361,0.0368,0.0363,0.023,0.0251,0.0249,0.027,0.0266,0.0172,0.0341,0.0425,0.2042,0.5188,0.2856,0.2243,0.4066,0.3841,0.0026,0.1624,0.5021,0.2779,0.2158,0.3941,0.3725,0.1495,0.466,0.2353,0.1897,0.3475,0.3264,0.4342,0.2428,0.2497,0.329,0.3077,0.4948,0.5057,0.5297,0.5019,0.1393,0.2011,0.1753,0.2531,0.2227,0.016
Hmel218003o,5600001,5650000,5624998,49836,0.0167,0.0192,0.0211,0.0266,0.0072,0.0168,0.0178,0.0145,0.0166,0.0189,0.0196,0.0309,0.0345,0.033,0.0274,0.0366,0.0364,0.0203,0.0291,0.0344,0.0326,0.0269,0.0361,0.0362,0.0308,0.0346,0.0323,0.027,0.0343,0.0344,0.0375,0.0367,0.0359,0.0399,0.0397,0.0356,0.0362,0.0358,0.0358,0.0227,0.0243,0.0244,0.0265,0.0261,0.0166,0.0257,0.0201,0.1992,0.5009,0.3404,0.2394,0.4173,0.3879,0.0045,0.1371,0.4608,0.3014,0.1947,0.3777,0.3526,0.1431,0.4355,0.2727,0.1713,0.3309,0.3059,0.4115,0.2789,0.2569,0.3439,0.3176,0.5112,0.5024,0.5501,0.5178,0.1426,0.2261,0.1984,0.254,0.2174,0.0354
Hmel218003o,5625001,5675000,5649873,49302,0.0181,0.0196,0.0176,0.0262,0.0042,0.0137,0.0112,0.0129,0.015,0.0192,0.0181,0.0303,0.0331,0.0253,0.0256,0.0325,0.0327,0.0187,0.0295,0.0334,0.0255,0.0257,0.0328,0.0329,0.0308,0.0329,0.024,0.0237,0.0316,0.0319,0.0369,0.0339,0.0339,0.033,0.0331,0.0314,0.0326,0.0328,0.0328,0.0171,0.0239,0.0245,0.0238,0.0238,0.015,0.01,0.0087,0.1745,0.5124,0.2393,0.2833,0.3679,0.3426,0.004,0.1433,0.4917,0.2203,0.2628,0.3528,0.3264,0.191,0.5199,0.222,0.2556,0.3645,0.3384,0.4528,0.2858,0.3185,0.2842,0.2575,0.5716,0.6329,0.6022,0.5641,0.1657,0.2979,0.2743,0.3412,0.3035,0.0399
Hmel218003o,5650001,5700000,5675178,49343,0.0105,0.0104,0.0085,0.0208,0.0024,0.0086,0.0032,0.0079,0.0094,0.0103,0.0098,0.0268,0.0257,0.0207,0.0241,0.028,0.0281,0.0093,0.0269,0.0256,0.0211,0.0245,0.0284,0.0282,0.028,0.0253,0.0202,0.0233,0.0283,0.0281,0.033,0.0258,0.0258,0.0239,0.0239,0.0274,0.0288,0.0295,0.0297,0.009,0.0169,0.0177,0.0142,0.0149,0.0093,-0.0106,0.0136,0.2902,0.6133,0.3839,0.5715,0.5201,0.4933,-0.0077,0.2929,0.6151,0.395,0.5798,0.5279,0.4964,0.3435,0.6612,0.4223,0.6131,0.566,0.5332,0.5129,0.3074,0.404,0.2842,0.2576,0.6815,0.8316,0.7158,0.684,0.2201,0.36,0.3422,0.4512,0.4207,0.0399
Hmel218003o,5675001,5725000,5700003,49973,0.0106,0.0114,0.0079,0.0204,0.0031,0.0085,0.0059,0.0096,0.0105,0.0112,0.0103,0.024,0.0234,0.0256,0.0281,0.0294,0.0297,0.0096,0.0239,0.0234,0.0263,0.0282,0.0304,0.0306,0.0236,0.0233,0.0268,0.0282,0.0312,0.0313,0.0299,0.0271,0.0264,0.0281,0.0284,0.0301,0.0314,0.0325,0.0329,0.0086,0.015,0.0156,0.0142,0.0149,0.0106,0.013,0.0573,0.2451,0.5636,0.4729,0.5615,0.5049,0.4932,-0.0026,0.2287,0.5439,0.4661,0.5459,0.5018,0.4886,0.2854,0.6324,0.5467,0.6204,0.5769,0.5614,0.4711,0.3336,0.3702,0.3321,0.3209,0.6895,0.7602,0.686,0.6719,0.0887,0.2575,0.2534,0.306,0.3014,0.0254
Hmel218003o,5700001,5750000,5724955,49822,0.0144,0.0165,0.0131,0.0204,0.0047,0.0134,0.0143,0.0136,0.0138,0.0159,0.0155,0.0211,0.0239,0.0237,0.0235,0.0272,0.0273,0.0151,0.0204,0.024,0.0242,0.0237,0.028,0.0283,0.02,0.0241,0.0248,0.0228,0.0286,0.0287,0.0258,0.0268,0.0268,0.0292,0.0294,0.0279,0.029,0.0297,0.03,0.0158,0.0183,0.0183,0.0215,0.0212,0.0137,0.0159,0.0617,0.1163,0.4456,0.2726,0.2537,0.3349,0.3337,0.0123,0.0643,0.4026,0.2482,0.2241,0.3158,0.3163,0.1128,0.4762,0.3174,0.2615,0.3789,0.3773,0.384,0.2482,0.2348,0.2852,0.2851,0.527,0.5234,0.5456,0.5457,0.0696,0.1611,0.156,0.2246,0.2141,0.0016
Hmel218003o,5725001,5775000,5749804,48344,0.0165,0.0185,0.0172,0.0216,0.0047,0.0165,0.0164,0.0153,0.0154,0.018,0.0176,0.0223,0.0259,0.0205,0.0216,0.0245,0.0246,0.0179,0.0212,0.0252,0.0208,0.0217,0.024,0.0243,0.0217,0.0261,0.0214,0.0215,0.0248,0.025,0.0263,0.0237,0.0246,0.0254,0.0255,0.0255,0.0274,0.0255,0.0259,0.0196,0.0202,0.0202,0.0222,0.0225,0.0152,0.0147,0.024,0.0953,0.4357,0.1151,0.1422,0.2234,0.2237,0.0037,0.0382,0.3846,0.091,0.1152,0.1828,0.1876,0.0714,0.4259,0.1259,0.1297,0.2192,0.2223,0.3735,0.1258,0.1443,0.1776,0.178,0.429,0.4595,0.4516,0.4579,0.0936,0.1269,0.1254,0.1749,0.1809,-0.005
Hmel218003o,5750001,5800000,5775528,48509,0.0137,0.0165,0.016,0.0205,0.0037,0.0127,0.0119,0.0149,0.0156,0.0159,0.0154,0.0205,0.0243,0.0172,0.0201,0.0228,0.023,0.0158,0.0199,0.0238,0.0176,0.02,0.023,0.0231,0.0198,0.0244,0.0175,0.0201,0.0234,0.0236,0.0253,0.0215,0.0231,0.0247,0.0249,0.0233,0.0252,0.024,0.0246,0.0156,0.0198,0.02,0.0205,0.021,0.0154,0.0282,0.018,0.11,0.4892,0.1397,0.2344,0.2407,0.2337,-0.0138,0.0504,0.4217,0.0997,0.1811,0.1995,0.1914,0.0556,0.4423,0.107,0.1911,0.2153,0.2083,0.3939,0.1536,0.2005,0.1832,0.1752,0.4973,0.5452,0.4594,0.4537,0.1244,0.1886,0.1811,0.2216,0.2189,0.0067
Hmel218003o,5775001,5825000,5799996,49984,0.011,0.0134,0.0126,0.0181,0.0036,0.0093,0.0082,0.0124,0.0128,0.0126,0.0122,0.0172,0.0216,0.0131,0.0145,0.0181,0.0178,0.0126,0.0172,0.0217,0.0136,0.0149,0.0187,0.0186,0.0169,0.0218,0.0135,0.015,0.0187,0.0186,0.0233,0.0177,0.019,0.0209,0.0208,0.0205,0.0218,0.0211,0.0214,0.0109,0.0164,0.0161,0.0174,0.0171,0.0128,0.0181,0.019,0.1085,0.5095,0.1351,0.2167,0.2263,0.2096,-0.0181,0.0623,0.4525,0.0965,0.1708,0.1956,0.1822,0.066,0.4731,0.1096,0.1922,0.2078,0.1981,0.401,0.1563,0.2172,0.177,0.1651,0.5353,0.5908,0.4661,0.4612,0.1148,0.2133,0.193,0.2701,0.2507,0.0085
Hmel218003o,5800001,5850000,5825000,49982,0.0122,0.014,0.0131,0.0192,0.0041,0.0103,0.0072,0.0111,0.0107,0.0131,0.013,0.0178,0.0214,0.0133,0.0134,0.0175,0.017,0.0132,0.018,0.0219,0.0139,0.014,0.0181,0.0179,0.0178,0.0221,0.0136,0.0138,0.018,0.0177,0.0234,0.0183,0.0186,0.0209,0.0204,0.0215,0.0226,0.0203,0.0204,0.0112,0.0169,0.0166,0.0174,0.0171,0.011,0.0016,0.0156,0.0864,0.4643,0.0869,0.1717,0.2118,0.2042,-0.0131,0.0576,0.4304,0.0705,0.1465,0.1919,0.1933,0.0689,0.4552,0.0775,0.1622,0.2089,0.2067,0.3739,0.1363,0.2102,0.1846,0.1817,0.5133,0.616,0.4709,0.4838,0.1295,0.2367,0.2341,0.3265,0.327,0.0041
Hmel218003o,5825001,5875000,5850002,49990,0.0132,0.0146,0.0144,0.0207,0.0036,0.0099,0.0083,0.0121,0.0121,0.0145,0.0145,0.0195,0.0226,0.0143,0.014,0.0193,0.0191,0.0144,0.0195,0.0229,0.0151,0.0145,0.0198,0.0199,0.0194,0.0232,0.0141,0.0135,0.0198,0.0195,0.025,0.0203,0.0198,0.0225,0.0224,0.0231,0.0235,0.022,0.0219,0.0114,0.0191,0.019,0.0192,0.019,0.0121,0.022,0.0243,0.0943,0.4737,0.1128,0.1401,0.217,0.2135,-0.0044,0.0706,0.4478,0.1104,0.1257,0.203,0.2069,0.0699,0.4571,0.0783,0.0924,0.2081,0.203,0.3879,0.1739,0.194,0.1821,0.1811,0.5645,0.6129,0.4889,0.4899,0.1191,0.2797,0.2806,0.3198,0.3164,-0.0004
Hmel218003o,5850001,5900000,5873855,47026,0.0145,0.0144,0.016,0.0196,0.0037,0.0103,0.0111,0.0134,0.0139,0.0156,0.0159,0.0203,0.0237,0.0153,0.0153,0.0199,0.0198,0.0152,0.0197,0.0236,0.016,0.0158,0.0204,0.0206,0.0203,0.0237,0.0151,0.0148,0.0206,0.0206,0.026,0.0207,0.0211,0.023,0.023,0.0231,0.0238,0.0241,0.0237,0.012,0.0181,0.0177,0.0193,0.0191,0.0137,0.0399,0.0215,0.1028,0.4596,0.1088,0.0942,0.1855,0.1743,0.0008,0.0921,0.4606,0.1358,0.114,0.2007,0.1949,0.0778,0.428,0.0737,0.0465,0.1755,0.1683,0.4172,0.1902,0.1847,0.1839,0.1767,0.5493,0.5391,0.4911,0.4736,0.0595,0.2172,0.1962,0.2328,0.2187,0.0017
Hmel218003o,5875001,5925000,5900432,47024,0.015,0.0145,0.015,0.0195,0.005,0.0146,0.013,0.0147,0.0145,0.0154,0.0156,0.0202,0.0247,0.0168,0.0164,0.0216,0.0215,0.0149,0.0193,0.0249,0.017,0.0164,0.0224,0.0224,0.02,0.025,0.0163,0.0153,0.0223,0.0222,0.0262,0.0212,0.0214,0.0247,0.0246,0.0245,0.0255,0.0254,0.0248,0.0159,0.0195,0.0191,0.0219,0.0218,0.015,0.025,0.0201,0.0952,0.4395,0.066,0.0855,0.1956,0.197,0.0057,0.0813,0.4532,0.0814,0.0943,0.2209,0.2252,0.09,0.4437,0.0523,0.0493,0.2113,0.2131,0.3978,0.1247,0.1589,0.1976,0.1988,0.4431,0.4952,0.4553,0.4512,0.0752,0.1486,0.1416,0.2353,0.2386,0.0119
Hmel218003o,5900001,5950000,5924997,49977,0.0176,0.0187,0.0179,0.0217,0.0055,0.0161,0.0163,0.0171,0.0171,0.0185,0.0179,0.0218,0.0293,0.0199,0.0196,0.0253,0.0259,0.0182,0.0214,0.0301,0.0204,0.0199,0.026,0.0266,0.0216,0.0301,0.0196,0.019,0.026,0.0264,0.0298,0.023,0.0232,0.027,0.027,0.0294,0.0305,0.0292,0.0293,0.0185,0.023,0.0236,0.0248,0.0256,0.0177,0.0092,0.0041,0.0634,0.4495,0.0885,0.0753,0.1956,0.2068,-0.0034,0.0388,0.4421,0.0841,0.0684,0.1948,0.2066,0.0531,0.4551,0.0744,0.0546,0.2047,0.2126,0.4072,0.1141,0.1154,0.1784,0.179,0.4782,0.4896,0.4574,0.4582,0.0707,0.1705,0.1827,0.2049,0.2202,0.0191
Hmel218003o,5925001,5975000,5949981,49908,0.0203,0.0225,0.022,0.0234,0.0058,0.0177,0.0191,0.0189,0.0194,0.0221,0.0214,0.0242,0.0321,0.0216,0.022,0.0271,0.0277,0.0222,0.0244,0.0326,0.0229,0.0236,0.0281,0.0284,0.0245,0.0326,0.0225,0.023,0.0282,0.0286,0.032,0.025,0.0257,0.0285,0.0285,0.0312,0.0329,0.0308,0.0312,0.0205,0.0251,0.0256,0.0263,0.0271,0.0195,0.0171,0.008,0.0616,0.4394,0.0686,0.0593,0.1714,0.1756,-0.0012,0.0334,0.4102,0.0694,0.0649,0.1591,0.1588,0.0429,0.4181,0.0658,0.0593,0.1686,0.1702,0.4091,0.1136,0.1076,0.1621,0.1551,0.4699,0.467,0.4452,0.4421,0.0562,0.1647,0.1699,0.1697,0.1786,0.0094
Hmel218003o,5950001,6000000,5974714,48183,0.0193,0.0213,0.0213,0.0235,0.0062,0.0204,0.0197,0.0198,0.0206,0.0213,0.021,0.0241,0.0317,0.0218,0.0217,0.0285,0.0283,0.0215,0.0239,0.032,0.0229,0.0229,0.0294,0.0289,0.0242,0.0321,0.0226,0.0226,0.0295,0.0293,0.0315,0.0255,0.0256,0.0292,0.0289,0.0303,0.0323,0.0306,0.0309,0.0219,0.0258,0.0259,0.0279,0.0278,0.0201,0.0251,0.0186,0.0721,0.4421,0.0498,0.0577,0.1962,0.1816,0.0046,0.0396,0.4135,0.0488,0.0595,0.1859,0.1682,0.0463,0.4158,0.0435,0.0522,0.1887,0.1749,0.3949,0.085,0.0978,0.1614,0.145,0.4046,0.443,0.4194,0.409,0.0465,0.1327,0.1229,0.1807,0.1689,-0.0028
Hmel218003o,5975001,6025000,6000587,48124,0.02,0.0219,0.0221,0.0233,0.0082,0.0198,0.0204,0.0186,0.0199,0.0211,0.0212,0.024,0.0314,0.0234,0.0227,0.0296,0.0294,0.0219,0.0239,0.0327,0.0244,0.0241,0.0311,0.0307,0.0247,0.0328,0.024,0.0235,0.0309,0.0304,0.0314,0.0264,0.0265,0.0298,0.0292,0.0304,0.0322,0.0306,0.031,0.0227,0.0251,0.0251,0.0291,0.0286,0.0194,0.0022,0.0041,0.0617,0.3944,0.086,0.0624,0.221,0.201,-0.0023,0.0322,0.3836,0.083,0.0678,0.2221,0.1994,0.046,0.3828,0.0724,0.0532,0.2168,0.193,0.363,0.1116,0.1062,0.1885,0.1606,0.384,0.3989,0.4059,0.3902,0.0632,0.1398,0.1224,0.2078,0.1822,0.0039
Hmel218003o,6000001,6050000,6025050,49867,0.02,0.0221,0.0224,0.023,0.0084,0.0164,0.0188,0.0185,0.0188,0.0212,0.0215,0.0239,0.0297,0.022,0.0229,0.0279,0.0282,0.0221,0.024,0.0304,0.0232,0.0238,0.029,0.0289,0.0244,0.0307,0.0232,0.0233,0.0288,0.0286,0.0299,0.0253,0.026,0.0289,0.0284,0.0288,0.0298,0.0294,0.0297,0.0218,0.0246,0.0246,0.0276,0.027,0.019,0.0031,0.0071,0.0619,0.3673,0.0992,0.0879,0.1922,0.1939,-0.0035,0.0346,0.3443,0.098,0.0795,0.1856,0.1811,0.0404,0.3457,0.0945,0.0666,0.1788,0.173,0.3431,0.144,0.1213,0.1778,0.167,0.4123,0.3874,0.3856,0.3861,0.1126,0.1778,0.1756,0.203,0.1899,0.0091
Hmel218003o,6025001,6075000,6048167,45447,0.0187,0.0201,0.0205,0.022,0.0068,0.0151,0.0167,0.019,0.0183,0.0202,0.0204,0.0229,0.029,0.0203,0.0217,0.026,0.026,0.0203,0.0227,0.029,0.021,0.0211,0.0264,0.0264,0.023,0.0294,0.0214,0.0213,0.0267,0.0266,0.029,0.0237,0.0242,0.0274,0.0273,0.0279,0.0288,0.0288,0.0287,0.02,0.024,0.024,0.0253,0.0248,0.0191,0.021,0.0203,0.0702,0.405,0.0968,0.1072,0.1692,0.1786,-0.0004,0.0452,0.3811,0.0936,0.0718,0.1583,0.1669,0.0458,0.3805,0.0984,0.0707,0.1586,0.1647,0.3706,0.1424,0.1278,0.1544,0.1633,0.4513,0.4355,0.3954,0.4057,0.1202,0.1784,0.1894,0.1809,0.1806,0.0126
Hmel218003o,6050001,6100000,6075380,43609,0.0195,0.0194,0.0201,0.0207,0.0063,0.0164,0.0173,0.0179,0.0188,0.0207,0.021,0.0238,0.0301,0.0208,0.0211,0.0257,0.0251,0.0195,0.0219,0.0311,0.0211,0.0198,0.027,0.0263,0.023,0.0308,0.0209,0.0204,0.027,0.0263,0.0306,0.0241,0.0237,0.0276,0.0275,0.028,0.0303,0.0288,0.0281,0.0188,0.0234,0.0226,0.0253,0.0246,0.0186,0.0326,0.0304,0.0917,0.4167,0.08,0.0748,0.166,0.1424,-0.0071,0.0483,0.4313,0.0865,0.0414,0.1926,0.1677,0.0631,0.4155,0.0712,0.0456,0.1832,0.1576,0.4196,0.1453,0.1229,0.1894,0.1746,0.4402,0.4576,0.4247,0.3991,0.0581,0.1623,0.1323,0.1889,0.1619,0.0068
Hmel218003o,6075001,6125000,6100141,46768,0.0201,0.0207,0.0211,0.02,0.0068,0.0167,0.0186,0.0183,0.0198,0.0212,0.0213,0.0235,0.0298,0.0216,0.022,0.0267,0.027,0.0205,0.0225,0.0309,0.022,0.0213,0.0284,0.0285,0.0229,0.0305,0.0218,0.0216,0.0277,0.0282,0.0304,0.024,0.0239,0.0284,0.0285,0.0283,0.0306,0.0293,0.0291,0.0193,0.0239,0.0241,0.026,0.0264,0.0192,0.0214,0.0186,0.0836,0.3942,0.0872,0.0681,0.1718,0.1591,-0.0098,0.0512,0.3997,0.0877,0.0434,0.1954,0.1792,0.0545,0.3873,0.0752,0.0462,0.1772,0.1683,0.418,0.1476,0.1145,0.2048,0.1845,0.4293,0.4289,0.4158,0.3872,0.0478,0.1637,0.1465,0.1785,0.1673,0.003
Hmel218003o,6100001,6150000,6125108,46128,0.0202,0.0218,0.0223,0.0201,0.0075,0.0182,0.0189,0.0191,0.0213,0.0213,0.0215,0.0231,0.0307,0.0222,0.023,0.0285,0.0298,0.0216,0.0236,0.0318,0.0231,0.0233,0.0292,0.0308,0.0234,0.0316,0.0234,0.0236,0.0296,0.0313,0.0309,0.0244,0.0253,0.0295,0.0303,0.0302,0.0321,0.0311,0.0314,0.021,0.0255,0.0266,0.0276,0.0292,0.0206,0.0065,0.0063,0.0706,0.3938,0.0765,0.0861,0.1938,0.1903,-0.0121,0.0573,0.3844,0.0765,0.0718,0.1861,0.1869,0.0456,0.375,0.0768,0.0711,0.1862,0.1893,0.4112,0.1277,0.1371,0.2099,0.1941,0.4185,0.4334,0.4165,0.3869,0.0661,0.164,0.1568,0.1941,0.1952,0.0122
Hmel218003o,6125001,6175000,6151050,45430,0.0213,0.022,0.0225,0.021,0.0076,0.0203,0.0174,0.0198,0.0223,0.0222,0.0226,0.0239,0.0327,0.0232,0.0248,0.0291,0.0304,0.0219,0.0238,0.0333,0.0236,0.0245,0.0296,0.031,0.0238,0.0333,0.0235,0.0247,0.0295,0.0309,0.032,0.025,0.0272,0.0299,0.031,0.0318,0.0342,0.0332,0.0338,0.0224,0.0257,0.0265,0.0275,0.0283,0.0217,0.0153,0.0173,0.0624,0.4026,0.0593,0.1308,0.1824,0.1744,-0.0071,0.0508,0.4005,0.0584,0.115,0.182,0.1767,0.0429,0.3925,0.0498,0.1109,0.1737,0.1684,0.4111,0.1005,0.1849,0.1983,0.1811,0.405,0.4806,0.4317,0.4024,0.092,0.131,0.1142,0.2029,0.1841,0.0155
Hmel218003o,6150001,6200000,6175874,47860,0.0245,0.0246,0.0245,0.0236,0.0059,0.0224,0.0197,0.0199,0.0217,0.0255,0.0253,0.0269,0.0343,0.0265,0.0272,0.0299,0.0307,0.0246,0.026,0.0344,0.0259,0.0269,0.0304,0.031,0.0261,0.0344,0.0256,0.0266,0.0296,0.0308,0.0334,0.0276,0.0293,0.0308,0.0315,0.0337,0.0349,0.0338,0.0345,0.024,0.0266,0.0271,0.0279,0.028,0.0212,0.0207,0.0164,0.0556,0.4019,0.0653,0.1099,0.157,0.1492,0.0012,0.0376,0.4008,0.0515,0.1009,0.1632,0.1525,0.0403,0.4018,0.0457,0.0964,0.1518,0.1498,0.4204,0.096,0.1621,0.1858,0.172,0.4243,0.4784,0.4643,0.4437,0.0679,0.1216,0.1087,0.1782,0.1581,0.0096
Hmel218003o,6175001,6225000,6200007,49928,0.0254,0.0263,0.0264,0.0257,0.0058,0.0224,0.0222,0.0206,0.0221,0.0265,0.0261,0.0283,0.0357,0.0265,0.0272,0.0315,0.0319,0.0263,0.0279,0.0356,0.0271,0.0272,0.0316,0.0321,0.0277,0.0357,0.0269,0.0273,0.0319,0.0327,0.0348,0.0289,0.0294,0.0323,0.0329,0.0354,0.0353,0.0346,0.035,0.0253,0.0286,0.0289,0.031,0.0312,0.0219,0.0144,0.004,0.054,0.407,0.0555,0.0713,0.1647,0.1552,-0.0014,0.035,0.3936,0.0574,0.0609,0.1558,0.1493,0.0305,0.3929,0.0525,0.0618,0.1608,0.1572,0.4115,0.1002,0.1126,0.1796,0.1706,0.4455,0.4472,0.4626,0.4458,0.0656,0.1488,0.1384,0.192,0.1787,0.0142
Hmel218003o,6200001,6250000,6224806,49354,0.0204,0.0218,0.0218,0.0236,0.0062,0.019,0.0173,0.0186,0.0191,0.0215,0.0212,0.0248,0.0329,0.0213,0.0224,0.0279,0.028,0.0214,0.0252,0.0329,0.0228,0.0224,0.0286,0.029,0.0248,0.0331,0.0222,0.0222,0.0291,0.0294,0.0325,0.0256,0.0262,0.0301,0.0304,0.0325,0.0329,0.0332,0.0329,0.0208,0.0254,0.0257,0.0275,0.0275,0.0196,0.011,0.0045,0.0702,0.4397,0.0421,0.0918,0.1879,0.1821,-0.0106,0.0577,0.417,0.06,0.0719,0.1805,0.1826,0.0517,0.4215,0.0449,0.0682,0.1905,0.1894,0.4054,0.1055,0.1402,0.1916,0.19,0.4573,0.4897,0.4722,0.4606,0.0728,0.1588,0.1574,0.2214,0.2144,0.0207
Hmel218003o,6225001,6275000,6250100,49269,0.0198,0.0219,0.0216,0.0225,0.0066,0.0196,0.0188,0.0185,0.0194,0.0213,0.0215,0.0257,0.0319,0.0224,0.0228,0.0284,0.028,0.021,0.0257,0.0315,0.0229,0.0233,0.0291,0.0289,0.0254,0.0318,0.0225,0.0229,0.0291,0.029,0.0321,0.0262,0.0271,0.0312,0.0309,0.0303,0.0314,0.0319,0.0313,0.0212,0.0257,0.0257,0.0273,0.0272,0.0195,0.0109,0.0196,0.1059,0.4297,0.0661,0.0883,0.2046,0.1853,-0.0173,0.0777,0.3926,0.0529,0.0723,0.1896,0.1761,0.0761,0.4014,0.0476,0.0672,0.1947,0.1809,0.4089,0.1191,0.1485,0.2213,0.2045,0.4113,0.4398,0.4498,0.4285,0.053,0.1565,0.1437,0.1988,0.1846,0.0135
Hmel218003o,6250001,6300000,6275039,49866,0.0228,0.0241,0.0249,0.0218,0.0069,0.0204,0.0218,0.0205,0.0233,0.0242,0.0248,0.0261,0.0325,0.0248,0.0254,0.0304,0.0307,0.024,0.0259,0.0326,0.0248,0.0259,0.0312,0.0316,0.0259,0.0327,0.0254,0.0263,0.0317,0.0322,0.0318,0.0263,0.0273,0.0312,0.0313,0.0311,0.0323,0.033,0.0334,0.024,0.0283,0.0287,0.0301,0.0305,0.0223,0.0161,0.0204,0.0797,0.3881,0.073,0.0702,0.1781,0.1509,-0.0124,0.0569,0.3709,0.0572,0.0631,0.1753,0.1504,0.0465,0.3614,0.0611,0.0639,0.1748,0.1522,0.4101,0.1182,0.1166,0.2015,0.1656,0.407,0.4015,0.4301,0.3944,0.0695,0.1711,0.1435,0.1849,0.1589,0.0093
Hmel218003o,6275001,6325000,6299837,49101,0.0238,0.0247,0.0247,0.0225,0.0062,0.0187,0.0195,0.0202,0.0224,0.0252,0.025,0.0255,0.0311,0.0244,0.0253,0.0293,0.0302,0.0244,0.0254,0.0318,0.0246,0.0258,0.0303,0.0309,0.0255,0.0319,0.0251,0.0262,0.0312,0.032,0.0301,0.0257,0.0265,0.0292,0.0294,0.0304,0.0319,0.0311,0.0313,0.0219,0.028,0.0285,0.0292,0.0298,0.0215,0.0204,0.0152,0.0489,0.3653,0.0728,0.0825,0.1511,0.1408,-0.0066,0.0338,0.3616,0.0677,0.0835,0.1578,0.1422,0.0357,0.362,0.0778,0.0892,0.172,0.1595,0.3902,0.1231,0.127,0.1646,0.1403,0.4353,0.4421,0.4196,0.3884,0.0719,0.1895,0.1707,0.2011,0.1844,0.0053
Hmel218003o,6300001,6350000,6325272,49126,0.0234,0.0236,0.0246,0.0235,0.0063,0.0187,0.0191,0.0209,0.0213,0.0246,0.0245,0.0259,0.0327,0.025,0.0265,0.03,0.0303,0.0243,0.0254,0.033,0.0254,0.0268,0.0303,0.0305,0.0258,0.0334,0.0257,0.0274,0.0313,0.0314,0.0316,0.0266,0.0278,0.0295,0.0294,0.0315,0.0334,0.0313,0.0311,0.0212,0.0278,0.0277,0.0288,0.029,0.0212,0.0243,0.0106,0.0517,0.3915,0.0921,0.1164,0.1584,0.1604,0.004,0.0403,0.3928,0.0969,0.1202,0.1622,0.1609,0.034,0.3837,0.0919,0.1196,0.1662,0.1642,0.3935,0.1291,0.1469,0.1504,0.1449,0.4488,0.4658,0.4099,0.401,0.0628,0.1775,0.1711,0.1906,0.1887,0.0017
Hmel218003o,6325001,6375000,6349988,49952,0.0217,0.0214,0.0235,0.0228,0.0057,0.0174,0.0165,0.0205,0.021,0.0227,0.0231,0.0247,0.0317,0.0233,0.0244,0.0282,0.0284,0.0228,0.024,0.0316,0.024,0.025,0.0292,0.0293,0.0245,0.0321,0.0241,0.0255,0.0292,0.0293,0.0303,0.0256,0.026,0.0287,0.0288,0.0302,0.0316,0.031,0.0309,0.0194,0.0267,0.0264,0.0276,0.0277,0.0208,0.0291,0.0119,0.0578,0.4123,0.0943,0.13,0.1516,0.1496,0.0087,0.0463,0.4158,0.1122,0.1451,0.1745,0.169,0.0282,0.3903,0.0885,0.1279,0.1483,0.1447,0.3949,0.1364,0.1578,0.149,0.1438,0.4635,0.4969,0.4207,0.4115,0.0718,0.18,0.1669,0.2081,0.203,-0.0001
Hmel218003o,6350001,6400000,6375009,49937,0.0218,0.0215,0.0223,0.0222,0.0066,0.0164,0.0137,0.0187,0.0199,0.0228,0.0224,0.0242,0.0297,0.0216,0.0229,0.0276,0.028,0.0218,0.0232,0.0295,0.0222,0.0235,0.0288,0.0293,0.0237,0.0301,0.0221,0.0235,0.0286,0.0292,0.0284,0.0243,0.0249,0.0279,0.0282,0.0281,0.0298,0.0286,0.029,0.0183,0.026,0.026,0.0271,0.0277,0.0192,0.0263,0.0092,0.0513,0.368,0.0655,0.1346,0.1616,0.1537,-0.0024,0.0318,0.368,0.0833,0.1516,0.186,0.1795,0.0332,0.3668,0.0711,0.1416,0.1747,0.1692,0.3616,0.1316,0.1859,0.1667,0.1543,0.4358,0.5082,0.4011,0.3875,0.1051,0.2043,0.1874,0.2636,0.2566,-0.0043
Hmel218003o,6375001,6425000,6400004,49984,0.0225,0.022,0.022,0.0231,0.0079,0.0186,0.0166,0.0186,0.0198,0.023,0.0229,0.0249,0.0325,0.0219,0.0236,0.0287,0.029,0.0218,0.0244,0.0328,0.0223,0.0243,0.0295,0.0302,0.0247,0.0331,0.0224,0.0242,0.0298,0.0302,0.0315,0.0249,0.0261,0.0296,0.0295,0.0315,0.0334,0.0317,0.0324,0.021,0.0261,0.0265,0.0273,0.0279,0.019,0.0164,0.0146,0.0483,0.3776,0.0336,0.1,0.174,0.1656,-0.0055,0.0433,0.3892,0.0498,0.1214,0.195,0.192,0.0491,0.393,0.0511,0.1181,0.1997,0.1921,0.3733,0.1005,0.1553,0.1874,0.1699,0.4235,0.4794,0.4262,0.4167,0.0919,0.1763,0.1678,0.2277,0.2214,-0.0062
Hmel218003o,6400001,6450000,6424940,49835,0.0207,0.022,0.0224,0.0237,0.0062,0.0188,0.0198,0.0192,0.0202,0.0217,0.0223,0.0242,0.0308,0.0216,0.0223,0.0272,0.0278,0.0219,0.0245,0.0317,0.023,0.0234,0.0282,0.0289,0.0247,0.0315,0.0231,0.0237,0.0282,0.0287,0.0303,0.0253,0.0255,0.0287,0.0287,0.0308,0.032,0.0305,0.0314,0.0221,0.0251,0.0255,0.0273,0.0276,0.0196,0.0068,0.0188,0.0505,0.4068,0.0489,0.0502,0.1615,0.1605,-0.0069,0.039,0.3984,0.0632,0.0585,0.1629,0.164,0.0385,0.3904,0.0627,0.0614,0.1601,0.1563,0.3746,0.1013,0.0918,0.159,0.1455,0.4379,0.4368,0.427,0.4232,0.0726,0.1475,0.1419,0.1754,0.1683,-0.0031
Hmel218003o,6425001,6475000,6449952,49646,0.0202,0.0228,0.0233,0.0219,0.0068,0.0181,0.0197,0.0198,0.0213,0.0217,0.0222,0.023,0.0306,0.0217,0.0223,0.0275,0.0278,0.0226,0.0231,0.0313,0.0228,0.0227,0.0288,0.0291,0.0235,0.0317,0.0232,0.0238,0.0292,0.0293,0.0289,0.0242,0.0246,0.0274,0.0276,0.0296,0.0317,0.0296,0.0304,0.0216,0.0261,0.0261,0.029,0.0291,0.0209,0.0067,0.0123,0.0501,0.4047,0.0665,0.0614,0.1678,0.154,-0.0098,0.0166,0.3737,0.0566,0.0362,0.159,0.1461,0.0168,0.3716,0.0612,0.0552,0.1597,0.1431,0.3715,0.107,0.0924,0.1452,0.1285,0.4234,0.4268,0.3959,0.3825,0.0709,0.1672,0.146,0.1997,0.1835,0.0078
Hmel218003o,6450001,6500000,6475016,49779,0.0222,0.0239,0.024,0.0233,0.0073,0.0175,0.0157,0.0201,0.0215,0.0235,0.0239,0.0249,0.0326,0.0232,0.0245,0.0297,0.0295,0.024,0.025,0.0326,0.0236,0.0248,0.0309,0.0304,0.0249,0.0335,0.0244,0.0256,0.0312,0.0309,0.0319,0.026,0.0267,0.0297,0.0296,0.031,0.0329,0.0313,0.0314,0.0208,0.027,0.0264,0.03,0.0295,0.021,0.0107,0.0188,0.0494,0.3926,0.0822,0.1358,0.1779,0.158,0.0017,0.0289,0.3676,0.0697,0.1186,0.1775,0.1544,0.0267,0.3777,0.0867,0.1341,0.1825,0.1606,0.3842,0.1385,0.1779,0.168,0.147,0.444,0.4983,0.4064,0.3862,0.1196,0.1896,0.1599,0.2658,0.239,0.0055
Hmel218003o,6475001,6525000,6500005,49932,0.0206,0.0222,0.0214,0.0221,0.0058,0.0146,0.0115,0.018,0.0187,0.0218,0.0215,0.0232,0.0277,0.022,0.0234,0.0265,0.0266,0.0218,0.0231,0.0278,0.0224,0.0235,0.0269,0.0269,0.0226,0.0279,0.0226,0.0237,0.0267,0.0268,0.0281,0.0246,0.0254,0.027,0.0267,0.0264,0.028,0.0272,0.0277,0.0171,0.0226,0.0224,0.0247,0.0243,0.0186,0.0089,0.0127,0.0458,0.368,0.1176,0.1948,0.1645,0.1584,0.0001,0.0221,0.3451,0.1046,0.1734,0.1523,0.1431,0.0218,0.3595,0.1194,0.1908,0.1593,0.1516,0.3732,0.1686,0.2326,0.1618,0.1462,0.4594,0.5429,0.4063,0.4012,0.1423,0.1705,0.156,0.2639,0.2444,0.0073
Hmel218003o,6500001,6550000,6525016,49957,0.0205,0.0215,0.0207,0.0214,0.0062,0.0139,0.0118,0.0175,0.0186,0.0212,0.0206,0.023,0.0259,0.0206,0.0213,0.0245,0.0249,0.0207,0.0223,0.0263,0.0215,0.0219,0.0253,0.0255,0.0221,0.026,0.0211,0.0219,0.0249,0.0252,0.026,0.0234,0.0241,0.0255,0.0253,0.0242,0.0261,0.0253,0.0258,0.0152,0.0209,0.0214,0.0224,0.0225,0.0183,0.005,0.0001,0.0499,0.3328,0.0969,0.1447,0.1337,0.1272,-0.0101,0.021,0.3244,0.1037,0.1429,0.1386,0.126,0.0269,0.3317,0.1042,0.1549,0.1403,0.1307,0.343,0.163,0.2103,0.1488,0.1282,0.4292,0.5016,0.3762,0.3641,0.0875,0.1503,0.1447,0.2207,0.2031,0.0077
Hmel218003o,6525001,6575000,6549996,49966,0.0219,0.0218,0.0231,0.0225,0.0071,0.0167,0.0175,0.0192,0.021,0.0222,0.0227,0.0243,0.0286,0.0218,0.0227,0.0267,0.0275,0.022,0.0237,0.0288,0.0229,0.0233,0.0276,0.028,0.0243,0.0292,0.0231,0.0237,0.0281,0.0289,0.028,0.0249,0.0253,0.0279,0.028,0.0273,0.0287,0.0282,0.0286,0.0194,0.024,0.0247,0.0255,0.026,0.0202,0.0072,0.0051,0.0483,0.3411,0.0642,0.0758,0.136,0.1301,-0.0095,0.0374,0.3466,0.0917,0.092,0.1563,0.1415,0.0308,0.3314,0.0795,0.082,0.1498,0.1419,0.343,0.1348,0.133,0.1563,0.1321,0.4073,0.4154,0.3777,0.355,0.0669,0.1516,0.1418,0.1726,0.1585,0.0012
Hmel218003o,6550001,6600000,6575008,49970,0.0235,0.0232,0.0235,0.0223,0.0077,0.0208,0.0179,0.0207,0.0226,0.0238,0.024,0.025,0.0314,0.0252,0.0258,0.0291,0.0303,0.0231,0.0246,0.0313,0.025,0.0255,0.0287,0.0301,0.0246,0.0316,0.0257,0.026,0.0296,0.0312,0.0302,0.0265,0.0276,0.0293,0.03,0.0311,0.0319,0.031,0.0321,0.0231,0.0266,0.0279,0.0272,0.0284,0.0217,0.0106,0.0096,0.0443,0.3507,0.0675,0.1158,0.1448,0.1432,-0.005,0.04,0.3548,0.0677,0.1143,0.1406,0.1438,0.0348,0.3536,0.0776,0.1187,0.1526,0.1588,0.3697,0.1101,0.1709,0.1633,0.1494,0.3867,0.4426,0.3866,0.375,0.0932,0.1309,0.1327,0.1784,0.1763,0.0007
Hmel218003o,6575001,6625000,6599958,49873,0.0244,0.0243,0.0235,0.0228,0.0077,0.0205,0.0151,0.0214,0.0228,0.0247,0.0244,0.0259,0.0329,0.0257,0.0252,0.0303,0.0311,0.0237,0.0257,0.0329,0.0265,0.026,0.0306,0.0317,0.0256,0.0331,0.027,0.0263,0.0307,0.0321,0.033,0.0284,0.0284,0.0311,0.032,0.0329,0.0336,0.0315,0.0329,0.0219,0.0277,0.0286,0.0283,0.0293,0.022,0.0075,0.0091,0.0457,0.3581,0.0708,0.128,0.1471,0.1446,-0.0034,0.0437,0.3601,0.0879,0.1469,0.154,0.1559,0.0506,0.3734,0.1075,0.1617,0.164,0.171,0.3988,0.1437,0.2212,0.1785,0.1747,0.4152,0.51,0.3838,0.3815,0.1085,0.146,0.1459,0.2282,0.2259,-0.0014
Hmel218003o,6600001,6650000,6625020,49858,0.0226,0.0225,0.0225,0.0223,0.0068,0.0184,0.0161,0.0204,0.0215,0.0225,0.0225,0.0243,0.0308,0.0231,0.0232,0.029,0.0297,0.0222,0.0242,0.0314,0.0245,0.0239,0.0297,0.0303,0.0246,0.0314,0.0249,0.0242,0.0298,0.0305,0.0317,0.0274,0.0263,0.0307,0.0316,0.0307,0.0317,0.0298,0.0309,0.0197,0.026,0.0264,0.0275,0.0282,0.0207,-0.0002,-0.0013,0.0406,0.3681,0.0623,0.0943,0.156,0.1563,-0.0077,0.04,0.3796,0.096,0.1128,0.1711,0.1677,0.0478,0.378,0.1043,0.1195,0.1712,0.1707,0.402,0.1602,0.1744,0.1895,0.1891,0.4333,0.4836,0.3882,0.387,0.0707,0.1536,0.1469,0.2117,0.2101,-0.0054
Hmel218003o,6625001,6675000,6649257,48445,0.0205,0.0201,0.0212,0.0241,0.0065,0.0188,0.0142,0.0173,0.0188,0.0198,0.0203,0.024,0.0273,0.0215,0.0219,0.0251,0.026,0.0199,0.0235,0.0277,0.0217,0.0213,0.0249,0.0256,0.024,0.0279,0.022,0.0213,0.025,0.0259,0.0298,0.0265,0.026,0.0281,0.0287,0.0266,0.0268,0.0268,0.028,0.0188,0.0227,0.0234,0.0238,0.0247,0.018,-0.0122,-0.0142,0.0467,0.3537,0.0473,0.1227,0.1494,0.1469,-0.02,0.0424,0.3674,0.0583,0.1139,0.1502,0.1447,0.0377,0.3523,0.0523,0.098,0.1384,0.136,0.3601,0.1201,0.1774,0.1702,0.1596,0.3709,0.4592,0.4019,0.3928,0.0682,0.1214,0.1152,0.2152,0.2082,-0.0008
Hmel218003o,6650001,6700000,6674970,47111,0.0207,0.0201,0.0211,0.0251,0.0067,0.0193,0.0139,0.0172,0.0182,0.0197,0.0206,0.0246,0.0277,0.0213,0.0216,0.0251,0.0256,0.0199,0.024,0.0279,0.0216,0.0213,0.0257,0.026,0.0245,0.028,0.0214,0.0213,0.0254,0.026,0.03,0.0262,0.0263,0.0281,0.0284,0.0267,0.027,0.0277,0.0287,0.0184,0.0232,0.0236,0.0243,0.0249,0.0183,-0.0189,-0.009,0.0474,0.3537,0.0327,0.1163,0.1458,0.144,-0.0188,0.0437,0.3661,0.0485,0.1192,0.1677,0.1612,0.0389,0.3518,0.0292,0.1028,0.1472,0.148,0.3469,0.0986,0.1768,0.1615,0.1539,0.36,0.4644,0.4129,0.4113,0.0553,0.1242,0.12,0.2312,0.2284,0.0169
Hmel218003o,6675001,6725000,6700620,48616,0.0239,0.0237,0.0243,0.025,0.0068,0.0192,0.0162,0.0199,0.0202,0.0235,0.0242,0.0262,0.0319,0.0245,0.0249,0.0286,0.0288,0.024,0.0256,0.0324,0.0261,0.0257,0.0304,0.0304,0.0259,0.0325,0.0254,0.026,0.0301,0.0302,0.0319,0.0282,0.0288,0.0308,0.0308,0.0312,0.0322,0.0314,0.0314,0.0191,0.0249,0.0251,0.0266,0.0271,0.0206,-0.0063,0.0012,0.0379,0.3644,0.0684,0.1135,0.1397,0.1395,0.0006,0.0279,0.3753,0.1027,0.1336,0.1738,0.1704,0.0278,0.3672,0.0828,0.1313,0.1618,0.1605,0.3712,0.1364,0.1876,0.1717,0.1678,0.4274,0.4902,0.4189,0.4149,0.0413,0.1277,0.128,0.2021,0.2073,0.0132
Hmel218003o,6700001,6750000,6725011,49933,0.0252,0.025,0.0269,0.025,0.0069,0.0177,0.018,0.0198,0.0218,0.0253,0.0263,0.0273,0.0339,0.0276,0.0282,0.0297,0.0302,0.0261,0.0266,0.0343,0.0291,0.0289,0.0321,0.0325,0.0275,0.0351,0.0278,0.028,0.0316,0.0322,0.0341,0.0308,0.0315,0.0325,0.0323,0.0337,0.0345,0.0332,0.0334,0.0192,0.0263,0.0269,0.0279,0.0284,0.0214,0.0043,0.0041,0.0436,0.3715,0.1331,0.1395,0.1461,0.1303,0.0022,0.0325,0.3794,0.1616,0.1538,0.187,0.1704,0.0258,0.3643,0.1156,0.116,0.1591,0.1455,0.3967,0.2002,0.2076,0.1994,0.1713,0.4813,0.4848,0.4419,0.4138,0.0405,0.1773,0.1615,0.2016,0.1852,0.014
Hmel218003o,6725001,6775000,6749968,49824,0.0212,0.0216,0.0232,0.0229,0.0072,0.016,0.0188,0.0177,0.02,0.0216,0.0226,0.0242,0.0314,0.0252,0.0243,0.0278,0.0282,0.0222,0.0241,0.0317,0.0258,0.0247,0.0298,0.0302,0.0246,0.0319,0.0243,0.0235,0.0294,0.03,0.0317,0.0284,0.0272,0.0302,0.0304,0.0316,0.0316,0.031,0.0316,0.0193,0.0256,0.026,0.0272,0.0276,0.0199,0.005,0.0099,0.0529,0.393,0.1606,0.1025,0.1856,0.1639,-0.0051,0.0458,0.3924,0.1658,0.1063,0.2155,0.1949,0.0332,0.3701,0.115,0.0603,0.1897,0.1714,0.3891,0.2067,0.1452,0.2121,0.1842,0.4802,0.4339,0.4425,0.4149,0.0551,0.2164,0.1918,0.2067,0.1837,0.0273
Hmel218003o,6750001,6800000,6775020,49831,0.017,0.0178,0.0185,0.0208,0.0065,0.0118,0.0121,0.0147,0.0151,0.0175,0.0181,0.0218,0.0267,0.0199,0.0184,0.0234,0.0233,0.0179,0.0218,0.0267,0.0206,0.0191,0.0243,0.0244,0.0221,0.0265,0.0196,0.0184,0.0241,0.024,0.0281,0.025,0.0235,0.0268,0.0268,0.0265,0.0265,0.0264,0.0266,0.0145,0.0197,0.0196,0.0212,0.0214,0.0157,0.005,0.0124,0.084,0.4057,0.1701,0.1237,0.2046,0.196,-0.0078,0.0707,0.3902,0.1729,0.128,0.2108,0.206,0.0678,0.3748,0.1357,0.0988,0.1947,0.1876,0.3799,0.2356,0.2013,0.2226,0.2161,0.5024,0.4967,0.4441,0.4395,0.1019,0.2061,0.1951,0.2363,0.2338,0.0281
Hmel218003o,6775001,6825000,6799905,49184,0.0147,0.0167,0.0191,0.0202,0.0064,0.0074,0.0062,0.0129,0.0135,0.0166,0.0174,0.0255,0.0261,0.0208,0.0209,0.024,0.0241,0.0179,0.0249,0.0266,0.0224,0.0217,0.025,0.0254,0.0261,0.0265,0.0207,0.0204,0.0243,0.0247,0.0302,0.0267,0.0271,0.0272,0.0274,0.027,0.0277,0.0279,0.0284,0.0087,0.0165,0.0171,0.0177,0.0186,0.0133,0.0314,0.0154,0.2059,0.4403,0.3201,0.3483,0.2839,0.2738,0.0013,0.1621,0.4098,0.3145,0.3241,0.2681,0.267,0.1486,0.3648,0.2306,0.2471,0.2162,0.2145,0.4189,0.3497,0.3787,0.2648,0.2585,0.6075,0.6446,0.5013,0.4971,0.1304,0.25,0.253,0.3135,0.3225,0.0037
Hmel218003o,6800001,6850000,6825225,49045,0.0103,0.0115,0.0177,0.0215,0.0056,0.0058,0.0053,0.0121,0.0134,0.0121,0.0144,0.0277,0.0279,0.0298,0.0304,0.0307,0.031,0.0148,0.028,0.0286,0.0312,0.0313,0.0317,0.0323,0.0283,0.029,0.0271,0.0273,0.0291,0.0298,0.0341,0.0312,0.0319,0.0306,0.0313,0.0341,0.0344,0.0339,0.0338,0.0063,0.0145,0.0156,0.0151,0.016,0.0126,0.0572,0.0154,0.2994,0.5714,0.5894,0.607,0.4816,0.4633,0.0077,0.2857,0.5562,0.5824,0.5932,0.4746,0.4602,0.1952,0.442,0.4093,0.4224,0.3372,0.3281,0.4621,0.4238,0.4409,0.3167,0.3071,0.7261,0.7389,0.6027,0.5774,0.0688,0.25,0.2499,0.2826,0.2759,-0.0059
Hmel218003o,6825001,6875000,6850012,49828,0.0117,0.0094,0.0161,0.0204,0.0042,0.0039,0.0028,0.0104,0.0109,0.0122,0.0145,0.0242,0.0261,0.0329,0.0337,0.0326,0.0332,0.0125,0.0243,0.026,0.0335,0.0342,0.0331,0.0336,0.0248,0.0271,0.0285,0.0289,0.0292,0.0298,0.0296,0.0327,0.0331,0.0322,0.0326,0.0341,0.0341,0.0331,0.0325,0.004,0.0108,0.0108,0.0105,0.0104,0.0104,0.0777,0.022,0.2293,0.5512,0.6334,0.6627,0.5114,0.508,-0.0107,0.2704,0.601,0.6833,0.7117,0.5559,0.5515,0.1661,0.4716,0.4961,0.5235,0.3916,0.39,0.4476,0.4901,0.5145,0.3787,0.3745,0.7993,0.8254,0.6546,0.6381,0.1005,0.2151,0.1963,0.2436,0.2176,-0.0107
Hmel218003o,6850001,6900000,6875003,49994,0.0159,0.0121,0.015,0.0204,0.0034,0.003,0.0029,0.0092,0.0092,0.0152,0.0161,0.0223,0.0236,0.0281,0.0283,0.0285,0.029,0.013,0.0218,0.023,0.0285,0.0281,0.0291,0.0296,0.0226,0.0238,0.026,0.0251,0.0275,0.0277,0.0262,0.0301,0.0299,0.0301,0.0301,0.0295,0.0297,0.0288,0.0291,0.0043,0.0113,0.0106,0.012,0.0114,0.009,0.0434,0.0228,0.1192,0.4364,0.5138,0.5183,0.4044,0.4121,-0.0236,0.1701,0.5113,0.5974,0.5936,0.4798,0.4872,0.1388,0.4581,0.5023,0.4907,0.4032,0.4079,0.4152,0.4762,0.4745,0.3673,0.3693,0.8151,0.8179,0.655,0.6592,0.206,0.3136,0.2866,0.3439,0.3205,-0.0096
Hmel218003o,6875001,6925000,6899990,49930,0.0164,0.0146,0.0147,0.0215,0.003,0.0056,0.0073,0.0112,0.0117,0.0155,0.0157,0.0235,0.0246,0.025,0.0252,0.0265,0.0268,0.0142,0.023,0.0244,0.0258,0.0252,0.0272,0.0276,0.0232,0.0242,0.0259,0.025,0.0272,0.0276,0.0284,0.0267,0.0265,0.0275,0.0275,0.0292,0.0299,0.0286,0.029,0.0079,0.0142,0.0141,0.0155,0.0153,0.0117,0.0008,0.0046,0.1219,0.4497,0.4043,0.3752,0.3282,0.3246,-0.0168,0.1411,0.4867,0.4536,0.4111,0.3706,0.3684,0.1448,0.4814,0.4533,0.4063,0.3708,0.3681,0.4358,0.3636,0.332,0.2803,0.2734,0.7559,0.7205,0.6175,0.6108,0.1091,0.2684,0.251,0.2669,0.2454,0.0085
Hmel218003o,6900001,6950000,6924834,48635,0.0184,0.02,0.0185,0.0222,0.0043,0.0109,0.0113,0.0163,0.0183,0.0194,0.0185,0.0248,0.0308,0.0269,0.0287,0.03,0.0308,0.019,0.025,0.0313,0.0273,0.0287,0.0304,0.0312,0.0248,0.0305,0.0282,0.0301,0.031,0.0318,0.0325,0.0277,0.0295,0.0295,0.0299,0.0319,0.0337,0.0317,0.0325,0.0128,0.0195,0.0205,0.0201,0.0209,0.0181,0.0039,0.0025,0.112,0.4769,0.3081,0.3318,0.2795,0.2654,-0.0077,0.0915,0.4558,0.2899,0.3076,0.2642,0.2507,0.1104,0.4718,0.3299,0.353,0.2937,0.279,0.4546,0.2805,0.3019,0.2282,0.2059,0.6304,0.6387,0.5247,0.4987,0.0755,0.1893,0.1778,0.1962,0.1807,0.0243
Hmel218003o,6925001,6975000,6950472,48682,0.0219,0.0235,0.0223,0.0245,0.0057,0.0133,0.0114,0.0178,0.0205,0.0227,0.0223,0.0262,0.0344,0.0294,0.0326,0.0332,0.0342,0.0226,0.0269,0.0351,0.0301,0.0332,0.0346,0.0354,0.0264,0.0349,0.0288,0.0328,0.0342,0.035,0.0346,0.0309,0.0336,0.0332,0.0339,0.0343,0.0361,0.034,0.0348,0.015,0.0235,0.0243,0.0223,0.0231,0.0198,-0.0005,0.0051,0.069,0.4433,0.2624,0.3376,0.2643,0.2458,-0.0054,0.062,0.4278,0.2535,0.3252,0.2655,0.2455,0.0681,0.444,0.2486,0.3359,0.2739,0.2538,0.4263,0.2663,0.3317,0.2398,0.2151,0.5807,0.6317,0.502,0.4683,0.1012,0.2146,0.1887,0.2209,0.193,0.0187
Hmel218003o,6950001,7000000,6975009,49970,0.0215,0.0225,0.0218,0.0255,0.0069,0.0139,0.0118,0.0173,0.0197,0.0219,0.0219,0.0287,0.0373,0.028,0.0279,0.0326,0.0339,0.0218,0.0281,0.0379,0.0297,0.03,0.0344,0.0356,0.0286,0.038,0.0275,0.0277,0.0335,0.0349,0.0368,0.0312,0.0327,0.0345,0.0354,0.038,0.0384,0.0362,0.0369,0.0179,0.0267,0.027,0.0252,0.0257,0.0188,-0.003,0.0054,0.1112,0.4629,0.236,0.2634,0.2667,0.255,-0.0073,0.0875,0.4558,0.2527,0.2859,0.2804,0.2674,0.1059,0.4671,0.2254,0.2578,0.276,0.267,0.4204,0.2527,0.3019,0.2543,0.236,0.586,0.6228,0.5152,0.4857,0.1732,0.2762,0.2451,0.2807,0.2514,0.009
Hmel218003o,6975001,7025000,6999902,49294,0.0211,0.0208,0.0206,0.0245,0.0079,0.0152,0.0135,0.0186,0.0206,0.0213,0.0213,0.0282,0.0394,0.0254,0.0248,0.0314,0.0332,0.0201,0.0273,0.039,0.0256,0.0252,0.0324,0.0341,0.0281,0.0392,0.0249,0.0235,0.032,0.0337,0.038,0.0298,0.0308,0.0339,0.0348,0.0387,0.0394,0.0369,0.0376,0.0205,0.0287,0.0296,0.0283,0.0292,0.0202,0.008,0.0101,0.116,0.4767,0.1749,0.1875,0.2355,0.2394,-0.0152,0.1032,0.4766,0.1832,0.2003,0.2555,0.2568,0.1204,0.4819,0.1716,0.1674,0.2515,0.2524,0.4308,0.2224,0.2626,0.2385,0.2268,0.5553,0.587,0.4866,0.4656,0.1835,0.2709,0.2583,0.2887,0.2753,0.0154
Hmel218003o,7000001,7050000,7025249,49254,0.0221,0.0209,0.0221,0.0232,0.0073,0.0156,0.0144,0.0192,0.0203,0.022,0.0226,0.0262,0.0378,0.0237,0.0259,0.0308,0.0324,0.0211,0.0253,0.0378,0.0233,0.0253,0.0323,0.0339,0.0261,0.038,0.0231,0.0238,0.0317,0.0332,0.0372,0.0275,0.0293,0.0331,0.0341,0.0371,0.0377,0.0358,0.0364,0.0209,0.0289,0.03,0.0276,0.0286,0.02,0.0109,0.0122,0.0785,0.4571,0.1203,0.1832,0.2078,0.2196,-0.0106,0.0762,0.4723,0.1286,0.1879,0.2459,0.2556,0.0769,0.4591,0.1078,0.1407,0.2223,0.2314,0.4487,0.1939,0.2424,0.2337,0.2335,0.5452,0.5697,0.4756,0.4671,0.1751,0.261,0.2643,0.2553,0.2576,0.0071
Hmel218003o,7025001,7075000,7050018,49953,0.0212,0.0209,0.0225,0.0238,0.0058,0.0159,0.0149,0.019,0.0199,0.022,0.0221,0.0262,0.0376,0.023,0.025,0.0314,0.0325,0.0219,0.0248,0.0381,0.0241,0.0265,0.0347,0.0352,0.0261,0.0384,0.0232,0.0243,0.0331,0.0339,0.0369,0.0276,0.0297,0.035,0.0356,0.0374,0.0382,0.0367,0.0367,0.0204,0.0297,0.0301,0.0288,0.03,0.0198,0.0244,0.0065,0.0836,0.4881,0.1113,0.1702,0.2308,0.2366,0.0045,0.061,0.4986,0.1426,0.2042,0.2828,0.2793,0.0639,0.4777,0.0986,0.1377,0.2412,0.2413,0.4593,0.1843,0.2339,0.2557,0.2518,0.5663,0.5907,0.5118,0.4975,0.147,0.2709,0.2652,0.2716,0.2791,0.009
Hmel218003o,7050001,7100000,7074956,49900,0.0197,0.0209,0.0217,0.0228,0.0046,0.017,0.0161,0.0177,0.0192,0.0211,0.0209,0.0241,0.0327,0.0212,0.0224,0.0284,0.0292,0.0217,0.0235,0.0334,0.0233,0.0247,0.0314,0.0316,0.0244,0.0333,0.0219,0.0225,0.0301,0.0307,0.0314,0.0255,0.0269,0.0309,0.0312,0.0319,0.0336,0.0318,0.0323,0.0187,0.0257,0.0258,0.0271,0.0281,0.0189,0.0207,0.0053,0.0722,0.4735,0.0754,0.1178,0.2168,0.211,0.0101,0.0421,0.4638,0.1081,0.1522,0.2516,0.2366,0.0495,0.4483,0.0647,0.0924,0.2205,0.2106,0.428,0.1401,0.1811,0.2252,0.2097,0.5093,0.545,0.4976,0.4784,0.0659,0.2049,0.1846,0.2447,0.2409,0.0138
Hmel218003o,7075001,7125000,7099833,49327,0.0216,0.0229,0.0228,0.0227,0.0071,0.018,0.0188,0.0183,0.0196,0.0225,0.0228,0.0244,0.0312,0.022,0.0229,0.0268,0.0272,0.023,0.0243,0.032,0.0233,0.0242,0.0285,0.0287,0.0247,0.0322,0.0226,0.0229,0.0284,0.0289,0.0313,0.0252,0.0259,0.0289,0.0291,0.0303,0.0322,0.0301,0.031,0.0204,0.025,0.0249,0.0268,0.0271,0.0195,0.0069,0.0126,0.0526,0.3849,0.0571,0.0671,0.155,0.1466,0.004,0.0337,0.3768,0.0702,0.0784,0.1706,0.1575,0.0419,0.3795,0.0551,0.0496,0.1689,0.1617,0.3868,0.1208,0.122,0.1853,0.1701,0.4306,0.4412,0.4216,0.4135,0.0554,0.1691,0.1482,0.1923,0.18,0.0168
Hmel218003o,7100001,7150000,7125071,49247,0.0241,0.0247,0.0248,0.0238,0.0089,0.0202,0.0213,0.0195,0.0213,0.0249,0.0251,0.0271,0.0335,0.0245,0.0249,0.0278,0.0283,0.0249,0.0265,0.0346,0.0251,0.0256,0.03,0.0301,0.0268,0.0351,0.0249,0.025,0.0294,0.0298,0.0342,0.0276,0.0277,0.0307,0.0309,0.0332,0.0349,0.0325,0.0331,0.0233,0.0264,0.0265,0.0284,0.0289,0.0208,0.0108,0.0122,0.0631,0.3545,0.0529,0.0486,0.1292,0.1169,0.0028,0.0451,0.3618,0.0582,0.0573,0.1611,0.1419,0.048,0.3665,0.0531,0.0436,0.1495,0.1342,0.3841,0.1248,0.1128,0.1883,0.167,0.4059,0.4129,0.408,0.3899,0.0627,0.1496,0.1287,0.1738,0.1604,0.0113
Hmel218003o,7125001,7175000,7150028,49740,0.0261,0.0261,0.0253,0.0241,0.0084,0.0214,0.0217,0.0204,0.0228,0.0259,0.0259,0.0277,0.0346,0.026,0.0262,0.0307,0.0305,0.0255,0.0271,0.0361,0.0267,0.0267,0.0323,0.0323,0.0273,0.0359,0.0264,0.0262,0.0321,0.0318,0.0348,0.0283,0.0285,0.0322,0.032,0.0338,0.0357,0.0342,0.0345,0.0239,0.0278,0.0278,0.0302,0.0303,0.0218,-0.0042,0.0042,0.0483,0.3504,0.0473,0.0477,0.1461,0.117,-0.0045,0.0369,0.3688,0.0618,0.0589,0.1723,0.1451,0.0515,0.3779,0.0648,0.0574,0.1787,0.1471,0.3949,0.1179,0.1178,0.1962,0.1615,0.4047,0.4221,0.4239,0.3923,0.0554,0.1507,0.121,0.1869,0.1601,0.0053
Hmel218003o,7150001,7200000,7174999,49806,0.0252,0.0249,0.0247,0.025,0.0063,0.0206,0.0185,0.0219,0.0235,0.0244,0.025,0.0268,0.0353,0.0256,0.0258,0.0321,0.0319,0.0242,0.0264,0.0364,0.0258,0.0259,0.0329,0.0329,0.0266,0.0363,0.0264,0.0256,0.0339,0.0335,0.0351,0.0275,0.0282,0.0327,0.0326,0.0339,0.0363,0.035,0.0352,0.0236,0.0296,0.0292,0.0318,0.0315,0.0233,-0.0142,-0.0005,0.0334,0.3981,0.0594,0.0873,0.1622,0.1416,-0.0138,0.0291,0.4152,0.0671,0.0939,0.1776,0.1619,0.0362,0.4164,0.08,0.0891,0.1943,0.1716,0.4172,0.1062,0.1465,0.1769,0.1564,0.4481,0.5067,0.4418,0.4209,0.0998,0.1738,0.148,0.2355,0.2114,0.0138
Hmel218003o,7175001,7225000,7199905,49468,0.0219,0.0217,0.0227,0.0259,0.0046,0.0191,0.0145,0.0205,0.0215,0.022,0.0224,0.0259,0.0329,0.0229,0.023,0.0292,0.0294,0.0219,0.0252,0.0332,0.0231,0.0238,0.0298,0.03,0.0254,0.0334,0.0236,0.0233,0.0306,0.0308,0.0342,0.0267,0.0271,0.0313,0.0317,0.0319,0.0336,0.0325,0.0334,0.0211,0.0285,0.0281,0.0294,0.0293,0.0217,0.0053,0.0019,0.0518,0.4413,0.0585,0.1244,0.1677,0.1607,-0.0079,0.0398,0.4486,0.0662,0.1449,0.1807,0.1725,0.0293,0.4346,0.0644,0.1194,0.1809,0.1741,0.4208,0.102,0.175,0.1629,0.1573,0.4738,0.5737,0.459,0.4547,0.1202,0.1896,0.1694,0.2674,0.2522,0.0171
Hmel218003o,7200001,7250000,7224720,48443,0.0248,0.0234,0.0241,0.0263,0.0056,0.0196,0.0142,0.0203,0.0212,0.0248,0.0248,0.0278,0.034,0.0254,0.0256,0.0304,0.0305,0.0241,0.0269,0.0335,0.0268,0.0273,0.0313,0.0312,0.0274,0.0339,0.0252,0.0241,0.0307,0.0308,0.0348,0.0293,0.0295,0.0322,0.0323,0.0331,0.0343,0.0343,0.0347,0.0207,0.028,0.0277,0.0289,0.0287,0.021,0.0158,0.0071,0.0467,0.3972,0.0709,0.1419,0.1567,0.1479,0.0069,0.0481,0.4125,0.1164,0.1953,0.1886,0.1758,0.0471,0.4059,0.0758,0.1221,0.1706,0.1617,0.4088,0.1373,0.2145,0.1776,0.1666,0.4648,0.5692,0.4687,0.4591,0.1074,0.1769,0.1596,0.2662,0.2489,0.0061
Hmel218003o,7225001,7275000,7250202,48418,0.0272,0.0253,0.0261,0.0249,0.0061,0.0199,0.0176,0.0215,0.0228,0.0263,0.027,0.0274,0.0355,0.0277,0.0285,0.0321,0.033,0.0259,0.0269,0.0357,0.0289,0.0296,0.0333,0.034,0.0275,0.0358,0.027,0.0256,0.0321,0.0328,0.034,0.0294,0.0303,0.0323,0.0329,0.0338,0.0359,0.0349,0.0351,0.0223,0.028,0.0285,0.0302,0.0306,0.0225,0.0004,0.0057,0.0218,0.3754,0.0856,0.1277,0.1451,0.1466,0.0036,0.0352,0.4044,0.13,0.1686,0.1835,0.1804,0.036,0.3935,0.0846,0.0834,0.1565,0.1547,0.4093,0.1494,0.195,0.1765,0.1696,0.4604,0.5198,0.4482,0.4326,0.0925,0.1593,0.1526,0.2256,0.2161,0.0094
Hmel218003o,7250001,7300000,7275200,49542,0.0244,0.024,0.0247,0.0235,0.0066,0.0192,0.0193,0.0209,0.0223,0.024,0.0249,0.0254,0.0338,0.0249,0.0258,0.0304,0.0311,0.0243,0.0252,0.0347,0.0255,0.026,0.0316,0.032,0.0257,0.0351,0.0243,0.0245,0.0311,0.0317,0.0324,0.0263,0.0275,0.0305,0.031,0.0328,0.0349,0.0332,0.0336,0.0218,0.0282,0.0285,0.0305,0.0308,0.0222,-0.0031,0.0085,0.0288,0.3868,0.0723,0.0891,0.1542,0.1511,-0.0015,0.0311,0.4052,0.089,0.0979,0.1796,0.1707,0.0305,0.3991,0.055,0.0564,0.1626,0.158,0.3991,0.1174,0.1386,0.1677,0.1576,0.4531,0.4754,0.431,0.4153,0.0677,0.1788,0.1668,0.2159,0.2051,0.014
Hmel218003o,7275001,7325000,7299913,49619,0.0243,0.0254,0.0264,0.0294,0.0083,0.0204,0.0191,0.0221,0.0235,0.0243,0.0253,0.0285,0.0345,0.0248,0.0245,0.0304,0.0308,0.0252,0.029,0.0355,0.0262,0.0259,0.0318,0.032,0.0292,0.0359,0.0262,0.0261,0.0322,0.0324,0.0356,0.0297,0.03,0.0334,0.0335,0.0347,0.0367,0.0349,0.0356,0.0222,0.0292,0.029,0.0312,0.0315,0.0226,-0.0112,-0.0009,0.0406,0.3734,0.0546,0.0655,0.1427,0.1325,-0.0134,0.0376,0.3719,0.071,0.0807,0.1539,0.1409,0.0296,0.3624,0.0599,0.0723,0.149,0.1371,0.345,0.1079,0.129,0.1463,0.132,0.4298,0.472,0.4089,0.3978,0.0621,0.1661,0.1451,0.2159,0.203,-0.0047
Hmel218003o,7300001,7350000,7325075,49201,0.0244,0.0241,0.0246,0.0299,0.008,0.0207,0.0182,0.022,0.0237,0.0237,0.0238,0.0285,0.0349,0.0255,0.0254,0.0302,0.0308,0.0236,0.0289,0.0357,0.0268,0.0268,0.0314,0.032,0.0286,0.0347,0.0266,0.0262,0.0316,0.0323,0.036,0.0307,0.0306,0.0339,0.0343,0.0352,0.0371,0.0356,0.0362,0.0213,0.0274,0.0277,0.0296,0.0304,0.0225,-0.0119,-0.0137,0.0365,0.382,0.066,0.0941,0.1396,0.131,-0.0175,0.047,0.3953,0.0937,0.1257,0.1622,0.1532,0.0362,0.3767,0.0843,0.1073,0.161,0.1526,0.3493,0.1165,0.1459,0.1516,0.1371,0.4369,0.4953,0.4233,0.4075,0.0488,0.1315,0.1163,0.2025,0.1937,-0.007
Hmel218003o,7325001,7375000,7350196,49457,0.0231,0.0224,0.0221,0.0239,0.0068,0.0199,0.0179,0.0216,0.0231,0.0232,0.023,0.0259,0.0361,0.025,0.0255,0.0313,0.0318,0.0219,0.0254,0.036,0.0253,0.0255,0.032,0.0326,0.025,0.0353,0.0248,0.0247,0.0319,0.0323,0.0347,0.0269,0.0276,0.0318,0.0321,0.0356,0.0367,0.036,0.0363,0.0217,0.0281,0.0287,0.0304,0.0308,0.0228,0.01,0.01,0.0529,0.4309,0.0801,0.116,0.1765,0.1674,-0.0081,0.0509,0.4397,0.0952,0.1239,0.1956,0.1875,0.0475,0.4357,0.0888,0.1132,0.1982,0.187,0.4192,0.1158,0.1555,0.1769,0.1633,0.4713,0.5141,0.4508,0.4338,0.0735,0.1598,0.1522,0.2243,0.2131,0.0105
Hmel218003o,7350001,7400000,7375039,49798,0.0246,0.0249,0.0251,0.0246,0.0068,0.0222,0.0203,0.0235,0.024,0.0253,0.0256,0.0279,0.0384,0.0259,0.0265,0.0328,0.0337,0.0246,0.0269,0.0382,0.026,0.0264,0.0329,0.0338,0.027,0.0381,0.0261,0.0268,0.0335,0.0341,0.0371,0.028,0.0286,0.033,0.0334,0.0372,0.0392,0.0374,0.0382,0.0247,0.0307,0.0313,0.0327,0.0337,0.0241,0.0111,0.015,0.0663,0.436,0.054,0.088,0.1634,0.1704,-0.0092,0.043,0.4292,0.0522,0.0832,0.1609,0.1692,0.041,0.4245,0.0515,0.0869,0.167,0.1714,0.4369,0.0978,0.1344,0.1644,0.1636,0.4553,0.5031,0.4388,0.4402,0.0798,0.154,0.1589,0.2079,0.217,0.0078
Hmel218003o,7375001,7425000,7400032,49896,0.0259,0.0265,0.0267,0.0254,0.0074,0.0229,0.021,0.0216,0.0221,0.0261,0.0263,0.0283,0.0355,0.0257,0.0261,0.0308,0.0312,0.0264,0.0279,0.0362,0.0267,0.027,0.0318,0.0324,0.0281,0.0362,0.0264,0.0273,0.0323,0.0329,0.035,0.0287,0.0289,0.0317,0.032,0.0354,0.0366,0.0353,0.035,0.0243,0.0293,0.0296,0.0308,0.0314,0.0222,-0.0028,-0.0011,0.0507,0.3764,0.0287,0.057,0.1361,0.137,-0.0036,0.0357,0.3767,0.0414,0.0679,0.1465,0.1504,0.0365,0.3751,0.0335,0.0718,0.1518,0.1562,0.3949,0.095,0.1227,0.1606,0.159,0.4162,0.4577,0.4324,0.4221,0.0536,0.1437,0.1447,0.1916,0.1961,0.0074
Hmel218003o,7400001,7450000,7424941,49350,0.0237,0.024,0.0245,0.023,0.0065,0.0176,0.0194,0.0175,0.0188,0.0238,0.0241,0.0255,0.0296,0.0223,0.0237,0.0266,0.0266,0.024,0.025,0.0302,0.0238,0.0247,0.0282,0.0287,0.0253,0.0305,0.024,0.0249,0.0282,0.0287,0.0297,0.0257,0.0263,0.0277,0.0284,0.0297,0.0305,0.0303,0.0303,0.021,0.0247,0.0249,0.0257,0.0258,0.0185,-0.001,0.0,0.0432,0.3389,0.0404,0.0494,0.1353,0.1174,-0.0042,0.031,0.3438,0.071,0.0684,0.1614,0.1537,0.0305,0.3416,0.0693,0.0676,0.1556,0.1488,0.3715,0.1332,0.1191,0.1719,0.1641,0.4376,0.4196,0.449,0.4256,0.0678,0.1785,0.163,0.1749,0.1568,0.0113
Hmel218003o,7425001,7475000,7450227,49187,0.0217,0.0224,0.0237,0.0231,0.0056,0.0165,0.0195,0.0165,0.0181,0.0227,0.0228,0.0245,0.029,0.0221,0.0232,0.0252,0.0256,0.0228,0.0243,0.0296,0.0227,0.0239,0.0258,0.027,0.0247,0.0299,0.0228,0.0241,0.0255,0.0266,0.03,0.0249,0.0255,0.0267,0.0275,0.0284,0.0301,0.0296,0.0309,0.0214,0.022,0.0226,0.0243,0.0249,0.0177,0.0146,0.002,0.0511,0.3758,0.0782,0.0634,0.1474,0.1317,-0.0063,0.036,0.3735,0.0824,0.0689,0.1483,0.151,0.0259,0.3561,0.0665,0.0566,0.1248,0.1268,0.3903,0.1341,0.1007,0.1678,0.1592,0.4572,0.4277,0.4738,0.4612,0.0925,0.1533,0.1403,0.1576,0.1473,0.0111
Hmel218003o,7450001,7500000,7475043,49764,0.0231,0.0241,0.0244,0.0243,0.0078,0.0198,0.0202,0.0184,0.0192,0.0242,0.0243,0.026,0.033,0.025,0.0244,0.0277,0.0277,0.0241,0.0256,0.0334,0.0254,0.0249,0.0278,0.0284,0.0257,0.0335,0.0242,0.0244,0.0272,0.0277,0.0335,0.0271,0.0265,0.0293,0.0293,0.0325,0.0333,0.0325,0.0331,0.0222,0.0246,0.0248,0.0261,0.0264,0.0193,0.0133,0.0111,0.0507,0.3786,0.0817,0.0643,0.1514,0.1422,-0.0039,0.0284,0.3686,0.0774,0.0629,0.14,0.143,0.0266,0.3649,0.0474,0.0478,0.1262,0.1261,0.3843,0.1159,0.0991,0.1725,0.1629,0.4206,0.4244,0.441,0.4374,0.0561,0.1331,0.1265,0.1577,0.1541,0.0129
Hmel218003o,7475001,7525000,7500010,49918,0.0237,0.0247,0.0245,0.0242,0.0072,0.0215,0.0195,0.0205,0.0195,0.0248,0.0252,0.026,0.0352,0.0252,0.0253,0.0291,0.0292,0.0244,0.0255,0.0348,0.0258,0.0257,0.0297,0.0301,0.0258,0.035,0.0246,0.0244,0.0291,0.0293,0.034,0.027,0.0267,0.03,0.0298,0.034,0.0348,0.0332,0.034,0.0226,0.0264,0.0261,0.0272,0.0273,0.0203,0.0132,0.0231,0.0421,0.4053,0.0571,0.0839,0.1434,0.1571,-0.0044,0.0205,0.3872,0.0592,0.0812,0.1435,0.1618,0.0292,0.3933,0.0364,0.0553,0.135,0.15,0.4005,0.0912,0.1124,0.1574,0.1679,0.4226,0.4624,0.4276,0.4528,0.0531,0.1202,0.1284,0.1601,0.1765,0.0087
Hmel218003o,7500001,7550000,7524995,49959,0.0235,0.0245,0.0257,0.0237,0.006,0.0214,0.018,0.0212,0.0208,0.0248,0.0257,0.0264,0.0352,0.0253,0.0276,0.0309,0.0313,0.0246,0.0256,0.0347,0.025,0.0276,0.0313,0.0319,0.0261,0.0353,0.025,0.0268,0.0312,0.0318,0.0334,0.0266,0.0289,0.0312,0.0312,0.0335,0.0346,0.0333,0.0339,0.0234,0.0283,0.0285,0.0283,0.0292,0.0214,0.0179,0.0238,0.0592,0.4248,0.064,0.1496,0.1687,0.1812,-0.0112,0.0295,0.404,0.0449,0.1363,0.1639,0.1789,0.0252,0.3956,0.0323,0.1067,0.1496,0.1636,0.4182,0.0902,0.1781,0.1734,0.1798,0.4351,0.5007,0.4349,0.45,0.0901,0.1484,0.158,0.1909,0.2126,0.0103
Hmel218003o,7525001,7575000,7549869,47312,0.0214,0.0222,0.0225,0.0249,0.0069,0.0188,0.0166,0.0186,0.0203,0.0222,0.0228,0.0269,0.0304,0.0229,0.0259,0.0285,0.0288,0.0219,0.0257,0.0299,0.0223,0.0256,0.0285,0.029,0.0263,0.0304,0.0221,0.025,0.0287,0.0292,0.0321,0.0272,0.0303,0.0312,0.0315,0.0293,0.0311,0.0302,0.0303,0.0208,0.0269,0.0273,0.0264,0.0276,0.0203,0.0103,0.0218,0.0866,0.3801,0.0691,0.1628,0.1854,0.1699,-0.0104,0.0529,0.3599,0.0446,0.1467,0.1756,0.162,0.0588,0.3637,0.0376,0.1295,0.1741,0.1623,0.3728,0.1262,0.2083,0.1956,0.1773,0.4069,0.4681,0.4208,0.3948,0.0861,0.189,0.1751,0.21,0.2089,0.0206
Hmel218003o,7550001,7600000,7576275,47299,0.0192,0.0208,0.0201,0.0244,0.0074,0.0157,0.0155,0.0187,0.0204,0.0205,0.0202,0.0257,0.0287,0.0216,0.0223,0.0271,0.0276,0.0205,0.0251,0.0287,0.0215,0.0227,0.0276,0.0282,0.0254,0.0295,0.0212,0.0214,0.0278,0.0285,0.0314,0.0273,0.0273,0.0299,0.0304,0.0289,0.0304,0.0293,0.0298,0.019,0.0254,0.0257,0.027,0.0276,0.0198,0.0125,0.0148,0.0969,0.3814,0.1117,0.1326,0.1862,0.173,0.0008,0.0622,0.3563,0.087,0.1188,0.1754,0.1642,0.079,0.3791,0.0879,0.0975,0.1877,0.1776,0.3635,0.1756,0.1795,0.1792,0.1645,0.4432,0.4682,0.399,0.3787,0.1024,0.2038,0.1833,0.2364,0.222,0.0068
Hmel218003o,7575001,7625000,7599424,48449,0.0181,0.0205,0.0205,0.0211,0.0058,0.0152,0.0121,0.0188,0.0199,0.02,0.0199,0.0247,0.0313,0.0236,0.0242,0.0293,0.0304,0.0202,0.0238,0.0314,0.0232,0.0241,0.0292,0.0303,0.0244,0.0325,0.0236,0.0237,0.0298,0.0311,0.0319,0.0268,0.0266,0.0297,0.0302,0.0317,0.033,0.0313,0.0322,0.0184,0.0253,0.0254,0.0271,0.0275,0.0193,0.0183,0.0161,0.1267,0.4637,0.1836,0.2441,0.2393,0.2429,-0.0072,0.0716,0.4251,0.1368,0.204,0.2066,0.2096,0.0836,0.439,0.1467,0.1941,0.2168,0.2223,0.4382,0.2113,0.2574,0.2084,0.2,0.518,0.5891,0.4523,0.444,0.1564,0.2069,0.1912,0.2881,0.2775,-0.0001
Hmel218003o,7600001,7650000,7625112,46259,0.0154,0.0178,0.0181,0.0216,0.0046,0.0145,0.0094,0.0153,0.0169,0.0169,0.0174,0.0258,0.0314,0.0214,0.0275,0.0298,0.0316,0.0176,0.025,0.0313,0.0212,0.0269,0.0295,0.0309,0.0257,0.0318,0.021,0.0262,0.0295,0.031,0.032,0.0276,0.0294,0.0294,0.0301,0.0306,0.0327,0.0313,0.0316,0.0186,0.0249,0.0254,0.0221,0.0229,0.0164,0.0103,0.0228,0.1834,0.5323,0.1883,0.3955,0.3345,0.3378,-0.0097,0.1317,0.4884,0.1436,0.3436,0.2946,0.2939,0.1416,0.4906,0.1354,0.3271,0.2913,0.2918,0.4526,0.2298,0.3399,0.2484,0.2365,0.5405,0.6622,0.5331,0.508,0.2312,0.2648,0.2483,0.2963,0.2844,0.011
Hmel218003o,7625001,7675000,7651078,47777,0.0124,0.013,0.0146,0.0239,0.0045,0.0086,0.0093,0.0144,0.016,0.013,0.0139,0.0267,0.0318,0.0215,0.0317,0.0346,0.0353,0.0138,0.0266,0.0316,0.0217,0.0316,0.0348,0.0351,0.0275,0.0323,0.0196,0.0289,0.034,0.0342,0.0332,0.031,0.0336,0.0335,0.0338,0.0333,0.0343,0.0335,0.0336,0.0168,0.0261,0.0265,0.019,0.0194,0.0155,0.0151,0.0176,0.2204,0.5965,0.3594,0.5058,0.4582,0.443,0.0013,0.2087,0.5829,0.3513,0.494,0.4509,0.4329,0.2012,0.5597,0.271,0.4303,0.4176,0.3978,0.4367,0.346,0.3681,0.2957,0.2788,0.6859,0.6787,0.5755,0.5489,0.3171,0.4048,0.3823,0.242,0.2215,0.011
Hmel218003o,7650001,7700000,7674595,48582,0.0112,0.0101,0.013,0.0221,0.0038,0.0096,0.0067,0.0132,0.0135,0.0111,0.0124,0.0241,0.0283,0.0244,0.0331,0.0357,0.0352,0.0114,0.0245,0.0279,0.0247,0.0337,0.0359,0.0354,0.025,0.0288,0.022,0.0301,0.0337,0.0333,0.0314,0.0311,0.034,0.0345,0.0342,0.033,0.0345,0.0336,0.0336,0.013,0.0213,0.0212,0.0154,0.0154,0.0135,0.0227,0.0123,0.2131,0.5965,0.4185,0.5898,0.5081,0.4971,-0.0049,0.2399,0.6174,0.445,0.6159,0.527,0.5175,0.2005,0.563,0.3333,0.5213,0.4562,0.4464,0.4516,0.3527,0.4353,0.3455,0.3373,0.6756,0.7469,0.6122,0.6066,0.24,0.3159,0.3092,0.2269,0.2194,0.0081
Hmel218003o,7675001,7725000,7700300,48498,0.0171,0.0153,0.0186,0.0212,0.0041,0.0156,0.0057,0.0158,0.0156,0.0165,0.0176,0.0236,0.0307,0.0275,0.0317,0.0331,0.0322,0.0167,0.0249,0.0308,0.0287,0.0342,0.0342,0.0337,0.0244,0.0307,0.0261,0.0301,0.0312,0.0309,0.0319,0.0306,0.0328,0.033,0.0326,0.0326,0.0355,0.0339,0.034,0.0139,0.0197,0.0198,0.0178,0.0178,0.0153,0.0111,-0.0069,0.1183,0.5034,0.268,0.4875,0.3509,0.3416,-0.0062,0.1731,0.539,0.3146,0.5474,0.391,0.387,0.1107,0.4763,0.219,0.44,0.303,0.301,0.4659,0.2669,0.4495,0.2989,0.2961,0.5536,0.7703,0.5636,0.5676,0.1407,0.1215,0.1259,0.2609,0.2642,-0.0149
Hmel218003o,7700001,7750000,7725018,49916,0.0156,0.0142,0.0179,0.0218,0.004,0.0103,0.008,0.0152,0.0155,0.0149,0.0163,0.0232,0.0358,0.0218,0.0224,0.0263,0.0257,0.016,0.0237,0.0365,0.0239,0.0251,0.0275,0.027,0.023,0.0359,0.022,0.0227,0.0258,0.0253,0.0373,0.027,0.028,0.0282,0.0274,0.0346,0.0361,0.0355,0.0359,0.0118,0.0183,0.0182,0.02,0.0196,0.0151,-0.0007,-0.0146,0.127,0.5858,0.2674,0.3241,0.2733,0.2578,-0.003,0.1604,0.6168,0.3359,0.403,0.3172,0.3037,0.0864,0.5486,0.2291,0.2854,0.23,0.216,0.5164,0.284,0.3395,0.2275,0.2094,0.6715,0.7291,0.59,0.5887,0.1347,0.1882,0.1802,0.2794,0.2634,-0.0067
Hmel218003o,7725001,7775000,7749945,49828,0.0125,0.0112,0.014,0.0219,0.0036,0.007,0.0086,0.0134,0.0134,0.0115,0.0129,0.0216,0.0351,0.0166,0.0163,0.0218,0.0216,0.0125,0.0209,0.0355,0.0186,0.0179,0.0228,0.0225,0.0206,0.0354,0.0171,0.017,0.0216,0.0212,0.0379,0.0241,0.0243,0.0255,0.025,0.0346,0.0352,0.0353,0.0355,0.01,0.0163,0.0157,0.0183,0.0177,0.0135,-0.0138,-0.0134,0.1416,0.6425,0.2738,0.2252,0.2683,0.2628,-0.0055,0.1468,0.6698,0.3563,0.2986,0.312,0.3058,0.0915,0.6172,0.2512,0.2098,0.2343,0.2248,0.5262,0.2886,0.2628,0.2061,0.1957,0.7474,0.7176,0.628,0.6295,0.1304,0.2426,0.2218,0.2603,0.2456,0.0049
Hmel218003o,7750001,7800000,7775008,49730,0.0189,0.0169,0.0192,0.0252,0.0039,0.011,0.0082,0.0187,0.0181,0.0178,0.0186,0.0264,0.0373,0.0245,0.0245,0.0298,0.0292,0.0182,0.0262,0.0379,0.0262,0.0263,0.0311,0.0307,0.0265,0.0375,0.0239,0.0242,0.029,0.0288,0.0387,0.0311,0.0312,0.0332,0.0331,0.0379,0.0381,0.0373,0.0372,0.0122,0.0231,0.0216,0.0229,0.022,0.0185,-0.0035,-0.0131,0.1059,0.5478,0.254,0.3004,0.2375,0.2365,0.0036,0.1309,0.5853,0.3199,0.3681,0.2848,0.2869,0.1046,0.5447,0.2386,0.2909,0.2208,0.2251,0.4869,0.2961,0.339,0.222,0.2288,0.6861,0.7386,0.5502,0.5599,0.1278,0.2288,0.206,0.2719,0.2639,0.0027
Hmel218003o,7775001,7825000,7800026,49902,0.0222,0.0198,0.0228,0.0264,0.0057,0.0161,0.0115,0.0211,0.021,0.0217,0.0221,0.0291,0.0385,0.0295,0.0308,0.0354,0.0357,0.0215,0.0291,0.0401,0.0309,0.0322,0.0374,0.0377,0.0297,0.0389,0.0286,0.029,0.0352,0.036,0.0402,0.0346,0.0347,0.0385,0.0392,0.0391,0.0394,0.0384,0.0389,0.0159,0.0277,0.0278,0.0278,0.0282,0.0214,0.0183,-0.0079,0.1023,0.4849,0.223,0.3067,0.2537,0.2579,0.0057,0.1315,0.5346,0.2778,0.3606,0.3067,0.3119,0.1042,0.4806,0.2003,0.2702,0.244,0.2555,0.4622,0.2613,0.324,0.2517,0.2617,0.5798,0.6571,0.4994,0.5057,0.0747,0.206,0.2084,0.2739,0.2818,0.0095
Hmel218003o,7800001,7850000,7825000,50000,0.0211,0.019,0.022,0.0264,0.0063,0.0202,0.014,0.0203,0.0211,0.0205,0.0216,0.0266,0.0398,0.0275,0.0301,0.0328,0.034,0.021,0.0262,0.0406,0.0282,0.0303,0.034,0.0356,0.0274,0.0403,0.0263,0.0272,0.0326,0.0342,0.0414,0.0317,0.0333,0.0359,0.0369,0.04,0.0413,0.0393,0.0402,0.0198,0.0266,0.0283,0.0279,0.0302,0.0211,0.0112,0.0004,0.0698,0.5041,0.1511,0.2756,0.2366,0.2451,0.013,0.0894,0.5413,0.1891,0.3075,0.2805,0.2925,0.0734,0.4971,0.1169,0.2135,0.2245,0.2383,0.4659,0.1701,0.2716,0.229,0.2319,0.52,0.6207,0.5111,0.5088,0.0773,0.1443,0.1654,0.2502,0.2772,0.0109
Hmel218003o,7825001,7875000,7849935,49170,0.0212,0.0199,0.0219,0.0269,0.0051,0.0233,0.0163,0.0202,0.0217,0.0204,0.0215,0.027,0.0419,0.0296,0.0321,0.0345,0.0353,0.0212,0.0276,0.0419,0.0298,0.0321,0.0347,0.036,0.0282,0.042,0.0278,0.0289,0.0331,0.0343,0.0426,0.0337,0.0373,0.0373,0.0375,0.0418,0.0436,0.0408,0.0416,0.0224,0.0266,0.0278,0.0274,0.0296,0.0214,-0.0038,-0.0006,0.0726,0.5385,0.1504,0.2749,0.2616,0.2573,0.0072,0.0999,0.5576,0.1697,0.2929,0.2811,0.2806,0.0857,0.5293,0.1102,0.2145,0.2334,0.2346,0.4861,0.1576,0.2893,0.2423,0.2288,0.5095,0.6215,0.5417,0.5293,0.0666,0.1053,0.1116,0.2096,0.2291,0.0113
Hmel218003o,7850001,7900000,7875298,48838,0.0226,0.0222,0.0231,0.026,0.0049,0.0206,0.0177,0.0203,0.0212,0.0226,0.0228,0.0277,0.0386,0.0299,0.0297,0.0337,0.0345,0.0222,0.0282,0.0391,0.0303,0.03,0.034,0.0348,0.0283,0.0385,0.028,0.0277,0.032,0.0331,0.0392,0.0342,0.0354,0.0362,0.0368,0.0387,0.0399,0.0371,0.0384,0.0215,0.0259,0.027,0.027,0.0284,0.0215,0.0026,-0.0016,0.0756,0.4909,0.1684,0.2015,0.2331,0.2346,-0.0106,0.0883,0.5014,0.1814,0.2119,0.2418,0.2433,0.0797,0.4836,0.1295,0.1599,0.2022,0.2083,0.4695,0.2045,0.257,0.2361,0.2336,0.5204,0.5753,0.5103,0.5093,0.0615,0.1235,0.1342,0.1839,0.198,0.0185
Hmel218003o,7875001,7925000,7899779,47993,0.0232,0.0232,0.0241,0.0244,0.0078,0.0157,0.0151,0.0185,0.0182,0.0235,0.0238,0.027,0.036,0.0269,0.0278,0.0291,0.0297,0.0233,0.0268,0.0366,0.0277,0.0285,0.0295,0.0304,0.0274,0.0361,0.0248,0.0256,0.0275,0.0282,0.0362,0.0313,0.0323,0.0321,0.0329,0.0365,0.0381,0.0354,0.0364,0.0182,0.0232,0.0236,0.0251,0.0254,0.0192,0.0068,0.0043,0.0688,0.4143,0.17,0.195,0.175,0.1893,-0.0089,0.0646,0.4218,0.1847,0.2072,0.1819,0.2004,0.0628,0.4026,0.1155,0.1406,0.1334,0.1514,0.4152,0.2416,0.2647,0.2166,0.2314,0.5295,0.5547,0.4749,0.4906,0.0907,0.161,0.1742,0.2101,0.22,0.0248
Hmel218003o,7900001,7950000,7924642,44542,0.0254,0.0254,0.0269,0.024,0.0101,0.0142,0.0118,0.0175,0.0163,0.0256,0.0265,0.0303,0.0387,0.0311,0.0341,0.0334,0.0336,0.0257,0.0301,0.0387,0.0318,0.0349,0.0335,0.034,0.0305,0.0384,0.0277,0.0297,0.0303,0.0305,0.0382,0.0348,0.0371,0.0346,0.035,0.0391,0.0408,0.0381,0.0384,0.0148,0.0235,0.0228,0.0232,0.0226,0.0175,0.0039,0.0066,0.1033,0.387,0.2335,0.3077,0.2302,0.2462,-0.0105,0.0991,0.3869,0.2431,0.3175,0.2306,0.2507,0.088,0.3645,0.1565,0.2208,0.1636,0.1786,0.4102,0.3135,0.3731,0.2688,0.2882,0.5422,0.5923,0.4853,0.5044,0.0689,0.205,0.2082,0.2379,0.2436,0.0172
Hmel218003o,7925001,7975000,7951119,45434,0.0248,0.0251,0.0275,0.0248,0.0074,0.0186,0.0097,0.0198,0.0194,0.0246,0.0263,0.0312,0.0391,0.0313,0.0355,0.0364,0.0365,0.0257,0.0306,0.0391,0.0317,0.0358,0.0369,0.037,0.031,0.0385,0.0293,0.0313,0.0344,0.0343,0.0389,0.0341,0.0366,0.0365,0.0362,0.0386,0.0393,0.0371,0.0378,0.018,0.0266,0.0264,0.0252,0.0247,0.0204,-0.0075,0.0019,0.1194,0.4317,0.1899,0.361,0.252,0.2588,-0.0132,0.1054,0.4279,0.1941,0.3607,0.2559,0.2619,0.0837,0.391,0.1265,0.2663,0.1941,0.1979,0.4433,0.2385,0.3876,0.2555,0.2572,0.5119,0.6566,0.4789,0.4928,0.1268,0.1699,0.1719,0.2733,0.272,0.0225
Hmel218003o,7950001,8000000,7975326,48981,0.025,0.0247,0.0257,0.0261,0.0067,0.0206,0.0105,0.0212,0.0202,0.0243,0.0254,0.0315,0.0395,0.0273,0.0305,0.0376,0.0375,0.0245,0.03,0.0396,0.0274,0.0306,0.038,0.0377,0.0302,0.0389,0.0267,0.028,0.0367,0.0364,0.0385,0.0315,0.0339,0.0365,0.036,0.0382,0.0378,0.0376,0.038,0.0197,0.0315,0.0313,0.0309,0.0302,0.0216,-0.0106,0.0007,0.1114,0.4426,0.0962,0.2762,0.2512,0.2601,-0.0152,0.0896,0.4479,0.1014,0.2825,0.259,0.2663,0.082,0.427,0.0755,0.2246,0.2324,0.2386,0.4353,0.1633,0.3302,0.2291,0.2339,0.4886,0.6427,0.475,0.493,0.1237,0.2135,0.222,0.3365,0.34,0.0227
Hmel218003o,7975001,8025000,7999817,48449,0.0248,0.0237,0.0224,0.028,0.0062,0.0173,0.014,0.0208,0.0198,0.0242,0.0239,0.031,0.0395,0.0242,0.0246,0.0372,0.0365,0.0227,0.0294,0.0392,0.0242,0.0248,0.0374,0.0366,0.0295,0.039,0.0225,0.0229,0.0361,0.0354,0.0388,0.0306,0.0313,0.037,0.0366,0.0375,0.0377,0.0388,0.0388,0.0175,0.0323,0.0322,0.0333,0.0327,0.0206,-0.0005,0.0071,0.0892,0.4527,0.0737,0.125,0.2513,0.2533,-0.0081,0.075,0.4647,0.0874,0.144,0.2668,0.2674,0.0927,0.4804,0.0669,0.1213,0.2638,0.2654,0.4237,0.1728,0.2278,0.2223,0.2288,0.5383,0.593,0.5,0.5145,0.0584,0.2694,0.2806,0.3278,0.3331,0.0079
Hmel218003o,8000001,8050000,8025408,48684,0.0208,0.0207,0.0206,0.0256,0.0044,0.0183,0.014,0.0186,0.0202,0.0209,0.021,0.027,0.0367,0.0231,0.0238,0.0311,0.0312,0.0206,0.0262,0.0367,0.0231,0.0233,0.0311,0.0314,0.0275,0.0369,0.0228,0.0228,0.0313,0.0317,0.0374,0.0294,0.0298,0.0338,0.034,0.0355,0.0366,0.0358,0.0362,0.019,0.0261,0.0265,0.0259,0.0265,0.0197,0.0037,0.0071,0.0878,0.5062,0.0884,0.1654,0.2361,0.2184,-0.0015,0.0741,0.5074,0.0889,0.1554,0.2373,0.2229,0.1004,0.5111,0.085,0.1457,0.2419,0.2288,0.4624,0.1631,0.2297,0.227,0.2098,0.5324,0.6148,0.5303,0.5096,0.0848,0.1806,0.1661,0.2382,0.2279,0.0071
Hmel218003o,8025001,8075000,8050000,49998,0.0181,0.0173,0.0186,0.0209,0.0057,0.016,0.0087,0.017,0.0185,0.0178,0.0185,0.0223,0.033,0.0221,0.0236,0.0272,0.0281,0.0182,0.0211,0.0336,0.0221,0.0231,0.0271,0.0282,0.0228,0.0332,0.0225,0.0223,0.028,0.0292,0.0339,0.0256,0.027,0.0288,0.0295,0.0335,0.0345,0.0327,0.0332,0.0152,0.0228,0.0233,0.022,0.0229,0.0181,0.004,0.0061,0.0778,0.4869,0.1353,0.2901,0.2268,0.2231,0.0074,0.0623,0.5065,0.1476,0.2922,0.2358,0.2351,0.0818,0.4816,0.1388,0.2542,0.2344,0.2352,0.4668,0.1789,0.3241,0.2203,0.2115,0.5265,0.6703,0.5003,0.4822,0.1087,0.1676,0.1568,0.2755,0.2684,0.0091
Hmel218003o,8050001,8100000,8074980,49942,0.0199,0.0183,0.0199,0.0205,0.0065,0.0162,0.0101,0.0192,0.0199,0.0192,0.0198,0.0228,0.0323,0.0221,0.0228,0.0287,0.0294,0.0191,0.0211,0.0329,0.0228,0.0232,0.0289,0.0299,0.022,0.033,0.0227,0.0224,0.0297,0.0306,0.0327,0.0249,0.0258,0.0292,0.0301,0.0326,0.0335,0.0319,0.0321,0.016,0.0253,0.0259,0.0264,0.0269,0.0197,0.0042,-0.0014,0.0647,0.4365,0.1062,0.2181,0.1995,0.2032,-0.0003,0.0493,0.468,0.1455,0.2517,0.2241,0.2306,0.0463,0.4439,0.1193,0.2085,0.2167,0.2219,0.446,0.1665,0.2846,0.2007,0.205,0.4989,0.6183,0.4416,0.4325,0.1036,0.1851,0.1869,0.3002,0.2969,0.0025
Hmel218003o,8075001,8125000,8100008,49942,0.024,0.0227,0.0235,0.0241,0.0064,0.022,0.0157,0.0236,0.0233,0.0235,0.0239,0.0278,0.0361,0.0247,0.0241,0.0339,0.034,0.0226,0.0261,0.036,0.026,0.0252,0.0348,0.035,0.0269,0.0366,0.026,0.0252,0.035,0.035,0.0367,0.0294,0.0294,0.0352,0.0355,0.0351,0.0362,0.0351,0.0352,0.0219,0.031,0.0312,0.033,0.0332,0.0233,0.0037,0.0019,0.0766,0.423,0.0379,0.1028,0.1839,0.1895,-0.0121,0.0599,0.4401,0.0812,0.1428,0.2119,0.2183,0.0644,0.4346,0.0706,0.1314,0.2051,0.2092,0.4442,0.1297,0.2145,0.2,0.2085,0.4394,0.5475,0.417,0.4219,0.0812,0.1618,0.1676,0.2661,0.2721,-0.0044
Hmel218003o,8100001,8150000,8124989,49925,0.0253,0.0229,0.0237,0.0267,0.0068,0.0221,0.0182,0.0242,0.0232,0.0241,0.0244,0.0289,0.0373,0.0261,0.0256,0.033,0.0331,0.0226,0.0271,0.0372,0.0271,0.0259,0.0348,0.0346,0.0282,0.0367,0.0269,0.0255,0.0341,0.0339,0.0386,0.0316,0.0308,0.0367,0.0365,0.0367,0.0373,0.0372,0.0373,0.0225,0.0297,0.0298,0.0323,0.0324,0.0233,0.0,-0.0016,0.0583,0.4135,0.0504,0.0858,0.1506,0.162,-0.0166,0.0551,0.4452,0.0981,0.1224,0.2043,0.2114,0.0653,0.428,0.0842,0.1041,0.1857,0.1924,0.4285,0.1412,0.1783,0.1927,0.2002,0.4504,0.5144,0.4282,0.4419,0.0586,0.1313,0.1434,0.2189,0.2325,-0.008
Hmel218003o,8125001,8175000,8150023,49906,0.0259,0.0235,0.0253,0.0269,0.0087,0.0224,0.0191,0.0245,0.0248,0.0252,0.0254,0.029,0.0369,0.0264,0.0264,0.0338,0.0338,0.0241,0.0277,0.0375,0.0279,0.0273,0.0352,0.0353,0.0286,0.0369,0.027,0.0257,0.0344,0.0344,0.0377,0.0315,0.0311,0.037,0.0365,0.0372,0.0376,0.037,0.0372,0.0233,0.031,0.031,0.0335,0.0336,0.0245,0.0103,-0.005,0.0495,0.3763,0.048,0.0837,0.1532,0.1505,-0.0064,0.0554,0.4149,0.1038,0.1296,0.1996,0.1974,0.0492,0.3836,0.0647,0.0769,0.1693,0.1662,0.3902,0.1335,0.1675,0.1903,0.1802,0.4266,0.4756,0.3961,0.3944,0.0606,0.146,0.1441,0.222,0.2203,-0.0029
Hmel218003o,8150001,8200000,8174792,48812,0.0256,0.0242,0.0253,0.0253,0.0104,0.0208,0.0184,0.0245,0.0262,0.0255,0.0256,0.0278,0.038,0.0251,0.0257,0.0344,0.0346,0.0249,0.0265,0.0389,0.0273,0.0275,0.0352,0.0359,0.0273,0.0386,0.026,0.0255,0.0349,0.0353,0.0372,0.0294,0.0296,0.0347,0.0348,0.0381,0.0393,0.0377,0.0379,0.0224,0.0328,0.033,0.0347,0.0349,0.0253,0.0125,0.0031,0.0454,0.3718,0.0408,0.0828,0.1652,0.1518,0.004,0.0392,0.3995,0.1021,0.1344,0.1918,0.1853,0.0393,0.3828,0.0647,0.0833,0.1758,0.1649,0.3803,0.1339,0.1698,0.1727,0.1538,0.4347,0.4797,0.3818,0.3635,0.0706,0.1924,0.1767,0.2482,0.2325,-0.0004
Hmel218003o,8175001,8225000,8200312,48262,0.0248,0.0244,0.0245,0.0246,0.0076,0.0181,0.018,0.0225,0.0239,0.0244,0.0245,0.0262,0.0363,0.0248,0.0254,0.0315,0.0323,0.0242,0.0254,0.0373,0.0259,0.0257,0.0327,0.034,0.0262,0.0369,0.0255,0.0255,0.0328,0.0338,0.0353,0.0283,0.0277,0.0314,0.0323,0.0365,0.0373,0.0357,0.0358,0.0213,0.0297,0.0308,0.0316,0.0323,0.0233,-0.0043,-0.0033,0.0312,0.3975,0.0761,0.0891,0.1499,0.148,-0.0049,0.0205,0.4144,0.1039,0.1007,0.1739,0.1785,0.0337,0.409,0.095,0.0949,0.1735,0.1748,0.4053,0.158,0.148,0.1524,0.1487,0.4949,0.5045,0.4219,0.4033,0.0867,0.1977,0.1987,0.2298,0.2237,0.0014
Hmel218003o,8200001,8250000,8225215,49426,0.025,0.0243,0.0242,0.0249,0.0083,0.0215,0.018,0.0228,0.0232,0.0244,0.0245,0.0266,0.0355,0.0255,0.0264,0.0316,0.0323,0.0239,0.0261,0.0359,0.0254,0.026,0.0328,0.0332,0.0263,0.0361,0.0256,0.0265,0.0326,0.0333,0.0349,0.0283,0.0283,0.0324,0.0325,0.0349,0.0357,0.0346,0.0347,0.0237,0.0294,0.0302,0.0315,0.0317,0.0231,-0.0057,-0.0023,0.0328,0.3758,0.05,0.1074,0.1462,0.153,-0.0081,0.0311,0.3906,0.0548,0.1077,0.1739,0.1739,0.0384,0.3951,0.0617,0.1209,0.1712,0.1785,0.3864,0.1096,0.1558,0.1612,0.1581,0.4178,0.4766,0.3953,0.3901,0.0954,0.1497,0.1574,0.225,0.2226,0.0032
Hmel218003o,8225001,8275000,8249992,49954,0.0251,0.0236,0.0243,0.0236,0.0088,0.0235,0.0155,0.0235,0.0246,0.0245,0.025,0.0272,0.0388,0.0247,0.026,0.0334,0.0338,0.0237,0.0258,0.0389,0.0249,0.0256,0.0338,0.0338,0.0259,0.0396,0.0256,0.0266,0.0342,0.0348,0.0369,0.0277,0.028,0.0333,0.0332,0.0369,0.0387,0.0368,0.0372,0.0244,0.031,0.0312,0.0331,0.033,0.024,0.0025,0.0064,0.0556,0.4072,0.0082,0.1295,0.166,0.1619,-0.0055,0.0468,0.4274,0.0295,0.1418,0.1878,0.1776,0.0396,0.4256,0.0364,0.1516,0.1869,0.1834,0.4188,0.0858,0.1999,0.1782,0.1634,0.4066,0.5389,0.406,0.3966,0.1189,0.1455,0.1373,0.2709,0.2573,-0.0006
Hmel218003o,8250001,8300000,8274946,49642,0.0253,0.0238,0.0246,0.0221,0.0066,0.0223,0.0126,0.0228,0.0242,0.0249,0.0254,0.0271,0.0378,0.024,0.0264,0.0328,0.033,0.0243,0.0258,0.038,0.025,0.0266,0.0334,0.0335,0.0257,0.0388,0.0257,0.0282,0.0346,0.0347,0.0357,0.0271,0.0285,0.0324,0.0321,0.0368,0.0396,0.0367,0.0372,0.0224,0.0303,0.0303,0.0321,0.0324,0.0231,0.0059,0.0084,0.0629,0.4219,0.0048,0.1723,0.163,0.1505,0.0018,0.056,0.4435,0.0433,0.198,0.1871,0.1737,0.044,0.4421,0.0482,0.2162,0.1976,0.1838,0.4551,0.1019,0.2675,0.1861,0.1646,0.4519,0.6248,0.444,0.4299,0.1323,0.1543,0.1388,0.3032,0.2884,-0.0094
Hmel218003o,8275001,8325000,8300085,49621,0.0272,0.0261,0.0271,0.0247,0.008,0.0227,0.0168,0.0222,0.0234,0.0266,0.027,0.029,0.0347,0.0266,0.029,0.0316,0.0317,0.0267,0.0278,0.0355,0.0277,0.0301,0.0334,0.0331,0.0282,0.0359,0.0279,0.0307,0.0336,0.0334,0.035,0.0298,0.0325,0.0334,0.0326,0.0344,0.0363,0.0343,0.0342,0.0224,0.0282,0.0284,0.0299,0.0306,0.0224,-0.0019,-0.0024,0.0541,0.341,0.0354,0.1454,0.1307,0.1189,0.0022,0.044,0.3664,0.0679,0.1781,0.1696,0.1529,0.0405,0.3581,0.061,0.1758,0.1628,0.1467,0.3957,0.1228,0.242,0.1866,0.1591,0.3991,0.507,0.4044,0.3857,0.0686,0.1218,0.1102,0.222,0.2176,-0.01
Hmel218003o,8300001,8350000,8325021,49932,0.0241,0.0219,0.0229,0.0275,0.0112,0.0195,0.0174,0.0195,0.0204,0.0231,0.0234,0.0288,0.0339,0.0251,0.0269,0.0308,0.0314,0.0221,0.0269,0.0351,0.0262,0.0284,0.0328,0.0328,0.0279,0.0351,0.0255,0.0276,0.0317,0.0319,0.0355,0.0307,0.0328,0.0338,0.0335,0.0339,0.0352,0.0339,0.0345,0.0195,0.0252,0.0266,0.0259,0.0273,0.0203,0.0011,-0.0031,0.0629,0.3289,0.0745,0.1369,0.1799,0.1785,-0.0066,0.0562,0.374,0.1237,0.193,0.2373,0.2263,0.0623,0.3613,0.0981,0.1656,0.2091,0.2018,0.3262,0.1515,0.2103,0.1984,0.1831,0.3912,0.4391,0.3914,0.3862,0.0309,0.1335,0.1495,0.1782,0.191,0.0076
Hmel218003o,8325001,8375000,8350002,49994,0.0229,0.0198,0.0204,0.0285,0.0106,0.0177,0.0176,0.0168,0.0173,0.0215,0.0215,0.0289,0.0327,0.0232,0.0244,0.0289,0.0297,0.0198,0.0263,0.0331,0.0243,0.0257,0.0305,0.031,0.0279,0.0331,0.0228,0.0244,0.0291,0.0295,0.0357,0.0306,0.0317,0.0343,0.0347,0.033,0.034,0.033,0.0342,0.0176,0.0235,0.0247,0.0241,0.025,0.0174,0.0037,-0.0048,0.0718,0.3363,0.0713,0.0981,0.195,0.2023,-0.0071,0.0629,0.3853,0.1371,0.1677,0.2626,0.2628,0.0839,0.3763,0.0958,0.1315,0.2313,0.2315,0.3255,0.1648,0.1826,0.229,0.2296,0.4145,0.4292,0.4284,0.4354,-0.0008,0.1625,0.1805,0.1759,0.1876,0.0098
Hmel218003o,8350001,8400000,8375000,49997,0.0252,0.0237,0.0259,0.0278,0.0084,0.0205,0.0216,0.0198,0.0201,0.0248,0.0256,0.0301,0.0339,0.0246,0.0257,0.0308,0.031,0.0248,0.0279,0.0343,0.0264,0.0269,0.0326,0.0329,0.03,0.0343,0.0256,0.0262,0.0321,0.0324,0.0372,0.0308,0.0319,0.0357,0.0361,0.0335,0.0345,0.0343,0.0347,0.0212,0.028,0.0281,0.0292,0.0292,0.0197,0.0078,0.0018,0.0704,0.3519,0.0394,0.0499,0.1651,0.1652,-0.0004,0.0501,0.3769,0.0926,0.0906,0.2101,0.2118,0.0622,0.3478,0.0513,0.052,0.1786,0.18,0.379,0.1379,0.1422,0.2189,0.2211,0.4123,0.4094,0.4324,0.4339,0.0043,0.1716,0.1705,0.1801,0.1757,-0.0054
Hmel218003o,8375001,8425000,8399973,49924,0.0257,0.025,0.0271,0.0284,0.0072,0.0213,0.0222,0.0247,0.0248,0.0257,0.0271,0.0296,0.0364,0.0253,0.0257,0.0336,0.0334,0.0259,0.0283,0.0364,0.0276,0.0268,0.0351,0.035,0.0295,0.0374,0.0283,0.0275,0.0363,0.0364,0.0384,0.0307,0.031,0.0367,0.0365,0.0353,0.0367,0.0371,0.0367,0.0236,0.031,0.0307,0.0333,0.0329,0.0245,0.0083,0.014,0.0517,0.3925,0.0397,0.0367,0.1506,0.1463,-0.0025,0.0373,0.4025,0.0939,0.0682,0.1807,0.1779,0.0344,0.3867,0.0841,0.0589,0.1771,0.1779,0.4023,0.1225,0.1161,0.1724,0.1691,0.4409,0.4439,0.4145,0.409,0.0437,0.1568,0.1507,0.1831,0.1769,-0.0057
Hmel218003o,8400001,8450000,8425008,49920,0.0244,0.0239,0.0243,0.0297,0.0072,0.0216,0.0206,0.0233,0.0229,0.0245,0.0247,0.0293,0.0342,0.0249,0.0246,0.0312,0.0306,0.0236,0.0292,0.0354,0.0275,0.0255,0.0336,0.0329,0.0292,0.0363,0.0279,0.026,0.0342,0.0337,0.0368,0.0315,0.0306,0.0362,0.0354,0.0337,0.0353,0.034,0.0336,0.0234,0.0284,0.0277,0.0316,0.0312,0.0226,0.008,0.0089,0.053,0.3827,0.0434,0.0474,0.1408,0.1353,-0.0107,0.0566,0.4041,0.1008,0.072,0.1841,0.1787,0.05,0.4096,0.1029,0.0778,0.1887,0.1852,0.3697,0.1201,0.1184,0.17,0.1629,0.4157,0.4501,0.3946,0.3962,0.0546,0.1238,0.115,0.1894,0.1888,-0.0111
Hmel218003o,8425001,8475000,8449879,49142,0.0223,0.0213,0.0214,0.0269,0.006,0.02,0.0185,0.0201,0.0196,0.0224,0.0222,0.0275,0.0342,0.0232,0.0244,0.0279,0.0273,0.0213,0.0279,0.0359,0.0249,0.0247,0.0302,0.0294,0.0275,0.0359,0.0252,0.0249,0.0298,0.0291,0.0365,0.029,0.0295,0.0322,0.0318,0.0335,0.0353,0.0326,0.033,0.0218,0.0259,0.0252,0.0277,0.0272,0.0196,0.0149,0.0079,0.0685,0.4308,0.0503,0.0946,0.1457,0.1395,-0.002,0.0866,0.4653,0.0984,0.115,0.1974,0.1899,0.0789,0.4625,0.1046,0.1173,0.1881,0.1823,0.4139,0.1229,0.1506,0.1736,0.1722,0.456,0.4998,0.4442,0.4552,0.0656,0.1341,0.1265,0.1889,0.1848,-0.0061
Hmel218003o,8450001,8500000,8475301,49123,0.0131,0.0097,0.0094,0.0209,0.0039,0.009,0.0107,0.0117,0.0129,0.0115,0.0112,0.0222,0.0336,0.0183,0.0185,0.0205,0.0207,0.0097,0.0222,0.0337,0.0198,0.0197,0.022,0.0221,0.0223,0.0334,0.0204,0.0199,0.0216,0.0219,0.0342,0.0223,0.0232,0.0234,0.0238,0.0331,0.0338,0.032,0.0327,0.0107,0.0152,0.0154,0.016,0.016,0.0123,0.0024,-0.0008,0.1566,0.6101,0.2581,0.2271,0.2581,0.2396,0.008,0.2159,0.6773,0.3734,0.3302,0.3607,0.3362,0.2249,0.6819,0.3936,0.3422,0.3607,0.3395,0.4989,0.2318,0.2179,0.2074,0.1936,0.6873,0.6582,0.6237,0.6058,0.0455,0.2001,0.176,0.1852,0.1592,0.0012
Hmel218003o,8475001,8525000,8500002,49974,0.0102,0.0058,0.0072,0.02,0.0028,0.0033,0.0065,0.0083,0.0102,0.0083,0.0092,0.0203,0.0305,0.0163,0.0155,0.0167,0.0167,0.0069,0.0202,0.0308,0.0191,0.0176,0.0188,0.0186,0.0206,0.0309,0.0197,0.0184,0.0194,0.0193,0.032,0.0215,0.0214,0.0213,0.0212,0.0297,0.0298,0.0291,0.0293,0.0048,0.0094,0.01,0.0104,0.011,0.009,0.019,0.0275,0.1754,0.663,0.4285,0.3143,0.2984,0.2542,0.0273,0.262,0.7664,0.6288,0.4982,0.4689,0.4141,0.2424,0.7349,0.5952,0.4752,0.4437,0.3949,0.5074,0.3422,0.2744,0.2356,0.1988,0.8237,0.7438,0.6931,0.6526,-0.0095,0.2449,0.2047,0.1778,0.1459,-0.0152
Hmel218003o,8500001,8550000,8524812,48604,0.0146,0.0112,0.0122,0.0222,0.0019,0.0062,0.0076,0.0133,0.0139,0.0135,0.0145,0.0212,0.0312,0.0182,0.0185,0.0206,0.0203,0.0122,0.0213,0.0317,0.0204,0.0202,0.0225,0.022,0.0209,0.0317,0.0214,0.0215,0.0232,0.0229,0.0338,0.0248,0.0251,0.0261,0.026,0.0295,0.0295,0.0288,0.0288,0.007,0.0142,0.0147,0.0148,0.0153,0.0134,0.0232,0.0422,0.0927,0.596,0.2847,0.2639,0.2027,0.1844,0.0192,0.1522,0.6709,0.4178,0.381,0.3085,0.2852,0.1254,0.6492,0.4139,0.3851,0.3031,0.2866,0.5079,0.3117,0.2919,0.2158,0.2037,0.7701,0.7357,0.5989,0.5849,0.0094,0.1973,0.198,0.1843,0.1855,-0.009
Hmel218003o,8525001,8575000,8550492,48445,0.021,0.0195,0.0183,0.0254,0.0054,0.0141,0.0121,0.0194,0.0199,0.0203,0.0205,0.0253,0.0373,0.0223,0.024,0.0302,0.0305,0.0188,0.0256,0.0378,0.0233,0.0248,0.0317,0.032,0.0246,0.0382,0.0242,0.0261,0.0327,0.0332,0.0387,0.0285,0.0297,0.0338,0.034,0.036,0.0375,0.0371,0.0379,0.0141,0.0251,0.0258,0.0249,0.0257,0.0196,0.0015,0.0226,0.0563,0.4939,0.1271,0.1932,0.2094,0.2081,-0.0021,0.0813,0.5208,0.1704,0.2329,0.2506,0.2496,0.0783,0.5427,0.2094,0.2775,0.2814,0.2832,0.4642,0.2098,0.2575,0.2195,0.217,0.5899,0.6371,0.5148,0.5164,0.0408,0.2105,0.2173,0.2356,0.2446,-0.0003
Hmel218003o,8550001,8600000,8574772,48518,0.0214,0.0205,0.0205,0.0261,0.0065,0.0175,0.0154,0.0197,0.0205,0.0206,0.0213,0.0264,0.0389,0.0232,0.0243,0.0316,0.0317,0.0202,0.026,0.0394,0.0235,0.0246,0.0323,0.0324,0.026,0.0402,0.0242,0.0254,0.0335,0.0337,0.0393,0.0287,0.0295,0.0339,0.0341,0.038,0.0399,0.0405,0.0414,0.0179,0.0256,0.0263,0.0259,0.0266,0.0201,-0.0108,0.0088,0.0644,0.4881,0.0933,0.1447,0.2229,0.2146,-0.0085,0.0688,0.5059,0.1122,0.164,0.245,0.2367,0.0689,0.5134,0.1276,0.1821,0.2617,0.2554,0.4463,0.159,0.2002,0.2108,0.2038,0.5373,0.5862,0.5275,0.5252,0.0464,0.1671,0.1701,0.203,0.2049,-0.0001
Hmel218003o,8575001,8625000,8600282,48417,0.0229,0.0212,0.0231,0.0278,0.0059,0.0214,0.0199,0.0214,0.0212,0.0218,0.0232,0.0283,0.0396,0.0262,0.0268,0.0334,0.033,0.0223,0.0279,0.0405,0.0264,0.0273,0.0344,0.0344,0.0278,0.0409,0.027,0.0279,0.0348,0.035,0.0412,0.0328,0.0334,0.0367,0.0374,0.0395,0.0409,0.0408,0.0411,0.0227,0.0283,0.0283,0.0301,0.03,0.0219,-0.0065,0.0049,0.0668,0.4819,0.0889,0.1193,0.2123,0.209,0.0029,0.0794,0.5139,0.1129,0.1495,0.2467,0.2498,0.0557,0.4917,0.1035,0.1371,0.2313,0.2368,0.452,0.1584,0.185,0.2124,0.2241,0.5021,0.5359,0.5136,0.5197,0.05,0.147,0.1492,0.1965,0.1965,0.0147
Hmel218003o,8600001,8650000,8623478,46282,0.0247,0.0231,0.0249,0.0275,0.0054,0.0204,0.0181,0.0212,0.0222,0.0235,0.0247,0.0286,0.0402,0.0269,0.0285,0.0342,0.0347,0.0244,0.0287,0.0412,0.0275,0.0294,0.0356,0.0367,0.0284,0.0412,0.028,0.0298,0.0356,0.0368,0.0411,0.033,0.0344,0.037,0.038,0.0401,0.0422,0.0415,0.0418,0.0216,0.0297,0.0304,0.0305,0.0311,0.0225,-0.0092,-0.0017,0.0536,0.4719,0.0927,0.1509,0.2079,0.2037,0.0086,0.074,0.5027,0.123,0.1854,0.2439,0.2483,0.0471,0.4794,0.1112,0.1714,0.2257,0.2311,0.4621,0.1765,0.2248,0.2223,0.2243,0.5294,0.5809,0.5306,0.5207,0.0606,0.1858,0.1855,0.228,0.2257,0.0207
Hmel218003o,8625001,8675000,8650329,46400,0.023,0.0236,0.0235,0.0261,0.0058,0.0149,0.009,0.02,0.0231,0.0227,0.0234,0.0284,0.0407,0.0273,0.0294,0.0331,0.0323,0.0233,0.0277,0.0413,0.0294,0.031,0.0345,0.034,0.0287,0.0415,0.0288,0.0307,0.0341,0.0336,0.0412,0.0335,0.0353,0.0363,0.0357,0.0401,0.0414,0.0406,0.0406,0.0136,0.0262,0.0264,0.0249,0.0254,0.0215,-0.0142,0.0027,0.081,0.4934,0.1899,0.3082,0.2237,0.1771,-0.0057,0.0618,0.4907,0.2183,0.3247,0.2369,0.1955,0.0824,0.4954,0.2102,0.3221,0.2336,0.1922,0.4738,0.2654,0.3682,0.2409,0.1966,0.6045,0.7096,0.5344,0.4915,0.0652,0.2106,0.1718,0.2773,0.2376,-0.0009
Hmel218003o,8650001,8700000,8675061,49847,0.0216,0.0208,0.0202,0.0232,0.0051,0.0094,0.0044,0.0159,0.0172,0.0207,0.0209,0.026,0.0329,0.0272,0.0281,0.0301,0.0294,0.0201,0.0245,0.0331,0.0291,0.03,0.0316,0.031,0.0254,0.0331,0.0305,0.0318,0.0328,0.0324,0.035,0.0341,0.0352,0.0343,0.0343,0.0354,0.0357,0.0352,0.0349,0.0077,0.0204,0.0189,0.0197,0.0183,0.0169,-0.0127,0.0012,0.0812,0.4392,0.2874,0.3825,0.2452,0.2164,-0.0096,0.0616,0.454,0.331,0.4233,0.2776,0.2506,0.0884,0.4647,0.3625,0.4575,0.3042,0.2811,0.4585,0.3825,0.4695,0.2941,0.276,0.6749,0.7768,0.557,0.5318,0.0568,0.2454,0.1833,0.3344,0.2694,0.0109
Hmel218003o,8675001,8725000,8699906,49618,0.0199,0.0178,0.0171,0.0218,0.0041,0.0103,0.0068,0.0163,0.0162,0.0185,0.0183,0.0234,0.0289,0.025,0.0252,0.0273,0.0277,0.0174,0.0226,0.0296,0.0258,0.0263,0.0285,0.0289,0.0223,0.0292,0.0276,0.0284,0.0298,0.0304,0.0307,0.0303,0.0306,0.0307,0.0313,0.0309,0.0316,0.0312,0.0311,0.0096,0.0191,0.0182,0.0196,0.0185,0.0163,-0.0091,-0.0052,0.0635,0.4278,0.2592,0.3212,0.2131,0.2225,-0.0027,0.0788,0.4747,0.3089,0.378,0.2636,0.2718,0.082,0.4815,0.3515,0.4227,0.2936,0.3055,0.4412,0.3346,0.3954,0.2508,0.2615,0.6363,0.7176,0.5217,0.5225,0.0627,0.1884,0.1675,0.2711,0.2442,-0.0001
Hmel218003o,8700001,8750000,8725091,49627,0.0182,0.0178,0.0159,0.0243,0.004,0.0163,0.0084,0.0176,0.0182,0.0178,0.0172,0.0257,0.0321,0.0263,0.0279,0.0298,0.0299,0.0168,0.0253,0.0323,0.0261,0.0279,0.0304,0.0305,0.0249,0.0324,0.0262,0.0282,0.0303,0.0304,0.0329,0.0292,0.03,0.0308,0.0306,0.0311,0.0325,0.0313,0.0314,0.0146,0.0224,0.0226,0.0221,0.0222,0.0176,-0.0052,0.0039,0.1103,0.5024,0.2181,0.3683,0.2612,0.2544,-0.0015,0.1095,0.511,0.2202,0.3753,0.2763,0.27,0.1286,0.5449,0.2499,0.4126,0.3008,0.2939,0.4355,0.1997,0.3278,0.2086,0.1972,0.5232,0.6926,0.503,0.4935,0.0873,0.1461,0.1418,0.2703,0.2615,-0.0104
Hmel218003o,8725001,8775000,8749976,49948,0.0173,0.016,0.0133,0.0243,0.0042,0.0184,0.011,0.0166,0.0173,0.0169,0.0158,0.0253,0.0335,0.0258,0.0271,0.0311,0.0312,0.0146,0.0244,0.0332,0.0251,0.0264,0.0305,0.0308,0.0241,0.0335,0.0254,0.0263,0.0309,0.0309,0.034,0.0288,0.0297,0.0314,0.0315,0.0328,0.0348,0.0333,0.0339,0.017,0.0225,0.0227,0.0227,0.0228,0.017,0.0071,0.0153,0.1165,0.5297,0.1915,0.3274,0.3077,0.3007,-0.0022,0.1173,0.5508,0.1967,0.3375,0.3178,0.3128,0.1527,0.6015,0.2427,0.383,0.3619,0.3531,0.4456,0.1651,0.2847,0.2306,0.2241,0.5036,0.6565,0.5398,0.5353,0.0771,0.1329,0.127,0.2558,0.2466,0.0035
Hmel218003o,8750001,8800000,8775002,49948,0.0168,0.0144,0.0147,0.0209,0.0037,0.0133,0.0122,0.0159,0.0163,0.0163,0.0159,0.0217,0.0334,0.0203,0.0207,0.0264,0.0266,0.0146,0.0207,0.0343,0.0219,0.0224,0.0271,0.0276,0.0206,0.0339,0.022,0.0219,0.0266,0.027,0.0335,0.0255,0.0258,0.0283,0.0287,0.0322,0.0343,0.0326,0.0335,0.0149,0.0209,0.021,0.0215,0.0216,0.0162,0.0231,0.006,0.0828,0.5453,0.1553,0.1848,0.2468,0.2448,0.0024,0.0997,0.5987,0.237,0.2672,0.2964,0.2995,0.093,0.5883,0.2323,0.2517,0.2825,0.2831,0.4943,0.2181,0.2432,0.2289,0.2293,0.5963,0.6378,0.5529,0.5551,0.0813,0.1853,0.1817,0.2205,0.2146,0.0015
Hmel218003o,8775001,8825000,8799993,49453,0.0134,0.0122,0.0139,0.0179,0.0029,0.0091,0.0075,0.012,0.0125,0.0131,0.0136,0.0183,0.0283,0.0154,0.0183,0.0208,0.0216,0.0131,0.0177,0.0292,0.0171,0.0202,0.0217,0.0226,0.018,0.029,0.0176,0.0203,0.0214,0.0222,0.0296,0.021,0.0232,0.0233,0.024,0.0279,0.0293,0.0275,0.0282,0.0123,0.0178,0.0182,0.0163,0.0163,0.0122,0.0131,-0.0001,0.097,0.5688,0.1654,0.2877,0.2556,0.2628,0.0022,0.1004,0.6032,0.2427,0.3586,0.2977,0.3069,0.0768,0.5663,0.2211,0.3237,0.2585,0.2686,0.511,0.2476,0.3246,0.2412,0.2447,0.6604,0.7111,0.5892,0.5859,0.2056,0.2695,0.2696,0.2661,0.2537,-0.0024
Hmel218003o,8800001,8850000,8825258,49427,0.0164,0.0147,0.0152,0.0197,0.0034,0.0131,0.0093,0.0142,0.0145,0.0156,0.0163,0.0205,0.03,0.0193,0.0215,0.0243,0.0247,0.015,0.0195,0.0308,0.0204,0.0226,0.0253,0.0254,0.0198,0.0308,0.0212,0.0231,0.026,0.0263,0.0314,0.0239,0.0258,0.0269,0.0271,0.0301,0.0309,0.0297,0.0295,0.015,0.0202,0.0208,0.0199,0.0197,0.0144,0.0045,0.018,0.0758,0.5201,0.1433,0.2646,0.2393,0.2425,0.0005,0.0801,0.5619,0.2008,0.3208,0.2867,0.284,0.0764,0.5512,0.2114,0.3207,0.2912,0.2916,0.4933,0.2084,0.3081,0.2442,0.2439,0.5855,0.6719,0.5584,0.5494,0.1548,0.2052,0.2129,0.2706,0.2594,0.0023
Hmel218003o,8825001,8875000,8849885,49679,0.0208,0.0185,0.0192,0.0242,0.0057,0.0173,0.0141,0.0197,0.0193,0.0199,0.0204,0.024,0.0373,0.0248,0.0243,0.031,0.0305,0.0188,0.0227,0.0382,0.0273,0.0266,0.0328,0.0321,0.0233,0.0381,0.0272,0.0267,0.0333,0.0328,0.0373,0.0298,0.0293,0.0332,0.0328,0.0367,0.0377,0.0362,0.0359,0.0169,0.0254,0.0248,0.0274,0.0264,0.0197,0.0055,0.0114,0.041,0.4913,0.1373,0.173,0.2199,0.216,-0.0015,0.0447,0.5351,0.2188,0.2528,0.2761,0.2712,0.0494,0.5236,0.2077,0.2444,0.2754,0.2729,0.4594,0.1973,0.235,0.2178,0.2177,0.5378,0.6,0.4956,0.4989,0.0383,0.1643,0.1588,0.2492,0.237,0.0057
Hmel218003o,8850001,8900000,8875011,49664,0.0199,0.0177,0.0166,0.0223,0.0081,0.0159,0.0123,0.0192,0.0205,0.0191,0.0187,0.0218,0.0368,0.0238,0.0243,0.03,0.03,0.0174,0.0207,0.0379,0.0271,0.027,0.0322,0.0322,0.0205,0.0378,0.0268,0.0265,0.0322,0.0322,0.0364,0.0282,0.0278,0.0314,0.0313,0.0359,0.0371,0.0354,0.0356,0.016,0.0246,0.0246,0.0257,0.0259,0.0199,0.0068,0.0128,0.022,0.4641,0.149,0.2132,0.2212,0.2048,0.0063,0.0294,0.5074,0.2459,0.2985,0.2831,0.2666,0.0421,0.5231,0.2563,0.3086,0.2985,0.2812,0.4383,0.2111,0.2595,0.2167,0.1968,0.5138,0.5846,0.4583,0.4419,0.0681,0.1743,0.1564,0.2512,0.2361,0.0004
Hmel218003o,8875001,8925000,8900001,49920,0.0227,0.0203,0.0185,0.0223,0.007,0.0159,0.015,0.0188,0.0216,0.0217,0.0213,0.0232,0.0374,0.0241,0.0259,0.0299,0.0307,0.0198,0.0221,0.0385,0.0267,0.0281,0.0321,0.0326,0.0213,0.0382,0.0264,0.0284,0.0325,0.0332,0.0363,0.0272,0.0281,0.0311,0.0314,0.0373,0.0376,0.0357,0.0358,0.0212,0.0268,0.0279,0.0253,0.0268,0.0201,0.0027,0.0175,0.015,0.4473,0.118,0.1653,0.1902,0.1694,0.0094,0.0235,0.4917,0.2022,0.2398,0.2551,0.228,0.0327,0.5161,0.2228,0.2705,0.2851,0.2589,0.4536,0.1943,0.2231,0.2187,0.1849,0.5473,0.5637,0.4858,0.4453,0.1668,0.2261,0.2065,0.2111,0.1982,-0.0015
Hmel218003o,8900001,8950000,8924708,48788,0.0225,0.021,0.0192,0.0237,0.0054,0.0141,0.0158,0.0201,0.0215,0.0214,0.0213,0.0244,0.0367,0.0238,0.0247,0.03,0.0309,0.0201,0.0233,0.037,0.0256,0.0267,0.0317,0.0323,0.0228,0.0372,0.0261,0.0277,0.0328,0.0337,0.0365,0.0288,0.0291,0.0324,0.0331,0.0375,0.0371,0.0352,0.0354,0.0208,0.0283,0.0295,0.0269,0.028,0.0208,-0.0075,0.012,0.0305,0.4657,0.1384,0.1332,0.1803,0.1784,0.0016,0.0286,0.4908,0.197,0.1933,0.2248,0.2171,0.0434,0.5201,0.2331,0.2372,0.2633,0.26,0.4619,0.2304,0.2124,0.207,0.1985,0.6022,0.5711,0.485,0.4653,0.1725,0.2593,0.2586,0.2103,0.211,-0.0002
Hmel218003o,8925001,8975000,8949878,46605,0.0202,0.0201,0.0171,0.0228,0.0051,0.0131,0.0112,0.0213,0.0216,0.0196,0.0189,0.0232,0.0355,0.0236,0.0225,0.0308,0.0311,0.0184,0.0226,0.0355,0.0257,0.0244,0.0321,0.0323,0.022,0.0358,0.0265,0.0248,0.033,0.0333,0.0366,0.0302,0.0288,0.0339,0.0341,0.0361,0.0361,0.0346,0.0344,0.0145,0.027,0.0276,0.0286,0.0294,0.0218,-0.0158,0.0061,0.0443,0.4913,0.1813,0.1869,0.2056,0.2059,-0.0036,0.0344,0.4929,0.2257,0.2301,0.2283,0.2267,0.0654,0.5443,0.2867,0.2887,0.278,0.2783,0.4795,0.2777,0.287,0.2211,0.2208,0.6134,0.6484,0.465,0.4571,0.0947,0.2327,0.2387,0.2887,0.2972,0.0087
Hmel218003o,8950001,9000000,8975741,47768,0.0214,0.0205,0.0183,0.0238,0.0051,0.017,0.0134,0.0229,0.0225,0.0206,0.0196,0.0243,0.0384,0.0248,0.025,0.0336,0.0337,0.0195,0.0242,0.0386,0.0261,0.0253,0.035,0.0349,0.0235,0.0383,0.0252,0.0251,0.0344,0.0346,0.0381,0.0288,0.029,0.035,0.0352,0.0385,0.0385,0.0367,0.0366,0.0212,0.0301,0.0306,0.0314,0.0317,0.0231,-0.0083,-0.0069,0.0436,0.5037,0.1341,0.189,0.2172,0.2225,0.0036,0.0545,0.519,0.1735,0.2076,0.2465,0.2496,0.0697,0.5488,0.187,0.2375,0.2646,0.2711,0.4814,0.1899,0.244,0.2087,0.2147,0.5698,0.6276,0.4639,0.4677,0.1726,0.2134,0.226,0.2807,0.2894,0.0092
Hmel218003o,8975001,9025000,8999997,49878,0.0204,0.019,0.0182,0.0251,0.0058,0.0181,0.0156,0.0214,0.0206,0.0195,0.0189,0.025,0.0391,0.0237,0.0253,0.0332,0.0335,0.0186,0.0246,0.0394,0.0251,0.0259,0.0351,0.035,0.0243,0.0393,0.0243,0.0256,0.0345,0.0347,0.0395,0.0286,0.03,0.0356,0.0359,0.0391,0.0393,0.0372,0.0375,0.0227,0.0299,0.0301,0.0303,0.0299,0.021,-0.0059,-0.0114,0.0599,0.5145,0.1108,0.178,0.2392,0.2533,-0.0003,0.0693,0.5367,0.1579,0.2078,0.2817,0.29,0.0745,0.5481,0.1526,0.2159,0.2842,0.2958,0.4689,0.1572,0.2148,0.2222,0.2355,0.5477,0.5875,0.4809,0.495,0.1563,0.2144,0.2289,0.254,0.2578,-0.0
Hmel218003o,9000001,9050000,9024746,49228,0.0156,0.0156,0.0159,0.0226,0.0042,0.0181,0.0123,0.0191,0.0178,0.0155,0.0159,0.0213,0.0372,0.0208,0.0225,0.0287,0.0289,0.0155,0.021,0.0373,0.022,0.0238,0.0294,0.0295,0.0212,0.0372,0.0212,0.0229,0.0291,0.0293,0.038,0.0259,0.0278,0.0311,0.0314,0.0376,0.0379,0.0356,0.0355,0.0177,0.0265,0.0263,0.0265,0.026,0.0184,-0.0029,0.0063,0.0753,0.5964,0.1111,0.2464,0.2592,0.2798,-0.0089,0.0684,0.5972,0.1399,0.2731,0.2709,0.2898,0.0678,0.5907,0.1177,0.25,0.2626,0.2821,0.5095,0.1348,0.2559,0.2118,0.2316,0.559,0.6581,0.5242,0.5426,0.0796,0.1861,0.1991,0.2695,0.2795,-0.0028
Hmel218003o,9025001,9075000,9049996,48547,0.0161,0.0167,0.0167,0.0212,0.0037,0.0174,0.0102,0.0194,0.019,0.0163,0.0167,0.0208,0.0362,0.0223,0.0237,0.027,0.0271,0.0163,0.0204,0.0361,0.0227,0.0239,0.0266,0.0268,0.0204,0.0365,0.0232,0.0242,0.0271,0.0275,0.0359,0.0263,0.0277,0.0286,0.0286,0.0366,0.0375,0.0353,0.0351,0.0157,0.0243,0.0244,0.0244,0.0245,0.0192,-0.0025,0.0073,0.0686,0.5848,0.1507,0.2986,0.2165,0.2246,-0.0143,0.051,0.5743,0.1513,0.2914,0.2023,0.2116,0.0497,0.5775,0.1607,0.2974,0.211,0.2229,0.5142,0.1669,0.3039,0.1796,0.1847,0.5682,0.6995,0.5232,0.5263,0.0692,0.1466,0.1548,0.2572,0.2646,0.0001
Hmel218003o,9050001,9100000,9075368,49205,0.0213,0.0206,0.021,0.0242,0.0061,0.0182,0.012,0.0227,0.0224,0.0211,0.0214,0.0254,0.0403,0.0278,0.03,0.0334,0.0337,0.0204,0.0243,0.0399,0.0279,0.0298,0.0333,0.0334,0.0247,0.0413,0.0293,0.0309,0.0345,0.0347,0.0398,0.0315,0.0334,0.0352,0.0354,0.04,0.0412,0.0398,0.0398,0.0172,0.0267,0.0265,0.0268,0.0265,0.0224,0.0029,0.005,0.0632,0.5081,0.1783,0.2979,0.2168,0.2237,-0.0106,0.0503,0.5139,0.1889,0.3054,0.223,0.2285,0.054,0.5213,0.2094,0.3169,0.236,0.2421,0.4782,0.2136,0.3241,0.2104,0.2169,0.5498,0.6537,0.4847,0.4891,0.07,0.1404,0.14,0.224,0.223,-0.003
Hmel218003o,9075001,9125000,9100000,49991,0.0183,0.017,0.0177,0.0228,0.0048,0.0131,0.009,0.0195,0.0177,0.0177,0.0182,0.0225,0.0372,0.0246,0.0267,0.0287,0.0282,0.0171,0.0216,0.0372,0.025,0.0272,0.0291,0.0286,0.0219,0.038,0.0258,0.0276,0.0299,0.0294,0.0372,0.0288,0.0306,0.0317,0.0316,0.0363,0.0374,0.0363,0.036,0.0127,0.0218,0.0212,0.0221,0.0216,0.0184,0.0026,0.0085,0.0583,0.5426,0.2331,0.3374,0.2177,0.2333,-0.0085,0.0573,0.5626,0.2601,0.3672,0.2418,0.2571,0.0536,0.5597,0.2664,0.3623,0.2457,0.2611,0.4903,0.2572,0.3468,0.2136,0.2346,0.6202,0.7019,0.5153,0.5401,0.0744,0.1544,0.1674,0.2266,0.2467,-0.0045
Hmel218003o,9100001,9150000,9124991,49933,0.0144,0.0141,0.0145,0.0219,0.0035,0.0103,0.0079,0.0149,0.0133,0.0139,0.0145,0.0198,0.0336,0.0191,0.0198,0.0217,0.021,0.0139,0.0196,0.0336,0.0195,0.0201,0.022,0.0213,0.0197,0.0341,0.0198,0.0203,0.0224,0.0217,0.0346,0.0247,0.0252,0.0264,0.0259,0.0331,0.0339,0.0332,0.0327,0.0102,0.0171,0.0167,0.0177,0.0176,0.0138,-0.0121,0.0035,0.0666,0.5963,0.2267,0.2947,0.2039,0.2159,-0.0151,0.0649,0.6008,0.2416,0.3061,0.2158,0.2284,0.0608,0.5979,0.2393,0.3013,0.2166,0.2301,0.4965,0.2415,0.2931,0.1983,0.2155,0.6693,0.7255,0.5812,0.6071,0.0597,0.1584,0.1803,0.2268,0.2603,-0.012
Hmel218003o,9125001,9175000,9150020,49939,0.0177,0.0175,0.0188,0.0256,0.0045,0.014,0.0126,0.0189,0.0176,0.0176,0.0185,0.0243,0.0373,0.0244,0.0238,0.0278,0.0271,0.0182,0.0243,0.0372,0.0248,0.0238,0.0279,0.027,0.025,0.0377,0.0247,0.0238,0.028,0.027,0.0381,0.0297,0.0293,0.0315,0.031,0.0361,0.0364,0.036,0.0353,0.0144,0.0233,0.0228,0.0233,0.0229,0.0181,-0.0021,0.0061,0.0774,0.5569,0.2232,0.234,0.2171,0.222,-0.0005,0.0806,0.559,0.2341,0.2361,0.2201,0.2233,0.0762,0.5428,0.2126,0.2145,0.2039,0.2057,0.468,0.2276,0.2413,0.1886,0.1986,0.6078,0.6339,0.5247,0.5398,0.0408,0.1814,0.1914,0.2035,0.2175,-0.0055
Hmel218003o,9150001,9200000,9174998,49995,0.0187,0.0176,0.0189,0.0262,0.004,0.0098,0.0099,0.0169,0.0164,0.0179,0.0188,0.0269,0.0374,0.0249,0.0246,0.0275,0.0273,0.0184,0.0265,0.0376,0.0262,0.0256,0.028,0.0277,0.0276,0.0384,0.0275,0.027,0.0293,0.029,0.0389,0.029,0.0288,0.0297,0.0295,0.0357,0.0363,0.0351,0.0351,0.0104,0.0198,0.0196,0.0197,0.0197,0.0166,-0.0067,-0.0019,0.1079,0.5494,0.2857,0.2774,0.2236,0.228,0.0037,0.1161,0.5701,0.329,0.3161,0.2506,0.2521,0.1194,0.5563,0.3291,0.3173,0.2537,0.2548,0.4747,0.2699,0.2655,0.1809,0.1844,0.6901,0.6914,0.5564,0.5643,0.0313,0.2049,0.2091,0.2001,0.2082,-0.0025
Hmel218003o,9175001,9225000,9199996,49962,0.0126,0.011,0.0111,0.0215,0.003,0.0029,0.003,0.0102,0.0091,0.0115,0.0117,0.0238,0.0339,0.0216,0.0216,0.0221,0.022,0.0109,0.0234,0.0337,0.0222,0.0221,0.022,0.0219,0.0243,0.0343,0.0236,0.0235,0.0235,0.0234,0.0356,0.0247,0.0247,0.0246,0.0245,0.0324,0.0329,0.0322,0.0325,0.0031,0.0103,0.0102,0.0104,0.0103,0.0098,-0.0159,-0.007,0.1902,0.6396,0.4892,0.4853,0.3332,0.3547,-0.0072,0.2101,0.6696,0.5394,0.5348,0.3653,0.3869,0.2267,0.6725,0.5592,0.5546,0.3913,0.4124,0.519,0.3832,0.3805,0.2469,0.2647,0.8425,0.8409,0.6742,0.6995,0.0246,0.2386,0.2722,0.2368,0.275,0.011
Hmel218003o,9200001,9250000,9224988,49889,0.016,0.0144,0.0134,0.0216,0.0041,0.0109,0.007,0.0161,0.0135,0.015,0.0147,0.0242,0.0368,0.0262,0.0263,0.0287,0.0281,0.0139,0.024,0.0366,0.0254,0.0256,0.0278,0.0273,0.0245,0.0364,0.0251,0.0257,0.0281,0.0274,0.0368,0.0289,0.029,0.0304,0.0297,0.0358,0.0362,0.035,0.0346,0.0107,0.0191,0.0183,0.0186,0.0179,0.0153,-0.0078,-0.0003,0.1434,0.5863,0.3363,0.4067,0.2966,0.3255,0.0008,0.1656,0.6128,0.3517,0.4278,0.3056,0.3375,0.1907,0.6268,0.3619,0.4464,0.3252,0.3558,0.5132,0.3076,0.3727,0.2527,0.2796,0.6692,0.747,0.5682,0.6096,0.0976,0.1814,0.2105,0.247,0.2846,0.0169
Hmel218003o,9225001,9275000,9249991,49712,0.0231,0.022,0.0211,0.0296,0.0064,0.0196,0.0141,0.0243,0.0222,0.0229,0.0222,0.0296,0.0399,0.0316,0.0309,0.0366,0.0364,0.0216,0.0296,0.0399,0.0316,0.031,0.0365,0.0367,0.0295,0.04,0.0311,0.0306,0.0366,0.0364,0.0421,0.0357,0.0352,0.0388,0.0385,0.0396,0.04,0.039,0.0386,0.02,0.0297,0.0292,0.0294,0.0288,0.0235,0.0075,0.0027,0.0733,0.4758,0.2031,0.2599,0.225,0.245,0.0014,0.0859,0.4912,0.2178,0.2764,0.236,0.2612,0.0952,0.5034,0.2194,0.282,0.246,0.2664,0.4355,0.2052,0.2639,0.1945,0.2137,0.5212,0.6063,0.4507,0.4749,0.0891,0.1586,0.175,0.2213,0.2388,0.0061
Hmel218003o,9250001,9300000,9274969,49440,0.0214,0.0205,0.0211,0.0303,0.0081,0.0187,0.0172,0.024,0.0212,0.0213,0.0211,0.0292,0.0374,0.0302,0.0283,0.0345,0.0345,0.0204,0.0292,0.0375,0.0307,0.0285,0.0349,0.035,0.0296,0.0382,0.0311,0.0288,0.0355,0.0357,0.0404,0.0346,0.0336,0.0368,0.0368,0.0369,0.0377,0.0371,0.037,0.0208,0.0275,0.0271,0.0288,0.0279,0.0226,0.0088,-0.0057,0.08,0.4497,0.2118,0.1987,0.2169,0.2483,-0.0111,0.0899,0.4634,0.2308,0.2149,0.233,0.266,0.0896,0.463,0.2307,0.2112,0.2341,0.2682,0.3903,0.1942,0.1982,0.166,0.1961,0.4829,0.5144,0.4124,0.4486,0.0771,0.1322,0.1596,0.176,0.1953,0.0004
Hmel218003o,9275001,9325000,9300062,49648,0.0211,0.0218,0.0224,0.0242,0.0083,0.0191,0.016,0.0233,0.0195,0.0219,0.0219,0.0264,0.0346,0.0277,0.0271,0.0328,0.0325,0.0216,0.0255,0.0348,0.0291,0.0287,0.0334,0.0333,0.0267,0.0359,0.0288,0.0285,0.0337,0.0339,0.0357,0.0313,0.0316,0.0336,0.0337,0.0339,0.0354,0.0349,0.0344,0.0196,0.0256,0.0245,0.0267,0.0253,0.0213,0.0113,0.004,0.0867,0.4204,0.1672,0.196,0.2025,0.2425,-0.0118,0.0597,0.412,0.1841,0.2158,0.2034,0.2465,0.074,0.4167,0.1715,0.2037,0.2023,0.2481,0.4054,0.1975,0.2427,0.1796,0.2285,0.4407,0.5047,0.3921,0.4414,0.0567,0.1,0.1247,0.1608,0.1848,-0.0031
Hmel218003o,9300001,9350000,9324944,49653,0.0212,0.0226,0.024,0.0268,0.0054,0.0197,0.0104,0.0213,0.0196,0.0227,0.023,0.029,0.0365,0.0311,0.0338,0.0361,0.0355,0.0228,0.0279,0.0365,0.032,0.035,0.0361,0.0361,0.0292,0.0369,0.0314,0.0335,0.0361,0.036,0.0391,0.0356,0.0377,0.0375,0.0377,0.0369,0.0374,0.037,0.0365,0.0188,0.026,0.0251,0.0248,0.0245,0.0205,0.0183,0.0091,0.109,0.4823,0.2179,0.3788,0.2709,0.2841,-0.0131,0.0719,0.4615,0.2145,0.3735,0.2556,0.2748,0.077,0.446,0.1879,0.3355,0.2396,0.2575,0.4509,0.2282,0.3697,0.2341,0.2571,0.5083,0.6659,0.4851,0.5068,0.1164,0.1242,0.129,0.2311,0.2533,0.0018
Hmel218003o,9325001,9375000,9349978,49004,0.0214,0.0224,0.025,0.0308,0.0038,0.0191,0.0089,0.02,0.0214,0.0222,0.023,0.0307,0.036,0.0299,0.0328,0.0343,0.0342,0.0232,0.0295,0.0359,0.0308,0.0336,0.0345,0.0344,0.031,0.0358,0.0302,0.0319,0.0342,0.0342,0.0391,0.0364,0.0382,0.0373,0.0372,0.0371,0.037,0.0355,0.036,0.0196,0.0253,0.026,0.0242,0.025,0.0208,0.0081,-0.0052,0.0994,0.4963,0.2027,0.3833,0.2591,0.2411,-0.0115,0.07,0.4815,0.2065,0.3809,0.2511,0.234,0.0647,0.4415,0.1659,0.32,0.2178,0.2017,0.4257,0.2102,0.3521,0.2113,0.1943,0.5436,0.7204,0.5135,0.4968,0.1756,0.1364,0.1311,0.2655,0.2573,0.0033
Hmel218003o,9350001,9400000,9375190,49349,0.0238,0.0233,0.0256,0.0277,0.0052,0.018,0.0123,0.0227,0.0246,0.0234,0.0241,0.0292,0.0354,0.0275,0.0297,0.0327,0.0327,0.0241,0.0282,0.0358,0.0296,0.0319,0.0349,0.0344,0.0292,0.0358,0.0294,0.0309,0.0341,0.0338,0.0372,0.0334,0.0349,0.0357,0.0349,0.0356,0.037,0.0357,0.0368,0.0192,0.0267,0.0275,0.0272,0.0276,0.0237,-0.0044,-0.013,0.0732,0.4338,0.144,0.2563,0.1782,0.1572,-0.0072,0.0611,0.4467,0.1886,0.2973,0.2167,0.1895,0.0519,0.4141,0.1572,0.2521,0.1797,0.1562,0.4241,0.21,0.3022,0.1858,0.1541,0.5242,0.6324,0.4536,0.4387,0.1245,0.142,0.1339,0.2277,0.2102,-0.0003
Hmel218003o,9375001,9425000,9400000,49979,0.0258,0.0248,0.0266,0.025,0.0075,0.0197,0.0173,0.0248,0.0254,0.0249,0.026,0.0295,0.0368,0.0298,0.0315,0.0362,0.0356,0.0251,0.029,0.0369,0.0298,0.0319,0.0373,0.0365,0.03,0.0371,0.0307,0.032,0.0369,0.0364,0.0381,0.0329,0.035,0.0374,0.0367,0.0359,0.0374,0.0377,0.0382,0.0222,0.0305,0.0309,0.0316,0.0319,0.0254,-0.0088,-0.0029,0.0767,0.3932,0.1427,0.1981,0.1882,0.1729,-0.0116,0.0784,0.406,0.152,0.2155,0.212,0.1945,0.0751,0.3864,0.1489,0.197,0.1893,0.1765,0.4329,0.2061,0.2659,0.2082,0.1929,0.4663,0.5181,0.4159,0.4144,0.0963,0.1652,0.1654,0.2106,0.2089,0.0071
Hmel218003o,9400001,9450000,9425010,49976,0.0246,0.0267,0.0257,0.0262,0.0081,0.0197,0.0193,0.0227,0.0233,0.0255,0.0263,0.0306,0.0365,0.0277,0.0272,0.0341,0.0338,0.0257,0.0305,0.0363,0.0288,0.0286,0.0345,0.0345,0.0306,0.0362,0.0292,0.0287,0.0342,0.0344,0.038,0.0327,0.0334,0.0361,0.0366,0.0355,0.0361,0.0359,0.0362,0.0229,0.0301,0.0303,0.0308,0.0309,0.0235,-0.0035,0.0233,0.0989,0.3969,0.1188,0.1133,0.191,0.1805,-0.0086,0.0734,0.3676,0.115,0.1148,0.1748,0.1692,0.087,0.3793,0.1335,0.128,0.1808,0.1781,0.4096,0.1921,0.2066,0.2052,0.2043,0.4545,0.4658,0.4161,0.4116,0.0859,0.1846,0.1808,0.1998,0.1942,0.0127
Hmel218003o,9425001,9475000,9449870,49420,0.0245,0.0261,0.0253,0.0268,0.0059,0.0181,0.0151,0.0227,0.0236,0.0254,0.0259,0.0309,0.0396,0.03,0.0294,0.0344,0.0349,0.0254,0.0304,0.0398,0.0315,0.0307,0.0349,0.0355,0.03,0.0395,0.0311,0.0306,0.0347,0.0355,0.0408,0.0361,0.036,0.0374,0.038,0.0395,0.0396,0.0381,0.0383,0.019,0.0298,0.0299,0.0294,0.0298,0.0232,0.0009,0.0213,0.0999,0.4611,0.1773,0.2055,0.1969,0.1934,-0.0075,0.0737,0.4423,0.184,0.2076,0.1869,0.1861,0.0753,0.4496,0.1874,0.2154,0.1923,0.1937,0.4601,0.2521,0.2888,0.2164,0.2143,0.549,0.5974,0.471,0.4609,0.0701,0.1966,0.1875,0.23,0.2238,0.0021
Hmel218003o,9450001,9500000,9475150,48998,0.0227,0.0224,0.0231,0.0253,0.0043,0.0169,0.0127,0.0234,0.0221,0.023,0.0229,0.0286,0.0404,0.0294,0.0288,0.0338,0.034,0.0226,0.0282,0.0403,0.0293,0.0284,0.0341,0.0341,0.0278,0.0407,0.0294,0.0286,0.0344,0.0346,0.0414,0.0341,0.0342,0.0362,0.0363,0.0403,0.0398,0.0394,0.0394,0.0165,0.0299,0.0294,0.0297,0.0294,0.0228,0.0119,0.0009,0.0955,0.5147,0.2061,0.2498,0.1992,0.2162,-0.0038,0.093,0.5183,0.2084,0.248,0.2069,0.2216,0.0768,0.5122,0.2013,0.2414,0.2042,0.2214,0.5046,0.2572,0.313,0.2059,0.2222,0.5993,0.6618,0.4953,0.5128,0.0586,0.2059,0.213,0.2561,0.2676,0.0009
Hmel218003o,9475001,9525000,9500087,48873,0.0226,0.0226,0.0221,0.0248,0.0048,0.0173,0.0152,0.0223,0.022,0.0228,0.0224,0.0274,0.04,0.0264,0.0248,0.0323,0.0321,0.0221,0.027,0.0395,0.027,0.0248,0.0327,0.0323,0.0267,0.0399,0.0278,0.0255,0.0333,0.033,0.0406,0.031,0.0295,0.0347,0.0345,0.0398,0.0391,0.0396,0.0397,0.0198,0.0295,0.0291,0.031,0.0306,0.0219,0.0045,0.0013,0.0802,0.5059,0.1469,0.1419,0.1892,0.19,-0.0055,0.0721,0.5013,0.1575,0.1424,0.1953,0.1934,0.0733,0.5115,0.179,0.1622,0.2101,0.2086,0.4973,0.2104,0.216,0.2023,0.2025,0.5814,0.6078,0.507,0.5119,0.1046,0.2072,0.2047,0.2586,0.2555,-0.0054
Hmel218003o,9500001,9550000,9525228,49259,0.0253,0.0237,0.0239,0.0267,0.007,0.0207,0.0181,0.023,0.0233,0.0242,0.0248,0.0298,0.041,0.0308,0.0294,0.0359,0.0359,0.0236,0.0289,0.0415,0.0313,0.0298,0.0367,0.0367,0.0291,0.0411,0.0313,0.03,0.0365,0.0364,0.0419,0.0346,0.0333,0.0381,0.0378,0.0413,0.0416,0.0406,0.0409,0.024,0.03,0.0306,0.0315,0.0321,0.023,-0.0072,0.005,0.0737,0.4514,0.1547,0.1595,0.2063,0.2034,-0.0055,0.077,0.4763,0.18,0.1849,0.2335,0.2299,0.0782,0.4698,0.1768,0.1854,0.2279,0.2238,0.458,0.2031,0.2169,0.2233,0.216,0.5145,0.5529,0.4756,0.4759,0.113,0.1659,0.1726,0.2205,0.2276,-0.0041
Hmel218003o,9525001,9575000,9549801,49266,0.0197,0.0186,0.0185,0.0238,0.0063,0.0157,0.0148,0.0184,0.018,0.0187,0.0192,0.0256,0.0393,0.026,0.0239,0.0284,0.0285,0.0188,0.0251,0.04,0.0261,0.0244,0.0293,0.0294,0.0247,0.0399,0.0258,0.0243,0.029,0.029,0.0407,0.0299,0.0289,0.0317,0.0317,0.0388,0.0397,0.0381,0.0383,0.0199,0.0233,0.0233,0.0245,0.0248,0.0182,-0.0121,0.0031,0.0932,0.5187,0.1991,0.1711,0.2066,0.2134,0.0052,0.0982,0.5403,0.2165,0.1978,0.2362,0.2433,0.0923,0.5413,0.2126,0.1967,0.2323,0.2389,0.4877,0.2259,0.2225,0.2164,0.2218,0.5737,0.5956,0.5254,0.5332,0.1412,0.1622,0.1702,0.203,0.215,0.0001
Hmel218003o,9550001,9600000,9574526,47698,0.0186,0.0208,0.0192,0.0244,0.0064,0.0133,0.013,0.0192,0.0199,0.0195,0.0199,0.0261,0.039,0.0222,0.0216,0.0272,0.0272,0.0204,0.0259,0.0389,0.0227,0.0221,0.0271,0.0274,0.0251,0.0398,0.0233,0.0223,0.0279,0.0282,0.04,0.0273,0.0263,0.0303,0.0305,0.0376,0.0381,0.0372,0.0374,0.0176,0.0243,0.0243,0.0253,0.0256,0.0195,-0.0063,0.0283,0.1133,0.5301,0.172,0.1638,0.1889,0.18,0.0101,0.0789,0.4987,0.1495,0.1407,0.1601,0.1557,0.0857,0.5289,0.1868,0.1702,0.1957,0.1907,0.4738,0.2101,0.1976,0.1793,0.173,0.5995,0.6091,0.5041,0.4954,0.1524,0.2082,0.1968,0.2333,0.2292,-0.0001
Hmel218003o,9575001,9625000,9600208,48364,0.0251,0.0276,0.0252,0.0288,0.0094,0.0204,0.0177,0.0263,0.0263,0.0264,0.0264,0.0312,0.0403,0.0279,0.0283,0.036,0.0361,0.0266,0.0308,0.0405,0.0297,0.0302,0.0366,0.0372,0.0307,0.0414,0.0295,0.0294,0.0378,0.0383,0.0405,0.0336,0.0339,0.0384,0.0387,0.0412,0.0405,0.04,0.0409,0.0241,0.0338,0.034,0.0334,0.034,0.0266,0.0009,0.0263,0.0831,0.416,0.1087,0.1471,0.1768,0.1784,0.0049,0.048,0.3876,0.1116,0.1508,0.1602,0.1686,0.0738,0.4263,0.1366,0.1654,0.199,0.2066,0.391,0.1743,0.2108,0.1743,0.1782,0.4852,0.5147,0.3975,0.4074,0.1235,0.1926,0.1953,0.2157,0.2258,0.0054
Hmel218003o,9600001,9650000,9625007,49971,0.0206,0.0211,0.0204,0.0273,0.0073,0.0162,0.0151,0.0175,0.0179,0.0206,0.0208,0.0281,0.0356,0.0246,0.0241,0.0336,0.0337,0.0205,0.0278,0.0362,0.0266,0.0265,0.0352,0.0354,0.0277,0.0364,0.0261,0.0255,0.0352,0.0354,0.0375,0.033,0.0329,0.0366,0.0367,0.0377,0.0369,0.0375,0.0378,0.0192,0.0301,0.0299,0.0298,0.03,0.0179,-0.0068,0.0063,0.0952,0.4527,0.1516,0.156,0.2893,0.2864,-0.0058,0.0843,0.4518,0.1852,0.1979,0.304,0.3024,0.092,0.465,0.1849,0.1881,0.3138,0.312,0.4032,0.2296,0.2425,0.2627,0.2597,0.5406,0.5497,0.5189,0.5165,0.1058,0.2942,0.2867,0.3053,0.3029,0.007
Hmel218003o,9625001,9675000,9649998,49995,0.0167,0.0165,0.0174,0.0274,0.0059,0.0136,0.0114,0.0152,0.0152,0.0166,0.0179,0.0264,0.0373,0.0281,0.028,0.0357,0.0356,0.0171,0.0264,0.0381,0.0299,0.0301,0.0368,0.0367,0.0272,0.0378,0.0297,0.0299,0.0363,0.0363,0.0408,0.0363,0.0365,0.0391,0.0391,0.0361,0.0366,0.0363,0.036,0.0142,0.0275,0.0269,0.027,0.0269,0.0152,0.0002,0.0274,0.1157,0.5513,0.3154,0.3477,0.3987,0.3966,0.0056,0.1173,0.5621,0.3463,0.3826,0.4141,0.4133,0.1204,0.5447,0.3284,0.3642,0.3958,0.3956,0.4533,0.3063,0.3354,0.3195,0.3186,0.591,0.6328,0.5655,0.5627,0.0701,0.3271,0.3172,0.3554,0.3534,0.0019
Hmel218003o,9650001,9700000,9674947,49842,0.0123,0.0116,0.0118,0.0243,0.004,0.0086,0.0061,0.0151,0.0129,0.0121,0.0128,0.0212,0.036,0.0319,0.0316,0.0335,0.0336,0.0118,0.0214,0.0362,0.0327,0.0324,0.0337,0.0339,0.0222,0.0362,0.0326,0.0325,0.0338,0.0341,0.0381,0.0365,0.0365,0.0373,0.0376,0.0328,0.0339,0.0328,0.0332,0.0086,0.0182,0.0179,0.0181,0.0179,0.0137,0.0033,0.0297,0.1071,0.6444,0.5224,0.5645,0.4338,0.4713,0.0042,0.1217,0.6587,0.5435,0.5864,0.4471,0.4855,0.1365,0.6547,0.5389,0.583,0.4447,0.4843,0.4897,0.4078,0.4446,0.3291,0.3626,0.6907,0.7521,0.5627,0.6092,0.0822,0.2217,0.263,0.2721,0.322,-0.011
Hmel218003o,9675001,9725000,9700022,49842,0.011,0.0104,0.01,0.0213,0.0032,0.0038,0.0026,0.0106,0.0097,0.0104,0.0104,0.0188,0.0304,0.0246,0.0251,0.0246,0.0248,0.0097,0.0188,0.0302,0.025,0.0256,0.0252,0.0252,0.0187,0.0303,0.0243,0.0248,0.0248,0.0249,0.0318,0.0287,0.0292,0.0284,0.0285,0.0295,0.0299,0.0293,0.0295,0.0036,0.0125,0.0129,0.012,0.0124,0.01,-0.0143,-0.0041,0.1058,0.6355,0.5534,0.588,0.4051,0.4255,-0.0235,0.1198,0.6479,0.5763,0.6106,0.429,0.4465,0.1251,0.6575,0.5755,0.6107,0.4294,0.4495,0.4769,0.4284,0.4561,0.3069,0.3238,0.7995,0.8308,0.6331,0.6553,0.0694,0.2847,0.3302,0.3023,0.3512,-0.0082
Hmel218003o,9700001,9750000,9724966,49882,0.0181,0.0153,0.0147,0.0231,0.0042,0.0077,0.0077,0.0153,0.0152,0.0166,0.0164,0.0254,0.0326,0.0241,0.0255,0.0271,0.0268,0.0146,0.0267,0.0322,0.0258,0.0272,0.0292,0.029,0.0266,0.032,0.025,0.0265,0.0286,0.0284,0.0361,0.0282,0.0296,0.0292,0.029,0.0346,0.035,0.0341,0.0339,0.0088,0.0197,0.0202,0.0193,0.0199,0.0151,-0.0021,-0.0002,0.1193,0.5059,0.3176,0.3426,0.25,0.245,-0.0122,0.1862,0.552,0.4007,0.4223,0.328,0.3242,0.1922,0.5602,0.3974,0.421,0.3263,0.324,0.4835,0.3293,0.3489,0.2271,0.2255,0.7204,0.7217,0.5715,0.5706,0.0699,0.2769,0.2888,0.2644,0.281,-0.004
Hmel218003o,9725001,9775000,9750020,49881,0.0216,0.0172,0.017,0.0263,0.0048,0.0124,0.0131,0.0196,0.0187,0.0199,0.0195,0.0292,0.0375,0.0267,0.0274,0.0325,0.0326,0.0173,0.0302,0.0375,0.028,0.0287,0.0348,0.0348,0.0307,0.0372,0.0287,0.0293,0.0351,0.0353,0.041,0.031,0.032,0.0343,0.0344,0.0393,0.0404,0.0386,0.0392,0.015,0.0254,0.0255,0.026,0.0263,0.0192,0.0137,0.005,0.1117,0.4949,0.2331,0.2364,0.2357,0.2477,0.0053,0.1845,0.5624,0.3225,0.3226,0.3224,0.3331,0.194,0.5624,0.3364,0.334,0.3278,0.3421,0.4819,0.2616,0.2661,0.2153,0.227,0.6552,0.6521,0.5361,0.5546,0.0861,0.2378,0.2537,0.2396,0.2576,0.001
Hmel218003o,9750001,9800000,9775001,49980,0.0205,0.0181,0.0194,0.0264,0.0048,0.011,0.0097,0.0174,0.0179,0.0196,0.0196,0.0257,0.0384,0.0266,0.027,0.0305,0.0308,0.0188,0.0246,0.0391,0.0281,0.0288,0.0326,0.0324,0.0257,0.039,0.0271,0.0273,0.0318,0.032,0.0402,0.0333,0.0342,0.0359,0.036,0.0371,0.0384,0.036,0.0363,0.0127,0.0217,0.0217,0.0231,0.0233,0.0178,0.0082,-0.0094,0.0604,0.5197,0.2669,0.2949,0.2437,0.243,0.0003,0.0705,0.5628,0.3305,0.3623,0.3076,0.2991,0.0739,0.5412,0.2932,0.3172,0.2793,0.2767,0.4739,0.3123,0.3411,0.2626,0.2593,0.6626,0.6952,0.5444,0.5397,0.1061,0.2178,0.2113,0.2721,0.2692,0.0037
Hmel218003o,9775001,9825000,9799671,49030,0.0203,0.0186,0.0199,0.0252,0.0047,0.0058,0.0038,0.0145,0.0154,0.0192,0.0195,0.026,0.0377,0.0251,0.0259,0.0274,0.0276,0.0187,0.0245,0.038,0.0278,0.0289,0.0298,0.0295,0.025,0.0378,0.0256,0.0266,0.0283,0.0284,0.0402,0.0354,0.0363,0.035,0.0352,0.0367,0.0372,0.0356,0.0353,0.0062,0.0185,0.018,0.0188,0.0185,0.0151,-0.006,-0.0155,0.0787,0.5183,0.3296,0.3799,0.2347,0.2259,-0.015,0.0717,0.5463,0.406,0.4573,0.2987,0.2822,0.0651,0.5251,0.3455,0.3981,0.2555,0.2446,0.4892,0.4255,0.4636,0.2987,0.2914,0.7617,0.8048,0.5895,0.573,0.1326,0.3055,0.273,0.3593,0.33,0.004
Hmel218003o,9800001,9850000,9825067,48741,0.0217,0.0223,0.0218,0.0269,0.0061,0.0095,0.0071,0.0168,0.0165,0.0217,0.0218,0.0298,0.0372,0.0257,0.0259,0.0308,0.0313,0.0217,0.0294,0.0369,0.0276,0.0277,0.0314,0.0318,0.0289,0.0373,0.027,0.0275,0.0315,0.032,0.0394,0.0379,0.0373,0.0376,0.0383,0.0384,0.0384,0.038,0.0387,0.0102,0.0236,0.0236,0.0229,0.0226,0.0172,-0.0079,0.0018,0.1144,0.4714,0.2566,0.2994,0.2428,0.2548,-0.0095,0.1006,0.4593,0.2809,0.3201,0.2439,0.2545,0.0979,0.4702,0.2784,0.3245,0.2517,0.2628,0.4419,0.3816,0.4069,0.287,0.2988,0.6754,0.7188,0.5529,0.5634,0.1064,0.2978,0.3028,0.329,0.328,0.0178
Hmel218003o,9825001,9875000,9850069,49696,0.0235,0.0247,0.0254,0.0321,0.0056,0.017,0.0103,0.0192,0.0206,0.0241,0.0245,0.0338,0.0369,0.0281,0.0307,0.0364,0.0373,0.0248,0.0335,0.0369,0.0309,0.0336,0.0375,0.0385,0.0335,0.0371,0.0295,0.0317,0.0366,0.0373,0.0398,0.0396,0.0398,0.0417,0.0423,0.0382,0.0393,0.0383,0.039,0.0168,0.0292,0.0295,0.0282,0.0285,0.0209,-0.0005,0.0002,0.1152,0.4492,0.1711,0.3022,0.2725,0.2687,-0.0059,0.0977,0.4333,0.205,0.33,0.2741,0.2722,0.0897,0.4255,0.1714,0.2918,0.2547,0.2498,0.3974,0.2616,0.3405,0.2617,0.2548,0.5585,0.6775,0.526,0.5132,0.1084,0.2453,0.2333,0.3264,0.3112,0.0254
Hmel218003o,9850001,9900000,9874864,49678,0.0225,0.0224,0.0237,0.0346,0.0051,0.0151,0.0074,0.0198,0.0221,0.0223,0.0228,0.034,0.039,0.0259,0.0282,0.0336,0.0341,0.023,0.0335,0.0393,0.0297,0.0321,0.0359,0.0366,0.0343,0.0388,0.0269,0.0281,0.0335,0.034,0.0418,0.039,0.0401,0.0409,0.0412,0.0401,0.0413,0.0394,0.04,0.0139,0.0272,0.0271,0.0259,0.026,0.0217,-0.003,-0.008,0.1098,0.4932,0.1675,0.3212,0.2385,0.2199,0.0,0.1027,0.4981,0.2373,0.3809,0.2721,0.2567,0.1017,0.4753,0.1709,0.3022,0.2239,0.2062,0.3981,0.2545,0.3539,0.2265,0.2077,0.6131,0.75,0.5361,0.5097,0.1144,0.2291,0.1958,0.3265,0.2909,0.0197
Hmel218003o,9875001,9925000,9900020,49404,0.0233,0.0243,0.0245,0.0315,0.0049,0.0124,0.0085,0.0203,0.022,0.0241,0.0236,0.0327,0.0374,0.025,0.0259,0.0303,0.0306,0.0248,0.0322,0.0383,0.029,0.03,0.0326,0.0333,0.0335,0.0379,0.0262,0.0261,0.031,0.0315,0.0397,0.0374,0.0387,0.0385,0.0386,0.0383,0.0393,0.0379,0.0387,0.0123,0.0236,0.0239,0.0239,0.0243,0.021,0.0062,-0.0069,0.1056,0.4675,0.1756,0.2513,0.173,0.1588,0.0089,0.0871,0.4636,0.2372,0.3059,0.1975,0.1898,0.1046,0.4558,0.1818,0.2364,0.1688,0.1591,0.4109,0.2942,0.3557,0.2185,0.2019,0.6458,0.7204,0.5165,0.5005,0.0868,0.1917,0.1718,0.2599,0.2412,-0.0023
Hmel218003o,9900001,9950000,9925132,49720,0.0254,0.0259,0.0267,0.0292,0.0056,0.017,0.0158,0.0213,0.0222,0.0259,0.0256,0.0323,0.0361,0.0266,0.0284,0.0349,0.0351,0.0265,0.0318,0.037,0.0294,0.0314,0.0366,0.0371,0.0323,0.0368,0.0279,0.0283,0.036,0.0364,0.0388,0.0345,0.0351,0.0386,0.0386,0.037,0.0383,0.0383,0.039,0.0205,0.0292,0.029,0.0301,0.0302,0.0214,0.0048,-0.0101,0.0937,0.4158,0.12,0.1684,0.2081,0.202,0.005,0.0805,0.4195,0.1652,0.2126,0.2272,0.2251,0.0787,0.4058,0.129,0.1509,0.2094,0.2059,0.4188,0.2235,0.2469,0.2266,0.2176,0.5481,0.5799,0.4962,0.4913,0.1185,0.2175,0.2037,0.25,0.2405,-0.0076
Hmel218003o,9925001,9975000,9949998,49969,0.024,0.0221,0.0241,0.0301,0.0055,0.0181,0.0138,0.0219,0.0219,0.023,0.0239,0.0317,0.037,0.0271,0.0292,0.0359,0.0361,0.0233,0.0323,0.038,0.0291,0.0315,0.0387,0.0388,0.0322,0.0375,0.0288,0.0301,0.0381,0.038,0.0401,0.0348,0.0352,0.039,0.0391,0.0379,0.04,0.0394,0.0404,0.0202,0.0303,0.0297,0.0301,0.0296,0.0219,-0.0022,-0.0025,0.0938,0.4465,0.1337,0.2254,0.2315,0.2341,0.0034,0.123,0.4829,0.1925,0.2871,0.2878,0.2889,0.0988,0.4501,0.1621,0.2391,0.2589,0.2586,0.4231,0.2071,0.2629,0.2185,0.2202,0.5417,0.6269,0.5004,0.5104,0.125,0.2157,0.2063,0.2673,0.261,0.0013
Hmel218003o,9950001,10000000,9974983,49902,0.0206,0.0185,0.0195,0.0285,0.0047,0.011,0.0063,0.0175,0.0177,0.0193,0.0202,0.0306,0.0338,0.0255,0.0277,0.0305,0.0306,0.0189,0.0308,0.0346,0.0284,0.0311,0.0338,0.0338,0.0307,0.0346,0.0286,0.0313,0.0338,0.0337,0.0386,0.0349,0.0356,0.0366,0.0366,0.0332,0.0359,0.034,0.0349,0.0115,0.0214,0.0207,0.0218,0.0212,0.0177,-0.008,0.0056,0.1283,0.473,0.2487,0.3629,0.2436,0.2426,-0.0038,0.156,0.5135,0.3303,0.4456,0.3178,0.3151,0.1429,0.4993,0.3198,0.4334,0.3069,0.3027,0.4363,0.3115,0.3823,0.251,0.249,0.6341,0.7482,0.5241,0.5299,0.1526,0.2126,0.1924,0.308,0.2899,0.0029
Hmel218003o,9975001,10025000,10000006,49910,0.0166,0.0168,0.0162,0.029,0.004,0.0063,0.0056,0.0115,0.0112,0.0162,0.0164,0.0294,0.0307,0.019,0.0196,0.0277,0.0277,0.0159,0.0283,0.0309,0.0223,0.0224,0.0291,0.0293,0.0283,0.0314,0.0224,0.0223,0.0296,0.0296,0.0381,0.0336,0.0327,0.0359,0.0355,0.0297,0.0311,0.0294,0.0296,0.0094,0.0207,0.0202,0.0231,0.0224,0.0116,-0.0174,-0.0006,0.1529,0.515,0.2616,0.2917,0.3416,0.3455,-0.0191,0.1309,0.5122,0.3314,0.347,0.3598,0.3672,0.1401,0.5305,0.3471,0.3598,0.377,0.3825,0.4342,0.3523,0.3507,0.3107,0.3094,0.7189,0.7465,0.5983,0.6074,0.2414,0.414,0.4111,0.4763,0.4708,0.0099
Hmel218003o,10000001,10050000,10024996,49941,0.0202,0.0206,0.0204,0.0311,0.004,0.0127,0.0121,0.0143,0.0141,0.0202,0.0199,0.0301,0.0326,0.0201,0.0198,0.0279,0.0279,0.0199,0.0288,0.0328,0.0225,0.0223,0.029,0.0292,0.0293,0.0326,0.0221,0.0214,0.0291,0.029,0.0382,0.0332,0.0328,0.0353,0.0353,0.0321,0.0334,0.0323,0.0325,0.0167,0.0263,0.0263,0.0258,0.0256,0.0146,-0.0056,-0.0089,0.1014,0.4742,0.1054,0.1091,0.2475,0.2498,-0.0163,0.0761,0.4709,0.1589,0.1627,0.2615,0.2676,0.087,0.4722,0.1525,0.1471,0.2653,0.2671,0.4119,0.2408,0.2421,0.2489,0.251,0.6032,0.6279,0.5742,0.5801,0.1577,0.3354,0.3401,0.3376,0.3382,0.0142
Hmel218003o,10025001,10075000,10050008,49948,0.0265,0.0253,0.0258,0.0269,0.0064,0.0205,0.0197,0.0197,0.0189,0.026,0.0262,0.0288,0.0361,0.0261,0.0262,0.0302,0.0304,0.0252,0.0279,0.036,0.0277,0.0277,0.0317,0.032,0.0281,0.0356,0.0278,0.0278,0.0317,0.0319,0.0356,0.0305,0.031,0.0335,0.0339,0.0362,0.037,0.0366,0.0371,0.0239,0.0286,0.0286,0.0265,0.0265,0.0194,0.0013,0.001,0.0397,0.3896,0.0559,0.0667,0.1407,0.153,-0.0088,0.0371,0.4028,0.0988,0.1098,0.1789,0.1926,0.035,0.3915,0.0964,0.1068,0.1729,0.1843,0.3977,0.1407,0.1596,0.1967,0.2122,0.4727,0.4948,0.4894,0.5059,0.0918,0.1825,0.1938,0.1553,0.1663,0.0003
Hmel218003o,10050001,10100000,10074999,49956,0.0242,0.0237,0.0238,0.0241,0.0067,0.0199,0.0189,0.0193,0.0183,0.024,0.0246,0.0265,0.0336,0.0239,0.0243,0.0298,0.0302,0.0231,0.0259,0.0331,0.025,0.0246,0.0302,0.0306,0.0257,0.0331,0.0256,0.0256,0.0304,0.0307,0.0324,0.0278,0.028,0.0312,0.0315,0.0346,0.0349,0.0345,0.0344,0.0218,0.028,0.0282,0.0278,0.028,0.0188,0.0016,0.0139,0.0473,0.3856,0.0421,0.0634,0.1657,0.183,-0.0138,0.0433,0.3863,0.0725,0.0775,0.1781,0.1957,0.0376,0.385,0.0853,0.0957,0.1798,0.197,0.3903,0.1298,0.1461,0.1943,0.2112,0.4615,0.4797,0.4693,0.483,0.0617,0.1865,0.2027,0.1968,0.2122,-0.0003
Hmel218003o,10075001,10125000,10100014,49967,0.0236,0.0223,0.0229,0.0254,0.0067,0.0161,0.0152,0.0196,0.0197,0.0229,0.0236,0.0272,0.0349,0.0247,0.0253,0.0292,0.0298,0.0223,0.026,0.0342,0.0261,0.0267,0.0293,0.0299,0.0267,0.0344,0.026,0.0268,0.0296,0.0301,0.0355,0.0296,0.0303,0.0311,0.0314,0.0355,0.0364,0.0355,0.0353,0.0175,0.025,0.0254,0.0255,0.0259,0.0196,-0.0005,0.0069,0.0574,0.4095,0.1144,0.1398,0.1573,0.1667,-0.0068,0.052,0.4207,0.1613,0.1842,0.1754,0.1841,0.0578,0.4145,0.1513,0.1787,0.174,0.18,0.4118,0.199,0.2226,0.1771,0.1802,0.5299,0.5545,0.4767,0.4716,0.0588,0.1765,0.1825,0.199,0.2051,-0.0016
Hmel218003o,10100001,10150000,10124951,49718,0.0259,0.0252,0.0249,0.0269,0.0071,0.0149,0.0134,0.0209,0.0208,0.0257,0.0256,0.0292,0.0381,0.0281,0.0285,0.0307,0.0311,0.0252,0.0281,0.0376,0.0302,0.0306,0.0314,0.0318,0.0286,0.0384,0.0297,0.0303,0.0316,0.032,0.0386,0.0321,0.0324,0.0324,0.0327,0.0381,0.0386,0.038,0.0378,0.016,0.0236,0.0237,0.0247,0.0246,0.0206,0.0032,0.0027,0.053,0.4105,0.1673,0.193,0.1422,0.1501,0.0027,0.0432,0.4145,0.2134,0.2388,0.1617,0.1692,0.0552,0.4265,0.208,0.2356,0.1685,0.1749,0.4211,0.2386,0.2614,0.1663,0.1712,0.5681,0.596,0.4779,0.4763,0.0658,0.1454,0.1476,0.1898,0.1891,-0.0072
Hmel218003o,10125001,10175000,10150040,49596,0.0249,0.0256,0.0232,0.0271,0.0059,0.0152,0.0115,0.0208,0.0193,0.0253,0.0247,0.0288,0.0378,0.0266,0.0278,0.0305,0.0301,0.0242,0.0285,0.0377,0.0279,0.0291,0.0313,0.0308,0.028,0.0388,0.0285,0.03,0.0321,0.0316,0.0385,0.031,0.0324,0.0331,0.0322,0.0376,0.0383,0.0376,0.0368,0.0152,0.024,0.0235,0.0253,0.0249,0.0197,0.0005,0.014,0.0569,0.4367,0.1495,0.2195,0.1518,0.1622,-0.0045,0.0435,0.425,0.1637,0.2329,0.1576,0.1657,0.0644,0.4699,0.2053,0.2804,0.1971,0.2055,0.4339,0.2167,0.2855,0.1766,0.1813,0.577,0.6441,0.4915,0.5052,0.0681,0.1527,0.1633,0.2333,0.2471,-0.0088
Hmel218003o,10150001,10200000,10175006,49804,0.0268,0.0269,0.0262,0.0275,0.0067,0.0169,0.0098,0.0209,0.0197,0.0271,0.0272,0.031,0.0381,0.0282,0.0295,0.0318,0.0315,0.0262,0.0306,0.038,0.0297,0.0318,0.0338,0.0333,0.0299,0.039,0.0299,0.0318,0.0339,0.0333,0.0393,0.0327,0.0348,0.0351,0.0342,0.0389,0.0407,0.0388,0.0381,0.0161,0.0259,0.025,0.0255,0.0249,0.0199,0.0058,0.0135,0.0709,0.405,0.1354,0.245,0.1512,0.1587,-0.0073,0.0625,0.4025,0.1604,0.2807,0.1809,0.1857,0.0588,0.4228,0.1717,0.2898,0.1898,0.1941,0.4278,0.2156,0.3349,0.2007,0.2026,0.5518,0.6772,0.4925,0.5021,0.0981,0.1652,0.1638,0.26,0.2675,-0.0092
Hmel218003o,10175001,10225000,10199027,46884,0.0222,0.0214,0.0226,0.0257,0.0057,0.0151,0.0058,0.0179,0.018,0.0223,0.0227,0.0276,0.0352,0.0265,0.027,0.0284,0.0279,0.0214,0.0271,0.0352,0.0279,0.0287,0.0297,0.0293,0.0267,0.0362,0.0275,0.0279,0.0295,0.0292,0.0375,0.0313,0.0319,0.0322,0.0319,0.0373,0.0381,0.0366,0.0363,0.0142,0.0229,0.0224,0.0214,0.021,0.0175,0.0111,0.0055,0.0791,0.4467,0.1823,0.3314,0.1813,0.1703,-0.0145,0.0812,0.4592,0.2188,0.3712,0.2132,0.2052,0.0588,0.4538,0.1969,0.34,0.1963,0.1893,0.443,0.235,0.3769,0.2112,0.2064,0.5798,0.7499,0.5278,0.5234,0.1609,0.1711,0.1596,0.3016,0.2906,-0.0133
Hmel218003o,10200001,10250000,10225313,46029,0.02,0.0172,0.0186,0.0258,0.0058,0.013,0.0062,0.0178,0.0177,0.0189,0.0192,0.0252,0.0347,0.028,0.0283,0.0297,0.0287,0.0174,0.0244,0.035,0.0289,0.029,0.0298,0.0291,0.0247,0.0355,0.0291,0.0291,0.0303,0.0297,0.0372,0.0325,0.0323,0.0333,0.0329,0.0362,0.0363,0.0352,0.0352,0.0129,0.0209,0.0211,0.0213,0.0217,0.0176,0.01,-0.0017,0.0619,0.4751,0.2717,0.3836,0.2329,0.2193,-0.0157,0.0858,0.5226,0.3285,0.4424,0.2728,0.2627,0.0708,0.505,0.3098,0.4184,0.2611,0.2532,0.4382,0.2808,0.3758,0.2279,0.2248,0.6036,0.731,0.5138,0.5162,0.1579,0.1603,0.1665,0.2932,0.304,-0.0042
Hmel218003o,10225001,10275000,10250102,48056,0.0225,0.021,0.0213,0.0261,0.0078,0.0162,0.0098,0.0188,0.0196,0.0219,0.0218,0.0274,0.0362,0.0316,0.032,0.0351,0.0347,0.0208,0.0268,0.0369,0.0333,0.0342,0.0365,0.0358,0.0268,0.0368,0.0335,0.0344,0.0366,0.0361,0.0372,0.0346,0.035,0.037,0.0369,0.037,0.0378,0.0362,0.0364,0.0149,0.024,0.0239,0.0241,0.0245,0.0194,0.0051,-0.0021,0.0689,0.4259,0.253,0.3438,0.2727,0.257,-0.0075,0.0778,0.4537,0.297,0.3944,0.3076,0.2891,0.073,0.4495,0.2966,0.3925,0.3055,0.2901,0.4057,0.2645,0.3527,0.2632,0.2518,0.5264,0.636,0.4783,0.4684,0.073,0.1662,0.1518,0.2679,0.2617,0.0064
Hmel218003o,10250001,10300000,10275386,48854,0.0179,0.017,0.0167,0.0234,0.0047,0.0133,0.0082,0.0167,0.0187,0.0177,0.0175,0.0252,0.0372,0.0278,0.0283,0.0314,0.0311,0.0165,0.0246,0.0381,0.0295,0.03,0.0327,0.0323,0.0246,0.0376,0.0296,0.0302,0.0328,0.0324,0.038,0.0313,0.0321,0.0333,0.0334,0.0368,0.0377,0.0363,0.0365,0.0117,0.0225,0.0221,0.0219,0.0214,0.0183,0.0075,0.0054,0.1148,0.5501,0.294,0.3853,0.3036,0.2718,-0.0111,0.1151,0.572,0.334,0.4241,0.3336,0.3003,0.1197,0.5725,0.3403,0.4324,0.3388,0.3058,0.491,0.2843,0.3723,0.2674,0.242,0.6221,0.7221,0.5611,0.5307,0.0467,0.2096,0.1668,0.2887,0.2407,0.0186
Hmel218003o,10275001,10325000,10299971,49729,0.0151,0.0139,0.0147,0.0224,0.0027,0.0081,0.0054,0.0161,0.0167,0.0152,0.0154,0.0232,0.0372,0.0247,0.0243,0.0259,0.0254,0.0141,0.0228,0.0379,0.026,0.0256,0.0268,0.0262,0.023,0.037,0.0257,0.0252,0.0262,0.0257,0.0385,0.0303,0.0304,0.03,0.0299,0.0366,0.0366,0.0356,0.0353,0.0078,0.0189,0.0187,0.0188,0.0183,0.0168,0.0243,0.0168,0.1267,0.6288,0.377,0.4227,0.2609,0.2407,-0.0084,0.1378,0.656,0.4219,0.4683,0.2952,0.2756,0.1288,0.6341,0.4016,0.4455,0.273,0.2523,0.54,0.3642,0.4086,0.2371,0.227,0.7562,0.8115,0.5979,0.584,0.0795,0.2316,0.212,0.2859,0.2589,0.0109
Hmel218003o,10300001,10350000,10325026,49860,0.0158,0.0157,0.0162,0.0207,0.0039,0.0089,0.005,0.0162,0.0155,0.0168,0.0169,0.0221,0.0337,0.0225,0.0232,0.0241,0.024,0.0156,0.0225,0.0341,0.0234,0.0236,0.025,0.0248,0.0224,0.0338,0.0232,0.0236,0.0243,0.0242,0.0341,0.0278,0.0287,0.0278,0.0274,0.0346,0.0341,0.0339,0.0333,0.0095,0.0176,0.0176,0.0185,0.0181,0.0157,0.0351,0.0276,0.111,0.5629,0.3044,0.3955,0.2126,0.2206,-0.0108,0.1216,0.5689,0.326,0.4051,0.2321,0.239,0.1124,0.5575,0.3129,0.395,0.2114,0.22,0.5004,0.3352,0.416,0.2176,0.2213,0.7008,0.7786,0.5578,0.5634,0.1625,0.1771,0.1912,0.2839,0.2895,-0.005
Hmel218003o,10325001,10375000,10349990,49966,0.02,0.0219,0.0208,0.0225,0.0051,0.0134,0.009,0.0181,0.0177,0.022,0.0217,0.0262,0.0341,0.026,0.0257,0.0291,0.0295,0.0211,0.0267,0.0342,0.0271,0.0264,0.0302,0.0304,0.0259,0.0343,0.0268,0.0269,0.0298,0.0305,0.0339,0.0298,0.03,0.0308,0.0306,0.0348,0.0349,0.0346,0.0347,0.0164,0.0217,0.0217,0.0239,0.0235,0.018,0.0273,0.0333,0.1136,0.4775,0.2297,0.2922,0.2203,0.2326,-0.0072,0.0962,0.4495,0.2211,0.2748,0.2133,0.2222,0.0967,0.4677,0.2327,0.3007,0.2207,0.2375,0.4529,0.2715,0.3418,0.2193,0.2225,0.5944,0.6781,0.5139,0.5211,0.1991,0.1672,0.1748,0.2907,0.289,0.0046
Hmel218003o,10350001,10400000,10375006,49950,0.0191,0.0214,0.0222,0.0254,0.0053,0.0138,0.0095,0.0176,0.0184,0.0207,0.0224,0.0289,0.0368,0.0293,0.0282,0.031,0.0319,0.0226,0.0288,0.0374,0.0303,0.0298,0.0319,0.0328,0.0278,0.0375,0.0306,0.0304,0.0319,0.0333,0.0378,0.0322,0.0317,0.0326,0.0334,0.0378,0.0384,0.0365,0.0378,0.0169,0.0223,0.0228,0.0237,0.0234,0.0184,0.0118,0.0425,0.1468,0.5175,0.2931,0.3421,0.2675,0.2727,0.0193,0.1154,0.4887,0.2778,0.3316,0.2518,0.257,0.0868,0.4783,0.2718,0.3281,0.243,0.2542,0.4556,0.2695,0.3245,0.225,0.2269,0.6112,0.69,0.5369,0.539,0.1943,0.1819,0.1816,0.2854,0.2673,0.0114
Hmel218003o,10375001,10425000,10399872,49579,0.0179,0.0175,0.021,0.0273,0.0049,0.0154,0.0092,0.0173,0.0183,0.0183,0.0211,0.0305,0.0388,0.0315,0.0322,0.0342,0.0351,0.0202,0.0305,0.0401,0.0319,0.0331,0.0349,0.0357,0.03,0.0403,0.0323,0.0337,0.0351,0.036,0.0399,0.0341,0.0346,0.0354,0.0363,0.0397,0.0402,0.0387,0.04,0.0195,0.0233,0.0236,0.0228,0.0224,0.0183,0.0187,0.0433,0.1712,0.5612,0.3223,0.424,0.3348,0.3326,0.0273,0.1771,0.5795,0.3345,0.442,0.3499,0.3464,0.123,0.5298,0.2916,0.3972,0.3083,0.307,0.4589,0.2558,0.3439,0.2492,0.2491,0.6075,0.7152,0.5701,0.5655,0.2391,0.1845,0.175,0.2776,0.2524,0.014
Hmel218003o,10400001,10450000,10425063,49536,0.0219,0.0192,0.0213,0.028,0.004,0.0144,0.0136,0.0205,0.0202,0.0215,0.0228,0.0307,0.0362,0.029,0.0305,0.0352,0.0353,0.0204,0.0324,0.0374,0.0294,0.0314,0.0364,0.0363,0.0327,0.0379,0.0296,0.032,0.0367,0.0367,0.0374,0.0345,0.0354,0.0372,0.0374,0.0362,0.0367,0.0363,0.0365,0.0207,0.0282,0.028,0.0274,0.0269,0.0204,0.0238,0.0298,0.1192,0.4905,0.2416,0.2773,0.261,0.2663,0.0046,0.1778,0.5425,0.2851,0.3274,0.3074,0.3107,0.1571,0.5156,0.2588,0.3083,0.2871,0.2915,0.4397,0.2664,0.2893,0.2287,0.2355,0.6101,0.6296,0.5122,0.5199,0.203,0.2466,0.2483,0.2456,0.2398,0.0022
Hmel218003o,10425001,10475000,10449995,49878,0.0223,0.021,0.0224,0.0269,0.0045,0.0126,0.014,0.0208,0.0195,0.0221,0.0225,0.0285,0.0352,0.0251,0.0273,0.0304,0.0306,0.0216,0.0301,0.036,0.0262,0.0286,0.0317,0.0318,0.0305,0.0366,0.0266,0.0286,0.0321,0.0321,0.0372,0.0314,0.0331,0.0336,0.0338,0.0361,0.037,0.0349,0.0346,0.015,0.027,0.0267,0.0275,0.0268,0.0199,0.0094,0.0043,0.0863,0.4644,0.1893,0.2112,0.1801,0.1983,-0.0032,0.129,0.4919,0.2299,0.2525,0.2155,0.2329,0.1189,0.4789,0.2178,0.2338,0.207,0.2214,0.4427,0.2588,0.2642,0.1864,0.2051,0.631,0.6141,0.4843,0.5018,0.0622,0.2482,0.2618,0.2366,0.2422,-0.0068
Hmel218003o,10450001,10500000,10475003,49937,0.0199,0.0205,0.021,0.0278,0.0045,0.0145,0.0122,0.0214,0.0208,0.0205,0.0203,0.0287,0.0403,0.0269,0.0285,0.0313,0.032,0.0207,0.0287,0.0413,0.0286,0.0302,0.0326,0.0333,0.0292,0.0414,0.0286,0.0297,0.0329,0.0332,0.0422,0.0322,0.0333,0.0351,0.0355,0.0405,0.0417,0.0395,0.0393,0.0142,0.0265,0.0258,0.0267,0.026,0.0206,0.0082,-0.0041,0.1111,0.5522,0.231,0.2923,0.2155,0.234,-0.001,0.1032,0.5519,0.2521,0.31,0.2292,0.246,0.1048,0.5446,0.2451,0.2951,0.2262,0.238,0.4797,0.2346,0.2806,0.1918,0.2046,0.6343,0.68,0.5228,0.5294,0.0309,0.2014,0.1973,0.2394,0.2352,-0.0132
Hmel218003o,10475001,10525000,10499996,49986,0.019,0.0168,0.0177,0.0274,0.0032,0.0151,0.0085,0.0204,0.0214,0.0184,0.0189,0.0273,0.0378,0.0286,0.0307,0.0329,0.033,0.0174,0.0271,0.0388,0.03,0.0323,0.0345,0.0347,0.0278,0.0391,0.0303,0.0325,0.0349,0.0349,0.0406,0.0337,0.0352,0.0373,0.037,0.038,0.0392,0.0386,0.0386,0.0134,0.0252,0.0256,0.0245,0.0251,0.0206,0.0148,0.0162,0.1011,0.5606,0.2655,0.3958,0.2623,0.2515,0.0054,0.1278,0.6054,0.3204,0.4537,0.3127,0.3031,0.1273,0.593,0.3116,0.4406,0.3065,0.2951,0.487,0.2534,0.3591,0.2358,0.221,0.6271,0.7515,0.546,0.5324,0.0671,0.1836,0.1771,0.2699,0.2659,-0.0074
Hmel218003o,10500001,10550000,10525003,49985,0.0185,0.0138,0.0162,0.0258,0.0052,0.0128,0.0041,0.0172,0.0204,0.0167,0.0177,0.025,0.0346,0.0323,0.0351,0.0346,0.0327,0.0149,0.0256,0.0351,0.0336,0.0368,0.036,0.0344,0.0255,0.0357,0.0336,0.0368,0.0359,0.0344,0.0374,0.0363,0.0385,0.0375,0.0359,0.0365,0.0378,0.0361,0.036,0.0099,0.023,0.0245,0.022,0.0239,0.019,0.0189,0.0114,0.0792,0.5053,0.3628,0.5295,0.333,0.2664,-0.0024,0.1573,0.59,0.4497,0.6248,0.414,0.3504,0.1204,0.5551,0.4127,0.5833,0.3807,0.3193,0.4479,0.3329,0.4754,0.2913,0.2324,0.6201,0.7917,0.5415,0.4913,0.0831,0.2223,0.202,0.3628,0.3358,0.0064
Hmel218003o,10525001,10575000,10549991,49967,0.0173,0.0139,0.0165,0.024,0.0069,0.0142,0.0092,0.019,0.0225,0.0159,0.0168,0.0234,0.0381,0.0327,0.0332,0.0358,0.0332,0.0149,0.0234,0.038,0.0334,0.0338,0.0367,0.0342,0.0234,0.0385,0.0332,0.0341,0.0365,0.0343,0.0392,0.0354,0.0356,0.0377,0.0357,0.0375,0.0384,0.0368,0.0368,0.0127,0.0248,0.0258,0.0252,0.0263,0.0205,0.0104,-0.0044,0.0799,0.5335,0.364,0.4448,0.3406,0.2622,-0.0129,0.1318,0.5855,0.4232,0.5063,0.3951,0.3196,0.0913,0.5491,0.3827,0.4682,0.36,0.2881,0.464,0.3214,0.3923,0.2883,0.2204,0.5762,0.667,0.4944,0.4449,0.0407,0.2076,0.1779,0.2952,0.2606,-0.0064
Hmel218003o,10550001,10600000,10575000,49939,0.0177,0.0158,0.019,0.0244,0.0061,0.0171,0.0153,0.0207,0.0234,0.0168,0.0184,0.0239,0.0394,0.0305,0.0297,0.0353,0.0336,0.0169,0.0234,0.0394,0.031,0.0297,0.0363,0.0345,0.0246,0.0398,0.0301,0.0289,0.0358,0.0342,0.0401,0.0338,0.0331,0.0381,0.0365,0.0383,0.039,0.0377,0.0384,0.0187,0.0258,0.0265,0.0264,0.0273,0.0215,0.0017,0.0002,0.0824,0.5523,0.2859,0.2994,0.31,0.2538,-0.0179,0.0996,0.58,0.3193,0.3257,0.3461,0.2878,0.0771,0.5356,0.2616,0.2669,0.3005,0.2461,0.479,0.2586,0.2719,0.2705,0.2172,0.5502,0.5839,0.4922,0.4602,0.0762,0.1628,0.1401,0.2,0.1787,-0.0123
Hmel218003o,10575001,10625000,10599761,49321,0.0189,0.0166,0.0194,0.0251,0.007,0.0172,0.0163,0.0181,0.0203,0.0181,0.0191,0.0258,0.0397,0.0292,0.029,0.0364,0.0357,0.0175,0.0255,0.0395,0.0297,0.0292,0.0371,0.0361,0.0267,0.04,0.0284,0.0275,0.0367,0.0356,0.0394,0.0336,0.0332,0.0387,0.0379,0.0399,0.0407,0.0395,0.0398,0.019,0.0281,0.028,0.0273,0.0272,0.0195,0.01,0.0002,0.0958,0.5244,0.249,0.2561,0.3412,0.3053,-0.0132,0.1222,0.556,0.289,0.2926,0.3789,0.3382,0.1064,0.52,0.2278,0.223,0.3393,0.2984,0.4511,0.2478,0.2537,0.3017,0.2657,0.5507,0.5701,0.5336,0.5054,0.0662,0.2413,0.2084,0.2379,0.2062,0.0075
Hmel218003o,10600001,10650000,10625081,49284,0.0182,0.0166,0.0175,0.0246,0.0063,0.0185,0.0158,0.0161,0.0168,0.0175,0.0179,0.0248,0.0376,0.0255,0.0297,0.0357,0.036,0.0166,0.0239,0.0368,0.0248,0.0292,0.0354,0.0354,0.0245,0.0378,0.0252,0.0295,0.0364,0.0364,0.0373,0.0306,0.0338,0.0377,0.0376,0.0365,0.0384,0.0362,0.0368,0.0208,0.0289,0.0285,0.0262,0.0255,0.0169,0.0027,0.0029,0.0898,0.5242,0.1704,0.2837,0.3645,0.3603,-0.0124,0.0969,0.542,0.1805,0.3006,0.3834,0.3752,0.0964,0.538,0.1756,0.2919,0.3831,0.3751,0.4466,0.191,0.2737,0.3193,0.3106,0.5089,0.5688,0.5428,0.5391,0.1016,0.2629,0.2463,0.2547,0.2327,0.0134
Hmel218003o,10625001,10675000,10650030,49927,0.0143,0.0142,0.0147,0.0241,0.0045,0.0191,0.0104,0.0135,0.0136,0.0139,0.0145,0.0239,0.0328,0.0237,0.0327,0.0352,0.0357,0.0139,0.0233,0.0325,0.0236,0.0329,0.035,0.0351,0.0239,0.0334,0.0243,0.0338,0.0358,0.036,0.0347,0.0302,0.0363,0.0375,0.0372,0.0328,0.0348,0.0339,0.0346,0.0208,0.027,0.0263,0.021,0.0202,0.0138,-0.0115,0.0006,0.1362,0.5704,0.1839,0.4685,0.4498,0.4536,-0.0205,0.1237,0.5687,0.1825,0.4726,0.4484,0.4484,0.129,0.5701,0.1894,0.4754,0.4509,0.4516,0.4515,0.1818,0.3837,0.3554,0.3507,0.4876,0.6624,0.595,0.6002,0.1809,0.2588,0.2446,0.2875,0.2673,0.0102
Hmel218003o,10650001,10700000,10675001,49992,0.0179,0.0166,0.0177,0.0272,0.008,0.0217,0.0119,0.0173,0.0178,0.0169,0.0175,0.0282,0.0354,0.0257,0.0311,0.0374,0.0375,0.0166,0.0272,0.0353,0.0263,0.0315,0.0374,0.0373,0.0279,0.0362,0.0264,0.0317,0.0381,0.0378,0.0389,0.034,0.0364,0.0407,0.0405,0.0361,0.0372,0.0384,0.0385,0.0212,0.0314,0.0308,0.0281,0.0271,0.0177,-0.0118,-0.0093,0.1339,0.4803,0.1376,0.3668,0.375,0.3707,-0.0173,0.1316,0.4985,0.1654,0.391,0.3912,0.383,0.1309,0.492,0.1543,0.3784,0.3851,0.3763,0.4092,0.1782,0.3308,0.3145,0.3061,0.4331,0.5928,0.5204,0.5145,0.1227,0.2461,0.2295,0.3301,0.3054,0.0032
Hmel218003o,10675001,10725000,10699962,49659,0.0225,0.0221,0.0227,0.0305,0.01,0.0204,0.0177,0.0226,0.024,0.0221,0.0226,0.0313,0.0409,0.0281,0.0279,0.0368,0.0368,0.0222,0.0298,0.0409,0.0285,0.0284,0.037,0.0369,0.0306,0.0419,0.029,0.0286,0.0382,0.038,0.0438,0.0357,0.0353,0.0407,0.0407,0.0416,0.0421,0.042,0.0423,0.0221,0.0325,0.0328,0.0345,0.0343,0.0234,-0.0044,0.0007,0.1012,0.4477,0.1432,0.1715,0.2525,0.2381,-0.0038,0.0802,0.4524,0.1548,0.1852,0.2589,0.2429,0.0871,0.4543,0.1562,0.1818,0.2674,0.2508,0.3999,0.1895,0.2141,0.2275,0.2139,0.4814,0.5208,0.4564,0.4427,0.0779,0.2147,0.2045,0.2742,0.2556,0.0029
Hmel218003o,10700001,10750000,10725082,49404,0.0222,0.0233,0.0235,0.0288,0.0071,0.0155,0.0152,0.0215,0.0214,0.0228,0.0229,0.0298,0.0386,0.0273,0.0278,0.0332,0.0326,0.0233,0.0299,0.039,0.0281,0.0292,0.0335,0.033,0.0299,0.0394,0.0295,0.0303,0.0351,0.0347,0.0408,0.0351,0.0361,0.0379,0.0376,0.0395,0.0408,0.0389,0.0394,0.0172,0.027,0.0267,0.0288,0.0285,0.0216,0.0012,0.0019,0.0936,0.4662,0.1922,0.2062,0.2176,0.2089,-0.0025,0.0808,0.4551,0.1924,0.2163,0.2094,0.2029,0.079,0.4565,0.214,0.2323,0.2311,0.2257,0.4224,0.253,0.2702,0.2193,0.2168,0.5706,0.587,0.4792,0.4851,0.0606,0.1974,0.1919,0.2336,0.2292,0.0053
Hmel218003o,10725001,10775000,10750072,49496,0.0165,0.0172,0.0194,0.0268,0.0042,0.0112,0.0115,0.0158,0.0143,0.0172,0.0181,0.0257,0.0323,0.0244,0.0243,0.0267,0.0264,0.0182,0.026,0.0322,0.0242,0.0245,0.0265,0.0262,0.0257,0.0326,0.0251,0.0256,0.0273,0.0271,0.036,0.0309,0.0314,0.032,0.0317,0.0327,0.0334,0.0317,0.032,0.0119,0.0188,0.0184,0.0201,0.0198,0.015,0.0122,0.0039,0.1103,0.5306,0.2887,0.2813,0.2591,0.275,-0.0044,0.1073,0.5175,0.273,0.2727,0.2442,0.2609,0.071,0.484,0.2553,0.2591,0.2259,0.2433,0.4367,0.2723,0.275,0.2263,0.2401,0.6353,0.6339,0.5364,0.567,0.0268,0.1739,0.1896,0.1997,0.2197,-0.0023
Hmel218003o,10750001,10800000,10774949,49393,0.0127,0.0128,0.0145,0.0241,0.0027,0.0098,0.0093,0.0126,0.0119,0.0129,0.0137,0.0212,0.0307,0.0221,0.0199,0.0231,0.0231,0.0135,0.0209,0.0304,0.0215,0.0195,0.0226,0.0225,0.021,0.0311,0.0216,0.0198,0.0229,0.0228,0.0339,0.0261,0.0252,0.0264,0.0262,0.0298,0.0307,0.0293,0.0294,0.0115,0.0152,0.0151,0.0172,0.017,0.012,0.0072,0.0038,0.102,0.6144,0.3405,0.301,0.3049,0.319,-0.0049,0.0948,0.6099,0.3256,0.2898,0.2925,0.3051,0.0678,0.582,0.293,0.2599,0.2674,0.2787,0.4708,0.2469,0.2399,0.2081,0.2159,0.6676,0.6872,0.6003,0.6179,0.0966,0.1608,0.1723,0.2315,0.2424,-0.013
Hmel218003o,10775001,10825000,10799674,48875,0.0186,0.0187,0.0178,0.0244,0.005,0.0136,0.0095,0.0176,0.0187,0.0186,0.0184,0.0234,0.0365,0.0268,0.0254,0.0296,0.0283,0.0178,0.0234,0.0364,0.0267,0.0254,0.0297,0.0284,0.0237,0.0369,0.0274,0.0257,0.0303,0.0292,0.0371,0.0302,0.0299,0.0315,0.0304,0.0356,0.0369,0.0355,0.0349,0.0136,0.0228,0.0224,0.024,0.0237,0.018,-0.0018,0.0048,0.0585,0.5264,0.2621,0.2994,0.2526,0.215,-0.0139,0.0559,0.5241,0.2595,0.2987,0.2531,0.2156,0.0761,0.5435,0.2858,0.3189,0.275,0.2426,0.465,0.2549,0.3096,0.2181,0.1868,0.6014,0.6843,0.5332,0.5083,0.0874,0.1988,0.1715,0.2909,0.2652,-0.0042
Hmel218003o,10800001,10850000,10825054,49220,0.0229,0.0223,0.0214,0.0297,0.0067,0.0122,0.0104,0.0205,0.023,0.0226,0.0223,0.0295,0.0384,0.0312,0.0317,0.0337,0.0323,0.0216,0.0297,0.038,0.0312,0.0314,0.0344,0.0329,0.0298,0.0388,0.0324,0.0325,0.0348,0.0336,0.04,0.0355,0.0364,0.0367,0.0354,0.0386,0.0391,0.0384,0.0376,0.0125,0.0253,0.0254,0.0262,0.0266,0.0224,0.0008,0.0046,0.0723,0.4592,0.2924,0.3262,0.2283,0.1787,-0.0052,0.0823,0.4634,0.3004,0.3303,0.2459,0.1944,0.0942,0.4832,0.33,0.3576,0.2612,0.215,0.4103,0.2902,0.3246,0.2072,0.1623,0.6205,0.6553,0.493,0.4492,0.0535,0.2261,0.1908,0.2721,0.2402,0.0157
Hmel218003o,10825001,10875000,10849952,49775,0.0222,0.0209,0.0209,0.0296,0.0066,0.0143,0.01,0.0197,0.0222,0.0213,0.0214,0.029,0.0369,0.0286,0.0296,0.0316,0.0315,0.0209,0.029,0.0371,0.0294,0.0297,0.0325,0.0323,0.0289,0.0376,0.03,0.0306,0.033,0.0327,0.0398,0.0337,0.0341,0.0353,0.0348,0.0368,0.0376,0.0366,0.0368,0.0143,0.0241,0.0244,0.0247,0.0254,0.023,-0.0046,-0.0046,0.0725,0.4545,0.2332,0.3096,0.213,0.1838,-0.0003,0.089,0.4759,0.2638,0.3306,0.2436,0.2106,0.0856,0.4803,0.2737,0.3436,0.2505,0.216,0.4106,0.2415,0.3023,0.1987,0.1636,0.5735,0.6536,0.4878,0.4531,0.0864,0.182,0.1529,0.262,0.2355,0.0509
Hmel218003o,10850001,10900000,10874929,49519,0.0224,0.0219,0.022,0.0282,0.0059,0.0225,0.0155,0.0211,0.0227,0.0224,0.0226,0.0287,0.0359,0.0286,0.0294,0.033,0.0333,0.022,0.0287,0.0369,0.0298,0.0303,0.0341,0.0343,0.0284,0.0367,0.0302,0.0305,0.0345,0.0346,0.0376,0.0331,0.0333,0.0356,0.0357,0.0359,0.0372,0.036,0.0364,0.0229,0.0271,0.0278,0.0279,0.0295,0.0239,0.0067,0.0101,0.0759,0.451,0.1266,0.227,0.2163,0.2019,0.0023,0.084,0.4692,0.1551,0.2493,0.2386,0.2239,0.077,0.4656,0.1609,0.2503,0.2426,0.2265,0.4135,0.147,0.2336,0.1991,0.1815,0.4494,0.5684,0.4703,0.4517,0.0975,0.1145,0.1086,0.2175,0.2244,0.0459
Hmel218003o,10875001,10925000,10900011,49723,0.0222,0.0216,0.0216,0.0276,0.0048,0.0184,0.0164,0.0225,0.0218,0.022,0.0223,0.0279,0.0346,0.027,0.0272,0.0316,0.0317,0.0218,0.0276,0.0352,0.0284,0.0285,0.0328,0.0329,0.0273,0.0347,0.0287,0.0283,0.0327,0.033,0.0364,0.032,0.0322,0.0345,0.0349,0.0345,0.0351,0.035,0.035,0.0216,0.0268,0.027,0.028,0.0288,0.0227,0.0034,0.0088,0.07,0.4543,0.1504,0.1789,0.1812,0.1897,0.0049,0.072,0.4699,0.1837,0.21,0.2063,0.2148,0.0663,0.4637,0.1879,0.2068,0.205,0.2166,0.4217,0.1859,0.2139,0.1737,0.186,0.512,0.5516,0.4545,0.4639,0.1134,0.1426,0.1541,0.1906,0.2118,0.0139
Hmel218003o,10900001,10950000,10924575,48355,0.0188,0.0183,0.0185,0.0258,0.006,0.0134,0.0104,0.0195,0.0184,0.0183,0.0187,0.0243,0.0362,0.0209,0.0217,0.0261,0.0258,0.0185,0.0241,0.0363,0.0228,0.0233,0.0272,0.0268,0.0244,0.036,0.0225,0.0226,0.027,0.0268,0.0379,0.0278,0.0283,0.0305,0.0302,0.0357,0.0356,0.0352,0.035,0.0146,0.0231,0.0228,0.0226,0.0224,0.0195,-0.0085,0.0027,0.0615,0.5053,0.1381,0.207,0.1624,0.1714,0.0015,0.0635,0.5146,0.19,0.2501,0.1894,0.1974,0.067,0.5078,0.1797,0.231,0.183,0.1953,0.4419,0.2029,0.256,0.1636,0.1741,0.5884,0.6406,0.4843,0.4991,0.1099,0.1773,0.1875,0.2157,0.2283,0.0143
Hmel218003o,10925001,10975000,10950410,48330,0.0199,0.0198,0.0198,0.0257,0.0073,0.0176,0.0105,0.0201,0.0197,0.0193,0.0197,0.025,0.0392,0.0214,0.0242,0.0277,0.0272,0.0192,0.0248,0.0392,0.0231,0.0253,0.0285,0.028,0.0251,0.0388,0.0223,0.0244,0.0282,0.0277,0.0406,0.0279,0.0298,0.031,0.0303,0.0386,0.0386,0.0377,0.0375,0.0186,0.0249,0.0249,0.0235,0.024,0.02,-0.0136,-0.0035,0.0609,0.501,0.0704,0.24,0.1697,0.1665,-0.0152,0.0572,0.5027,0.1133,0.2638,0.1857,0.1835,0.0652,0.4998,0.0936,0.2468,0.1803,0.1785,0.4525,0.1472,0.2775,0.1641,0.1603,0.5296,0.6405,0.4829,0.4874,0.1489,0.1468,0.1527,0.2206,0.2394,0.0016
Hmel218003o,10950001,11000000,10974749,47437,0.016,0.0162,0.0168,0.0221,0.0043,0.0135,0.0077,0.0171,0.0167,0.0157,0.0161,0.0219,0.0358,0.0206,0.0229,0.025,0.0248,0.0158,0.0217,0.0361,0.0217,0.0235,0.0254,0.0254,0.0217,0.0358,0.0211,0.0234,0.0255,0.0252,0.0375,0.0257,0.0275,0.0279,0.0278,0.0349,0.0354,0.0345,0.0346,0.0149,0.0212,0.0209,0.0203,0.0206,0.0167,-0.0122,-0.0113,0.0863,0.5735,0.1733,0.331,0.2131,0.2144,-0.0209,0.0813,0.5739,0.1961,0.3401,0.2194,0.2243,0.0714,0.5611,0.173,0.3268,0.2114,0.2122,0.5092,0.2055,0.3315,0.1909,0.1942,0.6079,0.723,0.5423,0.5502,0.1765,0.1688,0.1679,0.2542,0.2668,-0.0075
Hmel218003o,10975001,11025000,11000986,47209,0.008,0.0071,0.0086,0.017,0.0017,0.0043,0.0029,0.0095,0.0083,0.0075,0.0083,0.0155,0.0313,0.0145,0.0145,0.0161,0.016,0.0079,0.0152,0.0309,0.0145,0.0145,0.0159,0.0157,0.0153,0.031,0.0141,0.0142,0.016,0.0158,0.0328,0.0197,0.02,0.0208,0.0208,0.0302,0.0304,0.03,0.0296,0.0051,0.0116,0.0114,0.0116,0.0117,0.009,-0.0013,-0.0016,0.1389,0.7429,0.4173,0.466,0.3095,0.3378,0.0024,0.1544,0.763,0.4508,0.5027,0.3276,0.3572,0.1227,0.7282,0.3862,0.4403,0.2899,0.3182,0.5831,0.3367,0.3762,0.2476,0.2734,0.8277,0.8667,0.6999,0.7247,0.1744,0.2657,0.3002,0.318,0.3653,0.0044
Hmel218003o,11000001,11050000,11025039,49740,0.01,0.0089,0.0096,0.0185,0.0026,0.0058,0.0059,0.0108,0.0106,0.0093,0.0099,0.0169,0.0299,0.0166,0.0165,0.02,0.0193,0.0094,0.0164,0.0296,0.0169,0.017,0.0205,0.0196,0.0167,0.03,0.0165,0.0166,0.0202,0.0195,0.0314,0.022,0.0221,0.0239,0.0233,0.0293,0.029,0.029,0.0285,0.008,0.0149,0.0148,0.0141,0.0143,0.0107,-0.0093,0.0048,0.1137,0.6659,0.3667,0.3634,0.3303,0.3181,0.0095,0.1218,0.6891,0.4079,0.4081,0.365,0.3509,0.1174,0.6775,0.3793,0.379,0.3458,0.3329,0.5278,0.3236,0.3236,0.2635,0.2561,0.7609,0.7574,0.6408,0.6405,0.1641,0.2974,0.3013,0.2696,0.2834,0.0027
Hmel218003o,11025001,11075000,11049998,49980,0.0146,0.0143,0.0129,0.0208,0.0038,0.0088,0.007,0.0127,0.0137,0.0142,0.0138,0.0224,0.0305,0.0246,0.0255,0.028,0.0276,0.0136,0.0216,0.0309,0.0253,0.0257,0.0293,0.0289,0.0226,0.0308,0.0256,0.0261,0.0289,0.0284,0.0332,0.0282,0.0281,0.0307,0.03,0.0323,0.0326,0.0318,0.0319,0.0099,0.0177,0.0179,0.0179,0.0183,0.0132,-0.0081,0.0028,0.137,0.5532,0.3714,0.4205,0.3599,0.3378,0.0022,0.1252,0.5638,0.3885,0.4308,0.3851,0.3631,0.1704,0.5899,0.4193,0.4642,0.4004,0.3778,0.4915,0.3414,0.3708,0.3162,0.2903,0.6872,0.7291,0.6038,0.5864,0.1193,0.2561,0.2394,0.3014,0.29,-0.0011
Hmel218003o,11050001,11100000,11074778,48990,0.021,0.0201,0.0178,0.0222,0.0061,0.0133,0.0085,0.0192,0.02,0.0203,0.0199,0.0277,0.0354,0.0314,0.0333,0.0359,0.0362,0.019,0.0265,0.036,0.0326,0.0338,0.0377,0.0382,0.0264,0.0357,0.0334,0.0348,0.0377,0.0379,0.0378,0.0352,0.0357,0.0389,0.0388,0.0391,0.0399,0.0387,0.0393,0.0137,0.0251,0.0257,0.0265,0.0268,0.0196,-0.0073,0.0137,0.1307,0.4618,0.3072,0.4006,0.2956,0.2894,0.0014,0.1219,0.4818,0.3365,0.4203,0.3289,0.3257,0.1512,0.5133,0.3781,0.4663,0.3552,0.3484,0.4833,0.3514,0.4267,0.3193,0.3073,0.6168,0.7035,0.5228,0.5162,0.1202,0.2253,0.2234,0.3266,0.3186,-0.0004
Hmel218003o,11075001,11125000,11100254,48945,0.0239,0.0219,0.021,0.0243,0.0073,0.017,0.0147,0.0215,0.0223,0.0228,0.0233,0.028,0.0368,0.0306,0.0319,0.035,0.0349,0.0216,0.027,0.0374,0.0331,0.0343,0.0379,0.0379,0.0259,0.0373,0.0332,0.0346,0.0377,0.0375,0.0375,0.0358,0.0361,0.038,0.038,0.038,0.0385,0.0384,0.0385,0.0196,0.0295,0.0296,0.0305,0.0302,0.0219,-0.001,0.02,0.0789,0.4204,0.208,0.2589,0.2243,0.2138,0.0047,0.0857,0.4554,0.2728,0.3185,0.2855,0.2765,0.0763,0.4671,0.2858,0.3348,0.2931,0.2823,0.4375,0.2868,0.3205,0.26,0.2509,0.5314,0.5714,0.4715,0.4614,0.1111,0.2207,0.2128,0.269,0.253,0.0012
Hmel218003o,11100001,11150000,11125011,49920,0.0215,0.0187,0.0196,0.0247,0.0047,0.0159,0.016,0.0197,0.0186,0.0201,0.0208,0.0259,0.0344,0.0318,0.0308,0.0329,0.0324,0.0192,0.0242,0.0351,0.0345,0.0332,0.0357,0.0353,0.0251,0.035,0.0339,0.0329,0.0349,0.0345,0.0368,0.0361,0.0347,0.0361,0.0358,0.0352,0.0351,0.0351,0.0349,0.0186,0.0249,0.0259,0.0259,0.0267,0.0195,0.0006,0.0052,0.0664,0.4651,0.2721,0.2545,0.2419,0.2478,0.001,0.0703,0.5165,0.3467,0.3269,0.3144,0.3216,0.0759,0.5009,0.3265,0.3109,0.2933,0.2997,0.4641,0.302,0.2817,0.2549,0.2635,0.5648,0.5611,0.5014,0.5168,0.0812,0.1775,0.2117,0.1943,0.225,0.0113
Hmel218003o,11125001,11175000,11149987,49915,0.0211,0.0196,0.0204,0.0243,0.0036,0.0141,0.0105,0.0219,0.021,0.0202,0.0209,0.0252,0.0373,0.0329,0.0351,0.0363,0.0362,0.02,0.0245,0.0381,0.0347,0.0369,0.0379,0.038,0.0255,0.038,0.0349,0.0366,0.0377,0.0374,0.0388,0.0353,0.0369,0.0378,0.0376,0.0378,0.0382,0.0373,0.0378,0.0157,0.0255,0.0262,0.0237,0.0247,0.0218,-0.0047,0.0029,0.0622,0.5194,0.318,0.3953,0.2692,0.2785,-0.001,0.0668,0.55,0.3619,0.4372,0.307,0.3175,0.0766,0.5369,0.3533,0.4224,0.2955,0.302,0.5035,0.3197,0.3864,0.2537,0.262,0.6367,0.7029,0.5079,0.5265,0.1282,0.1824,0.2102,0.1989,0.233,0.0096
Hmel218003o,11150001,11200000,11175016,49930,0.0231,0.0225,0.0235,0.0276,0.0055,0.0153,0.009,0.0233,0.0229,0.0226,0.0237,0.0279,0.0405,0.0309,0.0337,0.0367,0.0367,0.0232,0.028,0.0416,0.0308,0.0338,0.037,0.0372,0.0284,0.0409,0.0319,0.0346,0.0373,0.0373,0.0404,0.0333,0.0356,0.0371,0.037,0.0407,0.0415,0.0404,0.0402,0.0158,0.0289,0.0288,0.0268,0.0268,0.0233,-0.0043,0.0081,0.0584,0.4945,0.2453,0.3687,0.2361,0.2408,0.0053,0.0669,0.5125,0.2511,0.3793,0.2474,0.2544,0.0636,0.4931,0.2553,0.3757,0.2402,0.2451,0.4527,0.2424,0.3543,0.1986,0.2024,0.6079,0.715,0.4905,0.4942,0.1356,0.2087,0.2131,0.2596,0.266,0.0041
Hmel218003o,11175001,11225000,11199876,49210,0.023,0.021,0.0224,0.0291,0.0062,0.0136,0.0091,0.0219,0.0207,0.0218,0.0231,0.028,0.0367,0.0282,0.0278,0.0326,0.0323,0.0221,0.0274,0.0377,0.0281,0.0282,0.033,0.033,0.0279,0.0368,0.028,0.0282,0.0327,0.0327,0.0381,0.0324,0.0324,0.0353,0.0351,0.037,0.0375,0.0368,0.0359,0.0138,0.0283,0.0282,0.028,0.0278,0.0212,-0.0044,0.0084,0.0494,0.4459,0.2227,0.2807,0.194,0.2024,0.0112,0.0632,0.4857,0.2508,0.3184,0.2236,0.2371,0.0548,0.4557,0.2287,0.2968,0.2031,0.2169,0.4031,0.2374,0.2976,0.1782,0.1886,0.5927,0.6753,0.4619,0.4699,0.1058,0.2405,0.2558,0.3008,0.3168,-0.0024
Hmel218003o,11200001,11250000,11225213,48886,0.017,0.0145,0.0154,0.021,0.0039,0.0075,0.005,0.0146,0.0152,0.0156,0.0162,0.0206,0.0295,0.0221,0.0222,0.0247,0.0248,0.0154,0.0196,0.03,0.0231,0.0232,0.0255,0.0256,0.0206,0.0298,0.0224,0.0225,0.0248,0.0251,0.0309,0.0257,0.0256,0.0275,0.0275,0.0291,0.0303,0.0294,0.0294,0.0077,0.0187,0.0189,0.0189,0.0192,0.0143,-0.0036,0.0011,0.0535,0.4945,0.3016,0.3515,0.2316,0.2244,0.0137,0.0692,0.546,0.3701,0.4219,0.2853,0.2773,0.0778,0.5267,0.3383,0.3912,0.2579,0.2531,0.4592,0.3207,0.3644,0.234,0.2229,0.6877,0.7556,0.5383,0.5261,0.1082,0.2706,0.2623,0.3308,0.3231,-0.0223
Hmel218003o,11225001,11275000,11250089,49657,0.0186,0.0174,0.0181,0.0212,0.006,0.0126,0.0095,0.0156,0.0162,0.0178,0.0183,0.022,0.0326,0.0219,0.0231,0.0254,0.0253,0.0181,0.0213,0.0329,0.0229,0.0236,0.0264,0.0262,0.0217,0.0328,0.0231,0.0241,0.0262,0.0259,0.0338,0.0259,0.0269,0.0287,0.0284,0.032,0.0329,0.031,0.0311,0.0137,0.0205,0.0208,0.0222,0.0223,0.0157,-0.0055,-0.0017,0.058,0.4677,0.1782,0.2553,0.2047,0.1953,0.0112,0.0612,0.4924,0.2192,0.2878,0.2432,0.2303,0.061,0.4791,0.2123,0.2852,0.2277,0.2149,0.4568,0.2355,0.3042,0.2371,0.2237,0.5657,0.6332,0.4982,0.4907,0.1135,0.1944,0.1911,0.2894,0.281,-0.0081
Hmel218003o,11250001,11300000,11274465,48750,0.0199,0.0183,0.0194,0.0247,0.0061,0.0177,0.0138,0.018,0.0171,0.0188,0.0196,0.0244,0.0364,0.0226,0.0231,0.0269,0.0262,0.0189,0.0238,0.0365,0.0226,0.0223,0.0275,0.027,0.0236,0.0362,0.0232,0.0234,0.0273,0.0265,0.0382,0.0276,0.0282,0.031,0.0306,0.0363,0.0367,0.034,0.0341,0.0191,0.0241,0.0236,0.0263,0.0256,0.0175,-0.0095,-0.0035,0.0571,0.4886,0.0975,0.1643,0.1814,0.1815,0.0014,0.0668,0.5144,0.1191,0.1715,0.2154,0.2178,0.0481,0.4936,0.1165,0.1784,0.1959,0.1934,0.456,0.1493,0.2154,0.2026,0.2074,0.5209,0.5882,0.4919,0.508,0.1004,0.1559,0.159,0.2575,0.2583,-0.0006
Hmel218003o,11275001,11325000,11299286,46051,0.0169,0.0154,0.0169,0.0233,0.004,0.0162,0.0139,0.0161,0.0152,0.016,0.0165,0.0225,0.0342,0.021,0.0202,0.0252,0.0247,0.0158,0.0219,0.0344,0.0214,0.0198,0.0253,0.0251,0.0221,0.0345,0.0218,0.0207,0.0253,0.0247,0.036,0.0261,0.0252,0.0277,0.0277,0.0349,0.0347,0.0326,0.0328,0.0172,0.0215,0.021,0.0225,0.0217,0.0155,-0.0065,-0.0111,0.0736,0.5494,0.1247,0.1425,0.2203,0.2244,-0.0127,0.0834,0.5758,0.1574,0.1571,0.245,0.2536,0.0655,0.5519,0.1432,0.1555,0.2229,0.224,0.4827,0.1564,0.1759,0.1887,0.2023,0.5667,0.6056,0.5462,0.564,0.0695,0.151,0.1514,0.2101,0.2071,-0.0046
Hmel218003o,11300001,11350000,11325643,47278,0.0222,0.0217,0.0218,0.0231,0.0062,0.0168,0.0174,0.0199,0.0198,0.0218,0.022,0.0254,0.0366,0.0274,0.0268,0.0323,0.0322,0.0215,0.0253,0.0368,0.029,0.0279,0.0333,0.0332,0.0254,0.0369,0.029,0.0282,0.0333,0.0331,0.0364,0.0315,0.0303,0.0338,0.0341,0.0356,0.0356,0.0347,0.0353,0.0206,0.0265,0.0261,0.027,0.0262,0.02,-0.0035,0.0003,0.0616,0.4572,0.178,0.1595,0.2219,0.2215,-0.0067,0.068,0.4672,0.2134,0.1866,0.2435,0.2432,0.0659,0.4657,0.2116,0.189,0.2406,0.2394,0.457,0.2434,0.2164,0.2351,0.2414,0.5285,0.5181,0.4696,0.4784,0.0988,0.1915,0.1844,0.1929,0.1796,0.0042
Hmel218003o,11325001,11375000,11350000,49991,0.0221,0.0212,0.0224,0.0235,0.0054,0.0146,0.013,0.0194,0.0204,0.0213,0.0222,0.0245,0.0349,0.0288,0.0295,0.0312,0.0319,0.0214,0.0241,0.0343,0.0295,0.0297,0.0317,0.0321,0.0247,0.035,0.0289,0.0286,0.0314,0.032,0.0348,0.0327,0.0323,0.034,0.0343,0.0349,0.0358,0.0335,0.0344,0.0163,0.025,0.0254,0.0254,0.0257,0.0199,-0.0078,-0.0012,0.0409,0.4513,0.2328,0.2667,0.2131,0.2115,-0.0109,0.0444,0.4584,0.2561,0.2832,0.231,0.225,0.0409,0.4475,0.2298,0.2473,0.2115,0.2091,0.4474,0.2867,0.3041,0.2417,0.232,0.5712,0.6072,0.4764,0.4718,0.0895,0.2013,0.194,0.2328,0.2232,0.0015
Hmel218003o,11350001,11400000,11374580,48098,0.0188,0.0195,0.0201,0.0247,0.0041,0.0125,0.0102,0.0183,0.0193,0.0188,0.0195,0.0229,0.0312,0.0239,0.025,0.0278,0.0288,0.0193,0.0227,0.0308,0.0239,0.0249,0.0274,0.0284,0.0233,0.0319,0.0233,0.0241,0.0281,0.0293,0.0325,0.0279,0.0287,0.0306,0.0311,0.0322,0.0332,0.0318,0.0328,0.0138,0.0241,0.0252,0.0233,0.0245,0.0183,-0.011,0.0001,0.0419,0.4792,0.2184,0.2782,0.2097,0.215,-0.014,0.027,0.4621,0.2086,0.2641,0.1933,0.1978,0.0313,0.4661,0.1849,0.2382,0.1989,0.2069,0.4242,0.2289,0.2766,0.1918,0.1868,0.6049,0.6599,0.4958,0.491,0.1018,0.2316,0.2368,0.2528,0.2593,-0.0129
Hmel218003o,11375001,11425000,11400481,47798,0.0213,0.021,0.0211,0.027,0.0049,0.0132,0.0137,0.021,0.0205,0.0208,0.0217,0.0261,0.0331,0.0225,0.0236,0.0323,0.0328,0.0206,0.025,0.0327,0.0233,0.0239,0.0324,0.0331,0.0262,0.0333,0.0237,0.0245,0.0332,0.0339,0.0357,0.0278,0.0287,0.0355,0.0357,0.0329,0.0329,0.0344,0.0345,0.0172,0.0284,0.029,0.028,0.0287,0.0203,-0.0086,0.012,0.0519,0.4492,0.1397,0.1576,0.2198,0.2323,-0.0106,0.0343,0.4493,0.1612,0.1685,0.2257,0.2402,0.0581,0.4555,0.1689,0.1805,0.2359,0.2521,0.4197,0.1911,0.2005,0.2089,0.2175,0.5832,0.576,0.4697,0.4778,0.1282,0.2604,0.2761,0.247,0.2653,-0.0126
Hmel218003o,11400001,11450000,11424967,49373,0.0237,0.0223,0.0228,0.0289,0.0078,0.0176,0.0167,0.0236,0.0229,0.0232,0.0238,0.03,0.0374,0.0239,0.0267,0.0357,0.0354,0.0224,0.0279,0.0366,0.0249,0.027,0.0362,0.0362,0.0298,0.0367,0.025,0.0267,0.0354,0.0352,0.0402,0.0308,0.032,0.0392,0.0395,0.0367,0.0371,0.0377,0.0377,0.0207,0.0319,0.0321,0.0318,0.0321,0.0231,0.0046,0.0134,0.0776,0.4229,0.077,0.1456,0.2133,0.217,-0.0043,0.0577,0.4317,0.1171,0.1698,0.2345,0.2431,0.0844,0.4274,0.1121,0.1588,0.2189,0.2238,0.4065,0.1647,0.1947,0.2121,0.2235,0.5015,0.5192,0.4267,0.4372,0.0996,0.2269,0.2377,0.2357,0.2488,-0.0045
Hmel218003o,11425001,11475000,11449553,47312,0.0235,0.0249,0.0239,0.0314,0.0083,0.0247,0.0176,0.0246,0.0245,0.0248,0.0239,0.0331,0.0392,0.026,0.029,0.0364,0.0359,0.0241,0.0321,0.0391,0.0268,0.0291,0.0369,0.0367,0.0326,0.0382,0.0264,0.0292,0.0369,0.0361,0.0428,0.0337,0.036,0.0404,0.0411,0.0384,0.0399,0.0395,0.0402,0.0264,0.0341,0.034,0.0328,0.0325,0.0249,0.0127,0.0034,0.1103,0.4387,0.0402,0.1807,0.2148,0.2087,-0.0066,0.0796,0.4197,0.0419,0.1652,0.2078,0.2052,0.0972,0.4218,0.0438,0.1774,0.217,0.2068,0.4007,0.1052,0.2169,0.1963,0.2054,0.4132,0.5256,0.4276,0.4358,0.116,0.1698,0.169,0.2284,0.2243,0.0083
Hmel218003o,11450001,11500000,11475022,46133,0.0223,0.0229,0.0226,0.0293,0.0062,0.0234,0.0136,0.0208,0.0209,0.0226,0.0228,0.0295,0.0362,0.0254,0.0263,0.031,0.0308,0.0224,0.0291,0.0364,0.0262,0.0257,0.0322,0.0317,0.0297,0.036,0.0271,0.0268,0.0337,0.0333,0.0394,0.0313,0.0321,0.0364,0.0364,0.0358,0.0379,0.0373,0.0371,0.0258,0.0284,0.0278,0.0301,0.0291,0.0214,0.001,0.0093,0.0834,0.4513,0.056,0.2004,0.1904,0.1851,-0.0074,0.0677,0.4447,0.0652,0.179,0.2022,0.1927,0.0833,0.4445,0.0872,0.2046,0.2279,0.2206,0.415,0.0992,0.2313,0.2043,0.2027,0.4309,0.6011,0.4845,0.4801,0.1751,0.1323,0.1192,0.2857,0.2675,0.0144
Hmel218003o,11475001,11525000,11500060,48399,0.0226,0.022,0.0217,0.0261,0.0072,0.023,0.0134,0.0211,0.0213,0.023,0.0227,0.0271,0.0358,0.0254,0.0247,0.0303,0.0296,0.022,0.0266,0.036,0.0259,0.0253,0.0313,0.0306,0.027,0.0368,0.0268,0.0253,0.032,0.0315,0.038,0.0293,0.0287,0.0336,0.0331,0.0352,0.0369,0.037,0.0361,0.0256,0.0273,0.0264,0.0313,0.0307,0.0211,0.0155,0.0134,0.0629,0.4276,0.0578,0.1654,0.1703,0.1561,0.0017,0.0598,0.4373,0.0746,0.1854,0.1946,0.1798,0.0722,0.4512,0.095,0.19,0.2086,0.1981,0.4229,0.0985,0.2141,0.1897,0.1793,0.4148,0.5781,0.4624,0.45,0.1782,0.1129,0.0932,0.3022,0.2898,-0.002
Hmel218003o,11500001,11550000,11525020,49822,0.025,0.0245,0.0239,0.0255,0.0085,0.0249,0.0156,0.0242,0.0248,0.0253,0.0246,0.0278,0.0384,0.0289,0.0289,0.0353,0.0341,0.0243,0.0269,0.0379,0.0287,0.0302,0.0356,0.0346,0.0271,0.0389,0.0291,0.0297,0.0363,0.0349,0.0379,0.0306,0.0319,0.0357,0.0349,0.0369,0.0383,0.0377,0.0375,0.0277,0.0314,0.0304,0.0328,0.0321,0.0248,0.0118,0.0044,0.0511,0.4074,0.0777,0.1846,0.1888,0.1652,0.0031,0.0392,0.4089,0.0798,0.2138,0.1978,0.1777,0.0519,0.4273,0.0934,0.2129,0.2144,0.1885,0.4098,0.1026,0.2392,0.1876,0.1694,0.3913,0.5371,0.4104,0.3998,0.1654,0.1305,0.1078,0.2581,0.2399,0.0064
Hmel218003o,11525001,11575000,11549968,49738,0.0257,0.0244,0.0251,0.025,0.0076,0.0224,0.0179,0.0247,0.0249,0.0253,0.0258,0.0277,0.0371,0.03,0.032,0.0362,0.0357,0.0247,0.0272,0.0362,0.0297,0.032,0.0365,0.0362,0.0281,0.037,0.0308,0.0329,0.0375,0.037,0.0359,0.0316,0.0341,0.0361,0.0362,0.0355,0.0372,0.0357,0.0359,0.0265,0.0312,0.031,0.0312,0.0307,0.025,0.0041,0.0076,0.0445,0.3968,0.1166,0.2,0.1891,0.1798,-0.0011,0.0505,0.4028,0.1245,0.2153,0.2057,0.1996,0.0598,0.4029,0.1356,0.2202,0.2132,0.2036,0.4087,0.1529,0.2466,0.193,0.1909,0.4214,0.5068,0.3931,0.3918,0.1433,0.1483,0.1422,0.1996,0.1887,0.0049
Hmel218003o,11550001,11600000,11575008,49714,0.023,0.0221,0.0231,0.0228,0.0063,0.0184,0.0145,0.0221,0.0232,0.0227,0.0234,0.0256,0.0327,0.0252,0.0277,0.0317,0.032,0.0221,0.0253,0.0321,0.025,0.0274,0.0321,0.0324,0.0258,0.0324,0.0258,0.0283,0.0326,0.033,0.0322,0.0274,0.0298,0.0319,0.0324,0.0315,0.0329,0.0315,0.0318,0.0212,0.0286,0.0289,0.0291,0.0293,0.0222,0.0033,0.0071,0.0579,0.3957,0.1036,0.2029,0.178,0.17,-0.01,0.0638,0.4025,0.1111,0.2095,0.1943,0.1867,0.0609,0.3914,0.1151,0.2119,0.191,0.1845,0.4104,0.1548,0.2519,0.1806,0.1753,0.4526,0.536,0.3937,0.3815,0.1318,0.1797,0.1707,0.2386,0.2281,-0.0103
Hmel218003o,11575001,11625000,11599962,49648,0.0209,0.02,0.0204,0.0222,0.0073,0.0168,0.0113,0.0199,0.0211,0.0203,0.021,0.0239,0.0314,0.0217,0.024,0.0284,0.0287,0.0199,0.0232,0.0311,0.0214,0.0236,0.0289,0.0293,0.0236,0.0313,0.0221,0.0241,0.0293,0.0296,0.0298,0.0247,0.0265,0.0285,0.0291,0.031,0.0316,0.0302,0.0305,0.0188,0.0274,0.0275,0.0272,0.0275,0.02,-0.0047,0.0079,0.055,0.3944,0.0752,0.2084,0.1724,0.1633,-0.0076,0.0542,0.4047,0.0802,0.2137,0.193,0.1838,0.0566,0.401,0.0917,0.2173,0.1956,0.1851,0.3709,0.1339,0.2549,0.1611,0.1536,0.4568,0.5618,0.3945,0.3797,0.1533,0.2086,0.1942,0.2853,0.2715,-0.0135
Hmel218003o,11600001,11650000,11625057,49720,0.022,0.0207,0.0207,0.0226,0.0078,0.0193,0.0122,0.0224,0.0224,0.0214,0.0215,0.0245,0.0327,0.0232,0.025,0.0307,0.0309,0.0204,0.0239,0.0332,0.0231,0.0244,0.032,0.032,0.0242,0.0331,0.0236,0.0246,0.0321,0.0322,0.0316,0.026,0.0274,0.0308,0.0308,0.0329,0.0337,0.0321,0.032,0.0207,0.0301,0.0299,0.0303,0.03,0.0219,0.0008,0.0054,0.0499,0.3896,0.0613,0.198,0.1694,0.173,-0.0062,0.0555,0.4147,0.0777,0.2047,0.2048,0.2063,0.0634,0.4144,0.0892,0.2082,0.2073,0.2083,0.3816,0.1197,0.2488,0.1611,0.1619,0.4325,0.557,0.3738,0.3736,0.1433,0.1909,0.1879,0.2858,0.281,-0.0134
Hmel218003o,11625001,11675000,11649992,49922,0.025,0.0238,0.0242,0.0257,0.0077,0.0219,0.0143,0.024,0.0236,0.0248,0.0249,0.0278,0.0347,0.0264,0.0281,0.0331,0.0332,0.024,0.0264,0.0352,0.0264,0.0278,0.0345,0.0344,0.027,0.0354,0.0261,0.0276,0.034,0.0341,0.0347,0.0288,0.0298,0.0342,0.0337,0.0344,0.0352,0.0336,0.0333,0.0246,0.031,0.0307,0.0329,0.0325,0.0231,0.0096,0.0062,0.0492,0.3749,0.063,0.1872,0.158,0.1637,0.0,0.0382,0.3974,0.0769,0.1965,0.192,0.1957,0.0439,0.3934,0.0643,0.1881,0.18,0.185,0.3839,0.1064,0.224,0.1669,0.1649,0.4129,0.539,0.3744,0.3765,0.1592,0.1568,0.158,0.2774,0.2759,-0.0155
Hmel218003o,11650001,11700000,11674976,49632,0.0256,0.0245,0.0253,0.0264,0.0072,0.0225,0.0132,0.022,0.0218,0.0254,0.0256,0.0282,0.0352,0.028,0.0293,0.0317,0.0315,0.0252,0.0266,0.0356,0.0286,0.0303,0.0334,0.0331,0.0279,0.0361,0.0284,0.0303,0.0333,0.0329,0.0356,0.0309,0.0318,0.0338,0.0333,0.0342,0.0363,0.0343,0.0339,0.0254,0.0273,0.0271,0.0294,0.0291,0.0218,0.0068,0.0028,0.0435,0.3801,0.081,0.214,0.1517,0.1496,0.0072,0.0273,0.3993,0.104,0.2449,0.1893,0.1857,0.0423,0.3951,0.0905,0.2341,0.1793,0.1753,0.3937,0.128,0.2605,0.1796,0.1737,0.4107,0.5775,0.4193,0.4171,0.1832,0.108,0.1057,0.2637,0.2599,-0.002
Hmel218003o,11675001,11725000,11699973,49083,0.0226,0.0226,0.0221,0.0211,0.0064,0.0186,0.0141,0.0202,0.0197,0.0225,0.0222,0.0243,0.0314,0.0237,0.0238,0.0283,0.028,0.0222,0.0235,0.0325,0.0262,0.0252,0.0303,0.03,0.0241,0.0322,0.0257,0.0255,0.03,0.0295,0.0318,0.0273,0.0266,0.0297,0.0292,0.0312,0.0331,0.0309,0.0304,0.0223,0.0245,0.0247,0.027,0.0268,0.0205,-0.002,-0.0047,0.0501,0.3833,0.0729,0.1364,0.1451,0.1464,-0.003,0.0337,0.3985,0.1269,0.1665,0.1818,0.1829,0.0535,0.4015,0.123,0.1794,0.1824,0.1796,0.427,0.1678,0.224,0.1875,0.1863,0.4436,0.5439,0.414,0.4152,0.162,0.1232,0.1342,0.2348,0.2386,0.0127
Hmel218003o,11700001,11750000,11725148,49394,0.0243,0.0241,0.0239,0.0213,0.0075,0.0171,0.0172,0.0214,0.0218,0.0244,0.0238,0.0255,0.0309,0.0251,0.0247,0.0298,0.0303,0.0232,0.0249,0.0318,0.028,0.0262,0.0317,0.0323,0.0248,0.0314,0.0267,0.026,0.0309,0.0314,0.0303,0.0278,0.0267,0.03,0.0302,0.0312,0.0321,0.0304,0.0308,0.0224,0.027,0.0276,0.0293,0.0296,0.0218,0.0046,-0.0059,0.051,0.335,0.1015,0.0936,0.1399,0.1445,-0.0177,0.0427,0.35,0.161,0.1263,0.173,0.1795,0.0421,0.3484,0.1394,0.1253,0.1632,0.1672,0.3859,0.1971,0.1758,0.1744,0.1728,0.4507,0.4604,0.3689,0.3703,0.1422,0.1777,0.1834,0.2164,0.2174,0.0057
Hmel218003o,11725001,11775000,11750004,49989,0.025,0.0235,0.0236,0.0228,0.0071,0.019,0.0135,0.0215,0.0226,0.0245,0.024,0.026,0.0324,0.026,0.0261,0.0307,0.0311,0.0228,0.0252,0.0328,0.0278,0.0277,0.0324,0.0331,0.0247,0.0327,0.0269,0.0274,0.032,0.0326,0.0314,0.028,0.0281,0.0311,0.0315,0.0332,0.0339,0.0328,0.0334,0.0215,0.0286,0.0285,0.0292,0.0293,0.0219,0.0046,-0.0071,0.0386,0.3519,0.0878,0.1594,0.1452,0.14,-0.018,0.0438,0.3788,0.14,0.2086,0.1904,0.1879,0.031,0.3752,0.1232,0.2035,0.1834,0.1793,0.3869,0.1582,0.2386,0.1771,0.1681,0.4499,0.5489,0.4077,0.3984,0.1462,0.1792,0.1648,0.262,0.2482,-0.0039
Hmel218003o,11750001,11800000,11774999,49987,0.0241,0.0215,0.0208,0.0234,0.0059,0.0205,0.013,0.0209,0.0208,0.0228,0.0224,0.0249,0.0338,0.0247,0.027,0.0304,0.0301,0.0209,0.0243,0.0347,0.025,0.0274,0.0319,0.0315,0.0233,0.0343,0.0253,0.0279,0.0324,0.0319,0.0333,0.0275,0.0294,0.0318,0.0316,0.0347,0.0356,0.0342,0.034,0.0219,0.0289,0.0283,0.0291,0.0284,0.0204,0.0003,0.0004,0.0241,0.4018,0.0534,0.1966,0.1584,0.1542,-0.0077,0.0447,0.4496,0.092,0.2385,0.2119,0.2076,0.0342,0.4565,0.1059,0.2575,0.2277,0.2225,0.4228,0.1211,0.2603,0.1889,0.1884,0.465,0.5959,0.4529,0.4533,0.1392,0.1747,0.1656,0.277,0.2671,-0.0106
Hmel218003o,11775001,11825000,11799936,48735,0.0241,0.0224,0.0208,0.025,0.0061,0.0211,0.0176,0.0227,0.022,0.0234,0.0229,0.0264,0.0353,0.0263,0.0294,0.0332,0.0324,0.0213,0.0253,0.036,0.0263,0.029,0.0338,0.0328,0.0247,0.0357,0.0267,0.0293,0.0346,0.0335,0.0353,0.0293,0.0312,0.0342,0.0337,0.0355,0.0358,0.0347,0.0345,0.0242,0.0313,0.0303,0.0314,0.03,0.0222,0.0024,0.0091,0.0384,0.4151,0.0809,0.1795,0.1825,0.1775,-0.0067,0.0404,0.4481,0.1014,0.1946,0.2107,0.2038,0.0487,0.4677,0.1274,0.2193,0.2395,0.2319,0.4209,0.1317,0.2083,0.1888,0.1894,0.4615,0.5182,0.4286,0.4371,0.1176,0.1865,0.1781,0.2295,0.2162,-0.0027
Hmel218003o,11800001,11850000,11825575,48742,0.024,0.0237,0.0221,0.0241,0.006,0.02,0.017,0.0225,0.0239,0.0239,0.0236,0.0271,0.0358,0.0273,0.0288,0.0335,0.0336,0.0228,0.0268,0.0363,0.0284,0.0291,0.0338,0.0341,0.0266,0.0356,0.0279,0.0285,0.0334,0.0335,0.0353,0.0299,0.03,0.0337,0.0337,0.0346,0.0349,0.034,0.0343,0.0233,0.0294,0.0297,0.0295,0.0303,0.0232,0.0018,0.0122,0.0624,0.4247,0.1138,0.1783,0.1905,0.1774,-0.0016,0.0602,0.4347,0.1371,0.1869,0.1972,0.1878,0.0769,0.4502,0.1482,0.197,0.2091,0.1967,0.4349,0.1639,0.2071,0.191,0.1742,0.4695,0.5207,0.4239,0.4089,0.1231,0.1702,0.1595,0.209,0.2056,0.0004
Hmel218003o,11825001,11875000,11848550,46227,0.0231,0.0222,0.0216,0.0236,0.0065,0.0199,0.0139,0.0208,0.0229,0.0227,0.0226,0.0259,0.0356,0.0261,0.0262,0.032,0.0324,0.0219,0.0264,0.036,0.0275,0.0267,0.0328,0.0334,0.0261,0.0356,0.0271,0.026,0.0321,0.0326,0.0351,0.0294,0.029,0.0331,0.0332,0.034,0.035,0.0336,0.0343,0.0213,0.0277,0.0287,0.0287,0.0301,0.0221,0.0005,0.0061,0.0554,0.429,0.1037,0.1809,0.1969,0.1786,-0.0004,0.0775,0.4452,0.1397,0.203,0.2185,0.2043,0.0804,0.45,0.1413,0.1994,0.2153,0.1999,0.4316,0.1619,0.2387,0.2085,0.1846,0.4574,0.5639,0.4386,0.416,0.1216,0.1618,0.1535,0.2577,0.2526,0.0052
Hmel218003o,11850001,11900000,11875581,46216,0.0233,0.0221,0.0219,0.0252,0.0073,0.0218,0.0181,0.0214,0.0223,0.0227,0.0229,0.0258,0.0347,0.0254,0.0255,0.0322,0.0321,0.0217,0.0259,0.0351,0.0262,0.0256,0.0329,0.0329,0.0262,0.0353,0.0266,0.0263,0.0333,0.0333,0.0356,0.0289,0.0297,0.0339,0.0339,0.0341,0.0356,0.0346,0.0349,0.0226,0.0288,0.0291,0.0307,0.0307,0.0217,-0.0011,0.0059,0.0352,0.4027,0.0631,0.111,0.1894,0.1784,-0.0072,0.0532,0.4244,0.0934,0.1276,0.2147,0.2045,0.0618,0.4303,0.1024,0.1444,0.2218,0.2126,0.4055,0.1129,0.1755,0.198,0.1866,0.4175,0.4903,0.4292,0.4197,0.0676,0.1508,0.1458,0.2286,0.2179,-0.0027
Hmel218003o,11875001,11925000,11899996,49947,0.0246,0.0233,0.0233,0.0258,0.0071,0.0232,0.0182,0.0218,0.0228,0.0238,0.0241,0.0267,0.0353,0.026,0.0265,0.0323,0.0327,0.0229,0.0268,0.0358,0.0264,0.0266,0.0326,0.0331,0.0269,0.0362,0.0268,0.0276,0.0336,0.0341,0.0357,0.0293,0.0302,0.0339,0.0342,0.035,0.0371,0.0349,0.0357,0.0243,0.0292,0.0294,0.0311,0.0315,0.0222,-0.0036,0.0022,0.0333,0.3954,0.0451,0.1136,0.1729,0.1675,-0.0094,0.0522,0.4196,0.0691,0.1314,0.1928,0.1896,0.0524,0.4232,0.0759,0.1508,0.2057,0.2032,0.4027,0.0981,0.1772,0.1873,0.18,0.412,0.5085,0.4294,0.425,0.0848,0.1359,0.1292,0.2282,0.2231,-0.0028
Hmel218003o,11900001,11950000,11925011,49958,0.0242,0.0221,0.0217,0.0247,0.0071,0.0219,0.0169,0.0211,0.0218,0.0231,0.0233,0.0267,0.0356,0.025,0.0251,0.0302,0.0311,0.0213,0.0263,0.0354,0.0255,0.0254,0.031,0.0319,0.0255,0.0356,0.0258,0.0256,0.0314,0.0323,0.0345,0.0287,0.0283,0.0324,0.033,0.0346,0.0362,0.0331,0.0345,0.0226,0.0277,0.0278,0.0295,0.0298,0.0216,-0.0004,0.0077,0.0458,0.4046,0.0424,0.1036,0.1504,0.1582,-0.0138,0.0672,0.4322,0.0779,0.1385,0.1892,0.1957,0.0559,0.4402,0.0887,0.1488,0.1996,0.2067,0.4034,0.1135,0.1739,0.1848,0.1857,0.4249,0.5181,0.4176,0.4266,0.0797,0.1324,0.1279,0.2272,0.2234,0.0031
Hmel218003o,11925001,11975000,11950001,49996,0.0202,0.0176,0.0173,0.0239,0.0052,0.018,0.0132,0.0169,0.0173,0.0189,0.0194,0.0246,0.0309,0.0226,0.023,0.0261,0.0269,0.0174,0.0236,0.0307,0.0236,0.0241,0.0274,0.0282,0.0233,0.0307,0.0241,0.0244,0.0277,0.0285,0.0319,0.0273,0.0275,0.03,0.0303,0.0301,0.0312,0.0294,0.0303,0.0173,0.022,0.0222,0.0225,0.023,0.017,-0.0011,0.0173,0.0654,0.4334,0.0889,0.1669,0.1783,0.1868,-0.0031,0.0816,0.4743,0.148,0.2317,0.2387,0.2468,0.0797,0.4799,0.163,0.243,0.2489,0.2556,0.4111,0.1487,0.2215,0.2105,0.2089,0.4609,0.5605,0.4698,0.4749,0.0557,0.1225,0.1203,0.2094,0.2136,-0.004
Hmel218003o,11950001,12000000,11974990,49950,0.0207,0.0183,0.0192,0.0256,0.0051,0.0181,0.0125,0.0178,0.018,0.0196,0.0202,0.0272,0.0334,0.0251,0.0244,0.0301,0.0301,0.0192,0.0259,0.0332,0.0267,0.0259,0.0315,0.0319,0.0269,0.0332,0.0269,0.0252,0.0316,0.0319,0.0358,0.0321,0.0319,0.0345,0.0343,0.0338,0.0341,0.0332,0.0336,0.0184,0.0245,0.0248,0.0254,0.0258,0.0177,0.0009,0.0065,0.0919,0.4586,0.1357,0.1987,0.2299,0.2286,0.0115,0.1004,0.4946,0.1994,0.2655,0.2834,0.2874,0.1077,0.4805,0.1905,0.2395,0.2744,0.2771,0.4352,0.2089,0.281,0.2459,0.2418,0.5052,0.605,0.5028,0.5053,0.0961,0.1621,0.1656,0.2645,0.269,-0.0077
Hmel218003o,11975001,12025000,12000015,49947,0.0264,0.022,0.025,0.0274,0.0057,0.0174,0.0163,0.0228,0.0226,0.0247,0.0256,0.0343,0.0417,0.0321,0.0316,0.0398,0.0396,0.0237,0.0326,0.0413,0.0347,0.0336,0.0416,0.0416,0.0341,0.0414,0.0327,0.0301,0.0402,0.0403,0.0438,0.04,0.0401,0.042,0.0422,0.0434,0.0427,0.0418,0.0419,0.021,0.0308,0.0308,0.0329,0.0325,0.023,0.0107,-0.0022,0.1264,0.4606,0.199,0.2044,0.2478,0.2475,0.0051,0.1512,0.5135,0.2882,0.288,0.3143,0.3162,0.1397,0.4755,0.2245,0.1975,0.2674,0.2707,0.4821,0.3024,0.3178,0.2665,0.2696,0.5951,0.6059,0.5079,0.5116,0.1158,0.222,0.2233,0.2679,0.2633,0.0073
Hmel218003o,12000001,12050000,12025000,49991,0.0255,0.0205,0.0237,0.0244,0.0049,0.0144,0.0111,0.0205,0.0206,0.0236,0.0241,0.0304,0.0388,0.0296,0.0314,0.0359,0.0357,0.0217,0.0283,0.0389,0.0341,0.0358,0.039,0.0388,0.0294,0.0391,0.0312,0.0319,0.0372,0.0373,0.0395,0.0363,0.0381,0.0385,0.0387,0.0402,0.0404,0.0391,0.0393,0.0163,0.0267,0.0262,0.0278,0.0272,0.0213,0.0138,-0.0107,0.1012,0.4531,0.206,0.277,0.2299,0.2263,-0.0078,0.1274,0.5242,0.3379,0.4033,0.3252,0.3216,0.1059,0.4806,0.2553,0.3083,0.2676,0.2672,0.4902,0.3267,0.3903,0.2774,0.279,0.6284,0.6834,0.526,0.5257,0.1299,0.2211,0.21,0.2876,0.2762,0.02
Hmel218003o,12025001,12075000,12049989,49493,0.0227,0.0188,0.0205,0.025,0.0054,0.015,0.012,0.0196,0.0194,0.0212,0.0211,0.0264,0.0381,0.024,0.0249,0.0301,0.0296,0.0194,0.0243,0.0387,0.0277,0.0285,0.0332,0.0327,0.0251,0.0382,0.0256,0.0259,0.0318,0.0314,0.0397,0.0319,0.0323,0.0348,0.0346,0.0382,0.0392,0.0375,0.0379,0.016,0.0256,0.0252,0.0267,0.0262,0.0197,0.0112,-0.013,0.0576,0.4772,0.1277,0.1887,0.1835,0.1795,-0.0067,0.0675,0.5393,0.2551,0.3112,0.279,0.2751,0.061,0.5102,0.1924,0.2397,0.239,0.2355,0.4779,0.254,0.2995,0.2351,0.2353,0.5943,0.6511,0.5156,0.5242,0.0883,0.2035,0.2001,0.268,0.2634,0.0053
Hmel218003o,12050001,12100000,12075186,49371,0.019,0.0159,0.0184,0.0246,0.0048,0.0134,0.012,0.0189,0.0186,0.0178,0.0182,0.0252,0.0357,0.0217,0.0219,0.0278,0.028,0.017,0.0239,0.0361,0.0238,0.0234,0.0294,0.0293,0.0243,0.0356,0.0222,0.022,0.0287,0.0285,0.0377,0.0279,0.0276,0.0314,0.031,0.0348,0.0355,0.0346,0.0354,0.014,0.0241,0.0243,0.0251,0.0251,0.0185,0.0101,-0.0136,0.0867,0.5148,0.1523,0.1805,0.1994,0.2077,-0.0042,0.105,0.5696,0.2511,0.2654,0.2692,0.2717,0.0766,0.5241,0.1751,0.1929,0.2222,0.2246,0.4709,0.2178,0.2337,0.1967,0.1966,0.6001,0.6318,0.5048,0.5192,0.0531,0.2067,0.2174,0.2488,0.2544,-0.0083
Hmel218003o,12075001,12125000,12100009,49872,0.0153,0.0142,0.0164,0.0233,0.0034,0.0122,0.0102,0.0167,0.0162,0.0148,0.0155,0.0226,0.0317,0.0201,0.0207,0.0252,0.026,0.0149,0.0221,0.0318,0.0213,0.0217,0.0257,0.0262,0.0225,0.0318,0.0201,0.0209,0.0255,0.0258,0.0338,0.0257,0.0265,0.0287,0.0289,0.0308,0.0318,0.03,0.0308,0.0129,0.0212,0.0213,0.0217,0.0216,0.0163,-0.0006,-0.0136,0.1013,0.5584,0.1965,0.2499,0.2337,0.2566,-0.0143,0.1069,0.5815,0.2465,0.2939,0.2604,0.2782,0.0828,0.5399,0.1789,0.2351,0.2226,0.2371,0.4691,0.2125,0.2591,0.1961,0.2074,0.6111,0.6625,0.5126,0.5322,0.0755,0.1989,0.2115,0.2461,0.2544,-0.0062
Hmel218003o,12100001,12150000,12124993,49952,0.0124,0.012,0.0135,0.0207,0.0024,0.0092,0.0083,0.0132,0.0135,0.0121,0.0128,0.0188,0.0301,0.0187,0.0196,0.0218,0.0221,0.0123,0.0187,0.0306,0.0187,0.0197,0.0219,0.0222,0.0193,0.0305,0.0176,0.0187,0.0216,0.0218,0.0326,0.0245,0.0252,0.026,0.0265,0.0301,0.0312,0.0291,0.0293,0.0103,0.0167,0.0169,0.0165,0.017,0.0135,-0.0049,-0.0047,0.0902,0.6196,0.2802,0.3235,0.2719,0.2721,-0.017,0.0951,0.6344,0.291,0.3358,0.2835,0.2838,0.085,0.6028,0.2293,0.2787,0.2476,0.2462,0.5095,0.2741,0.3035,0.2324,0.2368,0.6907,0.7201,0.5927,0.588,0.086,0.2073,0.2073,0.2226,0.2283,0.007
Hmel218003o,12125001,12175000,12150015,49945,0.0089,0.0092,0.0099,0.0184,0.002,0.0048,0.003,0.0084,0.0094,0.0089,0.0095,0.016,0.0252,0.0143,0.015,0.0162,0.0162,0.0094,0.0161,0.026,0.0141,0.0147,0.0161,0.016,0.0163,0.0262,0.013,0.0135,0.0159,0.0159,0.029,0.0203,0.0207,0.0211,0.0213,0.0264,0.0268,0.0251,0.0247,0.0048,0.0121,0.0124,0.0117,0.0123,0.009,-0.007,0.0097,0.1141,0.6609,0.3702,0.4498,0.3192,0.2929,-0.009,0.1099,0.6608,0.3537,0.4307,0.3067,0.278,0.1035,0.6466,0.2911,0.3688,0.282,0.259,0.5129,0.3149,0.363,0.255,0.241,0.7847,0.8387,0.6712,0.6419,0.1157,0.307,0.2883,0.3587,0.3449,0.0081
Hmel218003o,12150001,12200000,12174680,48906,0.0087,0.0099,0.0093,0.0197,0.002,0.004,0.0039,0.0079,0.0086,0.0089,0.009,0.0162,0.0238,0.0139,0.0131,0.0157,0.0158,0.0091,0.0167,0.0244,0.0139,0.0128,0.0156,0.0155,0.0166,0.0247,0.0137,0.0125,0.016,0.016,0.0281,0.0208,0.0202,0.0218,0.0219,0.0261,0.0257,0.0242,0.0241,0.0046,0.0115,0.0117,0.0119,0.0119,0.008,-0.023,-0.001,0.1042,0.6475,0.3903,0.364,0.3226,0.3058,-0.0269,0.0953,0.6224,0.3474,0.3106,0.2866,0.2648,0.1031,0.6423,0.3615,0.3215,0.3154,0.2972,0.48,0.3194,0.3087,0.2607,0.249,0.8045,0.8033,0.6741,0.6537,0.0798,0.3326,0.3139,0.3511,0.3271,-0.0131
Hmel218003o,12175001,12225000,12200233,48911,0.0137,0.0143,0.0145,0.022,0.0019,0.008,0.0117,0.0127,0.0124,0.0135,0.0136,0.0201,0.0295,0.0189,0.018,0.0237,0.0232,0.0136,0.0208,0.0302,0.0191,0.018,0.0241,0.0234,0.0208,0.0302,0.0193,0.018,0.0239,0.0234,0.0321,0.0261,0.0251,0.0286,0.0282,0.0317,0.0313,0.0306,0.0302,0.0109,0.0188,0.0181,0.0191,0.0186,0.0123,-0.0194,-0.0189,0.0828,0.596,0.2824,0.1831,0.2957,0.2923,-0.0298,0.0917,0.5935,0.2755,0.1708,0.2956,0.2874,0.0867,0.5874,0.2753,0.1673,0.2855,0.2812,0.493,0.3048,0.2267,0.2682,0.2679,0.7408,0.658,0.6288,0.631,0.0532,0.3011,0.2908,0.2311,0.2242,-0.0119
Hmel218003o,12200001,12250000,12224896,49688,0.0137,0.0132,0.0143,0.0227,0.0024,0.0113,0.0123,0.0135,0.0126,0.0131,0.0136,0.0205,0.0309,0.0169,0.0164,0.0232,0.0228,0.0133,0.0207,0.0315,0.0169,0.0169,0.0241,0.0235,0.0211,0.0316,0.0163,0.0161,0.023,0.0225,0.0328,0.0238,0.0234,0.0277,0.0271,0.0314,0.0321,0.0309,0.0305,0.0144,0.0203,0.0196,0.0204,0.0198,0.0126,-0.0131,-0.0168,0.0851,0.6031,0.1586,0.123,0.274,0.2808,-0.0185,0.0997,0.6189,0.168,0.1489,0.3005,0.3049,0.089,0.5978,0.1267,0.0995,0.2576,0.2625,0.4838,0.197,0.1736,0.2341,0.2385,0.656,0.6433,0.6073,0.6213,0.1041,0.2529,0.2529,0.2379,0.2394,-0.0167
Hmel218003o,12225001,12275000,12249157,47519,0.0159,0.0145,0.0164,0.026,0.0038,0.0152,0.0123,0.016,0.0155,0.0152,0.0159,0.0242,0.0328,0.0194,0.0177,0.0236,0.0234,0.015,0.0237,0.0327,0.0192,0.0179,0.0246,0.0245,0.0246,0.0329,0.0184,0.017,0.0239,0.0237,0.0358,0.0281,0.0262,0.0306,0.0306,0.0319,0.0328,0.032,0.0314,0.0177,0.0198,0.0195,0.021,0.0209,0.0155,0.0005,-0.0093,0.0965,0.5537,0.1178,0.1195,0.2026,0.2071,-0.0163,0.106,0.5778,0.1361,0.1502,0.2457,0.2523,0.0975,0.5463,0.0825,0.0912,0.2023,0.2056,0.4493,0.1794,0.189,0.209,0.2159,0.5575,0.6221,0.5427,0.5457,0.134,0.1256,0.127,0.2061,0.2124,-0.0098
Hmel218003o,12250001,12300000,12275244,47823,0.026,0.0235,0.0257,0.0301,0.0049,0.0213,0.018,0.0218,0.0227,0.0247,0.0255,0.0327,0.0385,0.0289,0.0276,0.033,0.0335,0.024,0.0309,0.038,0.0295,0.0277,0.0344,0.0349,0.0321,0.0384,0.0288,0.027,0.0343,0.0347,0.0426,0.0379,0.0361,0.0409,0.0417,0.0376,0.039,0.0373,0.0377,0.0232,0.0283,0.0285,0.0305,0.0305,0.0229,-0.0014,-0.0072,0.0862,0.4428,0.1058,0.1187,0.169,0.1666,-0.0128,0.0858,0.4728,0.1438,0.1524,0.2171,0.2154,0.0795,0.4461,0.1059,0.1116,0.1915,0.1877,0.454,0.2102,0.2253,0.2421,0.2423,0.4998,0.5629,0.4895,0.4816,0.087,0.1424,0.1361,0.2214,0.2113,0.0157
Hmel218003o,12275001,12325000,12300002,49988,0.0249,0.0232,0.0251,0.0265,0.0057,0.0225,0.0194,0.024,0.0255,0.0237,0.0245,0.0293,0.041,0.0288,0.0294,0.0385,0.039,0.0236,0.0279,0.0412,0.0291,0.03,0.0403,0.041,0.0289,0.0413,0.029,0.0299,0.0397,0.0402,0.0425,0.0339,0.0352,0.0422,0.0428,0.041,0.0425,0.0401,0.0411,0.0243,0.0351,0.036,0.0358,0.036,0.0251,-0.0086,-0.0105,0.0711,0.472,0.1024,0.1477,0.2342,0.2264,-0.0125,0.066,0.4961,0.1281,0.1774,0.2738,0.2677,0.0625,0.4727,0.1055,0.1544,0.2479,0.2401,0.4815,0.1733,0.228,0.2627,0.2538,0.5041,0.5591,0.476,0.4662,0.0783,0.2143,0.2112,0.2576,0.2434,0.008
Hmel218003o,12300001,12350000,12325001,49984,0.0188,0.0189,0.0196,0.0221,0.0044,0.0184,0.0171,0.02,0.0203,0.0185,0.0189,0.0218,0.0332,0.0213,0.022,0.0309,0.0308,0.0191,0.0214,0.0338,0.0217,0.0226,0.0319,0.032,0.0218,0.0337,0.0217,0.0226,0.0314,0.0313,0.0324,0.0236,0.0249,0.0311,0.031,0.0329,0.034,0.0328,0.0333,0.0198,0.0285,0.0286,0.029,0.0287,0.02,-0.0091,-0.0085,0.0418,0.4974,0.073,0.1077,0.2403,0.2347,-0.0039,0.0314,0.5026,0.0804,0.1209,0.2541,0.2509,0.0293,0.4898,0.0689,0.1089,0.2378,0.2324,0.4523,0.0872,0.1351,0.2026,0.1971,0.5015,0.5352,0.4724,0.4741,0.0598,0.2048,0.2033,0.2312,0.2221,-0.0048
Hmel218003o,12325001,12375000,12350005,49990,0.0151,0.0148,0.0154,0.018,0.0034,0.0134,0.0134,0.0131,0.0142,0.0149,0.0151,0.0171,0.024,0.0164,0.0158,0.0209,0.0214,0.0152,0.0168,0.0244,0.0165,0.0164,0.0213,0.022,0.017,0.0244,0.0161,0.0157,0.0207,0.0213,0.0236,0.0178,0.0178,0.0213,0.0214,0.0233,0.0248,0.0234,0.0247,0.0149,0.0177,0.0183,0.0196,0.0201,0.0136,-0.0027,-0.0053,0.0263,0.4601,0.0737,0.0538,0.205,0.1985,0.0019,0.023,0.4729,0.0827,0.0781,0.2186,0.2165,0.0162,0.4595,0.0598,0.0439,0.1949,0.191,0.4128,0.0803,0.0778,0.1746,0.1575,0.4868,0.5088,0.4947,0.4911,0.0554,0.1526,0.149,0.203,0.1949,-0.0006
Hmel218003o,12350001,12400000,12375000,49997,0.0144,0.0133,0.0139,0.016,0.0036,0.0114,0.0122,0.0127,0.0141,0.0139,0.0141,0.0159,0.0227,0.0155,0.0152,0.0194,0.0203,0.0134,0.0153,0.023,0.0152,0.0155,0.0198,0.0209,0.0155,0.0231,0.0148,0.0149,0.0191,0.0203,0.0224,0.0171,0.017,0.0202,0.0208,0.0225,0.0231,0.0219,0.0233,0.0144,0.0168,0.0177,0.0186,0.0196,0.0133,0.0012,-0.002,0.0303,0.4482,0.0967,0.0716,0.1898,0.1849,-0.0087,0.0329,0.4786,0.1094,0.1029,0.2179,0.2194,0.0272,0.4664,0.0837,0.0719,0.1912,0.1936,0.4257,0.1287,0.1082,0.1852,0.1713,0.5145,0.5075,0.4747,0.466,0.1049,0.175,0.1724,0.2112,0.209,-0.0013
Hmel218003o,12375001,12425000,12399981,49817,0.0161,0.0164,0.0161,0.0179,0.004,0.0132,0.0153,0.0158,0.0168,0.0161,0.0162,0.0181,0.0258,0.0166,0.0172,0.0224,0.0231,0.0159,0.0179,0.0268,0.0169,0.0178,0.0227,0.0236,0.0179,0.0269,0.0169,0.0177,0.0229,0.024,0.0255,0.0193,0.0193,0.0237,0.024,0.0263,0.0267,0.0264,0.0274,0.0164,0.0207,0.0213,0.022,0.0227,0.0162,-0.005,0.0018,0.039,0.456,0.0678,0.0486,0.1773,0.178,-0.0104,0.0285,0.4647,0.0708,0.0619,0.1786,0.1841,0.0324,0.4711,0.0736,0.0634,0.1883,0.1973,0.4339,0.1243,0.0865,0.1789,0.1711,0.5231,0.4855,0.4698,0.4668,0.0735,0.1852,0.1824,0.1808,0.1819,-0.0022
Hmel218003o,12400001,12450000,12425066,49699,0.0169,0.0154,0.0163,0.0193,0.0041,0.0113,0.0166,0.0126,0.0153,0.0159,0.0162,0.0207,0.027,0.0178,0.0173,0.0228,0.0234,0.0152,0.0209,0.0279,0.0183,0.0174,0.024,0.0245,0.0211,0.0278,0.0189,0.0178,0.024,0.0249,0.0286,0.0224,0.0207,0.0273,0.027,0.0268,0.0279,0.0285,0.0288,0.0176,0.0201,0.0208,0.0232,0.0236,0.014,-0.0094,-0.0121,0.0748,0.4568,0.124,0.0174,0.2255,0.1936,-0.0206,0.1062,0.4999,0.1654,0.0435,0.2755,0.242,0.0954,0.481,0.1641,0.0416,0.2607,0.2339,0.4529,0.2142,0.0805,0.2824,0.2339,0.5707,0.4748,0.564,0.5129,0.1207,0.2672,0.2305,0.2381,0.203,0.0008
Hmel218003o,12425001,12475000,12450051,49846,0.011,0.0073,0.0086,0.0196,0.0023,0.0051,0.0103,0.0086,0.0116,0.009,0.0094,0.0182,0.0223,0.0111,0.0107,0.0172,0.0173,0.0075,0.0177,0.0225,0.0105,0.0097,0.0181,0.0182,0.018,0.0225,0.0109,0.01,0.0178,0.0181,0.0267,0.0184,0.0174,0.0238,0.0235,0.0216,0.0225,0.0229,0.0227,0.0108,0.015,0.0154,0.0182,0.0182,0.0099,-0.0079,-0.025,0.1144,0.5551,0.1689,0.0036,0.2865,0.2215,-0.0319,0.1771,0.6609,0.2687,0.0485,0.4045,0.3303,0.1582,0.623,0.2373,0.03,0.362,0.296,0.4561,0.2434,0.1068,0.2874,0.2263,0.7195,0.5769,0.6294,0.5466,0.1765,0.3897,0.3115,0.3312,0.2607,-0.0117
Hmel218003o,12450001,12500000,12475007,49911,0.0094,0.0065,0.0071,0.0187,0.0016,0.007,0.0096,0.01,0.0133,0.008,0.0083,0.0185,0.0231,0.0118,0.0101,0.0187,0.0178,0.0068,0.0177,0.0231,0.0114,0.0093,0.0191,0.0181,0.0183,0.0233,0.0113,0.0092,0.0187,0.0179,0.0272,0.019,0.0191,0.0237,0.023,0.0225,0.0232,0.0237,0.0234,0.0096,0.0146,0.0148,0.0175,0.017,0.0121,0.0038,0.0005,0.1671,0.6303,0.1857,0.0317,0.3288,0.2331,0.003,0.2111,0.7176,0.2702,0.0778,0.4126,0.3086,0.2137,0.7012,0.243,0.0557,0.388,0.2885,0.4934,0.2304,0.1798,0.2721,0.1976,0.6935,0.6271,0.6222,0.5347,0.0796,0.2748,0.1967,0.2969,0.2056,0.0182
Hmel218003o,12475001,12525000,12500015,49885,0.0129,0.0107,0.0123,0.0195,0.0032,0.01,0.014,0.0121,0.0153,0.0118,0.0127,0.0203,0.0272,0.0166,0.0141,0.0216,0.0211,0.0115,0.0194,0.0275,0.0175,0.014,0.0217,0.0211,0.0205,0.0276,0.0182,0.0143,0.0216,0.021,0.0304,0.0236,0.0218,0.0254,0.025,0.0269,0.027,0.0272,0.0273,0.0147,0.0173,0.0179,0.0195,0.0193,0.0144,-0.0021,0.0035,0.1347,0.5572,0.192,0.0249,0.2798,0.209,0.002,0.1546,0.6103,0.2689,0.0652,0.3264,0.2504,0.1501,0.5763,0.2516,0.0461,0.2915,0.2182,0.4884,0.2583,0.15,0.2564,0.1964,0.62,0.5329,0.5761,0.5094,0.1068,0.2324,0.1805,0.2088,0.1461,0.027
Hmel218003o,12500001,12550000,12525018,49926,0.0174,0.0157,0.0173,0.0221,0.0062,0.0121,0.0188,0.0182,0.0182,0.0163,0.0176,0.0221,0.0311,0.0195,0.0185,0.0256,0.0256,0.0165,0.0215,0.0321,0.0206,0.0187,0.0269,0.027,0.0219,0.032,0.0216,0.0194,0.027,0.027,0.0343,0.026,0.0241,0.0292,0.0291,0.0319,0.0314,0.0315,0.0314,0.0183,0.0254,0.0256,0.025,0.025,0.0185,-0.0064,0.0067,0.0693,0.4662,0.1458,0.0121,0.1906,0.1896,-0.0002,0.0823,0.5086,0.2047,0.0454,0.2401,0.2401,0.066,0.4798,0.2008,0.04,0.2185,0.2175,0.4464,0.2326,0.0937,0.1963,0.1951,0.57,0.4474,0.4588,0.456,0.0907,0.2658,0.2675,0.1585,0.1586,0.0082
Hmel218003o,12525001,12575000,12550005,49985,0.0199,0.019,0.0194,0.0212,0.0059,0.0151,0.0214,0.02,0.0192,0.0194,0.0202,0.0237,0.0321,0.0216,0.0223,0.0283,0.0283,0.0193,0.0233,0.033,0.0227,0.0225,0.03,0.0299,0.0231,0.0332,0.023,0.0227,0.0303,0.0303,0.0325,0.0258,0.0257,0.0304,0.0298,0.0323,0.0324,0.0316,0.0318,0.0204,0.027,0.0271,0.0275,0.0275,0.0197,-0.0026,0.0134,0.0757,0.4418,0.1094,0.0412,0.1829,0.1915,0.0024,0.0807,0.4677,0.1489,0.0559,0.2236,0.2314,0.0716,0.4633,0.1495,0.0571,0.2224,0.2322,0.4425,0.1917,0.0965,0.2007,0.202,0.5249,0.4227,0.4353,0.4493,0.0575,0.2232,0.2355,0.1487,0.1585,0.0032
Hmel218003o,12550001,12600000,12575000,50000,0.019,0.0192,0.0191,0.0219,0.0052,0.0164,0.0198,0.0186,0.0195,0.0192,0.0196,0.0231,0.0309,0.0197,0.0217,0.0274,0.028,0.0192,0.0227,0.0315,0.0213,0.0219,0.0284,0.0289,0.0227,0.0318,0.0215,0.0219,0.0289,0.0294,0.0308,0.0244,0.0248,0.0294,0.0292,0.0301,0.0313,0.03,0.0308,0.0193,0.025,0.0259,0.0263,0.0271,0.0192,0.0013,0.0167,0.0711,0.4532,0.058,0.0595,0.1963,0.1956,0.0024,0.0565,0.4573,0.0935,0.0609,0.2095,0.2074,0.0602,0.4638,0.1013,0.0639,0.2214,0.2189,0.4234,0.1379,0.0943,0.1955,0.181,0.4886,0.4453,0.4473,0.4439,0.0336,0.1851,0.1914,0.1632,0.1682,0.0032
Hmel218003o,12575001,12625000,12600000,50000,0.0211,0.0212,0.0205,0.0233,0.0053,0.017,0.0175,0.0183,0.0212,0.021,0.0211,0.0241,0.0308,0.0216,0.0227,0.028,0.0284,0.0212,0.0238,0.0315,0.0228,0.0232,0.029,0.0295,0.0239,0.0313,0.023,0.0233,0.0291,0.0294,0.0316,0.0256,0.026,0.0301,0.03,0.0306,0.0321,0.0311,0.0315,0.0191,0.026,0.0268,0.0279,0.0285,0.0199,-0.0044,0.0077,0.0472,0.4154,0.0671,0.0868,0.1831,0.1543,0.0067,0.0403,0.4225,0.0937,0.0945,0.1994,0.1721,0.0504,0.431,0.108,0.1069,0.2094,0.1796,0.4119,0.1378,0.1372,0.1988,0.1594,0.4829,0.4922,0.4653,0.4239,0.0549,0.2031,0.1787,0.2293,0.203,0.0044
Hmel218003o,12600001,12650000,12624999,49984,0.0232,0.0225,0.0225,0.0234,0.0062,0.0188,0.0165,0.0198,0.0233,0.0226,0.0228,0.0252,0.0337,0.025,0.0258,0.0314,0.0304,0.0227,0.0247,0.0341,0.0254,0.0259,0.032,0.0311,0.0248,0.0339,0.025,0.0261,0.0317,0.0307,0.0337,0.0275,0.0281,0.0323,0.0313,0.0334,0.0349,0.0333,0.0332,0.0209,0.0285,0.0282,0.0306,0.0301,0.0219,-0.0061,-0.0027,0.0413,0.4083,0.0913,0.1386,0.1968,0.1412,0.0043,0.0418,0.4248,0.109,0.1502,0.2145,0.1607,0.0425,0.4217,0.101,0.1526,0.2091,0.1546,0.4233,0.1459,0.1892,0.2111,0.1518,0.4722,0.5267,0.4543,0.4012,0.0912,0.2028,0.1541,0.2687,0.2162,0.0076
Hmel218003o,12625001,12675000,12649987,49909,0.0253,0.0246,0.0254,0.0253,0.0077,0.0221,0.019,0.0233,0.0255,0.0247,0.0251,0.0272,0.0357,0.0269,0.0271,0.0338,0.0327,0.0247,0.0267,0.0366,0.0273,0.0272,0.0345,0.0334,0.0269,0.0362,0.0265,0.0271,0.034,0.033,0.0364,0.0297,0.0299,0.0349,0.0338,0.0354,0.0362,0.035,0.0346,0.0238,0.0312,0.0306,0.0324,0.0317,0.025,-0.0055,-0.0058,0.0389,0.3833,0.0673,0.1073,0.1729,0.1332,-0.0056,0.0381,0.4034,0.0835,0.1174,0.1907,0.1508,0.0309,0.3875,0.0585,0.1052,0.1733,0.1368,0.4075,0.1221,0.1651,0.1885,0.1479,0.4231,0.4765,0.4011,0.3669,0.0763,0.165,0.1325,0.2198,0.1845,0.0126
Hmel218003o,12650001,12700000,12675015,49905,0.0266,0.0255,0.0269,0.0284,0.0072,0.0257,0.0232,0.0243,0.0263,0.026,0.0269,0.0294,0.0367,0.0274,0.0268,0.034,0.0338,0.0264,0.0291,0.0379,0.0282,0.0271,0.0353,0.0351,0.0295,0.038,0.0281,0.0273,0.0355,0.0353,0.0387,0.0317,0.0309,0.0367,0.0366,0.0373,0.0375,0.0368,0.0366,0.026,0.0333,0.0332,0.0346,0.0342,0.0257,-0.0023,0.0023,0.0385,0.3851,0.0252,0.0395,0.1525,0.1296,0.0026,0.0441,0.4131,0.0515,0.0559,0.1824,0.1586,0.0348,0.3956,0.0352,0.0446,0.1698,0.1476,0.4045,0.0857,0.1019,0.1756,0.1522,0.4031,0.4401,0.4171,0.3876,0.0336,0.1499,0.1279,0.1958,0.1697,0.0087
Hmel218003o,12675001,12725000,12700005,49974,0.0253,0.0245,0.0245,0.0291,0.0057,0.0243,0.0229,0.0215,0.0235,0.0247,0.0251,0.029,0.036,0.0263,0.0259,0.0324,0.0323,0.0245,0.0286,0.037,0.027,0.0264,0.0338,0.0337,0.0289,0.0378,0.0268,0.0264,0.0345,0.0344,0.0389,0.0314,0.0307,0.036,0.0359,0.0366,0.0379,0.0364,0.0361,0.0253,0.0313,0.0313,0.0329,0.0326,0.0228,-0.0036,0.0045,0.0403,0.414,0.0306,0.0383,0.1704,0.1468,0.0008,0.043,0.4367,0.0527,0.0566,0.2009,0.1773,0.0483,0.4457,0.0489,0.0577,0.2105,0.1868,0.4194,0.0925,0.0974,0.1916,0.1673,0.4348,0.4685,0.4728,0.44,0.0361,0.164,0.1416,0.2041,0.178,0.0066
Hmel218003o,12700001,12750000,12724986,49931,0.0238,0.0226,0.0224,0.0282,0.0049,0.0214,0.0204,0.0207,0.0222,0.0231,0.0232,0.0276,0.0348,0.0246,0.0251,0.0317,0.0317,0.0221,0.0271,0.0352,0.0247,0.0252,0.0322,0.0324,0.0273,0.0356,0.0245,0.0252,0.0323,0.0326,0.0369,0.0298,0.0296,0.0341,0.034,0.0346,0.0362,0.0342,0.0341,0.0237,0.029,0.0291,0.0308,0.0309,0.0216,-0.0021,0.0014,0.0403,0.4318,0.0457,0.067,0.1841,0.1687,-0.0115,0.045,0.4533,0.0608,0.0831,0.2048,0.1924,0.0506,0.4611,0.0606,0.0849,0.2095,0.1979,0.4194,0.1079,0.1166,0.1819,0.1637,0.466,0.4987,0.4714,0.4478,0.0665,0.1679,0.1529,0.2102,0.1934,0.0029
Hmel218003o,12725001,12775000,12750013,49867,0.0228,0.022,0.0226,0.0284,0.0056,0.0232,0.0217,0.0221,0.0239,0.0226,0.023,0.0274,0.0343,0.0252,0.0247,0.0331,0.033,0.0221,0.0271,0.0342,0.0252,0.0248,0.0331,0.0333,0.0274,0.0345,0.0254,0.0248,0.0333,0.0333,0.0363,0.0302,0.0292,0.0348,0.0348,0.0338,0.0344,0.0339,0.0341,0.0247,0.03,0.0302,0.0318,0.0319,0.023,0.0057,0.0061,0.0461,0.4305,0.0484,0.0563,0.2016,0.1806,-0.0048,0.0503,0.4422,0.059,0.0689,0.2106,0.1944,0.0491,0.4358,0.0544,0.0608,0.2064,0.1869,0.4004,0.0912,0.0917,0.1746,0.1542,0.4183,0.4487,0.4362,0.4122,0.0501,0.1475,0.1307,0.1949,0.176,0.0014
Hmel218003o,12750001,12800000,12775032,49912,0.022,0.022,0.0219,0.0273,0.0059,0.0225,0.0197,0.0211,0.0226,0.0221,0.0222,0.0268,0.0335,0.0252,0.0242,0.0314,0.0309,0.022,0.0264,0.0334,0.0254,0.0246,0.0315,0.0313,0.0269,0.0342,0.0254,0.0246,0.0321,0.0317,0.0354,0.0297,0.0286,0.0338,0.0338,0.0322,0.0334,0.0327,0.0333,0.0238,0.029,0.0288,0.0288,0.0288,0.0221,0.0025,0.0042,0.0538,0.4279,0.0653,0.0796,0.1957,0.1705,-0.0001,0.0471,0.4268,0.0695,0.0871,0.1984,0.1776,0.0569,0.437,0.0697,0.089,0.2075,0.1842,0.3993,0.1006,0.1162,0.1824,0.1641,0.4032,0.4624,0.4314,0.4161,0.0628,0.1502,0.1286,0.1815,0.1619,0.0064
Hmel218003o,12775001,12825000,12800009,49982,0.0217,0.0212,0.0211,0.0256,0.0044,0.0195,0.0177,0.0209,0.0219,0.0219,0.0219,0.0262,0.0351,0.0242,0.0239,0.0315,0.0313,0.0212,0.025,0.035,0.0252,0.0247,0.0326,0.0328,0.0255,0.0359,0.0258,0.0249,0.0332,0.0334,0.036,0.0295,0.0285,0.0342,0.0344,0.0342,0.0355,0.0342,0.035,0.0214,0.0287,0.0289,0.0281,0.0288,0.0214,0.0106,0.0121,0.0607,0.4735,0.0848,0.1019,0.2025,0.1893,-0.0003,0.0452,0.4801,0.1137,0.1249,0.2267,0.218,0.0559,0.4913,0.1271,0.1305,0.2368,0.2275,0.4482,0.1503,0.1558,0.205,0.1971,0.4989,0.5403,0.476,0.4708,0.0741,0.184,0.1753,0.195,0.1946,-0.0001
Hmel218003o,12800001,12850000,12824991,49964,0.0217,0.0216,0.0212,0.0254,0.0054,0.02,0.0217,0.0228,0.0225,0.0222,0.0224,0.026,0.0372,0.0256,0.0243,0.0336,0.0347,0.021,0.0252,0.0374,0.0265,0.0249,0.0348,0.0358,0.0253,0.0376,0.0277,0.025,0.0354,0.0363,0.0373,0.0302,0.0285,0.035,0.0355,0.0368,0.0375,0.0368,0.037,0.0225,0.0299,0.0305,0.0311,0.0323,0.0225,0.0127,0.0226,0.0592,0.4817,0.1085,0.0604,0.2137,0.2335,-0.009,0.0447,0.4859,0.1285,0.0744,0.2335,0.2496,0.0533,0.4946,0.1559,0.0828,0.2462,0.2612,0.4492,0.1581,0.1073,0.1954,0.2056,0.5032,0.4858,0.4621,0.469,0.042,0.1759,0.1896,0.1761,0.1991,-0.0033
Hmel218003o,12825001,12875000,12849341,48027,0.0227,0.0233,0.0225,0.0264,0.0072,0.0237,0.0244,0.0236,0.023,0.0229,0.0232,0.0269,0.0357,0.028,0.0258,0.0343,0.0353,0.0222,0.0269,0.0365,0.0281,0.0257,0.035,0.0354,0.0265,0.0361,0.0286,0.0259,0.0352,0.0358,0.036,0.0303,0.0292,0.035,0.0351,0.0354,0.0364,0.0357,0.0359,0.0253,0.0303,0.0305,0.0325,0.0329,0.0237,-0.0018,0.0134,0.0549,0.425,0.0982,0.049,0.2038,0.2239,-0.0146,0.049,0.4268,0.0946,0.0404,0.2089,0.2205,0.0502,0.4332,0.1138,0.0529,0.2204,0.2339,0.3982,0.1032,0.0773,0.1777,0.1857,0.4072,0.4104,0.413,0.4231,0.0271,0.1303,0.1402,0.1593,0.1709,0.0084
Hmel218003o,12850001,12900000,12875328,48036,0.0236,0.0242,0.0238,0.0273,0.0068,0.0219,0.0243,0.0226,0.0234,0.0236,0.0237,0.0287,0.0345,0.0266,0.0257,0.0345,0.0352,0.0241,0.0289,0.0353,0.0273,0.026,0.0349,0.0353,0.0286,0.0349,0.0276,0.0263,0.0352,0.0359,0.0361,0.0303,0.0304,0.0356,0.0359,0.0343,0.0356,0.0347,0.0352,0.0254,0.032,0.0325,0.0328,0.0332,0.0237,-0.0067,-0.0003,0.0699,0.4036,0.0837,0.0369,0.2086,0.2088,0.0015,0.0656,0.4047,0.0905,0.0362,0.2075,0.2044,0.0665,0.4059,0.0996,0.0476,0.2168,0.2175,0.3948,0.1186,0.0906,0.1907,0.1849,0.4258,0.4064,0.4209,0.4146,0.0502,0.1907,0.1889,0.1753,0.1722,0.0162
Hmel218003o,12875001,12925000,12899262,47838,0.0245,0.0241,0.0252,0.0267,0.0073,0.0186,0.0232,0.0229,0.0241,0.0241,0.0245,0.0291,0.0372,0.0267,0.0255,0.0345,0.0344,0.0247,0.0286,0.0373,0.0271,0.0255,0.0346,0.0344,0.0293,0.0377,0.0276,0.0261,0.0347,0.0348,0.0388,0.0315,0.0302,0.0362,0.036,0.0357,0.0377,0.037,0.0372,0.0244,0.0326,0.0326,0.034,0.0336,0.0242,-0.0033,-0.0078,0.0719,0.4173,0.1125,0.0359,0.1962,0.1812,0.0018,0.0674,0.4239,0.1257,0.0398,0.2012,0.1861,0.0661,0.4137,0.1206,0.0401,0.1911,0.1793,0.424,0.1826,0.1058,0.1987,0.1826,0.484,0.4409,0.4359,0.4221,0.081,0.2335,0.2195,0.2021,0.1837,0.0143
Hmel218003o,12900001,12950000,12925369,47830,0.0223,0.021,0.023,0.0258,0.0062,0.0193,0.0164,0.0202,0.0215,0.0215,0.0221,0.028,0.0324,0.0257,0.0239,0.0311,0.0307,0.0217,0.0279,0.0324,0.0258,0.0237,0.032,0.0318,0.0283,0.0333,0.026,0.0244,0.0316,0.0315,0.0347,0.0308,0.0293,0.0332,0.0325,0.0322,0.0327,0.0325,0.0328,0.0206,0.0276,0.0277,0.0296,0.0296,0.0213,-0.0052,-0.0131,0.0849,0.4051,0.1113,0.1112,0.1988,0.1766,-0.0082,0.0998,0.4249,0.1298,0.1241,0.2276,0.2092,0.0829,0.4059,0.1096,0.1124,0.1982,0.1809,0.4043,0.1714,0.1852,0.1971,0.1711,0.4492,0.5031,0.4393,0.4231,0.0764,0.1752,0.1607,0.2488,0.2309,0.0114
Hmel218003o,12925001,12975000,12950005,49943,0.0166,0.0145,0.0161,0.0251,0.0043,0.0191,0.0095,0.0156,0.0169,0.0151,0.016,0.0281,0.0286,0.0236,0.0235,0.0287,0.0289,0.015,0.0295,0.0294,0.0241,0.0237,0.0294,0.0297,0.0293,0.0296,0.0245,0.0246,0.0295,0.0299,0.0309,0.0283,0.0293,0.031,0.0309,0.0293,0.0298,0.0302,0.0302,0.0164,0.0222,0.0233,0.0214,0.0228,0.017,-0.0145,-0.0117,0.1697,0.4804,0.146,0.2979,0.2951,0.2787,-0.0112,0.2223,0.5313,0.1886,0.3418,0.3374,0.323,0.1962,0.5031,0.1716,0.3286,0.3154,0.3016,0.3947,0.1389,0.2923,0.2302,0.2119,0.4437,0.6378,0.5206,0.4961,0.0716,0.1303,0.1346,0.2745,0.2796,0.0238
Hmel218003o,12950001,13000000,12975000,49952,0.0183,0.0152,0.014,0.0236,0.0043,0.0201,0.0091,0.0155,0.0163,0.016,0.0163,0.0285,0.0311,0.0261,0.0267,0.0306,0.0306,0.0145,0.0293,0.0314,0.0274,0.028,0.0318,0.0315,0.0295,0.0315,0.0286,0.0292,0.0331,0.033,0.0321,0.0297,0.0317,0.0327,0.0328,0.0319,0.0328,0.0338,0.0331,0.0174,0.0209,0.0219,0.0203,0.0216,0.0169,-0.0253,0.0061,0.1689,0.483,0.1605,0.3362,0.3029,0.2913,-0.0055,0.2245,0.5414,0.2279,0.4102,0.3642,0.3479,0.2453,0.5641,0.2641,0.4472,0.3992,0.3851,0.4301,0.1634,0.3503,0.2723,0.263,0.4621,0.6737,0.5629,0.5411,0.0921,0.0853,0.0984,0.2566,0.2711,0.0335
Hmel218003o,12975001,13025000,12999968,49868,0.021,0.0185,0.0166,0.0229,0.0049,0.0192,0.0144,0.0186,0.0183,0.0194,0.0192,0.0253,0.0323,0.0255,0.0258,0.031,0.0309,0.0178,0.025,0.0323,0.0268,0.0278,0.0335,0.0331,0.0252,0.032,0.0269,0.0281,0.0332,0.033,0.0336,0.0294,0.0311,0.0329,0.033,0.0318,0.0329,0.0331,0.0328,0.0205,0.0237,0.0239,0.0255,0.0258,0.019,-0.0094,0.0126,0.0776,0.4437,0.126,0.1969,0.2315,0.2339,0.0077,0.1068,0.4825,0.1843,0.2694,0.3,0.2977,0.1396,0.5134,0.2132,0.304,0.3211,0.3228,0.4473,0.1789,0.2735,0.24,0.2459,0.4665,0.5622,0.4911,0.4929,0.1069,0.12,0.1285,0.2246,0.2372,0.0155
Hmel218003o,13000001,13050000,13025015,49888,0.0192,0.0177,0.0174,0.0226,0.0057,0.0162,0.0164,0.018,0.0178,0.0185,0.0188,0.0234,0.0303,0.0236,0.0239,0.0272,0.0274,0.0178,0.0231,0.0311,0.0242,0.0251,0.0287,0.029,0.0231,0.0306,0.0239,0.0253,0.028,0.0283,0.0325,0.0278,0.0286,0.0301,0.0306,0.0294,0.0311,0.0299,0.0304,0.0187,0.0221,0.0219,0.0242,0.0239,0.0179,-0.0002,0.0151,0.0665,0.4331,0.1511,0.1541,0.1968,0.2039,0.0082,0.0814,0.4696,0.1858,0.201,0.2445,0.2523,0.0878,0.4697,0.1853,0.2089,0.2365,0.2464,0.428,0.1972,0.2074,0.2093,0.2201,0.474,0.4921,0.4476,0.4599,0.0719,0.1343,0.1338,0.1766,0.174,-0.0009
Hmel218003o,13025001,13075000,13049986,49957,0.0216,0.0217,0.0207,0.0245,0.0074,0.0173,0.0184,0.0188,0.0187,0.0211,0.0216,0.026,0.0311,0.026,0.0254,0.0278,0.0282,0.0209,0.026,0.0318,0.0267,0.026,0.0285,0.029,0.0263,0.0318,0.0269,0.0264,0.0291,0.0297,0.0334,0.0301,0.03,0.0312,0.0315,0.0313,0.0326,0.0313,0.0317,0.0197,0.023,0.023,0.0253,0.0251,0.019,-0.0124,0.012,0.0697,0.3792,0.1534,0.1257,0.1676,0.1761,-0.0057,0.0682,0.3877,0.1651,0.138,0.1785,0.1881,0.0871,0.4028,0.1819,0.1572,0.2019,0.2127,0.3877,0.2013,0.1837,0.1969,0.2025,0.45,0.4482,0.425,0.4318,0.0538,0.1281,0.1285,0.1604,0.1581,0.0052
Hmel218003o,13050001,13100000,13074997,49933,0.0228,0.0239,0.0228,0.0259,0.0059,0.0191,0.0183,0.0189,0.0197,0.0227,0.0228,0.028,0.0328,0.0262,0.0248,0.0285,0.0287,0.0227,0.0279,0.0332,0.0272,0.0254,0.0299,0.0302,0.0281,0.0333,0.0269,0.0254,0.0301,0.0304,0.0349,0.0309,0.0302,0.0326,0.0324,0.0331,0.0334,0.0339,0.0335,0.0212,0.0239,0.0245,0.026,0.0267,0.0198,-0.0154,-0.0005,0.0786,0.4067,0.1177,0.099,0.165,0.1574,-0.0159,0.0622,0.3961,0.1245,0.0975,0.1757,0.1705,0.0803,0.4135,0.1303,0.1122,0.192,0.1867,0.4097,0.1742,0.1743,0.2032,0.1909,0.4677,0.4846,0.4806,0.4638,0.0669,0.1204,0.1223,0.1765,0.1792,0.0152
Hmel218003o,13075001,13125000,13099998,49936,0.0208,0.0212,0.0211,0.0234,0.004,0.0188,0.0163,0.0164,0.0179,0.0208,0.0211,0.027,0.0328,0.0231,0.0219,0.028,0.0283,0.0207,0.0264,0.0326,0.0245,0.0227,0.0297,0.0303,0.027,0.033,0.0246,0.0227,0.0293,0.0298,0.0354,0.0292,0.0286,0.0308,0.0311,0.0331,0.0329,0.0335,0.034,0.0198,0.024,0.0247,0.0253,0.0262,0.0175,-0.0044,0.004,0.1089,0.4683,0.0819,0.0874,0.2122,0.1984,-0.0124,0.0915,0.459,0.1074,0.1006,0.2356,0.2274,0.1036,0.465,0.1094,0.1013,0.2301,0.2198,0.4753,0.175,0.1988,0.2335,0.2186,0.5046,0.5447,0.5489,0.5302,0.0645,0.162,0.1563,0.2256,0.2209,0.0121
Hmel218003o,13100001,13150000,13125004,49964,0.0191,0.0173,0.0186,0.0219,0.0045,0.0147,0.0168,0.0159,0.0159,0.0185,0.019,0.0248,0.0332,0.0216,0.02,0.0269,0.0269,0.0177,0.0232,0.0328,0.0234,0.0198,0.0283,0.0285,0.0241,0.0328,0.0227,0.0195,0.0274,0.0275,0.0352,0.0284,0.0258,0.0291,0.029,0.0327,0.0329,0.0321,0.0325,0.0202,0.0235,0.0238,0.0261,0.0263,0.0161,0.0082,0.0034,0.1047,0.4905,0.1273,0.0554,0.2214,0.2218,-0.0056,0.0993,0.5172,0.198,0.0783,0.2742,0.2763,0.0983,0.4948,0.1621,0.0515,0.2391,0.2397,0.4853,0.2368,0.1588,0.2299,0.228,0.5606,0.5259,0.5331,0.5375,0.1303,0.2209,0.2283,0.2402,0.2445,0.0054
Hmel218003o,13125001,13175000,13149999,49993,0.0223,0.0191,0.0209,0.0247,0.0056,0.0143,0.0187,0.0189,0.0192,0.021,0.0215,0.0262,0.0364,0.0228,0.0218,0.0282,0.0282,0.0198,0.0236,0.0367,0.0245,0.0209,0.0296,0.0295,0.0246,0.0363,0.0237,0.0213,0.0291,0.029,0.0381,0.0292,0.0261,0.0319,0.0313,0.0352,0.0362,0.0349,0.0346,0.0224,0.0245,0.0252,0.0292,0.0293,0.0194,0.0079,-0.0028,0.0621,0.4618,0.1151,0.0313,0.1637,0.1605,-0.005,0.0516,0.512,0.1997,0.0537,0.2292,0.2233,0.0474,0.4802,0.1552,0.0375,0.1977,0.1913,0.4631,0.2246,0.1085,0.204,0.1916,0.5743,0.5122,0.4966,0.487,0.1586,0.2028,0.2104,0.2271,0.2244,0.009
Hmel218003o,13150001,13200000,13174980,49877,0.0222,0.0207,0.0226,0.0272,0.0066,0.0159,0.0179,0.02,0.0212,0.0218,0.0224,0.0278,0.0353,0.0214,0.0228,0.031,0.03,0.0215,0.0264,0.0357,0.0224,0.0219,0.032,0.0309,0.0271,0.0357,0.0226,0.022,0.0321,0.0309,0.039,0.0281,0.0275,0.0353,0.0344,0.0344,0.0354,0.0348,0.0348,0.0214,0.029,0.028,0.032,0.0313,0.0214,0.0091,0.0004,0.071,0.4354,0.0619,0.0674,0.2002,0.1687,-0.0036,0.0644,0.462,0.1072,0.0678,0.234,0.2018,0.0542,0.4345,0.0833,0.0433,0.2131,0.1802,0.4282,0.1577,0.1217,0.217,0.1899,0.5219,0.5017,0.4618,0.4438,0.125,0.247,0.2135,0.2695,0.2429,0.0192
Hmel218003o,13175001,13225000,13200004,49675,0.0191,0.0169,0.0195,0.0237,0.0054,0.0133,0.0163,0.0187,0.0205,0.0181,0.0191,0.024,0.0308,0.021,0.0215,0.0301,0.0288,0.0181,0.0231,0.0308,0.0214,0.0205,0.0302,0.029,0.0239,0.0312,0.0218,0.0203,0.0303,0.0293,0.0337,0.0263,0.0251,0.0325,0.0318,0.0313,0.0304,0.0309,0.0315,0.0199,0.0276,0.0263,0.0285,0.0279,0.0201,0.001,-0.0057,0.0692,0.4473,0.135,0.1024,0.239,0.1949,-0.0024,0.0827,0.485,0.1822,0.1102,0.2702,0.2261,0.0621,0.447,0.1512,0.0658,0.2377,0.1985,0.4319,0.2019,0.1335,0.2255,0.1917,0.5572,0.4902,0.4558,0.4337,0.155,0.2788,0.2293,0.2495,0.2151,0.0137
Hmel218003o,13200001,13250000,13225066,49785,0.0221,0.0203,0.0214,0.024,0.0058,0.0174,0.0192,0.0196,0.0211,0.0215,0.0216,0.0255,0.0323,0.0258,0.0248,0.0306,0.0307,0.0211,0.0243,0.032,0.0263,0.025,0.0305,0.0305,0.0253,0.032,0.0266,0.0249,0.0309,0.0314,0.033,0.029,0.0277,0.0316,0.032,0.0318,0.031,0.0314,0.0321,0.0221,0.0262,0.0265,0.027,0.0275,0.0205,0.0069,-0.0038,0.0568,0.4129,0.1407,0.0976,0.2002,0.1834,0.0064,0.0583,0.4372,0.1749,0.1251,0.2206,0.2022,0.0624,0.4203,0.1667,0.1086,0.2133,0.2024,0.4138,0.1856,0.1379,0.1975,0.1835,0.4828,0.4416,0.4414,0.4255,0.1007,0.1834,0.1682,0.1732,0.1619,0.0045
Hmel218003o,13225001,13275000,13250000,49991,0.0228,0.0234,0.0228,0.0256,0.0075,0.0211,0.0197,0.019,0.0204,0.0235,0.0231,0.0278,0.0345,0.0287,0.0277,0.0327,0.0333,0.0231,0.0269,0.0351,0.0296,0.0292,0.0332,0.0337,0.0274,0.0345,0.0297,0.0289,0.0333,0.0341,0.0359,0.0309,0.0311,0.0337,0.0342,0.0339,0.0339,0.0337,0.0344,0.0226,0.0276,0.0282,0.0274,0.028,0.02,0.01,0.0082,0.0787,0.4056,0.1415,0.1391,0.2325,0.2234,0.0011,0.054,0.4046,0.1501,0.1587,0.2323,0.2226,0.0711,0.4058,0.1585,0.1607,0.2407,0.2349,0.4022,0.1519,0.1726,0.2214,0.2108,0.4225,0.4432,0.4513,0.4378,0.0549,0.1679,0.16,0.1822,0.1731,0.0068
Hmel218003o,13250001,13300000,13274024,47557,0.0204,0.0219,0.022,0.0243,0.0071,0.0199,0.0179,0.0202,0.0213,0.0211,0.0217,0.0264,0.0364,0.0269,0.027,0.0347,0.0345,0.0213,0.0257,0.0375,0.0277,0.0279,0.0349,0.035,0.0259,0.0371,0.0282,0.0282,0.0344,0.0344,0.0374,0.0298,0.0309,0.0351,0.0349,0.0369,0.0379,0.0373,0.0368,0.0225,0.0291,0.0288,0.0291,0.029,0.0209,-0.0025,0.0128,0.0942,0.4663,0.1523,0.1803,0.2735,0.2589,-0.016,0.0605,0.4587,0.1484,0.1781,0.2592,0.2483,0.0628,0.4515,0.1553,0.181,0.2504,0.2383,0.439,0.1615,0.2069,0.2379,0.2217,0.4804,0.5205,0.4797,0.4584,0.0943,0.1931,0.1754,0.219,0.2042,0.0038
Hmel218003o,13275001,13325000,13300308,47558,0.0218,0.0223,0.023,0.0257,0.0049,0.018,0.0157,0.0214,0.0221,0.0222,0.0228,0.0271,0.0375,0.0268,0.0274,0.0336,0.0332,0.0222,0.0262,0.0371,0.0271,0.0274,0.0334,0.0333,0.0265,0.0372,0.0265,0.0269,0.0328,0.0325,0.037,0.0307,0.0311,0.0349,0.0346,0.0373,0.0383,0.0367,0.0361,0.0203,0.0288,0.0286,0.0296,0.0296,0.0219,0.0038,0.0108,0.0762,0.4918,0.1568,0.1996,0.2281,0.2145,-0.0109,0.0539,0.4806,0.1567,0.1923,0.2188,0.2103,0.051,0.4711,0.1355,0.1727,0.2034,0.1901,0.4498,0.1887,0.225,0.2069,0.1939,0.5474,0.5932,0.4881,0.471,0.1006,0.1978,0.186,0.2413,0.2327,0.0033
Hmel218003o,13300001,13350000,13324996,49985,0.0214,0.0216,0.022,0.0243,0.0036,0.0174,0.0147,0.0197,0.021,0.022,0.0221,0.0267,0.0355,0.0276,0.0283,0.0314,0.0319,0.0218,0.0258,0.0356,0.0282,0.0289,0.0319,0.0328,0.0262,0.0355,0.0274,0.0282,0.0317,0.0324,0.0353,0.0308,0.0314,0.0328,0.0335,0.0349,0.0356,0.0331,0.0341,0.0179,0.027,0.0279,0.0275,0.0279,0.0207,0.0119,0.0102,0.0866,0.4951,0.1839,0.232,0.2204,0.2122,-0.0018,0.0664,0.4916,0.1913,0.2386,0.2248,0.223,0.0688,0.4844,0.1717,0.222,0.2171,0.2123,0.4685,0.2109,0.2569,0.2112,0.2054,0.5525,0.606,0.4942,0.4842,0.0575,0.1946,0.1943,0.2418,0.2302,0.0075
Hmel218003o,13325001,13375000,13350003,49975,0.0175,0.0165,0.0182,0.0233,0.0033,0.0144,0.0111,0.0162,0.0182,0.0176,0.0179,0.0241,0.0321,0.0217,0.022,0.0275,0.0279,0.0173,0.0231,0.0335,0.0225,0.0229,0.0284,0.0291,0.0235,0.0331,0.0226,0.023,0.0284,0.0291,0.0344,0.0269,0.0277,0.0307,0.0314,0.0317,0.0328,0.0306,0.0316,0.0146,0.0243,0.0249,0.0261,0.0264,0.0179,0.0178,0.0026,0.1004,0.5281,0.1633,0.2227,0.2533,0.2308,-0.0033,0.0929,0.5598,0.1949,0.258,0.2811,0.2649,0.076,0.5251,0.1719,0.2323,0.2577,0.2401,0.4773,0.1995,0.263,0.2365,0.2189,0.5803,0.6548,0.5339,0.5079,0.0711,0.2403,0.2204,0.3258,0.2988,0.0192
Hmel218003o,13350001,13400000,13375005,49990,0.0122,0.011,0.012,0.0202,0.0026,0.0078,0.0068,0.011,0.0132,0.0116,0.012,0.0196,0.0266,0.0162,0.0159,0.0203,0.0204,0.0109,0.0185,0.0277,0.0167,0.0166,0.021,0.0212,0.0187,0.0273,0.0167,0.0166,0.021,0.0212,0.0296,0.0216,0.0217,0.0243,0.0244,0.0254,0.0263,0.0258,0.0258,0.009,0.016,0.0161,0.0171,0.0177,0.0122,0.0001,-0.0059,0.1201,0.5803,0.2479,0.2639,0.2848,0.2439,-0.028,0.1159,0.6214,0.2932,0.316,0.3263,0.2875,0.1023,0.5943,0.2694,0.291,0.3055,0.2669,0.4804,0.2511,0.2724,0.245,0.2106,0.6759,0.7116,0.5983,0.5482,0.1136,0.2745,0.2241,0.3314,0.291,0.0057
Hmel218003o,13375001,13425000,13399990,49944,0.0137,0.0146,0.0133,0.0185,0.0024,0.0082,0.0095,0.0115,0.0121,0.0137,0.0134,0.0195,0.026,0.0205,0.0209,0.0223,0.0228,0.0132,0.0194,0.0266,0.021,0.0215,0.0228,0.0234,0.0193,0.0261,0.0205,0.021,0.0227,0.0233,0.0273,0.0231,0.0232,0.0241,0.0244,0.0265,0.027,0.0269,0.0271,0.0103,0.0143,0.0142,0.0146,0.0147,0.0116,-0.0162,-0.0039,0.1133,0.5435,0.3189,0.3014,0.2925,0.2909,-0.0274,0.0941,0.5313,0.312,0.2969,0.2858,0.2866,0.1153,0.5541,0.329,0.3109,0.308,0.308,0.4809,0.2991,0.2753,0.2552,0.2493,0.6811,0.6543,0.6045,0.5918,0.0853,0.1973,0.1764,0.1733,0.1627,-0.0103
Hmel218003o,13400001,13450000,13425011,49928,0.0198,0.0208,0.0196,0.0234,0.0046,0.015,0.0155,0.0178,0.017,0.0198,0.0196,0.0246,0.0304,0.0251,0.0254,0.03,0.0303,0.0197,0.0249,0.0312,0.0258,0.0259,0.0306,0.0309,0.0251,0.0309,0.0256,0.0258,0.0307,0.0311,0.0318,0.0286,0.0286,0.0309,0.031,0.0321,0.0328,0.0326,0.033,0.0169,0.0233,0.0227,0.0239,0.0233,0.0174,-0.0149,-0.0041,0.0752,0.4418,0.1913,0.188,0.2412,0.2551,-0.0133,0.0675,0.4375,0.1917,0.1854,0.2385,0.2524,0.0889,0.4541,0.204,0.2011,0.2555,0.2723,0.4247,0.2188,0.2108,0.2175,0.2286,0.5481,0.5465,0.5054,0.5227,0.0554,0.1833,0.1826,0.189,0.186,-0.0004
Hmel218003o,13425001,13475000,13449536,48906,0.0185,0.0194,0.0191,0.024,0.0049,0.0177,0.0148,0.0175,0.0165,0.0188,0.0191,0.024,0.0313,0.0234,0.0211,0.0257,0.0252,0.0191,0.0244,0.0318,0.0231,0.0213,0.0266,0.0263,0.025,0.0324,0.0233,0.0215,0.0265,0.0263,0.0342,0.0284,0.0264,0.0285,0.0282,0.0294,0.0325,0.0327,0.0325,0.0199,0.0247,0.0244,0.0228,0.0223,0.0168,-0.004,0.0095,0.0758,0.4724,0.1341,0.1243,0.185,0.1885,-0.0055,0.0705,0.4632,0.1147,0.116,0.1905,0.1981,0.0874,0.4758,0.124,0.1252,0.1927,0.202,0.4405,0.1699,0.1767,0.1758,0.1832,0.4609,0.5511,0.5061,0.5206,0.1072,0.1772,0.1845,0.1797,0.1849,-0.0065
Hmel218003o,13450001,13500000,13474281,45316,0.0197,0.0215,0.0209,0.0239,0.0043,0.0191,0.0173,0.0181,0.0185,0.0213,0.021,0.0244,0.0339,0.0251,0.0229,0.0266,0.0264,0.0213,0.0253,0.0336,0.0249,0.0231,0.0272,0.0273,0.025,0.0338,0.0241,0.0224,0.0265,0.0265,0.0355,0.0284,0.0267,0.029,0.029,0.0311,0.0344,0.0341,0.0342,0.0221,0.0253,0.0255,0.0238,0.0239,0.0182,0.0169,0.0167,0.068,0.4919,0.1339,0.1125,0.1779,0.1699,0.0024,0.0621,0.4604,0.1085,0.0914,0.1664,0.1635,0.063,0.4716,0.0982,0.0843,0.16,0.156,0.4642,0.153,0.1462,0.1761,0.1706,0.4683,0.5371,0.5209,0.5159,0.1022,0.1621,0.1597,0.1544,0.1508,-0.0036
Hmel218003o,13475001,13525000,13501120,46323,0.0253,0.0264,0.026,0.0262,0.0076,0.0213,0.0243,0.0218,0.0236,0.0265,0.0259,0.0295,0.0358,0.0274,0.0281,0.0336,0.0345,0.0261,0.0299,0.0352,0.0282,0.0281,0.0335,0.0343,0.0295,0.0357,0.0276,0.028,0.034,0.0351,0.0357,0.0316,0.0322,0.0354,0.0361,0.035,0.036,0.0349,0.0363,0.025,0.0301,0.0308,0.0314,0.0323,0.0228,0.0132,0.0047,0.0722,0.3839,0.0854,0.0654,0.1849,0.1793,-0.0021,0.0673,0.3635,0.0901,0.0552,0.1733,0.1663,0.0642,0.3749,0.0827,0.0566,0.1852,0.1822,0.3906,0.1567,0.128,0.2062,0.1939,0.4309,0.4002,0.4226,0.4138,0.048,0.175,0.1657,0.1627,0.1558,0.002
Hmel218003o,13500001,13550000,13525000,49910,0.0214,0.0218,0.0224,0.0227,0.0078,0.0184,0.0202,0.0191,0.0204,0.0221,0.0218,0.0257,0.0316,0.022,0.0229,0.0297,0.0303,0.0219,0.0253,0.0316,0.0229,0.0233,0.0303,0.0308,0.0258,0.0324,0.0232,0.0236,0.0317,0.0324,0.0317,0.0272,0.0272,0.0316,0.0319,0.0309,0.0319,0.0308,0.032,0.0219,0.0282,0.0286,0.0288,0.0295,0.02,0.012,-0.0029,0.081,0.3834,0.0522,0.0519,0.1994,0.1925,-0.0036,0.0699,0.3775,0.07,0.0569,0.2047,0.1976,0.0716,0.3801,0.0687,0.0546,0.2205,0.2152,0.3821,0.1525,0.1288,0.2176,0.2052,0.4201,0.4058,0.4077,0.4039,0.0666,0.2112,0.2021,0.1988,0.1956,0.0057
Hmel218003o,13525001,13575000,13549879,49600,0.0199,0.0195,0.0204,0.0232,0.0061,0.0168,0.0183,0.0188,0.0196,0.0201,0.0202,0.0248,0.0307,0.0202,0.0213,0.029,0.0287,0.02,0.0239,0.0304,0.0215,0.022,0.0298,0.0295,0.0246,0.031,0.022,0.0223,0.0302,0.03,0.0314,0.0262,0.0259,0.0307,0.0305,0.0305,0.0312,0.0302,0.0304,0.0202,0.028,0.028,0.0287,0.0285,0.0195,0.0118,0.0011,0.0788,0.4203,0.0506,0.0567,0.2098,0.1951,0.0011,0.0681,0.4239,0.0913,0.0808,0.2299,0.2139,0.0697,0.417,0.0882,0.0752,0.2245,0.211,0.3989,0.1528,0.1251,0.2018,0.1879,0.471,0.454,0.4324,0.4224,0.0763,0.2352,0.2238,0.2258,0.2127,0.0098
Hmel218003o,13550001,13600000,13575036,48984,0.0225,0.0207,0.0218,0.0272,0.0078,0.0186,0.0184,0.0221,0.023,0.0214,0.0224,0.0278,0.0328,0.0223,0.0221,0.0314,0.0313,0.0212,0.0267,0.0326,0.0229,0.0223,0.0317,0.0316,0.0272,0.0328,0.0238,0.0231,0.0318,0.0317,0.0348,0.0292,0.0282,0.0343,0.0341,0.0328,0.033,0.0334,0.0337,0.0212,0.0302,0.0301,0.0315,0.0313,0.0224,-0.0053,0.0072,0.0681,0.3844,0.0445,0.0407,0.178,0.1685,-0.0022,0.0684,0.4065,0.0808,0.0684,0.2026,0.1914,0.0648,0.3935,0.0869,0.0733,0.1918,0.1813,0.3662,0.1412,0.1259,0.1772,0.1643,0.4414,0.4478,0.3968,0.3883,0.0703,0.2051,0.1931,0.2272,0.214,-0.0023
Hmel218003o,13575001,13625000,13600276,49288,0.0214,0.0205,0.0203,0.0252,0.0073,0.0189,0.017,0.0208,0.0216,0.0207,0.0207,0.0258,0.0313,0.0212,0.0206,0.0289,0.0295,0.0202,0.025,0.0316,0.0217,0.0212,0.0293,0.03,0.0251,0.0308,0.0216,0.021,0.0297,0.0301,0.0323,0.0262,0.0259,0.0312,0.0311,0.0302,0.0312,0.0322,0.0325,0.0202,0.0272,0.0272,0.0288,0.0289,0.0209,-0.006,-0.0047,0.0622,0.3871,0.0279,0.0386,0.1657,0.1654,-0.0049,0.0582,0.4047,0.0528,0.0654,0.1822,0.1849,0.0623,0.3966,0.0526,0.0618,0.1912,0.1885,0.3661,0.1035,0.124,0.1653,0.1538,0.4107,0.4551,0.4077,0.4005,0.0626,0.1649,0.1548,0.2185,0.2102,-0.0079
Hmel218003o,13600001,13650000,13625023,49912,0.0167,0.0179,0.0163,0.0218,0.004,0.0166,0.0158,0.0172,0.0182,0.0177,0.0164,0.0212,0.0287,0.018,0.0171,0.0256,0.0259,0.0171,0.0215,0.0289,0.0191,0.0184,0.0265,0.027,0.021,0.0286,0.0183,0.0175,0.0265,0.0267,0.0292,0.0221,0.0219,0.0269,0.0269,0.0274,0.0286,0.0295,0.0296,0.0176,0.0234,0.0235,0.0254,0.0255,0.0177,0.0114,-0.0044,0.0634,0.4863,0.0409,0.0264,0.2156,0.2064,-0.0009,0.0519,0.4663,0.0537,0.0472,0.2146,0.2088,0.0649,0.4926,0.0544,0.0469,0.2366,0.2251,0.425,0.086,0.0939,0.1766,0.1609,0.4706,0.5034,0.4888,0.4713,0.0441,0.1713,0.1581,0.2242,0.2117,-0.0
Hmel218003o,13625001,13675000,13650003,49925,0.0149,0.0163,0.0152,0.0207,0.0052,0.0153,0.0149,0.0157,0.0164,0.0159,0.0152,0.0191,0.0269,0.0164,0.0152,0.0244,0.0242,0.0155,0.0196,0.0271,0.0173,0.016,0.0252,0.0252,0.0192,0.0276,0.0171,0.0158,0.0251,0.025,0.0275,0.0203,0.0195,0.0256,0.0257,0.026,0.0268,0.0269,0.0271,0.0159,0.0221,0.0219,0.024,0.024,0.016,0.0102,0.0052,0.0533,0.4731,0.0444,0.0121,0.2418,0.2266,-0.009,0.0416,0.4476,0.0502,0.0136,0.2356,0.2239,0.0504,0.4766,0.0598,0.0243,0.251,0.2359,0.3942,0.0769,0.0633,0.186,0.1764,0.4515,0.4709,0.4574,0.4457,0.0268,0.187,0.1695,0.2332,0.2205,-0.002
Hmel218003o,13650001,13700000,13675029,49923,0.0177,0.0167,0.0172,0.0207,0.0065,0.0148,0.0166,0.0158,0.016,0.0175,0.018,0.0207,0.0274,0.0192,0.0186,0.0244,0.0245,0.0165,0.02,0.0272,0.0203,0.0187,0.0251,0.0252,0.0201,0.0276,0.0212,0.0194,0.0256,0.0258,0.0274,0.0226,0.0218,0.0255,0.0257,0.0267,0.0274,0.0279,0.0279,0.0167,0.0211,0.0211,0.0228,0.0228,0.0154,0.0095,0.0161,0.0468,0.4012,0.0894,0.0422,0.195,0.1957,-0.0159,0.0464,0.4156,0.1342,0.0618,0.2231,0.2246,0.0393,0.4125,0.1467,0.0716,0.2266,0.229,0.3698,0.1393,0.0928,0.1809,0.1834,0.4455,0.4212,0.4425,0.4413,0.0338,0.1688,0.1663,0.1769,0.177,-0.0164
Hmel218003o,13675001,13725000,13700004,49985,0.0201,0.0186,0.0188,0.0217,0.0045,0.0139,0.0181,0.0176,0.0178,0.0195,0.02,0.0235,0.029,0.0229,0.0218,0.0266,0.0269,0.0184,0.0226,0.0286,0.024,0.0222,0.0274,0.0277,0.0228,0.0287,0.0244,0.0226,0.0278,0.0282,0.0291,0.0254,0.025,0.0271,0.0272,0.0289,0.0286,0.0289,0.0291,0.0177,0.0225,0.0226,0.0239,0.0241,0.0172,0.003,0.0131,0.0635,0.4187,0.1555,0.0699,0.1791,0.1818,-0.0074,0.0685,0.4409,0.2034,0.0996,0.215,0.2175,0.0679,0.4385,0.2085,0.1075,0.2196,0.2238,0.4156,0.1982,0.1254,0.1731,0.1723,0.533,0.4489,0.4628,0.4621,0.0537,0.1875,0.1849,0.1532,0.1548,-0.0162
Hmel218003o,13700001,13750000,13724695,49315,0.0193,0.0187,0.0193,0.0205,0.0045,0.0163,0.0173,0.0182,0.019,0.0188,0.0194,0.0235,0.0294,0.0217,0.0204,0.0288,0.0291,0.0188,0.0226,0.0291,0.0223,0.0206,0.0293,0.0296,0.0233,0.0296,0.0225,0.0211,0.0291,0.0294,0.0287,0.024,0.0242,0.028,0.0281,0.0293,0.0294,0.0282,0.0285,0.0184,0.0262,0.026,0.0271,0.0274,0.0183,-0.0055,0.0019,0.0874,0.4379,0.104,0.0564,0.2217,0.2162,-0.0051,0.0769,0.4443,0.1265,0.0728,0.2394,0.2334,0.0853,0.4416,0.1241,0.0774,0.2277,0.2227,0.4267,0.1457,0.1348,0.1941,0.1833,0.4922,0.4754,0.4415,0.432,0.0495,0.217,0.203,0.2205,0.2151,-0.0072
Hmel218003o,13725001,13775000,13750029,49246,0.0184,0.0167,0.0192,0.0188,0.0046,0.0185,0.017,0.0177,0.0183,0.0177,0.0188,0.0216,0.0275,0.0207,0.019,0.028,0.0282,0.018,0.0203,0.0277,0.0216,0.0191,0.0282,0.0286,0.0216,0.028,0.0222,0.0201,0.0282,0.0284,0.0265,0.0233,0.022,0.0269,0.0269,0.0279,0.0282,0.0278,0.0277,0.0193,0.0262,0.0261,0.0268,0.0273,0.0182,0.0035,-0.0009,0.0789,0.4265,0.0602,0.0382,0.2276,0.2228,0.0024,0.0748,0.4608,0.1086,0.066,0.2546,0.2532,0.066,0.4197,0.0873,0.0547,0.2191,0.2154,0.4219,0.1172,0.1109,0.2002,0.1929,0.43,0.4614,0.4435,0.4313,0.0437,0.1918,0.1827,0.2234,0.2259,0.0056
Hmel218003o,13750001,13800000,13775018,49909,0.0216,0.0185,0.0197,0.021,0.0045,0.0191,0.0191,0.0177,0.0183,0.0203,0.0207,0.0235,0.0288,0.0231,0.0221,0.0276,0.0282,0.0191,0.0223,0.0293,0.0238,0.0216,0.0282,0.0293,0.0228,0.0288,0.0238,0.0217,0.0283,0.0291,0.0282,0.0253,0.0236,0.0277,0.0284,0.0285,0.0285,0.0289,0.0291,0.0212,0.0247,0.0254,0.0263,0.0271,0.0181,0.0078,0.0021,0.0512,0.392,0.0677,0.0438,0.1779,0.1807,-0.0005,0.0688,0.4533,0.1233,0.0734,0.2302,0.2393,0.062,0.4257,0.1077,0.0586,0.2161,0.2206,0.4141,0.1239,0.0892,0.1912,0.1927,0.4298,0.4313,0.4613,0.4533,0.0547,0.1546,0.1596,0.1874,0.1933,0.0032
Hmel218003o,13775001,13825000,13799988,49894,0.0203,0.0187,0.0189,0.0215,0.0064,0.0175,0.0177,0.0173,0.0179,0.0197,0.0198,0.0237,0.0284,0.0202,0.0206,0.0272,0.0276,0.0186,0.023,0.0292,0.0206,0.0205,0.0279,0.0283,0.0228,0.0287,0.0209,0.0202,0.0275,0.0279,0.0288,0.0246,0.0242,0.0279,0.0281,0.0275,0.0284,0.0283,0.0285,0.0191,0.0256,0.026,0.0271,0.0271,0.0174,0.0047,0.006,0.0672,0.3759,0.0346,0.043,0.193,0.1915,-0.0059,0.0763,0.4138,0.0678,0.0619,0.2265,0.2261,0.0678,0.4037,0.0725,0.0523,0.2166,0.216,0.3817,0.1291,0.117,0.1935,0.1888,0.4109,0.4195,0.4257,0.4187,0.0421,0.2019,0.2004,0.2267,0.2185,-0.006
Hmel218003o,13800001,13850000,13824987,49787,0.0178,0.0167,0.0172,0.0199,0.0066,0.0139,0.0152,0.0161,0.0159,0.0175,0.0178,0.0217,0.0258,0.017,0.0184,0.0249,0.0246,0.0167,0.021,0.0269,0.0182,0.0186,0.0257,0.0254,0.0208,0.0263,0.0186,0.0184,0.025,0.0245,0.0268,0.0229,0.0228,0.0261,0.0258,0.0261,0.0268,0.0267,0.0267,0.016,0.0237,0.0233,0.0247,0.0242,0.0157,0.0075,0.0115,0.0796,0.374,0.0395,0.0567,0.2007,0.199,-0.0074,0.0795,0.4111,0.0923,0.0803,0.2324,0.2299,0.0674,0.3937,0.0941,0.0671,0.2113,0.206,0.3722,0.1708,0.1469,0.1987,0.1959,0.4517,0.4367,0.4201,0.4243,0.0495,0.2364,0.2316,0.2344,0.228,-0.0096
Hmel218003o,13825001,13875000,13850023,49868,0.0201,0.0183,0.0186,0.0212,0.0059,0.0136,0.0176,0.0173,0.0172,0.0194,0.0195,0.023,0.029,0.0185,0.0203,0.0268,0.0266,0.0181,0.0225,0.0294,0.0189,0.02,0.0278,0.0278,0.0219,0.0293,0.0193,0.0203,0.0278,0.0274,0.0292,0.0233,0.0242,0.0278,0.0277,0.0292,0.0301,0.0296,0.0294,0.0178,0.0255,0.0252,0.0268,0.0266,0.017,0.0043,0.0039,0.0574,0.396,0.0501,0.0379,0.1885,0.1857,-0.0099,0.0735,0.4323,0.0885,0.0558,0.2316,0.2313,0.0562,0.4267,0.0971,0.0602,0.2266,0.2213,0.4002,0.1685,0.1223,0.1967,0.195,0.5155,0.454,0.4538,0.4524,0.0695,0.2589,0.2539,0.2231,0.2196,-0.0067
Hmel218003o,13850001,13900000,13874986,49932,0.02,0.0185,0.0189,0.0218,0.0043,0.0134,0.0175,0.0174,0.0172,0.0191,0.0194,0.0235,0.0313,0.0182,0.0194,0.028,0.0281,0.0184,0.0236,0.0315,0.0179,0.0186,0.0288,0.0291,0.0231,0.0315,0.0187,0.0194,0.0293,0.0293,0.0313,0.0234,0.0242,0.0278,0.028,0.0306,0.0316,0.0315,0.0313,0.0172,0.0273,0.0276,0.0288,0.0288,0.0175,-0.0046,-0.002,0.0645,0.4576,0.0437,0.0171,0.2095,0.2147,-0.0083,0.0888,0.484,0.0586,0.0172,0.244,0.2519,0.0731,0.4787,0.0766,0.0334,0.2466,0.2489,0.4465,0.1647,0.1172,0.1885,0.1947,0.5676,0.5025,0.5046,0.5056,0.0546,0.2918,0.3003,0.2573,0.2605,0.0061
Hmel218003o,13875001,13925000,13900013,49927,0.0191,0.0168,0.0181,0.0215,0.0023,0.0114,0.0145,0.0148,0.0144,0.0179,0.0182,0.0245,0.0328,0.0182,0.0183,0.0252,0.0258,0.0171,0.024,0.0329,0.0201,0.019,0.0267,0.0272,0.0238,0.0329,0.0196,0.0187,0.0262,0.0266,0.0344,0.0248,0.0242,0.0269,0.0275,0.0325,0.0325,0.032,0.0317,0.0143,0.0216,0.0228,0.0238,0.0244,0.0151,-0.0025,-0.011,0.1033,0.5242,0.0956,0.0451,0.2052,0.2243,-0.0107,0.1279,0.5657,0.1853,0.1005,0.2683,0.2841,0.1033,0.5416,0.1493,0.07,0.2396,0.2535,0.5192,0.2312,0.1679,0.2135,0.2307,0.667,0.6041,0.5927,0.5983,0.0526,0.2578,0.2908,0.249,0.2675,0.0159
Hmel218003o,13900001,13950000,13924991,49953,0.0226,0.02,0.0203,0.0259,0.0029,0.0145,0.0169,0.0183,0.0177,0.0212,0.0211,0.0286,0.0348,0.0221,0.0213,0.0275,0.0274,0.02,0.0276,0.0347,0.0245,0.0223,0.0294,0.0292,0.0283,0.0351,0.0233,0.0214,0.0285,0.0288,0.0376,0.0295,0.0283,0.0316,0.0316,0.0355,0.0345,0.0338,0.0332,0.0175,0.0237,0.0243,0.0255,0.0256,0.0183,-0.0024,-0.0076,0.0921,0.4796,0.0931,0.0404,0.1553,0.1608,-0.004,0.1081,0.5198,0.182,0.1002,0.2222,0.2265,0.1168,0.5196,0.1542,0.0763,0.2036,0.2157,0.4814,0.2128,0.1608,0.1969,0.2042,0.6202,0.5696,0.5386,0.542,0.0576,0.1918,0.2133,0.1944,0.2047,0.0091
Hmel218003o,13925001,13975000,13949995,49936,0.0251,0.0246,0.0239,0.0276,0.0054,0.0225,0.0194,0.0226,0.0223,0.0251,0.0247,0.0297,0.0357,0.0257,0.0244,0.0315,0.0314,0.0239,0.0285,0.0357,0.0265,0.0249,0.0331,0.033,0.0299,0.0361,0.0264,0.0238,0.0328,0.0332,0.0364,0.031,0.0307,0.0351,0.035,0.0368,0.0361,0.0354,0.0354,0.0239,0.0315,0.0316,0.032,0.0319,0.0224,0.0044,0.0043,0.0682,0.4166,0.0408,0.0487,0.1462,0.1487,-0.0076,0.0519,0.4224,0.063,0.0657,0.1753,0.1777,0.0837,0.4374,0.0676,0.0508,0.1796,0.1885,0.413,0.1201,0.1525,0.18,0.1828,0.4658,0.5048,0.4478,0.4533,0.07,0.1749,0.1805,0.2175,0.2208,-0.0003
Hmel218003o,13950001,14000000,13974757,49107,0.0228,0.0251,0.0256,0.0266,0.0062,0.0224,0.0185,0.0228,0.0219,0.0248,0.0255,0.0294,0.0353,0.0279,0.0275,0.0327,0.0328,0.0254,0.0285,0.0355,0.0275,0.0277,0.0332,0.0334,0.0301,0.0359,0.0263,0.0252,0.0326,0.033,0.0366,0.0323,0.0326,0.0345,0.0349,0.0371,0.0374,0.0355,0.0358,0.0243,0.0325,0.0326,0.0318,0.0322,0.0222,0.0187,0.0268,0.0967,0.4331,0.1106,0.1503,0.1878,0.2003,0.001,0.0542,0.4032,0.0775,0.1255,0.1712,0.1839,0.077,0.4016,0.0478,0.0697,0.1553,0.1717,0.4166,0.1494,0.2019,0.1781,0.1946,0.4588,0.5191,0.4355,0.452,0.0912,0.1884,0.2019,0.2226,0.241,-0.0037
Hmel218003o,13975001,14025000,14000195,49134,0.0151,0.0171,0.0184,0.0198,0.0039,0.0144,0.0099,0.0159,0.0143,0.0166,0.0181,0.0219,0.026,0.0207,0.0236,0.0253,0.0254,0.0184,0.0216,0.0263,0.0204,0.0236,0.0255,0.0257,0.0233,0.0264,0.0184,0.0197,0.0236,0.0238,0.0283,0.0247,0.0268,0.0267,0.027,0.0261,0.0279,0.027,0.0275,0.0165,0.0218,0.0221,0.02,0.0202,0.0151,0.0155,0.0416,0.1284,0.4818,0.176,0.3212,0.2524,0.2789,0.0177,0.0897,0.4456,0.1346,0.2837,0.2249,0.2541,0.1062,0.4216,0.0591,0.1711,0.1677,0.1957,0.4463,0.201,0.3145,0.2135,0.2446,0.4977,0.6188,0.4808,0.5203,0.1588,0.1893,0.2245,0.2254,0.2638,0.0002
Hmel218003o,14000001,14050000,14024997,49970,0.0156,0.0159,0.0181,0.0172,0.0033,0.0127,0.0099,0.0122,0.0131,0.0158,0.0172,0.0192,0.0233,0.0181,0.0204,0.0224,0.023,0.0172,0.0189,0.0234,0.0189,0.0207,0.0234,0.0241,0.0201,0.0236,0.0177,0.0187,0.0217,0.0223,0.024,0.0211,0.022,0.024,0.0243,0.0225,0.0237,0.0237,0.0245,0.0156,0.0181,0.019,0.0178,0.0186,0.0127,0.0012,0.0097,0.0857,0.4364,0.1295,0.242,0.2448,0.2433,0.0071,0.0734,0.4339,0.146,0.2436,0.2613,0.2615,0.0645,0.3904,0.0736,0.1519,0.1872,0.1878,0.4355,0.186,0.2629,0.2588,0.2483,0.49,0.5792,0.522,0.5141,0.1674,0.1939,0.2003,0.2463,0.2492,0.0018
Hmel218003o,14025001,14075000,14049997,49925,0.0203,0.0206,0.0219,0.0204,0.0047,0.0166,0.0163,0.0148,0.0164,0.0206,0.0213,0.0236,0.028,0.0214,0.0217,0.0266,0.027,0.0215,0.0228,0.0281,0.0221,0.0219,0.0271,0.0275,0.0232,0.0289,0.0216,0.0219,0.0268,0.0272,0.0283,0.0243,0.0237,0.0269,0.0271,0.0279,0.028,0.0284,0.0288,0.02,0.0234,0.0239,0.0239,0.0244,0.0156,0.0033,0.0036,0.0771,0.3967,0.0787,0.0906,0.2158,0.2006,0.006,0.0552,0.3943,0.09,0.0917,0.2214,0.2055,0.0447,0.3827,0.0612,0.0731,0.1974,0.1818,0.4202,0.1487,0.1432,0.2273,0.2056,0.4612,0.4698,0.5043,0.4783,0.102,0.2075,0.1928,0.2231,0.2078,-0.0022
Hmel218003o,14050001,14100000,14075008,49955,0.0192,0.0197,0.0195,0.0213,0.005,0.0194,0.0174,0.0168,0.0168,0.0198,0.02,0.0245,0.0291,0.0206,0.0215,0.0283,0.0283,0.0196,0.0234,0.0295,0.0209,0.0216,0.0279,0.0279,0.0236,0.0301,0.0208,0.0213,0.0288,0.0287,0.0304,0.0246,0.0246,0.0288,0.0289,0.0291,0.0298,0.0296,0.0295,0.0216,0.0266,0.0265,0.0265,0.0264,0.0171,0.0111,0.0177,0.1035,0.429,0.0351,0.0864,0.2339,0.2344,0.002,0.0728,0.4264,0.0359,0.0815,0.2213,0.221,0.0797,0.4381,0.0357,0.0765,0.2398,0.2377,0.4298,0.1029,0.1338,0.2198,0.2203,0.4261,0.4706,0.4794,0.4768,0.0873,0.2014,0.2003,0.2283,0.2258,0.0103
Hmel218003o,14075001,14125000,14098665,47132,0.0173,0.0182,0.0175,0.0204,0.0043,0.018,0.0167,0.0171,0.0165,0.0181,0.0182,0.0222,0.0289,0.0191,0.02,0.0264,0.0262,0.0177,0.0215,0.0294,0.02,0.0206,0.0265,0.0262,0.0218,0.0295,0.0196,0.0199,0.0272,0.0268,0.0289,0.0225,0.0223,0.0272,0.0268,0.0276,0.029,0.0291,0.029,0.0198,0.0242,0.0241,0.0248,0.0249,0.0172,0.011,0.0244,0.0932,0.4707,0.0435,0.0853,0.2225,0.2258,-0.0056,0.0618,0.4614,0.052,0.0867,0.2108,0.2132,0.0799,0.4763,0.0532,0.0801,0.234,0.2355,0.436,0.0896,0.1052,0.1979,0.199,0.4403,0.4835,0.4782,0.4874,0.0703,0.1689,0.1741,0.2001,0.21,0.0114
Hmel218003o,14100001,14150000,14125150,47034,0.0199,0.0207,0.0198,0.0228,0.0056,0.019,0.0202,0.0202,0.02,0.0206,0.0204,0.0241,0.0321,0.0214,0.0222,0.0292,0.029,0.0199,0.0236,0.0321,0.0222,0.0228,0.0295,0.0294,0.0234,0.0323,0.0217,0.0222,0.0302,0.0302,0.0318,0.0244,0.0246,0.0299,0.0299,0.0305,0.0318,0.0319,0.0322,0.0208,0.0274,0.0271,0.0275,0.0276,0.02,0.0071,0.014,0.0696,0.4477,0.0521,0.0547,0.1951,0.1956,-0.0108,0.046,0.4348,0.0599,0.058,0.1901,0.191,0.0543,0.4513,0.0595,0.0562,0.2128,0.2157,0.416,0.089,0.0762,0.1731,0.1763,0.4419,0.4399,0.4387,0.447,0.0325,0.1754,0.1718,0.1616,0.1662,-0.0028
Hmel218003o,14125001,14175000,14150013,49872,0.0236,0.0248,0.0239,0.0268,0.0059,0.0248,0.0258,0.0253,0.0246,0.0243,0.0239,0.0287,0.0362,0.0264,0.0264,0.0347,0.0347,0.0238,0.0283,0.037,0.0275,0.0266,0.0355,0.0359,0.0284,0.0368,0.027,0.0265,0.0359,0.0361,0.0378,0.0312,0.0306,0.0372,0.0376,0.0368,0.037,0.0365,0.0365,0.0264,0.0338,0.0338,0.0341,0.0341,0.0252,0.0011,0.0039,0.0734,0.4366,0.0463,0.0366,0.1818,0.1894,-0.0119,0.0521,0.4296,0.0541,0.0264,0.1819,0.194,0.0651,0.4405,0.054,0.0349,0.1968,0.2072,0.4317,0.1015,0.0814,0.1857,0.1981,0.4269,0.4175,0.4177,0.427,0.0221,0.1566,0.1641,0.1521,0.1587,0.0049
Hmel218003o,14150001,14200000,14174995,49907,0.0206,0.0228,0.0217,0.0244,0.005,0.0218,0.0221,0.0217,0.0212,0.0221,0.0213,0.0261,0.0314,0.0232,0.0234,0.0291,0.0293,0.0219,0.026,0.0327,0.025,0.0242,0.0308,0.0312,0.0258,0.0324,0.0243,0.024,0.0306,0.0307,0.0331,0.0279,0.0273,0.0316,0.0318,0.0318,0.0322,0.0315,0.0317,0.0232,0.0279,0.0285,0.028,0.0284,0.0216,0.0088,0.0046,0.0855,0.4367,0.0478,0.0485,0.1669,0.1772,-0.0087,0.0537,0.4185,0.0597,0.0395,0.1697,0.1824,0.0643,0.4312,0.058,0.049,0.1784,0.1865,0.4211,0.1028,0.0875,0.166,0.176,0.4217,0.4225,0.4197,0.4297,0.0299,0.1305,0.1469,0.1298,0.1421,0.0044
Hmel218003o,14175001,14225000,14200011,49930,0.015,0.0166,0.0153,0.0216,0.0033,0.0119,0.0123,0.0125,0.0134,0.0162,0.0159,0.0207,0.0225,0.0151,0.0157,0.0211,0.0218,0.0164,0.0212,0.0229,0.0167,0.0172,0.0226,0.0233,0.0209,0.0229,0.017,0.0176,0.0235,0.0241,0.0256,0.0204,0.0202,0.0244,0.0247,0.0222,0.0227,0.0242,0.0246,0.0136,0.0192,0.0199,0.0195,0.0203,0.0128,0.0132,0.0281,0.0816,0.4388,0.0632,0.074,0.2222,0.2216,0.0155,0.0661,0.4101,0.0851,0.092,0.2274,0.228,0.0816,0.4388,0.1188,0.128,0.269,0.2664,0.3881,0.1272,0.1155,0.202,0.1929,0.5077,0.5049,0.5239,0.5083,0.0617,0.2333,0.2327,0.2338,0.2357,-0.0085
Hmel218003o,14200001,14250000,14225001,49993,0.0113,0.0119,0.011,0.0205,0.0018,0.0074,0.0082,0.0075,0.0089,0.0116,0.0118,0.017,0.016,0.0106,0.0109,0.0226,0.0231,0.0119,0.018,0.016,0.0112,0.0116,0.0234,0.0241,0.0184,0.016,0.012,0.012,0.0241,0.0247,0.021,0.0172,0.0172,0.0261,0.0264,0.0156,0.0163,0.0243,0.0244,0.0093,0.021,0.0214,0.0219,0.0224,0.0079,0.0011,0.0302,0.0657,0.4355,0.0695,0.0619,0.4287,0.4087,0.0206,0.0825,0.4183,0.0818,0.0801,0.4316,0.4136,0.1072,0.4451,0.1409,0.1191,0.4604,0.441,0.358,0.1491,0.1339,0.3357,0.3153,0.5633,0.5508,0.6943,0.6579,0.093,0.4936,0.4665,0.4895,0.4657,-0.0187
Hmel218003o,14225001,14275000,14249963,49826,0.0159,0.0158,0.016,0.0213,0.0033,0.0143,0.0148,0.0142,0.0145,0.016,0.0164,0.0207,0.0227,0.0164,0.0166,0.0292,0.0292,0.0154,0.0211,0.0226,0.0164,0.0162,0.03,0.0298,0.0213,0.0232,0.0166,0.0164,0.0299,0.0297,0.0254,0.0214,0.0213,0.0307,0.0306,0.021,0.0225,0.0296,0.0296,0.0161,0.0284,0.0282,0.0293,0.0291,0.0145,0.0038,0.0168,0.0704,0.4224,0.0435,0.0416,0.3348,0.3299,-0.0175,0.0809,0.4197,0.0432,0.0284,0.3471,0.34,0.0819,0.4285,0.048,0.0353,0.344,0.3359,0.3895,0.1137,0.1026,0.2879,0.2821,0.4251,0.4418,0.5596,0.5542,0.0544,0.3462,0.3388,0.353,0.3452,0.0053
Hmel218003o,14250001,14300000,14275050,49825,0.0236,0.0236,0.0244,0.0255,0.0045,0.0213,0.022,0.0224,0.0225,0.0235,0.0246,0.028,0.035,0.0242,0.0243,0.0319,0.032,0.0238,0.0277,0.0354,0.0247,0.0242,0.0334,0.0333,0.0284,0.0365,0.0249,0.0252,0.0335,0.0332,0.0363,0.0284,0.0288,0.0342,0.034,0.0332,0.035,0.0336,0.0338,0.024,0.0314,0.0313,0.0328,0.0328,0.0228,-0.0014,0.013,0.0718,0.4441,0.0396,0.0334,0.1711,0.1714,-0.0049,0.0676,0.4488,0.0519,0.0324,0.1948,0.1909,0.0693,0.4491,0.0454,0.0446,0.1868,0.1814,0.4508,0.11,0.106,0.188,0.1837,0.4577,0.4677,0.444,0.4444,0.0545,0.189,0.1859,0.2021,0.201,0.0064
Hmel218003o,14275001,14325000,14300000,49997,0.0234,0.0239,0.0242,0.0274,0.0044,0.0185,0.0218,0.0214,0.0223,0.0235,0.0241,0.0275,0.0347,0.0241,0.025,0.0308,0.0312,0.0243,0.0275,0.0352,0.0252,0.0259,0.0329,0.0331,0.0286,0.0354,0.0246,0.0254,0.0315,0.0319,0.0367,0.0293,0.0301,0.0345,0.0346,0.0341,0.0358,0.0342,0.0353,0.0227,0.0287,0.0288,0.0307,0.031,0.0218,-0.0036,0.007,0.0486,0.4429,0.0751,0.0538,0.166,0.1638,0.005,0.0427,0.4414,0.0922,0.0673,0.1941,0.1876,0.0589,0.4391,0.0759,0.0524,0.1686,0.1655,0.4327,0.1424,0.1156,0.1873,0.1787,0.5131,0.4798,0.4669,0.467,0.0635,0.1897,0.1802,0.1846,0.1789,-0.0003
Hmel218003o,14300001,14350000,14324987,49906,0.0186,0.0186,0.0166,0.0218,0.0028,0.0134,0.0169,0.0154,0.0148,0.0187,0.018,0.0268,0.0338,0.028,0.0277,0.0317,0.0315,0.0178,0.0263,0.0337,0.0289,0.029,0.033,0.0329,0.0277,0.0335,0.028,0.0273,0.0318,0.0316,0.0337,0.0295,0.0306,0.032,0.032,0.033,0.0344,0.033,0.0341,0.0171,0.019,0.0182,0.0214,0.0205,0.0152,0.0049,0.0112,0.1531,0.5363,0.2862,0.2297,0.3162,0.321,0.005,0.1422,0.5345,0.3011,0.2519,0.3348,0.3411,0.196,0.5669,0.3157,0.2502,0.3444,0.3507,0.4991,0.2745,0.2398,0.2825,0.2919,0.6207,0.5701,0.584,0.605,0.0642,0.1458,0.1342,0.148,0.136,0.0027
Hmel218003o,14325001,14375000,14349850,48672,0.0113,0.0098,0.0077,0.0196,0.0015,0.0068,0.008,0.0086,0.0078,0.0115,0.0105,0.0235,0.0276,0.0196,0.02,0.0225,0.0224,0.0088,0.0228,0.0279,0.0218,0.022,0.0241,0.0242,0.0235,0.0279,0.0214,0.0212,0.024,0.0239,0.0306,0.0244,0.0257,0.0259,0.026,0.0264,0.0275,0.0266,0.0269,0.009,0.0107,0.0098,0.0119,0.011,0.0084,0.0443,0.0517,0.231,0.6371,0.3824,0.3636,0.4013,0.4166,0.0027,0.245,0.6764,0.4635,0.4388,0.463,0.4826,0.2992,0.7293,0.5102,0.4757,0.5083,0.5259,0.5218,0.3327,0.3328,0.325,0.3415,0.7416,0.718,0.695,0.7178,0.1032,0.1727,0.1537,0.1875,0.1707,0.014
Hmel218003o,14350001,14400000,14375441,48740,0.0079,0.006,0.0057,0.021,0.002,0.0061,0.0039,0.008,0.0077,0.0081,0.008,0.0187,0.0227,0.0091,0.0109,0.0133,0.0133,0.0056,0.0184,0.0234,0.012,0.0135,0.0155,0.0154,0.0183,0.0234,0.0118,0.0131,0.0154,0.0153,0.0286,0.0198,0.0205,0.0219,0.0217,0.0218,0.0224,0.022,0.0223,0.0068,0.0104,0.01,0.0101,0.01,0.008,0.0809,0.0861,0.1712,0.6567,0.1376,0.3116,0.2676,0.2751,-0.0247,0.1998,0.7187,0.3424,0.4783,0.3936,0.4007,0.2047,0.729,0.3473,0.4806,0.3997,0.4077,0.4649,0.2321,0.2927,0.2405,0.2422,0.6988,0.7783,0.6447,0.6574,0.161,0.2018,0.195,0.2709,0.2797,0.0134
Hmel218003o,14375001,14425000,14399997,49961,0.0098,0.0094,0.0097,0.0197,0.003,0.0097,0.0083,0.0124,0.0129,0.0102,0.0102,0.0188,0.0263,0.0127,0.0134,0.0199,0.02,0.0093,0.0184,0.027,0.0144,0.0148,0.0215,0.0218,0.0184,0.0269,0.0137,0.0141,0.021,0.0211,0.0292,0.0209,0.0205,0.0248,0.025,0.025,0.0263,0.0263,0.0264,0.0113,0.0159,0.0159,0.0175,0.0178,0.0125,0.0317,0.0259,0.1536,0.6231,0.1382,0.2062,0.298,0.2893,-0.017,0.1517,0.6403,0.2123,0.2632,0.3409,0.3356,0.1458,0.633,0.1805,0.2344,0.3251,0.3176,0.4748,0.2052,0.2255,0.2379,0.232,0.6095,0.6609,0.5631,0.5526,0.1228,0.1898,0.1775,0.27,0.2652,-0.0083
Hmel218003o,14400001,14450000,14424993,49765,0.019,0.0202,0.0201,0.0228,0.0046,0.0208,0.0162,0.019,0.0198,0.0198,0.0201,0.0249,0.035,0.0236,0.0217,0.0335,0.0334,0.0201,0.025,0.0357,0.0248,0.0231,0.0346,0.0347,0.0247,0.0357,0.0238,0.0226,0.0345,0.0345,0.0351,0.0282,0.0266,0.0339,0.034,0.0349,0.0359,0.0355,0.035,0.0223,0.0312,0.0311,0.0326,0.0326,0.0188,0.0055,0.0142,0.0996,0.5121,0.0894,0.111,0.2902,0.278,-0.0031,0.0835,0.4996,0.0998,0.1245,0.2905,0.281,0.0795,0.5009,0.08,0.1141,0.2896,0.2793,0.4709,0.1368,0.1728,0.2524,0.2423,0.4819,0.5659,0.5175,0.4983,0.0988,0.2337,0.2208,0.3121,0.3008,-0.0177
Hmel218003o,14425001,14475000,14450084,49640,0.0234,0.0244,0.0247,0.0276,0.005,0.0244,0.0205,0.0232,0.0222,0.0241,0.0248,0.0291,0.0407,0.0267,0.025,0.0391,0.0391,0.0245,0.0294,0.0411,0.0276,0.0261,0.0396,0.0394,0.0294,0.042,0.0278,0.0267,0.0398,0.0399,0.0419,0.0321,0.0312,0.0397,0.0393,0.0417,0.0414,0.0399,0.0397,0.0257,0.0389,0.0384,0.038,0.0377,0.0225,0.0052,0.0163,0.0773,0.5,0.0584,0.0696,0.2656,0.2769,-0.0012,0.0695,0.4905,0.0647,0.0805,0.2614,0.2699,0.0659,0.4937,0.0653,0.0882,0.2612,0.2721,0.4738,0.1139,0.146,0.2333,0.2402,0.4945,0.5457,0.4942,0.507,0.0703,0.2522,0.2572,0.2823,0.2906,-0.0035
Hmel218003o,14450001,14500000,14475024,49463,0.0198,0.0207,0.0202,0.0249,0.005,0.0185,0.0202,0.0223,0.0218,0.0205,0.0205,0.0253,0.0385,0.0218,0.0214,0.0342,0.0339,0.0206,0.0256,0.0394,0.023,0.0217,0.0351,0.0345,0.0259,0.0401,0.0224,0.0218,0.0345,0.0343,0.0396,0.0281,0.0273,0.0361,0.0357,0.0393,0.0392,0.0378,0.0379,0.0211,0.033,0.0324,0.0329,0.0325,0.0222,0.0069,0.0142,0.0763,0.5298,0.0687,0.0349,0.2509,0.2528,0.0052,0.0705,0.5252,0.0853,0.0321,0.2525,0.25,0.0831,0.5382,0.0787,0.0412,0.25,0.2529,0.4844,0.1458,0.1086,0.2211,0.2214,0.5571,0.5298,0.4862,0.4943,0.0466,0.2483,0.246,0.2261,0.2261,0.0045
Hmel218003o,14475001,14525000,14500162,49550,0.0206,0.0239,0.0211,0.0235,0.0049,0.0216,0.0211,0.0212,0.0221,0.0234,0.0217,0.0264,0.038,0.025,0.0246,0.0347,0.0343,0.023,0.0268,0.0384,0.0269,0.0254,0.0351,0.0347,0.0278,0.0388,0.0251,0.0246,0.0355,0.0355,0.0376,0.0293,0.0287,0.0348,0.0344,0.0376,0.0385,0.0381,0.038,0.0242,0.0321,0.0319,0.0328,0.033,0.0212,0.0275,0.0216,0.0986,0.5137,0.0899,0.0891,0.2604,0.2458,0.0118,0.0613,0.4697,0.0874,0.064,0.2281,0.2131,0.1175,0.514,0.0836,0.081,0.2658,0.255,0.4829,0.1371,0.1352,0.2285,0.2126,0.494,0.5122,0.506,0.493,0.0662,0.21,0.1976,0.2269,0.221,-0.0117
Hmel218003o,14500001,14550000,14524923,49700,0.0212,0.0245,0.0222,0.0244,0.0051,0.0237,0.0202,0.0243,0.0245,0.0241,0.0224,0.0288,0.0383,0.0258,0.0248,0.0382,0.0382,0.0236,0.0284,0.0377,0.027,0.0254,0.038,0.0382,0.0292,0.0385,0.0264,0.0252,0.0386,0.0388,0.0366,0.0309,0.0304,0.0365,0.0363,0.0378,0.0385,0.0385,0.0385,0.0254,0.0362,0.0361,0.0368,0.0369,0.0239,0.0281,0.0165,0.1275,0.5054,0.0738,0.0957,0.267,0.2646,0.0063,0.0781,0.4518,0.0598,0.0671,0.2297,0.2303,0.1203,0.4924,0.0745,0.0902,0.2609,0.2611,0.4584,0.1299,0.1667,0.2071,0.2023,0.4638,0.5218,0.4637,0.4612,0.076,0.2128,0.2103,0.2595,0.2583,-0.0103
Hmel218003o,14525001,14575000,14550030,49753,0.0163,0.0178,0.0173,0.0222,0.0043,0.019,0.0151,0.0202,0.0215,0.0174,0.017,0.0249,0.0315,0.0197,0.0184,0.0326,0.0326,0.0173,0.0236,0.0308,0.0201,0.019,0.0329,0.0329,0.0241,0.0315,0.0205,0.0195,0.033,0.0331,0.0301,0.0261,0.0261,0.0319,0.0323,0.0316,0.0327,0.0318,0.0324,0.019,0.0312,0.0312,0.0329,0.0323,0.0206,0.0102,0.0054,0.1464,0.5236,0.0602,0.0861,0.2961,0.2794,-0.0089,0.0963,0.4878,0.0468,0.0769,0.2803,0.2649,0.1137,0.505,0.0644,0.0971,0.2885,0.2734,0.4248,0.1301,0.1867,0.2121,0.2013,0.4776,0.5578,0.4596,0.4467,0.0572,0.2403,0.2242,0.3161,0.29,-0.007
Hmel218003o,14550001,14600000,14574988,49956,0.0181,0.0187,0.0198,0.0217,0.0042,0.0186,0.0175,0.0179,0.0195,0.0185,0.0194,0.0236,0.0292,0.0199,0.0197,0.0297,0.0297,0.0189,0.0225,0.0294,0.0201,0.0198,0.0299,0.03,0.0231,0.0295,0.0212,0.0211,0.0307,0.0307,0.0284,0.0245,0.0244,0.0285,0.029,0.0291,0.0305,0.0307,0.0313,0.0192,0.0282,0.028,0.0301,0.0299,0.0183,0.0021,0.0116,0.098,0.4634,0.0423,0.0526,0.2584,0.2367,-0.0096,0.0637,0.4555,0.0394,0.0478,0.2533,0.2326,0.0617,0.4393,0.0515,0.0647,0.2516,0.2312,0.4128,0.1093,0.124,0.1951,0.1797,0.4539,0.4916,0.4882,0.4676,0.0319,0.2252,0.2011,0.273,0.2477,-0.0099
Hmel218003o,14575001,14625000,14600010,49955,0.0219,0.0209,0.0234,0.0251,0.0056,0.0194,0.0207,0.0202,0.021,0.0221,0.0237,0.026,0.0321,0.0222,0.0232,0.0311,0.0312,0.022,0.0247,0.0324,0.022,0.0221,0.0317,0.0322,0.0255,0.0326,0.0236,0.0238,0.0322,0.0325,0.0317,0.0259,0.026,0.0306,0.0304,0.0317,0.0324,0.0334,0.0341,0.0215,0.0304,0.0303,0.0313,0.0319,0.0203,0.0159,0.0231,0.0585,0.4149,0.0376,0.0455,0.2026,0.1958,-0.0029,0.0464,0.4352,0.0467,0.0329,0.2241,0.222,0.0312,0.4,0.0519,0.0422,0.2028,0.1992,0.3863,0.0914,0.0768,0.1633,0.1513,0.4514,0.4383,0.4581,0.4555,0.0375,0.2221,0.2115,0.2213,0.2206,-0.0069
Hmel218003o,14600001,14650000,14624822,49630,0.0221,0.0219,0.0233,0.0255,0.0062,0.0205,0.0205,0.0223,0.0221,0.0232,0.0234,0.0266,0.0333,0.0231,0.0241,0.0306,0.0312,0.0224,0.0254,0.033,0.0233,0.0234,0.0317,0.033,0.0267,0.0334,0.0237,0.0239,0.0322,0.0332,0.0328,0.0269,0.0278,0.0314,0.0316,0.033,0.033,0.0331,0.034,0.0221,0.0302,0.0307,0.0306,0.0316,0.0219,0.0284,0.0155,0.0644,0.4187,0.0428,0.0655,0.1675,0.1799,-0.0064,0.0446,0.4172,0.0486,0.0527,0.1883,0.2097,0.0511,0.4013,0.0405,0.046,0.1794,0.1975,0.3854,0.0922,0.1074,0.1463,0.1522,0.4396,0.4396,0.4139,0.4269,0.0398,0.1807,0.1904,0.1864,0.2042,-0.0074
Hmel218003o,14625001,14675000,14649992,49552,0.0239,0.0244,0.0246,0.0238,0.005,0.0212,0.0215,0.0242,0.0245,0.0253,0.025,0.0268,0.0334,0.0244,0.0253,0.0335,0.0337,0.0242,0.0254,0.0331,0.0251,0.025,0.0336,0.0342,0.0263,0.0332,0.0247,0.0247,0.0347,0.0348,0.031,0.0266,0.027,0.0315,0.0315,0.0331,0.0326,0.0345,0.0349,0.0237,0.0322,0.0322,0.0324,0.0331,0.024,0.0236,0.0163,0.0608,0.4116,0.0422,0.0573,0.1726,0.1731,-0.006,0.026,0.399,0.0511,0.0448,0.1691,0.1752,0.0427,0.3989,0.0402,0.0378,0.1837,0.1829,0.4032,0.093,0.0968,0.1393,0.1368,0.4489,0.4371,0.4209,0.4209,0.0565,0.1829,0.1791,0.1816,0.1897,-0.0071
Hmel218003o,14650001,14700000,14675019,49900,0.0215,0.0225,0.0231,0.0229,0.0049,0.0208,0.0206,0.024,0.0247,0.0229,0.0234,0.0263,0.0346,0.0233,0.023,0.0349,0.0355,0.0229,0.0247,0.0344,0.024,0.0235,0.0346,0.0354,0.0258,0.034,0.0235,0.0234,0.0354,0.0358,0.0324,0.0257,0.0259,0.033,0.0334,0.0335,0.0338,0.035,0.0353,0.0231,0.0336,0.0342,0.0336,0.0345,0.0241,0.0212,0.0262,0.0921,0.464,0.0521,0.0477,0.2213,0.2228,0.0016,0.0443,0.4476,0.0549,0.0455,0.2065,0.2109,0.0602,0.4329,0.0356,0.0358,0.2114,0.2099,0.4347,0.089,0.0955,0.1738,0.1711,0.4626,0.468,0.4319,0.4247,0.0586,0.2102,0.211,0.2125,0.2172,-0.006
Hmel218003o,14675001,14725000,14699538,48889,0.0196,0.0207,0.0217,0.0221,0.0054,0.0212,0.0185,0.0226,0.0226,0.0207,0.0215,0.0261,0.0335,0.0226,0.0211,0.0333,0.0339,0.0216,0.025,0.0343,0.0236,0.0222,0.0337,0.0346,0.0261,0.0333,0.0229,0.0219,0.034,0.0345,0.0338,0.0269,0.0264,0.0331,0.0335,0.0326,0.0332,0.0341,0.0341,0.0215,0.0326,0.0333,0.0326,0.0329,0.0225,0.0131,0.0223,0.1216,0.4731,0.0554,0.0549,0.2356,0.245,0.0098,0.0835,0.4652,0.0634,0.067,0.2279,0.2412,0.0919,0.438,0.0333,0.0446,0.2214,0.2293,0.455,0.1152,0.1431,0.2,0.2071,0.4365,0.4884,0.4348,0.435,0.0437,0.2073,0.2173,0.2392,0.2441,-0.0027
Hmel218003o,14700001,14750000,14725083,48892,0.0229,0.0213,0.0233,0.0224,0.0048,0.0193,0.0172,0.02,0.0206,0.0222,0.0235,0.0264,0.0344,0.0245,0.0229,0.0316,0.032,0.022,0.0249,0.0348,0.0239,0.0219,0.0318,0.0324,0.0258,0.035,0.0237,0.0229,0.0327,0.033,0.0348,0.0276,0.0263,0.0319,0.032,0.0338,0.0341,0.0351,0.0358,0.0208,0.0316,0.032,0.0309,0.0312,0.0208,0.0012,0.0093,0.0772,0.4404,0.078,0.0692,0.2003,0.1994,-0.0073,0.0705,0.4698,0.087,0.0673,0.2231,0.2253,0.0607,0.4427,0.057,0.0637,0.2148,0.2114,0.4683,0.1491,0.1566,0.2118,0.2062,0.4895,0.5273,0.4934,0.4913,0.0687,0.2442,0.243,0.261,0.2572,0.0129
Hmel218003o,14725001,14775000,14749876,49616,0.0244,0.0226,0.0242,0.0217,0.0045,0.0164,0.0191,0.019,0.0199,0.0231,0.0248,0.0264,0.0351,0.0242,0.0238,0.029,0.0302,0.0228,0.0245,0.0347,0.0234,0.0226,0.0299,0.0308,0.0249,0.0357,0.0233,0.0238,0.0309,0.0316,0.0348,0.0268,0.0262,0.031,0.0312,0.0348,0.0354,0.0349,0.0357,0.0197,0.0276,0.0287,0.0281,0.0293,0.0196,-0.0097,0.0117,0.0649,0.4338,0.0901,0.0467,0.1535,0.1618,-0.0144,0.0505,0.4549,0.0963,0.0426,0.1897,0.1925,0.0379,0.4438,0.0737,0.0502,0.1877,0.1882,0.4843,0.1864,0.1338,0.2201,0.2102,0.5552,0.5163,0.5136,0.5075,0.0548,0.2304,0.2373,0.2014,0.2111,0.0036
Hmel218003o,14750001,14800000,14775058,49632,0.022,0.0227,0.0221,0.0202,0.0041,0.016,0.0196,0.019,0.0195,0.0216,0.0223,0.0248,0.0332,0.0216,0.0221,0.0275,0.029,0.0217,0.024,0.0334,0.0222,0.0227,0.0288,0.0298,0.0239,0.0341,0.0215,0.0227,0.0293,0.0304,0.0325,0.0249,0.0251,0.0288,0.0288,0.0324,0.0337,0.0326,0.0334,0.0192,0.0252,0.0263,0.0268,0.0282,0.0185,-0.0169,0.0065,0.0808,0.4532,0.0679,0.0334,0.1553,0.1749,-0.0155,0.0521,0.4437,0.0742,0.0375,0.1688,0.1807,0.0596,0.462,0.0656,0.0454,0.1863,0.1984,0.4871,0.1723,0.1209,0.2,0.1922,0.5434,0.496,0.4942,0.4953,0.0415,0.1898,0.2047,0.1714,0.1915,-0.0194
Hmel218003o,14775001,14825000,14800000,49996,0.0198,0.0207,0.0195,0.0198,0.0047,0.017,0.0186,0.0181,0.0187,0.0197,0.0195,0.0228,0.0303,0.0198,0.02,0.0262,0.0274,0.0196,0.0226,0.0304,0.0204,0.0207,0.0266,0.0281,0.0227,0.0308,0.02,0.0206,0.0273,0.0288,0.0291,0.0227,0.0236,0.0256,0.026,0.0292,0.0306,0.0293,0.0304,0.0192,0.0252,0.0264,0.0269,0.0283,0.0177,-0.0147,-0.0026,0.0733,0.4413,0.0398,0.0232,0.1697,0.1843,-0.0139,0.0554,0.4269,0.0416,0.0265,0.1649,0.1846,0.0767,0.4525,0.0484,0.0426,0.1957,0.2141,0.4411,0.1153,0.1095,0.1586,0.1561,0.4741,0.4651,0.4564,0.4611,0.04,0.1887,0.2036,0.1998,0.2168,-0.0213
Hmel218003o,14800001,14850000,14824939,49814,0.0163,0.0188,0.0161,0.0192,0.0049,0.016,0.0186,0.0171,0.0173,0.0172,0.0164,0.0233,0.0263,0.0183,0.0184,0.0277,0.0285,0.0173,0.0226,0.0273,0.0191,0.0193,0.0273,0.0282,0.0229,0.0268,0.019,0.0186,0.0282,0.0291,0.0283,0.0232,0.0238,0.0264,0.0267,0.0265,0.0272,0.0279,0.0285,0.0182,0.0258,0.0268,0.027,0.0279,0.0172,-0.0092,0.0068,0.1488,0.4412,0.0678,0.0282,0.2598,0.2701,-0.0033,0.0927,0.4101,0.0511,0.0169,0.2185,0.2314,0.1415,0.4521,0.0883,0.0384,0.2721,0.2831,0.4357,0.1513,0.1216,0.197,0.1993,0.451,0.4123,0.4496,0.4532,0.029,0.2312,0.2457,0.2163,0.2274,0.0002
Hmel218003o,14825001,14875000,14850025,49800,0.0201,0.0226,0.0197,0.0238,0.0058,0.0197,0.0212,0.0189,0.0184,0.021,0.0203,0.0283,0.0346,0.0224,0.0229,0.0334,0.0341,0.0209,0.0272,0.0358,0.0234,0.0237,0.0335,0.0338,0.028,0.0348,0.023,0.0229,0.0337,0.0342,0.0377,0.0294,0.0304,0.0341,0.0343,0.0348,0.0344,0.0357,0.0359,0.0222,0.0306,0.0311,0.0314,0.0317,0.0191,-0.0098,0.0098,0.1378,0.4716,0.0622,0.0547,0.2753,0.2909,-0.0059,0.0855,0.4481,0.0536,0.0428,0.2459,0.2575,0.1387,0.4804,0.0818,0.0607,0.2848,0.2983,0.4674,0.1623,0.1594,0.2443,0.2541,0.4797,0.4535,0.5019,0.5123,0.0428,0.237,0.2511,0.2311,0.2433,0.0107
Hmel218003o,14850001,14900000,14875000,49498,0.0243,0.0245,0.0247,0.0243,0.0062,0.0222,0.0217,0.0191,0.0183,0.024,0.0241,0.0275,0.039,0.0251,0.025,0.0325,0.0328,0.0238,0.0264,0.039,0.0252,0.025,0.0326,0.0329,0.0275,0.0389,0.0253,0.0254,0.0331,0.0335,0.0385,0.0291,0.0294,0.0337,0.0341,0.0385,0.0385,0.0384,0.039,0.0246,0.0308,0.031,0.0318,0.0322,0.0187,-0.0093,-0.0082,0.0633,0.4524,0.0399,0.0443,0.209,0.2243,-0.0175,0.0402,0.45,0.0412,0.0429,0.2096,0.2236,0.0599,0.4469,0.0408,0.0477,0.2139,0.2295,0.4628,0.1202,0.1313,0.2325,0.249,0.4759,0.4833,0.5195,0.538,0.0597,0.2067,0.2211,0.2303,0.2465,0.0007
Hmel218003o,14875001,14925000,14900243,49513,0.0217,0.0224,0.0234,0.0234,0.0055,0.0203,0.0207,0.0174,0.0183,0.0215,0.022,0.0248,0.0345,0.0238,0.0221,0.0292,0.0297,0.0224,0.024,0.0347,0.0238,0.0224,0.0293,0.0298,0.0255,0.0351,0.0248,0.0235,0.0308,0.0311,0.0344,0.0268,0.0252,0.0296,0.0301,0.0348,0.0352,0.0352,0.0359,0.023,0.0281,0.0288,0.0287,0.0293,0.0175,-0.0133,-0.0115,0.0533,0.4501,0.0675,0.0214,0.2095,0.2059,-0.01,0.0261,0.4425,0.0583,0.0198,0.2017,0.1985,0.0449,0.4328,0.068,0.0338,0.2144,0.2087,0.4415,0.1122,0.075,0.2022,0.1971,0.4749,0.4733,0.5253,0.5179,0.0623,0.2093,0.2089,0.2135,0.2112,-0.0111
Hmel218003o,14900001,14950000,14925000,49998,0.0206,0.0209,0.0208,0.0235,0.0052,0.019,0.0205,0.0157,0.0173,0.0209,0.0221,0.0274,0.0346,0.0238,0.0236,0.0293,0.03,0.0212,0.0267,0.0346,0.0236,0.0236,0.0302,0.0309,0.0274,0.035,0.0242,0.0247,0.0308,0.0314,0.035,0.0279,0.0277,0.0295,0.03,0.0343,0.0358,0.0356,0.0359,0.0218,0.0263,0.0272,0.026,0.0267,0.0162,0.0037,0.035,0.1177,0.4738,0.098,0.0725,0.2468,0.2384,0.0099,0.1017,0.4689,0.088,0.0695,0.2575,0.2482,0.1149,0.4752,0.1041,0.095,0.2692,0.2572,0.452,0.1496,0.1248,0.2223,0.2077,0.4943,0.4877,0.5633,0.5398,0.0526,0.2153,0.2105,0.1877,0.1799,-0.0091
Hmel218003o,14925001,14975000,14948108,45156,0.0195,0.0192,0.0181,0.0216,0.0043,0.0153,0.0196,0.0155,0.016,0.0198,0.0207,0.0275,0.0325,0.0215,0.0229,0.0293,0.0296,0.0192,0.0269,0.0317,0.0209,0.0224,0.0298,0.03,0.0264,0.032,0.0208,0.023,0.03,0.03,0.0331,0.0271,0.0276,0.0289,0.0292,0.0319,0.0331,0.0333,0.0336,0.02,0.0271,0.0275,0.0263,0.0264,0.0156,0.0122,0.0514,0.1542,0.48,0.1115,0.0841,0.2653,0.2633,0.0153,0.1482,0.476,0.1017,0.0759,0.277,0.2729,0.1538,0.4977,0.1159,0.1057,0.2951,0.2894,0.4694,0.2098,0.1548,0.2369,0.2339,0.5471,0.4861,0.5584,0.5521,0.0725,0.2891,0.2882,0.21,0.2044,-0.0057
Hmel218003o,14950001,15000000,14975589,43772,0.0156,0.0167,0.0155,0.0195,0.0032,0.0116,0.0155,0.0135,0.0146,0.016,0.0161,0.025,0.0264,0.0171,0.0171,0.0271,0.0273,0.0162,0.0241,0.0262,0.0168,0.0171,0.0264,0.0263,0.0239,0.026,0.0166,0.017,0.0268,0.0268,0.0293,0.0243,0.0244,0.0251,0.0254,0.0264,0.0265,0.0282,0.0285,0.0156,0.0251,0.0252,0.0268,0.0269,0.0138,-0.0057,0.0185,0.1909,0.4929,0.1194,0.0503,0.3169,0.3011,0.0052,0.1541,0.4665,0.0912,0.0303,0.285,0.2664,0.1713,0.4884,0.1087,0.0492,0.3119,0.2947,0.477,0.243,0.1803,0.2281,0.2139,0.5785,0.4949,0.5602,0.5413,0.074,0.3484,0.3299,0.3111,0.2948,-0.0081
Hmel218003o,14975001,15025000,15000505,48586,0.018,0.0174,0.018,0.0221,0.0032,0.0157,0.0159,0.016,0.017,0.0182,0.0184,0.027,0.0302,0.0191,0.0187,0.0291,0.0295,0.0175,0.0254,0.0309,0.0193,0.0187,0.029,0.0295,0.0256,0.0305,0.0187,0.0181,0.0288,0.0292,0.0327,0.026,0.0261,0.028,0.0283,0.0302,0.0307,0.0316,0.0319,0.0173,0.0267,0.027,0.0285,0.029,0.0163,0.0143,0.011,0.1614,0.4956,0.066,0.0518,0.2745,0.2679,-0.0052,0.1396,0.5162,0.0824,0.061,0.2826,0.2773,0.1343,0.5001,0.054,0.0344,0.2701,0.2634,0.4769,0.1755,0.1764,0.2079,0.199,0.5383,0.5421,0.5506,0.5354,0.0469,0.2666,0.2573,0.2966,0.2902,-0.0069
Hmel218003o,15000001,15050000,15025007,49962,0.0217,0.0194,0.02,0.0267,0.0038,0.0194,0.0194,0.0199,0.0198,0.0206,0.0211,0.028,0.0386,0.022,0.022,0.0341,0.0339,0.0198,0.0272,0.0387,0.0223,0.0211,0.0348,0.0348,0.0271,0.0389,0.0214,0.0211,0.034,0.0336,0.0386,0.0286,0.028,0.0349,0.0345,0.0389,0.0385,0.0374,0.0372,0.0212,0.0332,0.0329,0.0329,0.033,0.0195,0.002,0.006,0.085,0.5189,0.0368,0.0352,0.2534,0.2526,0.002,0.1009,0.5546,0.073,0.0449,0.2915,0.2921,0.0898,0.5475,0.0428,0.0348,0.2721,0.2689,0.4693,0.1258,0.1139,0.2169,0.2128,0.5567,0.5526,0.5348,0.5342,0.047,0.2683,0.2649,0.2631,0.2662,-0.0102
Hmel218003o,15025001,15075000,15049460,48876,0.0169,0.016,0.0159,0.0234,0.0038,0.0192,0.0198,0.0161,0.0158,0.0162,0.0165,0.0238,0.0359,0.023,0.0201,0.0375,0.037,0.0162,0.0236,0.0354,0.0226,0.0195,0.0376,0.0371,0.0236,0.0365,0.0226,0.0203,0.037,0.0365,0.0364,0.0279,0.026,0.0365,0.0358,0.0365,0.0356,0.037,0.0366,0.0211,0.0296,0.029,0.0324,0.0322,0.0156,-0.0079,0.0031,0.1014,0.5686,0.128,0.0488,0.4048,0.4023,0.0101,0.1107,0.5783,0.1319,0.0452,0.4178,0.4151,0.1123,0.5896,0.1322,0.0684,0.4124,0.4096,0.4881,0.1466,0.105,0.3169,0.3115,0.5359,0.5183,0.5913,0.5918,0.0421,0.2661,0.2592,0.3006,0.3011,-0.0108
Hmel218003o,15050001,15100000,15075027,48885,0.0135,0.0134,0.0136,0.0252,0.0034,0.0175,0.0184,0.014,0.0135,0.0138,0.0142,0.0237,0.0345,0.0203,0.0177,0.0397,0.0399,0.014,0.023,0.0347,0.0202,0.0177,0.04,0.0402,0.0234,0.0354,0.0209,0.0184,0.0401,0.0402,0.0372,0.0279,0.0267,0.041,0.0409,0.0349,0.0351,0.0387,0.0389,0.0195,0.0302,0.0303,0.0344,0.0347,0.0132,0.0105,0.0255,0.1308,0.6209,0.1403,0.0545,0.5018,0.5093,0.0196,0.1185,0.625,0.1403,0.0557,0.506,0.5133,0.1249,0.6289,0.1559,0.0745,0.505,0.5119,0.4797,0.1526,0.1184,0.3765,0.381,0.5549,0.5428,0.6481,0.6576,0.0441,0.3283,0.337,0.3759,0.3845,-0.0218
Hmel218003o,15075001,15125000,15099992,49741,0.0073,0.0154,0.0148,0.0239,0.0031,0.0177,0.0177,0.0093,0.01,0.0129,0.0135,0.0293,0.0344,0.0176,0.0201,0.021,0.0221,0.0151,0.0268,0.0327,0.0176,0.0188,0.0266,0.027,0.0256,0.0327,0.0186,0.0183,0.0271,0.0275,0.033,0.0271,0.0247,0.0383,0.0382,0.0311,0.0308,0.0369,0.0367,0.0192,0.0279,0.0277,0.0314,0.0312,0.0094,0.0649,0.1036,0.3414,0.7481,0.1784,0.2441,0.447,0.4531,-0.0006,0.1764,0.574,0.0317,0.0664,0.3799,0.3752,0.1639,0.5851,0.0715,0.0646,0.3995,0.3948,0.4566,0.1484,0.1027,0.4225,0.4132,0.5144,0.511,0.7241,0.7104,0.0435,0.3613,0.3483,0.414,0.4023,-0.0132
Hmel218003o,15100001,15150000,15125123,49741,0.0017,0.0172,0.015,0.0179,0.0025,0.0205,0.018,0.0059,0.0061,0.0114,0.0112,0.0289,0.031,0.0191,0.02,0.0067,0.0075,0.0158,0.0273,0.028,0.019,0.0198,0.0149,0.015,0.0227,0.0284,0.02,0.0181,0.0142,0.0144,0.0284,0.0266,0.0215,0.0297,0.0296,0.0261,0.026,0.0313,0.0308,0.0202,0.0199,0.0195,0.0214,0.0209,0.0061,0.099,0.154,0.5262,0.8787,0.2745,0.3545,0.2863,0.33,-0.0086,0.2263,0.4954,0.0044,0.0622,0.1321,0.1331,0.1737,0.5446,0.0626,0.0491,0.161,0.1646,0.5039,0.1625,0.0934,0.4564,0.4519,0.4019,0.4513,0.7738,0.7666,0.0249,0.2119,0.1975,0.2954,0.2811,0.0032
Hmel218003o,15125001,15175000,15149994,49987,0.0092,0.0168,0.0155,0.0186,0.0019,0.0205,0.018,0.0052,0.0044,0.0128,0.0132,0.0221,0.0282,0.0191,0.0168,0.0182,0.0186,0.0156,0.0226,0.0274,0.0195,0.0177,0.0217,0.0219,0.0208,0.0281,0.0202,0.0163,0.0195,0.0198,0.0298,0.0254,0.0224,0.0328,0.0328,0.0278,0.0276,0.0319,0.0321,0.0205,0.0221,0.022,0.0212,0.0213,0.0047,-0.0049,0.0343,0.2584,0.6861,0.1332,0.1118,0.4505,0.4802,-0.0168,0.1313,0.5073,0.0248,0.0078,0.3425,0.3615,0.1104,0.5428,0.0593,-0.0158,0.3212,0.343,0.521,0.1309,0.1056,0.4964,0.5088,0.4404,0.4853,0.8111,0.8296,0.0334,0.278,0.289,0.3071,0.3227,-0.0109
Hmel218003o,15150001,15200000,15174896,49776,0.011,0.0115,0.0116,0.0196,0.0016,0.0125,0.0117,0.0041,0.0049,0.0104,0.0113,0.017,0.0309,0.0141,0.0124,0.0262,0.0265,0.0111,0.0173,0.0309,0.0136,0.0122,0.026,0.0261,0.0183,0.0311,0.0144,0.0117,0.0248,0.025,0.0322,0.0203,0.0197,0.0323,0.0322,0.0315,0.0315,0.0342,0.0345,0.0145,0.0236,0.0234,0.0242,0.0242,0.0044,-0.0394,-0.0014,0.083,0.6754,0.0989,0.0467,0.5693,0.5547,-0.0222,0.0805,0.6642,0.0686,0.0251,0.5549,0.5377,0.1061,0.6628,0.0929,0.0025,0.5346,0.5186,0.5366,0.1414,0.1393,0.494,0.4789,0.6481,0.6639,0.8531,0.8353,0.0965,0.496,0.4739,0.5235,0.5041,-0.0084
Hmel218003o,15175001,15225000,15200001,49789,0.0075,0.0081,0.0062,0.0211,0.0018,0.0068,0.0059,0.0073,0.0083,0.0079,0.0076,0.0173,0.0366,0.0089,0.0078,0.0246,0.0242,0.0072,0.0175,0.0365,0.0085,0.0081,0.0249,0.0243,0.0175,0.0367,0.0087,0.0074,0.0246,0.0242,0.0375,0.0182,0.018,0.0281,0.0277,0.0362,0.0367,0.0355,0.0354,0.0082,0.0232,0.0229,0.0238,0.0235,0.0077,0.0102,0.0569,0.1414,0.786,0.1138,0.0815,0.5545,0.5258,0.0023,0.134,0.7728,0.0729,0.0779,0.5436,0.5126,0.173,0.8137,0.1536,0.1057,0.5852,0.5564,0.5628,0.179,0.1913,0.3617,0.3396,0.7976,0.8184,0.7833,0.7624,0.1301,0.5496,0.5205,0.5795,0.5508,-0.0038
Hmel218003o,15200001,15250000,15225000,49999,0.0134,0.0135,0.0119,0.0255,0.0033,0.0114,0.0118,0.0118,0.0131,0.0139,0.0137,0.0238,0.0366,0.013,0.0138,0.0293,0.0287,0.0123,0.024,0.0367,0.0139,0.0138,0.03,0.0294,0.0239,0.0371,0.0139,0.0129,0.0296,0.029,0.0382,0.0243,0.0247,0.032,0.0316,0.0366,0.0367,0.0376,0.037,0.0135,0.0295,0.0292,0.0292,0.0288,0.0129,0.0166,0.0447,0.1315,0.6436,0.0275,0.0473,0.4156,0.3853,-0.015,0.1344,0.6417,0.0608,0.0445,0.4228,0.392,0.1581,0.6741,0.0964,0.046,0.4451,0.4151,0.4863,0.1741,0.1734,0.294,0.2705,0.6796,0.672,0.6795,0.6517,0.0803,0.4528,0.4256,0.4396,0.4125,0.0188
Hmel218003o,15225001,15275000,15250000,49993,0.0138,0.0133,0.013,0.025,0.004,0.0109,0.0124,0.0118,0.0128,0.0137,0.014,0.0294,0.0325,0.013,0.0139,0.0326,0.0323,0.0127,0.03,0.0328,0.0136,0.0134,0.0334,0.0332,0.0299,0.0328,0.014,0.0133,0.0335,0.0333,0.0379,0.0299,0.0308,0.0293,0.0291,0.0324,0.0333,0.0385,0.038,0.0135,0.0336,0.0334,0.0337,0.0336,0.0128,0.0053,0.0239,0.2312,0.5845,0.0255,0.0321,0.4525,0.4317,-0.0174,0.2479,0.5975,0.0609,0.0235,0.4706,0.4507,0.2502,0.6028,0.0823,0.0227,0.4761,0.4564,0.4805,0.281,0.2739,0.2603,0.2416,0.6393,0.62,0.6741,0.6518,0.0794,0.5105,0.4908,0.4885,0.4698,0.0208
Hmel218003o,15250001,15300000,15275002,49991,0.0158,0.0151,0.014,0.0262,0.0044,0.0123,0.0139,0.0133,0.0149,0.0152,0.0152,0.0301,0.0336,0.0154,0.0149,0.0331,0.0329,0.0145,0.0305,0.0345,0.0154,0.015,0.0344,0.0343,0.0307,0.0342,0.0152,0.0145,0.0346,0.0345,0.039,0.0305,0.0312,0.0316,0.0312,0.0345,0.0347,0.0386,0.0379,0.0149,0.0331,0.033,0.034,0.0341,0.0141,-0.0094,0.0099,0.2021,0.5529,0.0465,0.0028,0.4041,0.3784,0.0001,0.2181,0.5756,0.0603,0.0182,0.4316,0.4077,0.2371,0.5929,0.077,0.0233,0.451,0.4265,0.4709,0.2566,0.2455,0.2592,0.2313,0.625,0.5991,0.6417,0.6101,0.0666,0.4574,0.4322,0.4449,0.4217,-0.0009
Hmel218003o,15275001,15325000,15300001,49997,0.0143,0.0126,0.0118,0.0252,0.0034,0.0117,0.0138,0.0116,0.0133,0.0133,0.0133,0.0227,0.0326,0.0147,0.0143,0.0241,0.0239,0.0122,0.0225,0.0333,0.0142,0.014,0.0257,0.0255,0.0227,0.0332,0.0138,0.0133,0.0258,0.0255,0.0355,0.0229,0.0235,0.0296,0.0291,0.0333,0.033,0.032,0.0317,0.0145,0.0245,0.0243,0.0245,0.0243,0.0123,-0.0063,0.0094,0.0984,0.5894,0.065,0.0107,0.3145,0.2801,-0.0006,0.1197,0.6276,0.0827,0.0299,0.3746,0.3403,0.137,0.6436,0.0862,0.0221,0.392,0.3561,0.4618,0.1413,0.1209,0.2635,0.232,0.6451,0.602,0.6356,0.5992,0.0678,0.3692,0.3337,0.3313,0.2967,-0.0047
Hmel218003o,15300001,15350000,15324812,49257,0.0115,0.0096,0.0095,0.0204,0.0033,0.0106,0.0105,0.01,0.0104,0.0106,0.0106,0.0193,0.0284,0.0118,0.0114,0.0187,0.0184,0.0096,0.0196,0.0289,0.0113,0.0106,0.02,0.0196,0.0194,0.0288,0.0114,0.0103,0.0204,0.0199,0.031,0.0197,0.0198,0.0229,0.0229,0.0279,0.0284,0.0275,0.0277,0.0117,0.0184,0.018,0.0193,0.0189,0.0099,0.001,0.0052,0.1239,0.6024,0.0359,0.0196,0.2847,0.267,0.0037,0.1659,0.6484,0.0614,0.0299,0.3565,0.337,0.1658,0.6513,0.0652,0.0182,0.3693,0.3487,0.4812,0.1503,0.1555,0.2339,0.2256,0.6161,0.6235,0.6251,0.6181,0.0536,0.2957,0.2761,0.3192,0.3011,-0.0156
Hmel218003o,15325001,15375000,15350131,49077,0.0206,0.0193,0.0192,0.0245,0.0058,0.0205,0.0176,0.0173,0.019,0.02,0.0199,0.0261,0.0331,0.0212,0.0201,0.0288,0.0289,0.0194,0.0267,0.034,0.0213,0.0199,0.0298,0.0299,0.0265,0.0335,0.0217,0.02,0.0307,0.0307,0.0337,0.0279,0.0272,0.0303,0.0307,0.0333,0.0335,0.034,0.034,0.0206,0.0277,0.0279,0.0294,0.0296,0.0183,0.0006,-0.0004,0.0831,0.4447,0.0157,0.0268,0.2167,0.196,0.0059,0.1119,0.477,0.0372,0.0388,0.2505,0.2303,0.1108,0.474,0.0489,0.0446,0.2673,0.2458,0.4139,0.1188,0.145,0.2023,0.1858,0.4493,0.4984,0.5086,0.4821,0.0407,0.1987,0.1802,0.2673,0.2472,0.0049
Hmel218003o,15350001,15400000,15375014,49767,0.0252,0.0261,0.0256,0.0313,0.0053,0.0244,0.0237,0.022,0.0232,0.0259,0.0256,0.0329,0.0394,0.0275,0.0258,0.0364,0.0367,0.0259,0.0324,0.0401,0.0279,0.0265,0.0378,0.0381,0.0324,0.0398,0.0275,0.0269,0.0371,0.0373,0.04,0.0345,0.0341,0.0387,0.039,0.0402,0.0403,0.0409,0.0407,0.0268,0.0362,0.0364,0.0363,0.0366,0.0229,0.0061,0.0043,0.0901,0.4581,0.0557,0.0282,0.2246,0.2167,0.0015,0.0731,0.4536,0.0534,0.034,0.234,0.2264,0.0764,0.4564,0.0512,0.0465,0.2294,0.2198,0.4114,0.1227,0.1233,0.2032,0.1946,0.4775,0.4871,0.5155,0.4977,0.0581,0.2305,0.2202,0.2384,0.2299,0.0063
Hmel218003o,15375001,15425000,15399980,49849,0.022,0.0228,0.0231,0.03,0.0039,0.0185,0.0203,0.021,0.0204,0.0227,0.0227,0.0305,0.0361,0.0234,0.0219,0.0331,0.0336,0.0227,0.0295,0.0361,0.0237,0.0227,0.0339,0.0342,0.0306,0.0357,0.0236,0.0232,0.033,0.0333,0.0404,0.0308,0.0308,0.0371,0.0376,0.036,0.0367,0.036,0.0358,0.0216,0.0322,0.0322,0.0325,0.033,0.0205,0.0056,0.0029,0.0968,0.4874,0.0755,0.0185,0.2233,0.2377,-0.0052,0.0704,0.4755,0.072,0.0261,0.2256,0.2368,0.0853,0.4682,0.0669,0.0351,0.2092,0.2204,0.4469,0.1431,0.1224,0.2043,0.2172,0.5415,0.5205,0.5023,0.5098,0.0582,0.2516,0.2592,0.235,0.248,-0.0047
Hmel218003o,15400001,15450000,15425021,49902,0.0149,0.0146,0.0151,0.0229,0.003,0.0125,0.0141,0.0153,0.0156,0.0146,0.0149,0.0219,0.0282,0.0178,0.0155,0.0251,0.0254,0.0144,0.0217,0.0281,0.0178,0.0154,0.0251,0.0252,0.0222,0.0273,0.0179,0.0156,0.0246,0.0249,0.032,0.0241,0.0227,0.0295,0.0295,0.0264,0.0275,0.0258,0.0257,0.0151,0.0212,0.0216,0.0232,0.0235,0.0154,-0.0036,-0.0027,0.0963,0.5343,0.1385,0.0351,0.2616,0.2628,-0.0181,0.0965,0.5388,0.1457,0.0373,0.2661,0.2634,0.0982,0.5174,0.1384,0.0351,0.2484,0.2493,0.4603,0.1819,0.1266,0.2346,0.2305,0.5629,0.5412,0.4939,0.4856,0.0688,0.2204,0.2249,0.2347,0.2375,-0.0014
Hmel218003o,15425001,15475000,15450000,50000,0.0171,0.017,0.0167,0.0214,0.0036,0.0149,0.0164,0.0159,0.0164,0.0171,0.0171,0.0221,0.03,0.0212,0.0184,0.0256,0.0253,0.0166,0.0222,0.0303,0.0207,0.0178,0.0266,0.0264,0.0214,0.03,0.0206,0.0179,0.0262,0.026,0.0305,0.0257,0.0239,0.0289,0.0287,0.0281,0.0297,0.0289,0.0285,0.0197,0.0232,0.0235,0.0246,0.0245,0.0163,0.0011,0.0046,0.0818,0.5037,0.1489,0.0502,0.2274,0.2142,-0.0088,0.0868,0.5103,0.1386,0.036,0.2467,0.237,0.0719,0.5111,0.1405,0.0401,0.2427,0.2323,0.455,0.1934,0.1345,0.2325,0.2214,0.5223,0.5135,0.5118,0.4971,0.1229,0.2136,0.2105,0.219,0.208,0.0049
Hmel218003o,15450001,15500000,15474960,49873,0.0213,0.0204,0.0207,0.0226,0.0056,0.0184,0.0206,0.0201,0.0207,0.0209,0.0209,0.024,0.0362,0.0234,0.0221,0.0317,0.0318,0.0205,0.0238,0.037,0.0229,0.0217,0.0328,0.0331,0.0235,0.0368,0.0235,0.0219,0.0331,0.0332,0.0352,0.0266,0.0263,0.0328,0.0331,0.0357,0.0367,0.0366,0.0371,0.0228,0.0311,0.0316,0.032,0.0321,0.0205,0.0024,-0.0021,0.0514,0.4743,0.0868,0.0292,0.2216,0.2157,-0.0016,0.059,0.4957,0.0873,0.0307,0.2481,0.2452,0.0482,0.4891,0.0971,0.0309,0.2491,0.2439,0.4598,0.1433,0.1062,0.223,0.2202,0.5118,0.4907,0.4957,0.492,0.0837,0.2468,0.2462,0.2335,0.2289,0.0015
Hmel218003o,15475001,15525000,15500024,49873,0.0209,0.0204,0.0211,0.0223,0.0047,0.019,0.021,0.0201,0.0214,0.0203,0.0206,0.024,0.0372,0.0235,0.0243,0.0339,0.0344,0.0203,0.0234,0.0372,0.0233,0.024,0.0339,0.0343,0.0238,0.0372,0.0241,0.0243,0.0345,0.0346,0.0358,0.0257,0.0265,0.0328,0.0329,0.0372,0.0376,0.036,0.0371,0.0226,0.0301,0.031,0.0307,0.0311,0.0205,-0.0103,-0.0105,0.0584,0.5042,0.087,0.0792,0.2578,0.2498,-0.0122,0.0517,0.5127,0.0905,0.0781,0.2644,0.2546,0.0514,0.5012,0.0979,0.0766,0.2645,0.2508,0.4843,0.1218,0.1079,0.2262,0.2106,0.5342,0.507,0.5036,0.4965,0.0649,0.2244,0.2218,0.2081,0.1998,-0.0064
Hmel218003o,15500001,15550000,15524997,49988,0.0204,0.0199,0.0204,0.0232,0.0035,0.0184,0.0191,0.0195,0.0204,0.0198,0.0203,0.0254,0.0373,0.0235,0.0243,0.031,0.0308,0.0194,0.0241,0.0371,0.0231,0.0236,0.0307,0.0307,0.0243,0.0369,0.0236,0.0242,0.0313,0.031,0.0369,0.0267,0.0275,0.0317,0.0316,0.0379,0.0377,0.0371,0.0374,0.0218,0.0279,0.028,0.0274,0.0268,0.0197,-0.0092,-0.0035,0.0857,0.5312,0.1015,0.1089,0.2273,0.2141,-0.02,0.0664,0.538,0.0991,0.1025,0.2305,0.2189,0.0637,0.5274,0.1028,0.108,0.234,0.2177,0.5023,0.1388,0.1438,0.2085,0.1951,0.5679,0.5564,0.5444,0.5325,0.0787,0.2012,0.1913,0.1829,0.16,-0.0053
Hmel218003o,15525001,15575000,15549991,49950,0.0171,0.0179,0.0169,0.0258,0.0036,0.0166,0.0171,0.0193,0.0197,0.0179,0.0174,0.0281,0.0365,0.0197,0.0194,0.0316,0.0316,0.0169,0.0268,0.0368,0.0201,0.0198,0.0314,0.0314,0.0267,0.0362,0.0197,0.0193,0.0316,0.0316,0.0382,0.0288,0.0291,0.0337,0.0338,0.0374,0.0374,0.0381,0.0381,0.0186,0.03,0.0299,0.0294,0.029,0.0196,0.013,0.0124,0.1558,0.5737,0.0838,0.0665,0.2818,0.276,-0.0174,0.1216,0.5627,0.0808,0.0653,0.2683,0.2635,0.1338,0.5741,0.087,0.068,0.2854,0.2783,0.4783,0.1739,0.1738,0.2157,0.2115,0.5902,0.5827,0.5542,0.5469,0.0522,0.2649,0.2567,0.2482,0.2355,0.0028
Hmel218003o,15550001,15600000,15575007,49940,0.0129,0.0132,0.0117,0.0215,0.0028,0.0131,0.0131,0.0159,0.0161,0.0139,0.0131,0.0252,0.0315,0.0163,0.0163,0.0275,0.0279,0.0122,0.0248,0.0311,0.0163,0.0159,0.0281,0.0284,0.0247,0.0312,0.0157,0.015,0.0279,0.0282,0.033,0.0258,0.0257,0.0288,0.0288,0.0316,0.0317,0.0324,0.0324,0.014,0.0249,0.0252,0.0252,0.0254,0.0162,0.0317,0.0348,0.2133,0.6161,0.1178,0.1208,0.3264,0.3304,-0.0121,0.1992,0.6062,0.1121,0.1013,0.3308,0.3337,0.2223,0.6375,0.1226,0.1005,0.3528,0.3543,0.4948,0.2199,0.2193,0.2292,0.2276,0.613,0.6143,0.5674,0.5648,0.0363,0.277,0.2798,0.2823,0.2843,0.0077
Hmel218003o,15575001,15625000,15599961,49853,0.0113,0.0107,0.0109,0.0183,0.0037,0.0113,0.0116,0.0144,0.0147,0.012,0.0117,0.0201,0.0305,0.0186,0.0183,0.0243,0.0239,0.0108,0.02,0.0306,0.0179,0.0171,0.0247,0.0244,0.0202,0.0305,0.0177,0.0165,0.0247,0.0244,0.0314,0.0228,0.0225,0.025,0.0247,0.0304,0.0307,0.0307,0.0307,0.0136,0.0199,0.0198,0.0214,0.0211,0.0144,0.0438,0.0282,0.1767,0.6198,0.257,0.2414,0.3227,0.3104,0.0021,0.1848,0.6321,0.2489,0.2181,0.3402,0.3288,0.1878,0.6289,0.2411,0.1996,0.338,0.3266,0.5098,0.2349,0.2247,0.224,0.2138,0.6184,0.6152,0.5597,0.5542,0.0878,0.2266,0.218,0.255,0.2432,-0.006
Hmel218003o,15600001,15650000,15625014,49874,0.0161,0.0148,0.0152,0.0199,0.0047,0.0119,0.0152,0.0157,0.0164,0.016,0.016,0.0211,0.0321,0.023,0.0218,0.028,0.028,0.0151,0.0201,0.0327,0.0233,0.0213,0.0286,0.0288,0.0205,0.0328,0.0231,0.0208,0.0286,0.0287,0.0321,0.0247,0.024,0.0278,0.0281,0.0319,0.0329,0.0312,0.0315,0.017,0.0219,0.0223,0.0246,0.0251,0.0157,0.0191,0.0115,0.0932,0.5273,0.2553,0.1746,0.2886,0.2775,0.0054,0.0912,0.5565,0.284,0.1844,0.319,0.3095,0.0945,0.5508,0.2731,0.1657,0.3122,0.3035,0.4773,0.242,0.1735,0.2349,0.23,0.6028,0.5519,0.5235,0.5136,0.1207,0.2377,0.2338,0.2417,0.2387,-0.0116
Hmel218003o,15625001,15675000,15649701,47682,0.0157,0.0129,0.0146,0.0199,0.0044,0.0107,0.0134,0.0136,0.0139,0.0144,0.0156,0.0218,0.0286,0.0182,0.0182,0.0263,0.0264,0.0141,0.0208,0.0284,0.0187,0.0179,0.027,0.0273,0.0205,0.0288,0.0191,0.0179,0.027,0.0274,0.0293,0.0241,0.023,0.0282,0.0287,0.0285,0.0283,0.0273,0.0273,0.0147,0.0217,0.0221,0.0237,0.0239,0.0137,0.0043,0.0155,0.1158,0.4972,0.1687,0.118,0.2974,0.2962,0.0149,0.141,0.5489,0.2386,0.1623,0.3568,0.3567,0.1044,0.521,0.2153,0.1286,0.3275,0.3302,0.4472,0.2508,0.1802,0.2733,0.2787,0.5965,0.5376,0.5201,0.5142,0.1067,0.2947,0.2998,0.2867,0.2871,-0.0025
Hmel218003o,15650001,15700000,15675741,47156,0.011,0.0104,0.0128,0.029,0.0052,0.0137,0.0151,0.0124,0.0132,0.0114,0.0127,0.0279,0.0258,0.0169,0.0178,0.0281,0.0277,0.0118,0.0277,0.0251,0.0163,0.0176,0.0276,0.0274,0.0275,0.0255,0.0175,0.0181,0.028,0.0279,0.0335,0.0291,0.0288,0.0316,0.0311,0.0266,0.0262,0.0294,0.0293,0.0161,0.024,0.0243,0.024,0.024,0.0133,0.0347,0.0354,0.203,0.537,0.1653,0.1627,0.4272,0.4069,0.0083,0.209,0.5431,0.1606,0.171,0.4313,0.4133,0.1719,0.4933,0.1476,0.1373,0.3936,0.3779,0.3658,0.187,0.1637,0.2416,0.2227,0.4927,0.4576,0.5549,0.5371,0.0594,0.3097,0.2997,0.2847,0.2703,0.0171
Hmel218003o,15675001,15725000,15700083,49459,0.0069,0.0082,0.0104,0.0294,0.0036,0.0099,0.013,0.0107,0.0122,0.0085,0.0096,0.0338,0.0303,0.0154,0.015,0.0223,0.0222,0.0091,0.0335,0.0301,0.0149,0.015,0.0222,0.0221,0.0334,0.0302,0.0161,0.0159,0.023,0.023,0.0362,0.0337,0.0339,0.0337,0.0333,0.0298,0.0307,0.0325,0.0327,0.0123,0.018,0.0184,0.0187,0.0189,0.0119,0.0597,0.0498,0.3419,0.7163,0.3078,0.2145,0.4505,0.4133,-0.0106,0.3213,0.6862,0.258,0.1816,0.419,0.3852,0.2884,0.6374,0.2385,0.1594,0.3865,0.3549,0.4152,0.2996,0.2632,0.2899,0.2659,0.6453,0.5903,0.6543,0.6265,0.038,0.2858,0.2629,0.2363,0.2128,0.0209
Hmel218003o,15700001,15750000,15724960,49847,0.0041,0.0051,0.0072,0.0185,0.0017,0.0031,0.0066,0.0094,0.0098,0.005,0.0061,0.0245,0.0333,0.013,0.011,0.016,0.016,0.0061,0.0243,0.0333,0.013,0.011,0.0161,0.0161,0.0238,0.0335,0.0139,0.0119,0.0168,0.0168,0.0331,0.0262,0.0259,0.0267,0.0267,0.0319,0.0326,0.0318,0.0318,0.0061,0.0118,0.0115,0.013,0.0128,0.0097,0.0512,0.0468,0.4059,0.8489,0.5811,0.3601,0.4235,0.4099,-0.0023,0.3817,0.8247,0.5361,0.3193,0.3953,0.3823,0.3321,0.7774,0.4763,0.2791,0.3542,0.3416,0.5617,0.4514,0.3775,0.3399,0.3312,0.8671,0.7845,0.7175,0.7059,0.1184,0.3239,0.2927,0.2492,0.2272,0.0068
Hmel218003o,15725001,15775000,15749939,49645,0.0043,0.0046,0.0055,0.0166,0.0016,0.0032,0.0063,0.0092,0.0096,0.0047,0.0052,0.0155,0.0302,0.0113,0.0091,0.016,0.0163,0.0051,0.0153,0.0303,0.0114,0.0092,0.016,0.0164,0.0152,0.0306,0.0119,0.0096,0.0161,0.0165,0.0317,0.0181,0.0172,0.0193,0.0196,0.0299,0.03,0.0292,0.0291,0.0068,0.0127,0.0127,0.0138,0.0139,0.0092,0.0245,0.036,0.2398,0.8302,0.5136,0.2736,0.4194,0.4173,0.0044,0.2249,0.8222,0.5034,0.2654,0.4098,0.4099,0.2025,0.8028,0.479,0.2509,0.387,0.3881,0.5804,0.3357,0.2387,0.2251,0.2254,0.8581,0.7791,0.7002,0.692,0.1865,0.3572,0.3438,0.2939,0.2873,-0.0097
Hmel218003o,15750001,15800000,15774920,48269,0.0073,0.0071,0.0075,0.0177,0.0021,0.0049,0.0083,0.0108,0.0113,0.0075,0.0077,0.017,0.033,0.0129,0.0113,0.0179,0.0179,0.0073,0.0166,0.0328,0.0129,0.0114,0.0181,0.0181,0.0168,0.033,0.0129,0.0114,0.018,0.018,0.0346,0.0197,0.019,0.0214,0.0216,0.0319,0.0326,0.0313,0.0312,0.0094,0.0144,0.0145,0.0156,0.0157,0.0108,0.0228,0.0251,0.1903,0.7623,0.3718,0.1918,0.3445,0.3293,0.0012,0.1834,0.7658,0.3799,0.2038,0.3534,0.3403,0.1819,0.7584,0.3652,0.1917,0.3416,0.3289,0.583,0.3119,0.2217,0.2269,0.2204,0.8112,0.7376,0.6735,0.6604,0.1816,0.3094,0.2949,0.2542,0.2435,-0.0112
Hmel218003o,15775001,15825000,15800682,48484,0.0125,0.0128,0.0126,0.0211,0.0045,0.0093,0.011,0.0156,0.0161,0.0137,0.0135,0.0226,0.0392,0.0193,0.0174,0.0254,0.0252,0.0125,0.0233,0.0393,0.0189,0.0171,0.0258,0.0257,0.0236,0.0391,0.0185,0.0166,0.0254,0.0255,0.0414,0.0268,0.0259,0.0297,0.0296,0.038,0.0395,0.0379,0.0382,0.015,0.0222,0.0219,0.0234,0.0234,0.0155,0.041,0.0383,0.1735,0.6587,0.2905,0.2043,0.3005,0.2895,-0.0094,0.1821,0.6542,0.2752,0.1893,0.304,0.2928,0.1915,0.6558,0.2676,0.1766,0.2998,0.2915,0.554,0.3063,0.2621,0.2533,0.2451,0.7071,0.6867,0.5973,0.5909,0.2021,0.294,0.2791,0.289,0.2793,-0.0103
Hmel218003o,15800001,15850000,15824885,47815,0.0093,0.0101,0.0099,0.0231,0.0051,0.0078,0.0132,0.0138,0.0137,0.0107,0.0104,0.0302,0.0295,0.0248,0.017,0.0293,0.0292,0.0097,0.0308,0.0298,0.0245,0.0166,0.0294,0.0294,0.0311,0.0295,0.0244,0.0162,0.0293,0.0294,0.0395,0.0274,0.0293,0.029,0.0289,0.0346,0.0322,0.0341,0.0343,0.0169,0.02,0.0194,0.0254,0.0251,0.0135,0.0502,0.0415,0.3318,0.6226,0.5022,0.215,0.4496,0.45,-0.0164,0.3293,0.6084,0.4788,0.1839,0.4371,0.4386,0.3364,0.6097,0.4819,0.1762,0.4397,0.4427,0.5026,0.3138,0.2608,0.2455,0.2448,0.6989,0.5741,0.5816,0.5847,0.2447,0.3114,0.2979,0.32,0.3151,-0.0092
Hmel218003o,15825001,15875000,15851017,47750,0.0084,0.007,0.0068,0.0214,0.0031,0.0075,0.0135,0.0108,0.0104,0.0081,0.008,0.0285,0.0224,0.025,0.0165,0.0252,0.0252,0.0067,0.0269,0.0221,0.0255,0.0168,0.0255,0.0258,0.0268,0.0223,0.0258,0.0171,0.0258,0.026,0.0332,0.026,0.0282,0.0253,0.0253,0.0257,0.0238,0.0261,0.0261,0.0152,0.0141,0.0133,0.0191,0.0184,0.0105,0.0278,0.0275,0.3434,0.6079,0.533,0.2121,0.4648,0.4709,-0.0174,0.3439,0.6443,0.5729,0.2561,0.4997,0.5114,0.3461,0.6517,0.5816,0.2672,0.5079,0.5184,0.4945,0.3193,0.2576,0.2521,0.2566,0.6732,0.5012,0.597,0.6042,0.1927,0.2245,0.2043,0.2344,0.2227,-0.0032
Hmel218003o,15850001,15900000,15874587,47785,0.013,0.0106,0.0111,0.0223,0.0025,0.0133,0.0129,0.0129,0.0117,0.0128,0.0128,0.0244,0.0275,0.0227,0.0184,0.0232,0.0223,0.0106,0.0219,0.0275,0.0238,0.0187,0.0243,0.0237,0.0219,0.0274,0.0243,0.0193,0.0245,0.0239,0.0337,0.0299,0.0277,0.0297,0.0292,0.0253,0.0268,0.0266,0.0259,0.0162,0.0171,0.0153,0.0182,0.0168,0.0123,0.0425,0.0305,0.186,0.5765,0.2801,0.1818,0.2977,0.301,-0.016,0.1742,0.631,0.3469,0.2389,0.3618,0.3747,0.165,0.6182,0.3461,0.2432,0.3571,0.3692,0.4971,0.2768,0.2463,0.2798,0.2897,0.5419,0.5691,0.5682,0.5865,0.1129,0.1407,0.1062,0.1785,0.1611,-0.0002
Hmel218003o,15875001,15925000,15900682,47835,0.0118,0.0108,0.0107,0.0233,0.0033,0.0118,0.0123,0.012,0.0104,0.0124,0.012,0.0218,0.0287,0.0184,0.0156,0.0208,0.0199,0.0104,0.0201,0.0293,0.019,0.0153,0.0218,0.0211,0.0203,0.0288,0.0191,0.0155,0.0219,0.0212,0.0345,0.0261,0.0233,0.0284,0.0279,0.0271,0.0284,0.0273,0.0265,0.0147,0.0164,0.0148,0.0176,0.0165,0.0113,0.0493,0.0355,0.1397,0.6004,0.231,0.1367,0.2861,0.2976,-0.0175,0.119,0.6293,0.2659,0.1494,0.3283,0.3479,0.1253,0.6252,0.2713,0.1569,0.3323,0.3509,0.4783,0.2242,0.1625,0.2617,0.2789,0.5804,0.5854,0.5799,0.6068,0.106,0.1662,0.1507,0.1947,0.1959,0.0045
Hmel218003o,15900001,15950000,15925003,49984,0.0136,0.0125,0.0133,0.0251,0.0032,0.016,0.0127,0.0116,0.0127,0.0139,0.0144,0.0233,0.0296,0.0176,0.0149,0.0235,0.0237,0.0127,0.0212,0.0304,0.018,0.0138,0.0254,0.0256,0.0227,0.0307,0.0178,0.0138,0.0237,0.0238,0.036,0.0259,0.023,0.0311,0.0312,0.0297,0.0305,0.0295,0.0298,0.0171,0.0199,0.0202,0.0235,0.0232,0.0125,0.0343,0.037,0.1215,0.5729,0.0928,0.0642,0.3147,0.2997,-0.0051,0.0957,0.6058,0.1242,0.0506,0.373,0.3563,0.1146,0.5924,0.1028,0.0329,0.3266,0.3086,0.472,0.1385,0.1308,0.289,0.2749,0.5276,0.602,0.6147,0.5954,0.0938,0.1922,0.1811,0.3342,0.3078,0.0168
Hmel218003o,15925001,15975000,15949984,49943,0.0153,0.0171,0.0178,0.0254,0.0032,0.0178,0.0144,0.0145,0.0158,0.0174,0.0177,0.0291,0.0301,0.0199,0.0178,0.0311,0.0312,0.0173,0.0267,0.0315,0.0212,0.0177,0.0322,0.0319,0.0286,0.0318,0.0208,0.0172,0.0306,0.0305,0.0379,0.0317,0.0293,0.0375,0.0369,0.0315,0.0319,0.0356,0.0357,0.0191,0.0265,0.0267,0.0303,0.03,0.0156,0.0374,0.0366,0.2008,0.5472,0.0967,0.096,0.368,0.3501,-0.0032,0.1342,0.5278,0.1012,0.0626,0.3559,0.3343,0.1586,0.5207,0.0833,0.0354,0.3248,0.3049,0.487,0.2085,0.2165,0.3288,0.3049,0.5172,0.5837,0.6184,0.5959,0.0907,0.2552,0.2399,0.37,0.3459,0.0163
Hmel218003o,15950001,16000000,15975012,49943,0.0084,0.0144,0.0142,0.0224,0.005,0.0104,0.0109,0.0117,0.0117,0.0125,0.0126,0.0256,0.0261,0.0145,0.0142,0.0295,0.0294,0.0139,0.0244,0.0267,0.0166,0.0158,0.0297,0.0295,0.025,0.0262,0.0165,0.0155,0.03,0.0299,0.0313,0.0286,0.0277,0.0354,0.0348,0.0272,0.0268,0.0339,0.0336,0.0124,0.0262,0.0263,0.0272,0.0272,0.0118,0.0483,0.0568,0.2834,0.6076,0.2238,0.2007,0.5074,0.507,-0.0165,0.1628,0.4833,0.1523,0.1177,0.4037,0.4018,0.1763,0.4795,0.1527,0.1123,0.4108,0.4116,0.4263,0.3002,0.2786,0.3728,0.3665,0.5756,0.5595,0.6205,0.6185,0.0836,0.4215,0.4255,0.4286,0.4299,0.0047
Hmel218003o,15975001,16025000,15999740,49307,0.0056,0.0095,0.0105,0.0213,0.006,0.0062,0.0109,0.011,0.0113,0.0086,0.0093,0.02,0.0295,0.0132,0.014,0.0267,0.0268,0.0097,0.0198,0.0293,0.0147,0.015,0.0276,0.0278,0.0198,0.029,0.0147,0.0155,0.0277,0.0279,0.0319,0.0243,0.0249,0.0326,0.0326,0.0298,0.0291,0.0321,0.0324,0.0121,0.024,0.0244,0.0241,0.0246,0.0113,0.0685,0.0725,0.241,0.6853,0.3953,0.2704,0.54,0.5373,-0.0172,0.1597,0.5977,0.3171,0.2001,0.4731,0.4725,0.1407,0.5736,0.2881,0.1919,0.4556,0.4544,0.4324,0.3157,0.2428,0.3609,0.3572,0.6741,0.5661,0.5972,0.5952,0.1798,0.4872,0.4887,0.3889,0.3941,0.0075
Hmel218003o,16000001,16050000,16025035,49094,0.0074,0.0087,0.0095,0.0202,0.0049,0.0057,0.0119,0.0125,0.0126,0.0086,0.0091,0.0207,0.0349,0.0158,0.0161,0.0235,0.023,0.0089,0.0207,0.0349,0.0166,0.0164,0.0238,0.0233,0.0208,0.0351,0.0167,0.0167,0.0241,0.0235,0.0373,0.0247,0.0249,0.0288,0.0283,0.0346,0.034,0.0329,0.0326,0.0135,0.0193,0.0196,0.0194,0.0197,0.013,0.0391,0.0418,0.2382,0.7143,0.4327,0.264,0.4222,0.4094,-0.0102,0.2132,0.6891,0.412,0.2416,0.4005,0.3893,0.1992,0.6744,0.3917,0.2305,0.3892,0.3763,0.5237,0.3489,0.2417,0.2982,0.2877,0.748,0.6198,0.5982,0.593,0.2219,0.3768,0.3802,0.2406,0.245,0.0191
Hmel218003o,16025001,16075000,16049999,49442,0.0067,0.0081,0.0084,0.0206,0.0046,0.0061,0.0078,0.0101,0.0099,0.0076,0.0078,0.0211,0.0308,0.015,0.0142,0.0203,0.0199,0.0081,0.0208,0.0305,0.0151,0.0143,0.0201,0.0197,0.0211,0.0307,0.0155,0.0146,0.0206,0.0202,0.0346,0.0244,0.0237,0.0269,0.0264,0.0303,0.03,0.0294,0.0289,0.0102,0.0159,0.0162,0.016,0.0163,0.0111,0.012,0.0212,0.2556,0.7055,0.4178,0.3387,0.4316,0.4268,-0.012,0.2199,0.6702,0.3727,0.2978,0.3928,0.3877,0.2214,0.6661,0.3766,0.2999,0.397,0.3911,0.4966,0.3299,0.2859,0.3014,0.2972,0.7139,0.6726,0.6165,0.6155,0.1981,0.3393,0.3536,0.2965,0.3085,0.0557
Hmel218003o,16050001,16100000,16075119,49625,0.0063,0.0093,0.009,0.0195,0.0046,0.007,0.0078,0.0093,0.0087,0.0085,0.0082,0.0201,0.0288,0.0165,0.0137,0.0198,0.0199,0.0089,0.0197,0.0286,0.0164,0.0142,0.0197,0.0198,0.0197,0.0285,0.0167,0.0144,0.02,0.0202,0.0334,0.0237,0.0226,0.0252,0.0255,0.0275,0.0276,0.0275,0.0277,0.01,0.0147,0.0149,0.0149,0.0153,0.0102,0.0427,0.0392,0.2587,0.6965,0.4414,0.3382,0.4493,0.4697,-0.0169,0.1886,0.6251,0.3512,0.2609,0.372,0.3909,0.1956,0.6318,0.3679,0.2767,0.3875,0.4065,0.4997,0.3183,0.2815,0.3016,0.3178,0.6673,0.6503,0.6124,0.6294,0.159,0.2972,0.3249,0.2841,0.3163,0.0661
Hmel218003o,16075001,16125000,16099751,49408,0.005,0.0118,0.0113,0.0221,0.0046,0.011,0.0086,0.0083,0.0084,0.0094,0.0093,0.0244,0.0271,0.0187,0.0122,0.0228,0.0227,0.0109,0.024,0.0274,0.0189,0.0142,0.0217,0.0219,0.0239,0.027,0.0196,0.0145,0.023,0.023,0.0347,0.0278,0.0263,0.0281,0.0285,0.0266,0.0257,0.0289,0.029,0.0125,0.0147,0.0152,0.0197,0.0197,0.0094,0.0606,0.0698,0.3289,0.7139,0.4184,0.2972,0.565,0.5607,-0.0299,0.2009,0.5544,0.2604,0.1717,0.3811,0.3824,0.2067,0.5613,0.2903,0.1963,0.4181,0.416,0.4769,0.2832,0.2972,0.3308,0.3351,0.5632,0.6072,0.651,0.6484,0.1288,0.2212,0.2343,0.4146,0.413,0.0649
Hmel218003o,16100001,16150000,16124953,48085,0.0051,0.0154,0.0142,0.0225,0.0067,0.016,0.0101,0.0094,0.0123,0.0114,0.0113,0.0341,0.0254,0.0202,0.0131,0.0324,0.0308,0.0141,0.0315,0.0262,0.0198,0.0156,0.0281,0.0274,0.0314,0.0255,0.0204,0.0159,0.0291,0.0283,0.0361,0.0309,0.0315,0.0292,0.0307,0.0277,0.0261,0.0323,0.0316,0.0164,0.02,0.0206,0.0264,0.0261,0.0118,0.058,0.0857,0.4568,0.6381,0.3283,0.2797,0.6487,0.5753,-0.0262,0.2688,0.4222,0.1226,0.1056,0.4032,0.3436,0.2852,0.4348,0.158,0.1409,0.4391,0.3772,0.4547,0.2516,0.3471,0.3238,0.3019,0.4355,0.5286,0.6155,0.554,0.1203,0.2338,0.1976,0.4753,0.4152,0.0428
Hmel218003o,16125001,16175000,16150556,48040,0.0063,0.0135,0.013,0.0205,0.0067,0.0115,0.0091,0.0111,0.0139,0.0107,0.0108,0.0354,0.026,0.0151,0.0111,0.0383,0.0357,0.0129,0.0324,0.0267,0.0157,0.0129,0.0342,0.0324,0.0315,0.0263,0.0157,0.0131,0.0328,0.031,0.0362,0.0305,0.0316,0.0278,0.0292,0.0274,0.0277,0.0368,0.0357,0.0135,0.0276,0.0277,0.0302,0.0293,0.0129,0.0391,0.0606,0.4795,0.617,0.2716,0.1917,0.646,0.5752,-0.0165,0.3322,0.4666,0.1171,0.0696,0.4872,0.4203,0.3278,0.4716,0.1303,0.0884,0.4792,0.4109,0.481,0.3356,0.3886,0.3026,0.2787,0.5174,0.5718,0.6265,0.568,0.1397,0.4355,0.3851,0.5153,0.4518,0.0186
Hmel218003o,16150001,16200000,16174985,48290,0.0065,0.0087,0.01,0.0213,0.0034,0.0075,0.0079,0.0131,0.0133,0.0077,0.0086,0.0296,0.0235,0.0112,0.008,0.0326,0.0324,0.0092,0.029,0.0237,0.0121,0.0089,0.0321,0.0318,0.0278,0.0243,0.0124,0.0096,0.0311,0.0308,0.0345,0.0307,0.0302,0.0312,0.0314,0.025,0.024,0.0347,0.0345,0.0108,0.0295,0.0301,0.0318,0.0315,0.0145,0.0075,0.0194,0.3934,0.6673,0.2395,0.0526,0.5527,0.5479,-0.0106,0.3472,0.6083,0.2045,0.0359,0.5083,0.5029,0.3093,0.585,0.1817,0.0362,0.4748,0.4686,0.5045,0.3915,0.3789,0.3109,0.3108,0.656,0.6342,0.6307,0.6267,0.1775,0.4974,0.503,0.5194,0.5139,0.051
Hmel218003o,16175001,16225000,16200111,47607,0.0064,0.0079,0.0095,0.0213,0.0034,0.0082,0.0091,0.0141,0.0142,0.0074,0.0086,0.0289,0.021,0.0109,0.0091,0.0302,0.0306,0.0089,0.0284,0.0212,0.0114,0.0093,0.0297,0.0302,0.0279,0.0221,0.0116,0.0102,0.0298,0.0301,0.0335,0.0293,0.0293,0.0325,0.033,0.0225,0.0217,0.0334,0.0337,0.0109,0.0277,0.0285,0.0293,0.0298,0.015,0.0154,0.0419,0.386,0.6362,0.2062,0.0865,0.5091,0.5118,0.0086,0.3516,0.5942,0.1774,0.0489,0.4754,0.4785,0.3181,0.5632,0.1418,0.049,0.4481,0.4505,0.4937,0.3604,0.3461,0.3158,0.3204,0.6043,0.5696,0.601,0.6012,0.1226,0.4415,0.451,0.4492,0.4534,0.0312
Hmel218003o,16200001,16250000,16225400,48400,0.0065,0.0072,0.0078,0.024,0.0031,0.0067,0.0071,0.0123,0.012,0.007,0.0078,0.031,0.0199,0.0092,0.0085,0.0291,0.0291,0.0075,0.0307,0.0196,0.0093,0.0081,0.0287,0.0286,0.0308,0.0203,0.0095,0.0088,0.0289,0.0289,0.0339,0.031,0.0308,0.0314,0.0316,0.0199,0.0199,0.0301,0.0303,0.0091,0.0283,0.028,0.0283,0.0281,0.0121,0.0164,0.0466,0.3772,0.6265,0.1737,0.1213,0.5284,0.5329,0.0017,0.3623,0.5997,0.1541,0.0674,0.5098,0.5135,0.3524,0.5892,0.1419,0.088,0.4997,0.5037,0.4653,0.3735,0.365,0.2949,0.3012,0.617,0.6066,0.6068,0.6142,0.1432,0.5124,0.5144,0.5058,0.5093,-0.005
Hmel218003o,16225001,16275000,16250099,49625,0.0086,0.0081,0.0087,0.025,0.0032,0.0104,0.0082,0.0099,0.0096,0.0083,0.0094,0.0315,0.0211,0.0132,0.0118,0.0259,0.0261,0.0084,0.0312,0.0208,0.0132,0.0113,0.0254,0.0256,0.0307,0.0214,0.0131,0.0124,0.0255,0.0257,0.0335,0.0306,0.0305,0.0301,0.0304,0.0211,0.0209,0.0266,0.027,0.0111,0.0224,0.0226,0.0232,0.0234,0.0095,-0.0019,0.0427,0.3384,0.5802,0.174,0.1762,0.4894,0.4982,-0.0024,0.3423,0.5891,0.1837,0.1731,0.4929,0.5021,0.3252,0.5806,0.1659,0.1987,0.4804,0.4889,0.4465,0.3003,0.3316,0.2995,0.3083,0.5293,0.5891,0.6215,0.6318,0.0957,0.393,0.4022,0.4565,0.4645,-0.0119
Hmel218003o,16250001,16300000,16274943,49518,0.0084,0.008,0.0097,0.0245,0.0028,0.0126,0.0105,0.0084,0.0098,0.0082,0.01,0.0266,0.0259,0.0153,0.013,0.0252,0.0258,0.0089,0.0262,0.0259,0.0155,0.013,0.0248,0.0254,0.0253,0.0264,0.016,0.0146,0.0247,0.0252,0.0341,0.0264,0.0264,0.0309,0.0315,0.0253,0.0253,0.0281,0.0283,0.0129,0.0202,0.0207,0.0214,0.0219,0.0093,0.004,0.0566,0.2751,0.6593,0.1981,0.1688,0.5176,0.4956,0.0024,0.2731,0.6682,0.213,0.1775,0.5192,0.497,0.2304,0.6324,0.1881,0.1908,0.481,0.4587,0.4648,0.2047,0.2368,0.3394,0.3255,0.5477,0.5973,0.6806,0.6488,0.0572,0.3307,0.31,0.4033,0.3814,0.008
Hmel218003o,16275001,16325000,16300121,49580,0.0076,0.0071,0.0087,0.0255,0.003,0.0092,0.0099,0.0082,0.0101,0.0076,0.009,0.0284,0.0267,0.018,0.0158,0.0284,0.0283,0.0076,0.0286,0.0268,0.0187,0.0157,0.0285,0.0283,0.0279,0.0269,0.0194,0.0168,0.0285,0.0284,0.0349,0.0266,0.0267,0.0298,0.0301,0.0271,0.0272,0.0295,0.029,0.0117,0.0197,0.0198,0.021,0.0212,0.0095,0.0199,0.0566,0.3017,0.6838,0.3773,0.2987,0.581,0.5396,-0.0177,0.3127,0.6979,0.4068,0.3096,0.5929,0.5501,0.2779,0.6595,0.3836,0.3021,0.5599,0.5187,0.4582,0.2479,0.2384,0.3146,0.289,0.6473,0.6319,0.6957,0.6468,0.1067,0.4018,0.3586,0.414,0.3724,0.0188
Hmel218003o,16300001,16350000,16324998,49979,0.0062,0.0061,0.0061,0.023,0.0037,0.0083,0.0108,0.0091,0.0104,0.0066,0.007,0.029,0.0206,0.0172,0.0203,0.0295,0.0288,0.0057,0.0296,0.0208,0.0182,0.0204,0.0298,0.0291,0.0293,0.0209,0.0184,0.0207,0.0299,0.0293,0.0299,0.0268,0.0293,0.0307,0.0305,0.0232,0.0249,0.0284,0.0278,0.0133,0.0203,0.0201,0.0188,0.0186,0.0099,0.0363,0.0677,0.3664,0.6276,0.4234,0.4255,0.604,0.5696,-0.0298,0.3762,0.6338,0.4483,0.4299,0.6092,0.5747,0.373,0.6366,0.4555,0.437,0.6111,0.5777,0.4204,0.2976,0.2966,0.344,0.3218,0.6044,0.5645,0.6464,0.611,0.1729,0.4145,0.3807,0.3221,0.2872,0.0086
Hmel218003o,16325001,16375000,16349794,49459,0.0059,0.0053,0.0054,0.0229,0.0043,0.0108,0.0116,0.0104,0.0112,0.0063,0.0064,0.0277,0.0206,0.0185,0.0181,0.0321,0.031,0.0052,0.0276,0.0207,0.019,0.018,0.0323,0.0313,0.0277,0.0207,0.019,0.0182,0.0323,0.0314,0.0298,0.0308,0.0319,0.0376,0.037,0.0242,0.0247,0.031,0.0305,0.0184,0.022,0.0213,0.0224,0.0218,0.0107,0.0648,0.069,0.3536,0.6198,0.394,0.3637,0.6114,0.5836,-0.021,0.363,0.6395,0.4202,0.3749,0.6252,0.5977,0.3629,0.637,0.4195,0.377,0.6234,0.597,0.4117,0.3217,0.3239,0.4124,0.3938,0.5415,0.5295,0.6335,0.6102,0.2559,0.3656,0.3338,0.3572,0.3259,-0.0044
Hmel218003o,16350001,16400000,16375052,49456,0.0073,0.0063,0.0072,0.0255,0.0055,0.0124,0.0115,0.0102,0.0104,0.0075,0.0077,0.0328,0.0242,0.0212,0.0171,0.0325,0.0321,0.0066,0.0325,0.0242,0.0212,0.0166,0.0324,0.0319,0.0322,0.0241,0.0213,0.0169,0.0324,0.0321,0.0353,0.0354,0.0331,0.0372,0.037,0.028,0.0263,0.033,0.033,0.0186,0.0208,0.0206,0.0234,0.0232,0.0099,0.0563,0.0374,0.3702,0.5973,0.3815,0.3025,0.5922,0.5832,-0.0124,0.3806,0.6234,0.4033,0.3152,0.61,0.6007,0.3639,0.5984,0.385,0.3005,0.5934,0.5855,0.4251,0.3302,0.312,0.3811,0.3756,0.5313,0.5258,0.6308,0.6259,0.2271,0.3089,0.2996,0.3814,0.3715,-0.0219
Hmel218003o,16375001,16425000,16399911,49758,0.0063,0.0063,0.0067,0.022,0.0054,0.0118,0.0103,0.0104,0.0103,0.0067,0.0066,0.0308,0.027,0.0141,0.0188,0.0266,0.0265,0.0066,0.0305,0.0271,0.014,0.0185,0.0261,0.0259,0.0302,0.0271,0.0139,0.0183,0.0262,0.026,0.0358,0.0296,0.0299,0.0302,0.03,0.0278,0.0278,0.03,0.03,0.0145,0.0203,0.02,0.0179,0.0176,0.01,0.0298,0.0076,0.4035,0.6594,0.2281,0.4023,0.5385,0.5393,0.0079,0.3992,0.6601,0.2228,0.3937,0.5305,0.531,0.3896,0.6516,0.211,0.3824,0.5238,0.5248,0.4769,0.2989,0.326,0.3284,0.3292,0.5442,0.5762,0.5995,0.6023,0.1408,0.3058,0.3016,0.2779,0.2756,-0.0185
Hmel218003o,16400001,16450000,16424898,49512,0.0064,0.0069,0.0063,0.0235,0.0053,0.0111,0.0079,0.0097,0.0084,0.007,0.0063,0.0266,0.0277,0.0118,0.0152,0.0257,0.0246,0.0072,0.0264,0.0279,0.0121,0.0158,0.0253,0.0242,0.0264,0.0283,0.0116,0.0151,0.0256,0.0243,0.0344,0.0263,0.0268,0.0307,0.0299,0.026,0.0267,0.0282,0.0273,0.0115,0.02,0.0188,0.019,0.018,0.0088,0.0311,-0.0035,0.3214,0.6671,0.1578,0.375,0.5412,0.5554,0.048,0.3088,0.6571,0.1584,0.3774,0.5236,0.5371,0.3196,0.675,0.1528,0.378,0.5417,0.5534,0.4434,0.2377,0.2973,0.3301,0.3383,0.5372,0.6191,0.5967,0.6151,0.1034,0.332,0.3311,0.3835,0.3919,-0.0145
Hmel218003o,16425001,16475000,16437749,25409,0.0066,0.0073,0.0065,0.0254,0.006,0.0112,0.0084,0.0077,0.0065,0.0075,0.0064,0.0273,0.0265,0.0115,0.0126,0.0264,0.0255,0.0078,0.0271,0.0269,0.0124,0.0138,0.026,0.0252,0.0271,0.0272,0.0116,0.0131,0.0266,0.0255,0.0345,0.0266,0.0262,0.0319,0.0311,0.0246,0.0256,0.0269,0.0259,0.0104,0.02,0.019,0.0201,0.0193,0.0069,0.0392,-0.0083,0.3046,0.6313,0.1361,0.2667,0.5895,0.6062,0.0632,0.2885,0.6174,0.1532,0.2876,0.567,0.5848,0.3032,0.642,0.1457,0.2879,0.5947,0.6093,0.4104,0.2187,0.2563,0.3523,0.3602,0.4987,0.5756,0.6091,0.6254,0.0301,0.373,0.3799,0.4428,0.4578,-0.0205
