scaffold,start,end,mid,sites,pi_Hmel.mal.col,pi_Hmel.agl.per,pi_Hmel.ama.per,pi_Hmel.mel.gui,pi_Hnum.bsl.bra,pi_Htim.flo.per,pi_Htim.the.per,pi_Hcyd.chi.pan,pi_Hcyd.zel.col,dxy_Hmel.mal.col_Hmel.agl.per,dxy_Hmel.mal.col_Hmel.ama.per,dxy_Hmel.mal.col_Hmel.mel.gui,dxy_Hmel.mal.col_Hnum.bsl.bra,dxy_Hmel.mal.col_Htim.flo.per,dxy_Hmel.mal.col_Htim.the.per,dxy_Hmel.mal.col_Hcyd.chi.pan,dxy_Hmel.mal.col_Hcyd.zel.col,dxy_Hmel.agl.per_Hmel.ama.per,dxy_Hmel.agl.per_Hmel.mel.gui,dxy_Hmel.agl.per_Hnum.bsl.bra,dxy_Hmel.agl.per_Htim.flo.per,dxy_Hmel.agl.per_Htim.the.per,dxy_Hmel.agl.per_Hcyd.chi.pan,dxy_Hmel.agl.per_Hcyd.zel.col,dxy_Hmel.ama.per_Hmel.mel.gui,dxy_Hmel.ama.per_Hnum.bsl.bra,dxy_Hmel.ama.per_Htim.flo.per,dxy_Hmel.ama.per_Htim.the.per,dxy_Hmel.ama.per_Hcyd.chi.pan,dxy_Hmel.ama.per_Hcyd.zel.col,dxy_Hmel.mel.gui_Hnum.bsl.bra,dxy_Hmel.mel.gui_Htim.flo.per,dxy_Hmel.mel.gui_Htim.the.per,dxy_Hmel.mel.gui_Hcyd.chi.pan,dxy_Hmel.mel.gui_Hcyd.zel.col,dxy_Hnum.bsl.bra_Htim.flo.per,dxy_Hnum.bsl.bra_Htim.the.per,dxy_Hnum.bsl.bra_Hcyd.chi.pan,dxy_Hnum.bsl.bra_Hcyd.zel.col,dxy_Htim.flo.per_Htim.the.per,dxy_Htim.flo.per_Hcyd.chi.pan,dxy_Htim.flo.per_Hcyd.zel.col,dxy_Htim.the.per_Hcyd.chi.pan,dxy_Htim.the.per_Hcyd.zel.col,dxy_Hcyd.chi.pan_Hcyd.zel.col,Fst_Hmel.mal.col_Hmel.agl.per,Fst_Hmel.mal.col_Hmel.ama.per,Fst_Hmel.mal.col_Hmel.mel.gui,Fst_Hmel.mal.col_Hnum.bsl.bra,Fst_Hmel.mal.col_Htim.flo.per,Fst_Hmel.mal.col_Htim.the.per,Fst_Hmel.mal.col_Hcyd.chi.pan,Fst_Hmel.mal.col_Hcyd.zel.col,Fst_Hmel.agl.per_Hmel.ama.per,Fst_Hmel.agl.per_Hmel.mel.gui,Fst_Hmel.agl.per_Hnum.bsl.bra,Fst_Hmel.agl.per_Htim.flo.per,Fst_Hmel.agl.per_Htim.the.per,Fst_Hmel.agl.per_Hcyd.chi.pan,Fst_Hmel.agl.per_Hcyd.zel.col,Fst_Hmel.ama.per_Hmel.mel.gui,Fst_Hmel.ama.per_Hnum.bsl.bra,Fst_Hmel.ama.per_Htim.flo.per,Fst_Hmel.ama.per_Htim.the.per,Fst_Hmel.ama.per_Hcyd.chi.pan,Fst_Hmel.ama.per_Hcyd.zel.col,Fst_Hmel.mel.gui_Hnum.bsl.bra,Fst_Hmel.mel.gui_Htim.flo.per,Fst_Hmel.mel.gui_Htim.the.per,Fst_Hmel.mel.gui_Hcyd.chi.pan,Fst_Hmel.mel.gui_Hcyd.zel.col,Fst_Hnum.bsl.bra_Htim.flo.per,Fst_Hnum.bsl.bra_Htim.the.per,Fst_Hnum.bsl.bra_Hcyd.chi.pan,Fst_Hnum.bsl.bra_Hcyd.zel.col,Fst_Htim.flo.per_Htim.the.per,Fst_Htim.flo.per_Hcyd.chi.pan,Fst_Htim.flo.per_Hcyd.zel.col,Fst_Htim.the.per_Hcyd.chi.pan,Fst_Htim.the.per_Hcyd.zel.col,Fst_Hcyd.chi.pan_Hcyd.zel.col
Hmel210001o,1,50000,25009,49896,0.0085,0.0037,0.0036,0.0241,0.0029,0.0066,0.011,0.0083,0.0071,0.007,0.0067,0.0234,0.0265,0.0186,0.0132,0.0228,0.0217,0.0034,0.0228,0.0278,0.0226,0.0145,0.0261,0.0253,0.0225,0.027,0.022,0.014,0.0256,0.0245,0.0336,0.0265,0.0248,0.027,0.027,0.0261,0.0261,0.0257,0.025,0.0115,0.0117,0.0115,0.0161,0.0157,0.0079,0.0736,0.052,0.2196,0.6599,0.4382,0.1567,0.4776,0.4876,-0.0337,0.2946,0.798,0.6447,0.3414,0.6422,0.6627,0.2894,0.7945,0.6377,0.3275,0.6382,0.6552,0.4638,0.3074,0.206,0.2882,0.307,0.7057,0.5946,0.658,0.6809,0.1406,0.2336,0.2663,0.2629,0.2802,0.0137
Hmel210001o,25001,75000,49984,49860,0.0131,0.0046,0.0048,0.0226,0.004,0.0059,0.0114,0.0094,0.0075,0.0101,0.01,0.0225,0.0304,0.0206,0.017,0.0234,0.023,0.0043,0.0214,0.0312,0.0268,0.0196,0.0284,0.028,0.0212,0.031,0.0265,0.0195,0.0282,0.0279,0.0365,0.0299,0.0252,0.0308,0.0307,0.0313,0.0312,0.0305,0.0302,0.0114,0.0114,0.0111,0.0164,0.0161,0.0087,0.07,0.0573,0.1429,0.5776,0.3847,0.1704,0.366,0.3976,-0.0457,0.2717,0.7699,0.6865,0.4355,0.6205,0.6608,0.263,0.7627,0.6771,0.4265,0.6135,0.6541,0.4978,0.3897,0.223,0.3468,0.3754,0.7401,0.6189,0.6553,0.6952,0.1442,0.2103,0.2608,0.2366,0.2731,0.0174
Hmel210001o,50001,100000,75014,49831,0.0121,0.0054,0.0065,0.0198,0.0049,0.0052,0.0092,0.0091,0.0075,0.0097,0.0105,0.0199,0.0321,0.0195,0.0157,0.0212,0.0211,0.0059,0.0185,0.0321,0.0245,0.0186,0.0247,0.0245,0.0192,0.0317,0.0246,0.0189,0.0249,0.0249,0.036,0.0276,0.0234,0.0275,0.0276,0.0326,0.0321,0.0325,0.0325,0.0098,0.0112,0.0111,0.0154,0.0153,0.0085,0.057,0.0654,0.1355,0.599,0.4014,0.2045,0.3477,0.3817,-0.0087,0.2373,0.7385,0.6607,0.4547,0.562,0.6003,0.2286,0.7088,0.6302,0.4282,0.537,0.5752,0.5172,0.411,0.2655,0.3391,0.3691,0.7451,0.6561,0.6606,0.6944,0.1624,0.2293,0.2832,0.2676,0.3075,0.014
Hmel210001o,75001,125000,99955,49813,0.0116,0.0051,0.0059,0.0175,0.0044,0.0051,0.0088,0.0092,0.0085,0.0091,0.0099,0.0172,0.0315,0.0193,0.0163,0.0217,0.0216,0.0056,0.0147,0.0316,0.023,0.019,0.0242,0.024,0.0155,0.0313,0.0232,0.0194,0.0247,0.0245,0.0342,0.027,0.0242,0.0277,0.0278,0.0313,0.0311,0.0317,0.0315,0.0093,0.013,0.0135,0.0146,0.0151,0.0096,0.0448,0.0658,0.1045,0.609,0.4101,0.2406,0.3676,0.3795,0.0121,0.1796,0.7496,0.6511,0.4807,0.5608,0.5732,0.1811,0.7287,0.6312,0.4656,0.5473,0.5597,0.539,0.4392,0.3216,0.3735,0.386,0.7474,0.663,0.6608,0.6727,0.1504,0.3029,0.3432,0.2484,0.2819,0.0452
Hmel210001o,100001,150000,124950,49701,0.0153,0.0086,0.0059,0.0209,0.0043,0.01,0.0122,0.0122,0.0105,0.0125,0.0115,0.0242,0.0351,0.0209,0.0195,0.0253,0.0251,0.0072,0.0213,0.0351,0.025,0.0231,0.0286,0.0284,0.0219,0.0353,0.0247,0.0227,0.029,0.0287,0.0382,0.0302,0.0296,0.0325,0.0324,0.0369,0.0368,0.0373,0.0369,0.0124,0.0166,0.0167,0.0177,0.0178,0.0124,0.0251,0.0438,0.1626,0.5792,0.2588,0.1821,0.3083,0.3351,-0.002,0.2171,0.7033,0.4735,0.3955,0.4827,0.512,0.2828,0.7597,0.5297,0.4462,0.5398,0.5709,0.532,0.3511,0.3067,0.3477,0.3719,0.6897,0.6496,0.6522,0.6794,0.0602,0.2076,0.2514,0.1928,0.2311,0.0447
Hmel210001o,125001,175000,149977,49674,0.0123,0.0115,0.0065,0.0235,0.0041,0.0112,0.0147,0.0116,0.0118,0.0123,0.0101,0.0328,0.0395,0.0241,0.0191,0.0281,0.0281,0.0088,0.03,0.0393,0.0277,0.0222,0.0308,0.0308,0.0317,0.0394,0.0265,0.0207,0.03,0.03,0.0409,0.0367,0.0347,0.0383,0.0382,0.041,0.0408,0.0423,0.0421,0.0153,0.0174,0.0174,0.0211,0.0211,0.0124,0.0207,0.0377,0.3197,0.6713,0.36,0.1837,0.4191,0.4164,-0.0092,0.2913,0.6823,0.4341,0.2702,0.4703,0.4672,0.3922,0.7745,0.5159,0.3373,0.5526,0.5495,0.524,0.3834,0.3121,0.3955,0.3923,0.6986,0.6407,0.7001,0.6959,0.0906,0.2188,0.2157,0.2446,0.2415,0.0328
Hmel210001o,150001,200000,175014,49809,0.0069,0.0092,0.0067,0.0221,0.003,0.0117,0.0152,0.0119,0.0142,0.0087,0.0074,0.0339,0.0397,0.0267,0.021,0.0327,0.0324,0.0079,0.0327,0.0398,0.0281,0.022,0.0339,0.0336,0.0339,0.04,0.0275,0.0212,0.033,0.0327,0.0405,0.0374,0.0359,0.0385,0.0383,0.0394,0.0396,0.0412,0.0408,0.0162,0.0193,0.0195,0.0236,0.0237,0.0141,0.0392,0.0396,0.4302,0.7882,0.4997,0.3243,0.5697,0.5252,0.0001,0.3811,0.747,0.4747,0.3007,0.5421,0.5011,0.4336,0.7937,0.5149,0.3316,0.5759,0.5324,0.5551,0.4009,0.3351,0.4107,0.3779,0.6995,0.6407,0.7079,0.667,0.0981,0.2545,0.2135,0.2832,0.2469,0.0441
Hmel210001o,175001,225000,199973,49834,0.0072,0.0063,0.0076,0.0207,0.0039,0.0106,0.013,0.0143,0.0152,0.0075,0.0078,0.0249,0.0401,0.0267,0.0236,0.0323,0.032,0.0071,0.0247,0.0404,0.0269,0.0235,0.0326,0.0324,0.0252,0.0405,0.0273,0.0239,0.0329,0.0326,0.0418,0.0313,0.0305,0.0326,0.0325,0.0402,0.0399,0.0405,0.04,0.0134,0.0198,0.0196,0.0217,0.0214,0.0157,0.0525,0.0263,0.317,0.7694,0.5172,0.4158,0.5166,0.4983,0.0094,0.3286,0.787,0.5374,0.4321,0.5348,0.5166,0.3141,0.7641,0.5171,0.4131,0.5168,0.4984,0.5709,0.3589,0.3093,0.319,0.3049,0.7092,0.6655,0.6484,0.6304,0.0671,0.2403,0.2174,0.2393,0.2165,0.0341
Hmel210001o,200001,250000,224913,49604,0.0066,0.0069,0.0078,0.0248,0.0049,0.0104,0.0124,0.0155,0.0158,0.0077,0.0077,0.0221,0.0405,0.0263,0.0232,0.031,0.0303,0.0072,0.0222,0.0408,0.0266,0.0233,0.0314,0.0307,0.0225,0.0409,0.0269,0.0235,0.0318,0.0309,0.0424,0.0306,0.0292,0.0323,0.0318,0.0414,0.0413,0.0412,0.0408,0.0128,0.019,0.0189,0.021,0.0205,0.016,0.069,0.0393,0.2187,0.7642,0.5288,0.4349,0.4917,0.4775,-0.0126,0.214,0.7591,0.5257,0.4299,0.4904,0.4764,0.2044,0.7444,0.5114,0.4156,0.4804,0.4648,0.5106,0.3016,0.2501,0.2542,0.2435,0.7021,0.6684,0.6187,0.6111,0.0636,0.2013,0.1923,0.2115,0.1949,0.0123
Hmel210001o,225001,275000,250028,49730,0.0089,0.0108,0.0101,0.0267,0.0034,0.0092,0.0095,0.0135,0.0138,0.0108,0.0111,0.0253,0.0335,0.0184,0.0172,0.024,0.0235,0.0101,0.0243,0.0341,0.0218,0.0208,0.026,0.026,0.0227,0.0342,0.0226,0.0213,0.0263,0.0262,0.0384,0.0305,0.0301,0.0306,0.0308,0.0344,0.0351,0.0341,0.0346,0.0103,0.0169,0.0165,0.0187,0.0181,0.014,0.0468,0.0834,0.2155,0.703,0.355,0.3173,0.3801,0.3638,-0.0183,0.1677,0.6681,0.3847,0.3575,0.3786,0.3713,0.1472,0.6844,0.416,0.3862,0.3979,0.3893,0.4716,0.2946,0.2845,0.237,0.2347,0.7019,0.702,0.6181,0.6154,0.0494,0.2074,0.1863,0.2525,0.2271,0.0119
Hmel210001o,250001,300000,275000,50000,0.0116,0.0125,0.0086,0.025,0.0045,0.007,0.0055,0.0097,0.01,0.0154,0.0175,0.0274,0.0286,0.0152,0.0183,0.0232,0.0236,0.0107,0.0234,0.0308,0.0226,0.0245,0.0273,0.028,0.0207,0.0313,0.025,0.0263,0.0284,0.0291,0.0365,0.0331,0.0342,0.0343,0.035,0.0313,0.0323,0.0321,0.0329,0.0085,0.0169,0.0171,0.0149,0.0153,0.0105,0.1278,0.2813,0.2311,0.5747,0.2523,0.3772,0.385,0.386,0.006,0.143,0.5827,0.4145,0.4798,0.438,0.4424,0.1496,0.6686,0.542,0.5938,0.5292,0.531,0.459,0.3845,0.419,0.3599,0.3635,0.704,0.744,0.6529,0.6529,0.1642,0.3545,0.3518,0.3382,0.3409,0.0329
Hmel210001o,275001,325000,299921,49818,0.0153,0.0139,0.0094,0.0291,0.0055,0.0115,0.0108,0.0132,0.0123,0.0193,0.0202,0.032,0.033,0.0223,0.0256,0.0307,0.031,0.0115,0.0287,0.0344,0.0271,0.03,0.0339,0.0343,0.0274,0.0349,0.0281,0.0301,0.034,0.0344,0.0406,0.035,0.0367,0.0381,0.0381,0.0365,0.0376,0.038,0.0382,0.0143,0.0215,0.0222,0.0185,0.0195,0.0132,0.1462,0.2518,0.2101,0.5367,0.2611,0.3398,0.3812,0.3986,-0.006,0.1764,0.5758,0.3772,0.4338,0.4455,0.463,0.2177,0.6618,0.4728,0.5142,0.5171,0.5359,0.4383,0.2999,0.3296,0.3158,0.326,0.6368,0.6583,0.6207,0.6366,0.1325,0.2829,0.3159,0.2264,0.2677,0.0177
Hmel210001o,300001,350000,325005,49772,0.0152,0.0142,0.013,0.0274,0.0043,0.0117,0.013,0.0139,0.0121,0.0168,0.0152,0.0268,0.037,0.0197,0.0188,0.0259,0.0259,0.0135,0.0275,0.0367,0.0205,0.0209,0.0257,0.0257,0.0266,0.0364,0.0198,0.0194,0.0259,0.0261,0.0402,0.0277,0.0272,0.0304,0.0302,0.0379,0.0383,0.0375,0.0376,0.0146,0.0199,0.02,0.0206,0.0206,0.0134,0.0703,0.0411,0.143,0.5982,0.201,0.1535,0.2942,0.3253,-0.0045,0.1689,0.6116,0.2371,0.2226,0.3058,0.3376,0.1703,0.6307,0.2442,0.2079,0.331,0.3663,0.4689,0.2089,0.1812,0.22,0.2426,0.6656,0.6461,0.6242,0.6569,0.092,0.2277,0.2672,0.2205,0.2565,0.018
Hmel210001o,325001,375000,350012,49934,0.0126,0.0162,0.0159,0.0245,0.0054,0.0132,0.0126,0.0114,0.0093,0.0149,0.0144,0.0252,0.0352,0.0182,0.0177,0.0257,0.0254,0.0157,0.0259,0.0353,0.0192,0.0186,0.0245,0.0241,0.0254,0.0353,0.0187,0.0171,0.0246,0.0243,0.0376,0.0277,0.0263,0.0294,0.0293,0.0357,0.0356,0.035,0.0352,0.015,0.0187,0.0189,0.0202,0.02,0.0111,0.0199,0.0047,0.1823,0.608,0.1782,0.1775,0.3778,0.4126,-0.0119,0.1434,0.5477,0.1396,0.1366,0.2934,0.3228,0.1371,0.5525,0.1315,0.0964,0.2998,0.3311,0.4641,0.2189,0.2037,0.2731,0.303,0.6016,0.6127,0.628,0.6686,0.0789,0.2179,0.267,0.267,0.3063,0.0364
Hmel210001o,350001,400000,374328,47783,0.0124,0.0162,0.0156,0.0236,0.0058,0.0161,0.0136,0.0145,0.013,0.014,0.0144,0.0306,0.0359,0.02,0.0183,0.0301,0.0299,0.0153,0.0308,0.0363,0.0207,0.0188,0.0299,0.0298,0.0311,0.0371,0.0207,0.0178,0.0292,0.0291,0.0383,0.0322,0.0313,0.0327,0.033,0.0359,0.0362,0.0354,0.0358,0.0168,0.0236,0.0238,0.0249,0.0249,0.0142,-0.0124,0.0136,0.2857,0.6109,0.178,0.1781,0.3969,0.4184,-0.0224,0.234,0.5498,0.1296,0.1213,0.335,0.3554,0.2485,0.5675,0.1398,0.1054,0.3329,0.3544,0.4758,0.2574,0.2797,0.2867,0.3107,0.5488,0.5931,0.5696,0.5989,0.0679,0.2244,0.2528,0.2925,0.3172,0.0159
Hmel210001o,375001,425000,400471,47794,0.0136,0.014,0.0138,0.0233,0.0052,0.0169,0.0128,0.0153,0.0149,0.0135,0.014,0.0289,0.0362,0.0189,0.0149,0.0302,0.0299,0.0141,0.029,0.0362,0.0189,0.0151,0.0293,0.0291,0.0292,0.0367,0.019,0.0148,0.0303,0.03,0.0374,0.0302,0.0289,0.0309,0.0312,0.0348,0.0355,0.035,0.0353,0.0169,0.0275,0.0275,0.029,0.0288,0.015,-0.0141,0.0127,0.2458,0.6035,0.113,0.0625,0.3675,0.3701,0.0062,0.2409,0.5963,0.1053,0.0635,0.3483,0.3511,0.2477,0.6051,0.1144,0.0582,0.3666,0.3686,0.4803,0.2199,0.2573,0.2532,0.2625,0.5359,0.6113,0.5642,0.5739,0.0707,0.2761,0.282,0.3618,0.3655,-0.0008
Hmel210001o,400001,450000,424914,49727,0.0111,0.0107,0.0108,0.0249,0.0054,0.0178,0.0128,0.0127,0.0121,0.0109,0.0115,0.0231,0.031,0.0185,0.0144,0.028,0.028,0.0109,0.0225,0.0305,0.0187,0.0143,0.0274,0.0274,0.0228,0.0307,0.0185,0.0141,0.0282,0.0282,0.0341,0.0268,0.0245,0.0294,0.0294,0.0308,0.0303,0.0322,0.0323,0.0169,0.0245,0.0243,0.0267,0.0267,0.0123,-0.0016,0.0236,0.1604,0.595,0.1318,0.0977,0.4192,0.43,0.0056,0.1539,0.5978,0.1422,0.104,0.4171,0.4291,0.1589,0.5971,0.1361,0.0944,0.4275,0.438,0.4206,0.132,0.1611,0.2492,0.2574,0.4685,0.5535,0.5768,0.5889,0.0539,0.2442,0.2494,0.3686,0.3791,-0.004
Hmel210001o,425001,475000,450042,49731,0.009,0.008,0.0094,0.0289,0.0044,0.0136,0.0122,0.0126,0.0109,0.0095,0.0097,0.024,0.0269,0.0187,0.0151,0.0331,0.033,0.0086,0.024,0.0274,0.0188,0.0143,0.0337,0.0338,0.0242,0.0278,0.0198,0.0156,0.0336,0.0337,0.0328,0.0279,0.0264,0.0362,0.0356,0.0288,0.0276,0.0342,0.0345,0.0139,0.0279,0.0274,0.031,0.031,0.012,0.0595,0.0284,0.166,0.6172,0.2606,0.1856,0.5243,0.5529,-0.0061,0.1805,0.6459,0.2835,0.1825,0.5477,0.579,0.1627,0.6155,0.2775,0.1906,0.5218,0.5512,0.3704,0.1705,0.1625,0.3023,0.3154,0.54,0.5537,0.6161,0.6507,0.0428,0.3759,0.3977,0.4446,0.473,0.0076
Hmel210001o,450001,500000,474965,49889,0.0168,0.0167,0.0184,0.0278,0.0036,0.0107,0.017,0.0175,0.0149,0.0185,0.0183,0.03,0.0323,0.0258,0.0225,0.037,0.0366,0.0177,0.0309,0.033,0.0265,0.0217,0.0377,0.0377,0.03,0.0337,0.0272,0.0228,0.0372,0.037,0.0369,0.0318,0.031,0.0372,0.0365,0.0341,0.0333,0.0387,0.039,0.0192,0.0312,0.0302,0.0346,0.0343,0.0167,0.0543,0.0198,0.1725,0.5356,0.3194,0.15,0.381,0.4112,0.0048,0.1885,0.5458,0.3337,0.1337,0.3915,0.425,0.1525,0.5233,0.3171,0.1327,0.3635,0.394,0.4416,0.281,0.1862,0.265,0.2882,0.6677,0.5437,0.5864,0.6312,0.1723,0.3929,0.4204,0.3491,0.3801,0.0162
Hmel210001o,475001,525000,498676,46881,0.0186,0.0191,0.0194,0.0266,0.0047,0.0133,0.0197,0.0202,0.0181,0.0203,0.0199,0.0309,0.0397,0.0244,0.0226,0.0335,0.0328,0.0195,0.0318,0.0396,0.0258,0.0227,0.0349,0.0342,0.0312,0.0403,0.0253,0.0223,0.0336,0.033,0.0424,0.0327,0.0319,0.035,0.0348,0.0398,0.0401,0.04,0.0403,0.0217,0.0281,0.0269,0.031,0.0302,0.0198,0.0403,0.0264,0.1757,0.5625,0.2212,0.0886,0.2798,0.2955,0.0068,0.1832,0.5546,0.2399,0.084,0.2928,0.3102,0.1687,0.5551,0.2254,0.0699,0.2699,0.2888,0.4929,0.2704,0.1759,0.2144,0.2376,0.6455,0.5489,0.5405,0.5747,0.1441,0.2646,0.2754,0.2279,0.2414,0.0172
Hmel210001o,500001,550000,525245,46883,0.0131,0.0135,0.014,0.0224,0.0039,0.0136,0.015,0.0163,0.0157,0.0139,0.0146,0.0262,0.0385,0.0193,0.0164,0.0286,0.028,0.0136,0.027,0.0387,0.0208,0.0167,0.0305,0.0298,0.027,0.0389,0.0201,0.0165,0.0294,0.029,0.0393,0.0283,0.028,0.0311,0.0308,0.0375,0.0385,0.0375,0.0381,0.0184,0.0231,0.0226,0.0264,0.0259,0.0166,0.0246,0.0376,0.2175,0.6523,0.1909,0.0823,0.3337,0.3336,-0.005,0.2273,0.6482,0.2232,0.0833,0.3589,0.3572,0.2183,0.6403,0.195,0.0684,0.3326,0.3358,0.5282,0.2467,0.2195,0.2504,0.2546,0.6364,0.6207,0.5907,0.6059,0.1312,0.2247,0.224,0.2674,0.2679,0.0205
Hmel210001o,525001,575000,549918,48819,0.0135,0.0145,0.0148,0.0213,0.0037,0.0103,0.014,0.0176,0.0165,0.0142,0.0144,0.026,0.0375,0.0209,0.0171,0.0277,0.0274,0.0142,0.0266,0.0377,0.0224,0.0176,0.0283,0.028,0.0262,0.0379,0.0224,0.0178,0.0282,0.0279,0.0388,0.029,0.0286,0.0302,0.0295,0.0371,0.0375,0.0355,0.0355,0.017,0.0226,0.0223,0.0251,0.0252,0.0172,0.0085,0.0116,0.2211,0.6422,0.2875,0.1163,0.2938,0.3044,-0.0173,0.2171,0.6269,0.3004,0.1114,0.29,0.3001,0.2047,0.6241,0.2956,0.113,0.2845,0.2945,0.5421,0.3219,0.2597,0.2311,0.235,0.6966,0.6342,0.5547,0.5722,0.1759,0.2474,0.2616,0.2396,0.2575,0.0038
Hmel210001o,550001,600000,575414,48872,0.0175,0.0174,0.018,0.0238,0.0057,0.012,0.0169,0.0203,0.0192,0.0178,0.0179,0.0287,0.0371,0.0212,0.0197,0.0306,0.0296,0.0173,0.0282,0.0369,0.0224,0.02,0.0308,0.0299,0.0278,0.0375,0.0222,0.0199,0.0306,0.0295,0.0397,0.0312,0.0302,0.0331,0.0321,0.037,0.0366,0.0355,0.0344,0.0175,0.0271,0.0267,0.0285,0.0277,0.0197,0.0116,0.0045,0.1811,0.5406,0.1892,0.0725,0.2483,0.2464,-0.0116,0.1739,0.5401,0.2188,0.0817,0.2528,0.2524,0.1578,0.5353,0.2032,0.0705,0.2411,0.237,0.4887,0.2976,0.2146,0.2124,0.212,0.6294,0.5452,0.4804,0.4847,0.1005,0.2655,0.2739,0.2216,0.2226,-0.0014
Hmel210001o,575001,625000,599982,48878,0.0202,0.0193,0.0198,0.0247,0.0067,0.0172,0.0201,0.0225,0.0204,0.0201,0.0202,0.0287,0.0366,0.0224,0.0214,0.0319,0.0317,0.0192,0.0277,0.0365,0.0234,0.0212,0.0325,0.0324,0.0275,0.0369,0.0226,0.0209,0.0326,0.0325,0.0379,0.0305,0.0294,0.0343,0.0342,0.0366,0.0366,0.0359,0.0353,0.0213,0.0299,0.0301,0.0316,0.0313,0.0216,0.0085,0.0069,0.1366,0.4788,0.0957,0.0318,0.2086,0.2299,-0.0105,0.1303,0.4906,0.1295,0.0386,0.2284,0.2522,0.1187,0.4877,0.104,0.0247,0.224,0.247,0.4454,0.2051,0.1476,0.1949,0.2195,0.5232,0.4792,0.4369,0.4606,0.0693,0.2123,0.2411,0.2043,0.2239,0.0035
Hmel210001o,600001,650000,625497,48841,0.021,0.0208,0.021,0.0259,0.0075,0.017,0.0209,0.0221,0.0206,0.0212,0.0215,0.0291,0.038,0.0231,0.023,0.0309,0.0313,0.0204,0.0283,0.0376,0.0238,0.0228,0.0309,0.0313,0.028,0.038,0.0237,0.0228,0.0317,0.0321,0.0387,0.0296,0.0299,0.0334,0.0342,0.0376,0.0384,0.0374,0.0378,0.0209,0.0284,0.0287,0.0303,0.0304,0.0216,0.0062,0.0115,0.1214,0.4694,0.1021,0.0488,0.1879,0.2108,-0.0119,0.1093,0.4689,0.1215,0.0481,0.1901,0.2135,0.1029,0.4703,0.1167,0.0461,0.2007,0.2245,0.4285,0.1814,0.136,0.1767,0.2059,0.5239,0.4757,0.4487,0.4735,0.0522,0.1934,0.2184,0.1797,0.1995,0.0054
Hmel210001o,625001,675000,650016,49902,0.0217,0.019,0.0209,0.0258,0.0091,0.0155,0.0206,0.0205,0.0211,0.0211,0.0218,0.0294,0.0383,0.0237,0.0236,0.0312,0.0309,0.0195,0.0285,0.038,0.0245,0.0228,0.032,0.0318,0.0285,0.0385,0.0248,0.0235,0.0323,0.032,0.0397,0.0302,0.0303,0.0331,0.0335,0.0365,0.0379,0.0369,0.037,0.02,0.0263,0.026,0.0294,0.0292,0.0207,0.0175,0.0118,0.1179,0.4414,0.1271,0.0577,0.2025,0.1904,-0.014,0.1375,0.4753,0.1821,0.0737,0.2478,0.2371,0.1127,0.4545,0.1616,0.0658,0.2293,0.2183,0.4181,0.2127,0.1476,0.1912,0.1896,0.5117,0.4518,0.4422,0.4353,0.0558,0.197,0.1835,0.1875,0.1758,-0.0026
Hmel210001o,650001,700000,674998,49970,0.0192,0.016,0.0178,0.0238,0.0077,0.0131,0.0163,0.0204,0.0199,0.0182,0.0185,0.0254,0.0403,0.0202,0.0194,0.0306,0.0301,0.0165,0.0248,0.0403,0.0198,0.0183,0.0311,0.0307,0.0251,0.0402,0.0204,0.0191,0.0312,0.0308,0.0411,0.0268,0.026,0.0324,0.0324,0.039,0.0399,0.0377,0.0376,0.0171,0.0276,0.0272,0.0297,0.0293,0.0202,0.016,-0.0008,0.0966,0.5154,0.1177,0.0478,0.2248,0.2241,-0.014,0.13,0.5617,0.1612,0.0659,0.2737,0.2744,0.1093,0.5344,0.1455,0.0587,0.2522,0.2531,0.4733,0.2112,0.1498,0.2004,0.2075,0.5949,0.5538,0.4724,0.4794,0.081,0.2569,0.2571,0.2468,0.2487,0.0014
Hmel210001o,675001,725000,699783,48182,0.0125,0.0132,0.0128,0.0202,0.0036,0.0075,0.0115,0.0149,0.0142,0.0128,0.0126,0.0197,0.0383,0.0145,0.0134,0.0237,0.0235,0.0126,0.0195,0.0377,0.0141,0.0133,0.0229,0.0226,0.0198,0.0377,0.0145,0.0133,0.0231,0.0229,0.0387,0.0211,0.0207,0.0275,0.0275,0.0377,0.0381,0.0361,0.0359,0.0123,0.021,0.0211,0.0223,0.0223,0.0148,0.0012,-0.0021,0.1171,0.6677,0.1941,0.0595,0.2817,0.289,-0.0158,0.1003,0.6519,0.1641,0.0426,0.253,0.2571,0.1142,0.6587,0.1853,0.0498,0.2637,0.2705,0.5566,0.2447,0.1598,0.2388,0.2489,0.7552,0.6844,0.6085,0.6183,0.1371,0.3179,0.334,0.271,0.2834,0.0101
Hmel210001o,700001,750000,725707,48191,0.0097,0.0112,0.0093,0.0194,0.0026,0.0038,0.0099,0.0095,0.0089,0.0104,0.0096,0.0183,0.0338,0.0133,0.0118,0.0167,0.0165,0.0103,0.0175,0.0334,0.0141,0.0125,0.0168,0.0166,0.0182,0.0334,0.014,0.0117,0.0167,0.0166,0.0356,0.0215,0.0204,0.0232,0.023,0.0328,0.033,0.0321,0.0319,0.0098,0.0123,0.0124,0.0141,0.0143,0.0093,-0.003,0.0061,0.1467,0.7066,0.3418,0.0979,0.2849,0.2942,0.002,0.0948,0.6732,0.319,0.09,0.2516,0.2591,0.152,0.7114,0.3772,0.1007,0.2919,0.3044,0.5565,0.3405,0.1932,0.2611,0.2684,0.8313,0.6946,0.6979,0.709,0.183,0.3118,0.3378,0.1939,0.2166,0.0082
Hmel210001o,725001,775000,749842,49488,0.0146,0.0146,0.0126,0.0226,0.0053,0.0095,0.0131,0.0135,0.0129,0.0147,0.0138,0.022,0.0349,0.0178,0.0156,0.021,0.0205,0.0136,0.0208,0.0352,0.0182,0.0159,0.022,0.0214,0.0211,0.0349,0.0183,0.0151,0.0219,0.0214,0.0373,0.0252,0.0235,0.0266,0.026,0.035,0.0346,0.0342,0.0339,0.014,0.0184,0.0176,0.0198,0.0192,0.014,0.0026,0.0064,0.1066,0.5719,0.2006,0.0632,0.2068,0.2066,0.0,0.0794,0.576,0.2131,0.0754,0.2323,0.2301,0.1209,0.6079,0.2589,0.0878,0.2659,0.2669,0.4859,0.2564,0.164,0.2166,0.2144,0.6653,0.5964,0.5847,0.5925,0.1128,0.241,0.2328,0.2069,0.2035,0.031
Hmel210001o,750001,800000,775083,49410,0.0173,0.018,0.0162,0.0252,0.0075,0.0168,0.018,0.0185,0.0193,0.0177,0.017,0.025,0.0388,0.0212,0.0195,0.0307,0.0311,0.017,0.0245,0.0386,0.021,0.0198,0.0308,0.0311,0.0241,0.039,0.0213,0.0193,0.0312,0.0316,0.0395,0.027,0.0267,0.0322,0.0321,0.0384,0.0388,0.0374,0.0373,0.0208,0.0279,0.028,0.0297,0.0299,0.02,0.0003,0.0072,0.1019,0.5304,0.1147,0.0524,0.2767,0.2716,-0.0019,0.0818,0.5192,0.0994,0.0514,0.2691,0.2633,0.0998,0.5494,0.1361,0.065,0.2984,0.2946,0.4446,0.1466,0.1244,0.2101,0.1978,0.5354,0.5204,0.4999,0.4868,0.0948,0.2378,0.2284,0.251,0.2442,0.0321
Hmel210001o,775001,825000,800027,49882,0.015,0.017,0.0154,0.0237,0.0064,0.0169,0.0175,0.0175,0.018,0.0162,0.0156,0.0258,0.0377,0.0196,0.0202,0.0315,0.032,0.0164,0.0251,0.0376,0.0201,0.0215,0.0309,0.0316,0.0247,0.0377,0.0197,0.0204,0.0307,0.0314,0.0389,0.026,0.0268,0.0309,0.031,0.0371,0.0376,0.0364,0.0363,0.0198,0.0264,0.027,0.0268,0.0274,0.0182,0.0052,0.0132,0.1673,0.5747,0.1095,0.1167,0.3339,0.3349,0.0078,0.1229,0.5406,0.0902,0.1171,0.2951,0.2998,0.1397,0.5678,0.1051,0.1133,0.3161,0.3196,0.4714,0.1416,0.1496,0.2172,0.213,0.5386,0.5347,0.5213,0.5135,0.0744,0.221,0.2252,0.2211,0.226,0.0143
Hmel210001o,800001,850000,825007,49947,0.0146,0.016,0.0147,0.0214,0.0056,0.0132,0.015,0.0172,0.0168,0.0156,0.0152,0.0234,0.0341,0.0163,0.0183,0.028,0.0277,0.0152,0.0229,0.0337,0.0178,0.0191,0.0276,0.0273,0.0227,0.0338,0.0172,0.0182,0.0278,0.0272,0.0355,0.0231,0.0237,0.0285,0.0281,0.0338,0.034,0.0338,0.0331,0.0157,0.0244,0.024,0.0245,0.024,0.0171,0.0104,0.0187,0.1506,0.5605,0.0832,0.1118,0.2897,0.2909,-0.0069,0.1179,0.5316,0.1034,0.1095,0.2602,0.262,0.1327,0.5541,0.1077,0.1062,0.2823,0.2798,0.4787,0.1658,0.1505,0.2072,0.2062,0.5808,0.5517,0.5127,0.512,0.0552,0.2435,0.2424,0.2175,0.2134,0.0045
Hmel210001o,825001,875000,850008,49899,0.0151,0.0164,0.0149,0.0227,0.0063,0.0126,0.0138,0.0185,0.018,0.0158,0.0153,0.0251,0.0338,0.0156,0.0162,0.0301,0.0297,0.0155,0.0247,0.033,0.0167,0.0165,0.0298,0.0292,0.0253,0.0338,0.0165,0.0165,0.0308,0.03,0.0343,0.0251,0.026,0.03,0.0296,0.0332,0.0338,0.0331,0.0324,0.0158,0.0285,0.028,0.0304,0.0296,0.0184,0.0016,0.0109,0.1638,0.536,0.0655,0.0628,0.2975,0.2974,-0.0051,0.1351,0.5048,0.0756,0.0469,0.2734,0.2704,0.1706,0.5401,0.099,0.0752,0.311,0.3055,0.4378,0.2031,0.2003,0.2013,0.1997,0.5746,0.5588,0.4724,0.4715,0.0957,0.3094,0.3065,0.3207,0.3151,0.0034
Hmel210001o,850001,900000,875012,49782,0.0147,0.0167,0.0157,0.0229,0.0048,0.0145,0.0129,0.0176,0.018,0.0158,0.0152,0.0271,0.0335,0.0167,0.0157,0.0299,0.0296,0.0161,0.0261,0.0335,0.0173,0.0167,0.0296,0.0293,0.0269,0.0341,0.0168,0.0165,0.0304,0.0299,0.0344,0.0266,0.0276,0.0298,0.0295,0.0336,0.034,0.033,0.033,0.0161,0.0289,0.0285,0.0302,0.0296,0.0182,0.002,0.0009,0.2039,0.5647,0.071,0.0671,0.3111,0.3015,-0.0035,0.1552,0.5304,0.0554,0.0649,0.2792,0.268,0.1851,0.5539,0.0574,0.0761,0.3056,0.2919,0.4593,0.1978,0.2404,0.2071,0.1971,0.5694,0.603,0.5098,0.5021,0.087,0.2989,0.2863,0.344,0.3282,0.0099
Hmel210001o,875001,925000,900046,49858,0.0152,0.0167,0.0171,0.0223,0.003,0.0145,0.0133,0.0169,0.0181,0.016,0.0161,0.0245,0.0333,0.0168,0.0163,0.0284,0.0286,0.0165,0.0241,0.0335,0.0175,0.0172,0.0284,0.0287,0.0248,0.0333,0.0173,0.0171,0.0282,0.0285,0.0355,0.025,0.0254,0.0299,0.0303,0.0325,0.0329,0.0334,0.0335,0.0151,0.0279,0.0281,0.0281,0.0282,0.0185,0.0017,-0.0019,0.1538,0.5874,0.067,0.072,0.2905,0.2783,-0.0122,0.1222,0.5626,0.0614,0.0742,0.2694,0.2576,0.131,0.553,0.0471,0.0625,0.2598,0.2482,0.5084,0.1754,0.2012,0.2249,0.2146,0.5922,0.618,0.5566,0.5383,0.0449,0.293,0.2796,0.3131,0.2979,0.0292
Hmel210001o,900001,950000,925000,49996,0.0156,0.0173,0.0179,0.023,0.0039,0.0151,0.0154,0.0194,0.018,0.0163,0.0173,0.0261,0.0346,0.0201,0.0182,0.0313,0.0319,0.0176,0.0262,0.0344,0.0209,0.0187,0.0317,0.0324,0.0266,0.0343,0.0201,0.0189,0.0312,0.0318,0.0373,0.0278,0.0277,0.0313,0.0322,0.0334,0.0341,0.0349,0.035,0.0179,0.0294,0.0299,0.0306,0.0313,0.02,-0.0027,0.0166,0.1707,0.5761,0.1421,0.0863,0.2961,0.3241,0.0009,0.1463,0.5442,0.1345,0.0733,0.2797,0.3079,0.146,0.5323,0.1033,0.0666,0.263,0.2904,0.5007,0.2084,0.2025,0.2053,0.2376,0.5719,0.5751,0.5153,0.5379,0.0847,0.272,0.2994,0.2891,0.3174,0.0354
Hmel210001o,925001,975000,949955,49372,0.0183,0.0191,0.0177,0.0232,0.0043,0.0168,0.0165,0.021,0.0188,0.0186,0.0192,0.0289,0.0359,0.0236,0.0207,0.0326,0.0331,0.0187,0.0279,0.0357,0.0241,0.021,0.0332,0.0341,0.0287,0.0359,0.0235,0.0212,0.0335,0.0342,0.0379,0.0305,0.0305,0.0329,0.0333,0.0357,0.0366,0.0363,0.0363,0.0199,0.0296,0.0302,0.0312,0.0317,0.0209,-0.0024,0.0337,0.1801,0.5375,0.1544,0.0913,0.2599,0.2951,0.0088,0.1516,0.523,0.1545,0.0866,0.2588,0.2981,0.1847,0.5471,0.1617,0.1142,0.2807,0.3177,0.4995,0.2261,0.231,0.2069,0.2416,0.5593,0.5737,0.4999,0.5333,0.0934,0.2314,0.2696,0.2619,0.2985,0.026
Hmel210001o,950001,1000000,975270,49374,0.0184,0.0168,0.0162,0.0214,0.0049,0.0191,0.0164,0.019,0.0184,0.0176,0.0175,0.0274,0.0328,0.0219,0.0192,0.0305,0.0312,0.0163,0.026,0.0334,0.0222,0.0189,0.0314,0.0323,0.0268,0.0334,0.0225,0.0197,0.0318,0.0326,0.0347,0.0284,0.0281,0.0316,0.0318,0.033,0.034,0.0331,0.0335,0.0196,0.0276,0.0281,0.0296,0.0303,0.019,-0.0003,0.0079,0.1712,0.4918,0.0821,0.0527,0.2522,0.2706,-0.0057,0.1679,0.5256,0.1109,0.0674,0.287,0.3086,0.1923,0.5353,0.1283,0.0982,0.3002,0.3207,0.4796,0.1781,0.2111,0.2307,0.2424,0.4818,0.5379,0.4848,0.4997,0.0526,0.1929,0.2095,0.2628,0.2825,0.0085
Hmel210001o,975001,1025000,999998,49987,0.0157,0.0135,0.0147,0.0203,0.0047,0.0185,0.0189,0.0182,0.0169,0.0148,0.0153,0.0246,0.0319,0.0202,0.0182,0.0303,0.0307,0.0138,0.0238,0.0329,0.0208,0.0179,0.0317,0.0321,0.0238,0.033,0.0213,0.0189,0.0318,0.0323,0.0345,0.0259,0.0258,0.0308,0.031,0.0321,0.0325,0.0311,0.0315,0.0208,0.0265,0.0262,0.0284,0.0288,0.0176,0.0052,0.0016,0.1694,0.53,0.0877,0.025,0.2952,0.3211,-0.0105,0.1908,0.582,0.1388,0.0538,0.3472,0.3734,0.1705,0.5613,0.1304,0.0619,0.3323,0.3585,0.4965,0.1529,0.1451,0.2419,0.2643,0.4844,0.4829,0.4766,0.5064,0.0568,0.1911,0.2036,0.2199,0.2448,0.0012
Hmel210001o,1000001,1050000,1024868,49575,0.0164,0.0135,0.0148,0.0206,0.0059,0.0178,0.0183,0.0196,0.0173,0.0151,0.0157,0.0236,0.0356,0.0215,0.0224,0.0334,0.0341,0.0138,0.0232,0.0362,0.0217,0.0221,0.0346,0.0354,0.0232,0.0367,0.0223,0.023,0.035,0.0358,0.0386,0.0268,0.0281,0.0355,0.0358,0.0356,0.0362,0.0338,0.0344,0.0203,0.0289,0.0289,0.0292,0.0294,0.0189,0.003,0.0028,0.1353,0.5388,0.1208,0.1337,0.3123,0.3526,-0.0136,0.1738,0.5933,0.171,0.1714,0.3676,0.4087,0.1528,0.5753,0.1642,0.1703,0.3543,0.3953,0.5156,0.1757,0.1918,0.2872,0.3219,0.5168,0.5151,0.4684,0.5125,0.0626,0.2255,0.2555,0.2225,0.2569,0.0112
Hmel210001o,1025001,1075000,1049828,49079,0.0152,0.014,0.0152,0.0208,0.0075,0.0184,0.0147,0.0201,0.0183,0.0145,0.0149,0.0233,0.0383,0.0226,0.023,0.0334,0.0344,0.0142,0.0231,0.0382,0.0229,0.0232,0.0341,0.0348,0.0229,0.0386,0.023,0.0234,0.034,0.0348,0.0405,0.0276,0.0283,0.0359,0.0363,0.0374,0.0386,0.0358,0.037,0.0192,0.0281,0.0286,0.0288,0.029,0.0204,-0.0033,-0.0105,0.1453,0.5588,0.1552,0.2221,0.3226,0.3607,-0.0168,0.1602,0.5767,0.1798,0.2462,0.3475,0.3817,0.1366,0.5614,0.1649,0.2301,0.3297,0.3657,0.5055,0.1803,0.2471,0.2837,0.313,0.5021,0.569,0.459,0.4995,0.0785,0.1972,0.2309,0.2579,0.2886,0.032
Hmel210001o,1050001,1100000,1075003,49419,0.0109,0.0126,0.0128,0.0222,0.0047,0.0139,0.0115,0.015,0.0139,0.0119,0.0122,0.0227,0.034,0.0215,0.0215,0.0281,0.0282,0.0126,0.0226,0.0337,0.0225,0.0222,0.0288,0.0287,0.0226,0.0336,0.0222,0.0218,0.0279,0.0279,0.0364,0.0272,0.0273,0.0317,0.0316,0.0331,0.0336,0.0326,0.0333,0.0148,0.0207,0.0207,0.0211,0.0208,0.0153,0.008,0.0163,0.1885,0.6413,0.283,0.33,0.3858,0.4038,-0.0059,0.1584,0.6063,0.2716,0.3099,0.3673,0.3826,0.1549,0.6019,0.2611,0.2977,0.3498,0.3678,0.4905,0.2264,0.2648,0.2815,0.2947,0.5772,0.6257,0.5525,0.5781,0.0827,0.1896,0.207,0.2411,0.2536,0.0309
Hmel210001o,1075001,1125000,1100026,49925,0.0074,0.008,0.0077,0.0226,0.0025,0.0073,0.0062,0.0104,0.0086,0.0079,0.008,0.0203,0.0273,0.0183,0.0198,0.0207,0.0205,0.0078,0.0202,0.0275,0.0188,0.0203,0.0213,0.0212,0.0205,0.0273,0.0186,0.02,0.0207,0.0206,0.0313,0.0251,0.0262,0.0265,0.0263,0.0265,0.0269,0.0265,0.0268,0.0078,0.0133,0.0134,0.0125,0.0126,0.0098,0.0126,0.0308,0.1933,0.7065,0.4424,0.504,0.4142,0.4518,-0.0015,0.1808,0.6927,0.4372,0.4958,0.4124,0.4517,0.1919,0.6987,0.4398,0.4993,0.4062,0.448,0.4661,0.2921,0.3291,0.2636,0.2891,0.7019,0.7338,0.624,0.6705,0.0729,0.2103,0.2654,0.2105,0.2698,0.0169
Hmel210001o,1100001,1150000,1124994,49968,0.0097,0.0077,0.0075,0.0253,0.0019,0.0047,0.0045,0.0082,0.0074,0.0083,0.0084,0.0236,0.0267,0.0186,0.0192,0.0185,0.0191,0.0071,0.0239,0.0269,0.0185,0.019,0.0186,0.0191,0.0232,0.027,0.0181,0.0189,0.0186,0.0192,0.0325,0.0275,0.0278,0.026,0.0267,0.0255,0.0253,0.0241,0.0244,0.0052,0.0096,0.0108,0.009,0.0102,0.0086,-0.0268,-0.0125,0.1889,0.6589,0.4592,0.4769,0.3627,0.399,-0.0311,0.2274,0.712,0.5146,0.5315,0.4162,0.4509,0.2161,0.7186,0.513,0.5356,0.422,0.4593,0.4509,0.3377,0.3456,0.2549,0.2809,0.7828,0.7875,0.668,0.6954,0.0669,0.2049,0.2959,0.1813,0.2753,0.0494
Hmel210001o,1125001,1175000,1149987,49910,0.0148,0.0137,0.0139,0.0239,0.004,0.0092,0.0096,0.0144,0.0128,0.0139,0.014,0.0246,0.0328,0.0236,0.0226,0.0262,0.0271,0.013,0.0246,0.0328,0.0228,0.0221,0.0258,0.0266,0.0241,0.033,0.0232,0.0226,0.0262,0.027,0.0353,0.0293,0.0285,0.0297,0.0308,0.0315,0.0314,0.0301,0.0306,0.0108,0.0175,0.018,0.0178,0.0185,0.0148,-0.0125,-0.0119,0.1445,0.5712,0.3408,0.3146,0.2996,0.3406,-0.0324,0.1597,0.5899,0.3448,0.3241,0.309,0.35,0.148,0.5888,0.3495,0.3309,0.3123,0.3534,0.4687,0.3109,0.2935,0.2408,0.2799,0.668,0.6595,0.5493,0.5857,0.0736,0.2049,0.2547,0.2058,0.2605,0.0453
Hmel210001o,1150001,1200000,1175002,49922,0.0156,0.0165,0.0158,0.0193,0.0064,0.0149,0.0141,0.019,0.0178,0.0159,0.0156,0.0199,0.0362,0.0221,0.021,0.0295,0.0301,0.0155,0.0194,0.0363,0.0219,0.0208,0.0295,0.03,0.0197,0.0363,0.0225,0.0216,0.0299,0.0305,0.0355,0.0249,0.0239,0.0299,0.0304,0.0354,0.036,0.0339,0.035,0.0165,0.0253,0.0252,0.0263,0.0267,0.0197,-0.0026,-0.0014,0.0801,0.5515,0.1939,0.1803,0.2742,0.3011,-0.0221,0.0516,0.5377,0.1733,0.1615,0.2612,0.2869,0.0714,0.5489,0.1992,0.1905,0.2778,0.3031,0.4948,0.2015,0.1959,0.2268,0.254,0.554,0.5723,0.4717,0.5032,0.0663,0.2065,0.224,0.2388,0.265,0.0362
Hmel210001o,1175001,1225000,1200001,49969,0.0146,0.0184,0.0129,0.0205,0.0052,0.0138,0.0146,0.0174,0.0174,0.0166,0.0139,0.0233,0.0347,0.0236,0.0227,0.0297,0.03,0.0161,0.0225,0.0348,0.0242,0.023,0.0303,0.0305,0.0234,0.0348,0.0249,0.0238,0.0314,0.0315,0.035,0.0271,0.0267,0.0305,0.0306,0.0352,0.0356,0.034,0.0343,0.0156,0.0235,0.0239,0.0248,0.0252,0.0183,0.0033,0.0069,0.1585,0.5704,0.2604,0.2268,0.314,0.3185,0.0135,0.0803,0.5085,0.2121,0.1731,0.2697,0.2726,0.1897,0.6024,0.3163,0.2805,0.3648,0.366,0.491,0.2461,0.2255,0.2474,0.2487,0.5905,0.58,0.5168,0.52,0.05,0.2134,0.2214,0.2283,0.236,0.0275
Hmel210001o,1200001,1250000,1225005,49986,0.012,0.0173,0.0123,0.0226,0.0042,0.0134,0.0107,0.0163,0.0158,0.0148,0.0123,0.0265,0.0336,0.0314,0.0328,0.0356,0.0361,0.0153,0.0262,0.0334,0.0319,0.0331,0.0359,0.0364,0.027,0.0336,0.033,0.0342,0.0372,0.0375,0.035,0.0345,0.035,0.0354,0.0356,0.0351,0.0363,0.0359,0.0358,0.0134,0.0211,0.0223,0.0202,0.0213,0.0167,0.0036,0.0052,0.2367,0.6258,0.4398,0.5003,0.4461,0.46,0.0191,0.1497,0.5275,0.3653,0.4205,0.3764,0.39,0.2421,0.6215,0.4568,0.5127,0.461,0.4722,0.4785,0.3372,0.3802,0.3091,0.3184,0.6142,0.6724,0.5715,0.5794,0.0574,0.184,0.2213,0.208,0.2448,0.0225
Hmel210001o,1225001,1275000,1249999,49993,0.0123,0.0131,0.0139,0.025,0.0056,0.0177,0.0091,0.0162,0.0165,0.0128,0.0132,0.0297,0.0357,0.032,0.0358,0.0385,0.0392,0.0137,0.0293,0.0358,0.0329,0.0369,0.0394,0.0401,0.0292,0.0359,0.0326,0.037,0.0391,0.04,0.0376,0.0364,0.0385,0.0382,0.0389,0.0374,0.039,0.0376,0.0381,0.0168,0.0244,0.0258,0.0204,0.0215,0.0171,0.006,0.005,0.2586,0.6164,0.3774,0.5567,0.4763,0.479,0.0085,0.2398,0.6017,0.3762,0.553,0.4736,0.476,0.2268,0.5892,0.3618,0.5422,0.4604,0.4646,0.4544,0.2794,0.4142,0.3196,0.3234,0.5419,0.6973,0.5671,0.5666,0.1189,0.1904,0.2138,0.2462,0.2653,0.0246
Hmel210001o,1250001,1300000,1275002,49994,0.0163,0.0138,0.0149,0.0241,0.0063,0.0182,0.0141,0.0181,0.017,0.0156,0.016,0.0331,0.0374,0.0292,0.0295,0.0375,0.0381,0.0146,0.0326,0.0377,0.029,0.0294,0.0385,0.0391,0.0323,0.0374,0.0288,0.0294,0.0381,0.039,0.0387,0.0348,0.0368,0.0377,0.0383,0.0377,0.0388,0.0372,0.0378,0.0209,0.0287,0.0295,0.0272,0.0275,0.018,0.0174,0.0145,0.2612,0.5521,0.2694,0.3334,0.3867,0.4062,0.0094,0.2892,0.5958,0.3015,0.3706,0.4304,0.4508,0.2696,0.5754,0.2822,0.3538,0.4122,0.4356,0.4662,0.2599,0.3388,0.2991,0.3195,0.5258,0.5991,0.5232,0.5447,0.1344,0.236,0.2635,0.268,0.29,0.0142
Hmel210001o,1275001,1325000,1299984,49962,0.0163,0.015,0.015,0.0229,0.0059,0.0175,0.0188,0.0195,0.0187,0.0158,0.0159,0.0274,0.0381,0.0274,0.026,0.0359,0.036,0.0148,0.0278,0.0377,0.0265,0.0253,0.0355,0.0358,0.0279,0.0378,0.0267,0.0252,0.0363,0.0365,0.0392,0.0328,0.0336,0.037,0.0372,0.0379,0.0386,0.0368,0.0374,0.0214,0.0285,0.0288,0.0301,0.0304,0.0192,0.0053,0.008,0.1847,0.5633,0.2479,0.2045,0.348,0.3609,-0.0069,0.2116,0.5807,0.2509,0.2091,0.3606,0.3752,0.2132,0.5819,0.2559,0.207,0.3704,0.3833,0.491,0.2547,0.2479,0.2848,0.2975,0.5438,0.5301,0.502,0.521,0.0861,0.2226,0.2401,0.2332,0.2489,0.0021
Hmel210001o,1300001,1350000,1324973,49618,0.0153,0.0149,0.016,0.0232,0.005,0.0162,0.0173,0.0193,0.0194,0.0155,0.0157,0.0235,0.0388,0.0274,0.0278,0.0341,0.0345,0.015,0.0229,0.0392,0.0283,0.0289,0.0346,0.0351,0.0239,0.0394,0.0271,0.0276,0.0347,0.0351,0.0402,0.032,0.0318,0.0357,0.036,0.0402,0.0401,0.0378,0.0384,0.0191,0.0269,0.0275,0.0272,0.0282,0.0197,0.0139,0.0027,0.1219,0.6005,0.2831,0.2737,0.3408,0.3447,-0.0136,0.1148,0.6102,0.3047,0.2972,0.3536,0.3581,0.1189,0.5951,0.2667,0.2591,0.3402,0.3439,0.5091,0.2574,0.2391,0.2677,0.2699,0.5981,0.5807,0.5289,0.5329,0.0688,0.2165,0.2255,0.2066,0.222,0.0083
Hmel210001o,1325001,1375000,1350137,49634,0.0182,0.0171,0.0194,0.0244,0.0057,0.0159,0.0133,0.0206,0.0181,0.0183,0.0189,0.0276,0.0369,0.0264,0.0273,0.0346,0.0346,0.0177,0.0266,0.0376,0.0281,0.0285,0.0354,0.0354,0.0268,0.0375,0.0264,0.0266,0.0343,0.0344,0.038,0.0331,0.0326,0.0351,0.0353,0.0385,0.0381,0.0365,0.0367,0.0177,0.0285,0.0283,0.0281,0.0283,0.0203,0.0206,0.0028,0.147,0.5269,0.2265,0.2805,0.296,0.3263,-0.0151,0.1435,0.5511,0.2722,0.3177,0.3194,0.3518,0.1145,0.5145,0.2092,0.2506,0.2771,0.3084,0.4643,0.264,0.2921,0.2322,0.2658,0.5775,0.6157,0.4866,0.5274,0.1007,0.2301,0.2626,0.2602,0.3004,0.0254
Hmel210001o,1350001,1400000,1375004,49946,0.0209,0.0192,0.0202,0.0269,0.0071,0.0163,0.0137,0.0212,0.0186,0.0209,0.0209,0.0306,0.0345,0.0216,0.0229,0.0324,0.031,0.0191,0.0295,0.0351,0.0233,0.0252,0.0333,0.0321,0.0285,0.0344,0.0228,0.0238,0.0324,0.0314,0.0378,0.033,0.0331,0.0358,0.0351,0.0348,0.036,0.0353,0.0358,0.0185,0.0299,0.0283,0.029,0.0276,0.0211,0.0223,0.0094,0.1387,0.438,0.0813,0.147,0.2232,0.2331,-0.017,0.1412,0.4713,0.1442,0.2205,0.2568,0.2717,0.1102,0.4461,0.1172,0.1773,0.2319,0.2473,0.4118,0.2319,0.2673,0.2113,0.2328,0.5129,0.5664,0.4429,0.4874,0.1104,0.2408,0.2501,0.2617,0.2749,0.0316
Hmel210001o,1375001,1425000,1400015,49968,0.0233,0.0205,0.0203,0.0269,0.0053,0.0157,0.0167,0.0206,0.0198,0.023,0.0221,0.033,0.0359,0.0257,0.0264,0.0354,0.0346,0.0199,0.0323,0.0376,0.0252,0.026,0.0356,0.0352,0.033,0.0372,0.0249,0.0257,0.0361,0.0358,0.0401,0.0358,0.0369,0.0393,0.0394,0.0366,0.0389,0.0395,0.0398,0.0206,0.0306,0.0298,0.0301,0.0296,0.0216,0.0273,0.0071,0.1475,0.4461,0.144,0.1452,0.2464,0.2438,-0.0124,0.1709,0.5069,0.1728,0.1756,0.2815,0.2859,0.1836,0.5051,0.1708,0.1732,0.2903,0.2948,0.4611,0.2786,0.2804,0.2633,0.2737,0.5707,0.5753,0.5228,0.5366,0.1271,0.2683,0.2658,0.2463,0.2488,0.0362
Hmel210001o,1400001,1450000,1425000,49995,0.0266,0.0247,0.0241,0.0264,0.008,0.019,0.0169,0.0233,0.0216,0.0265,0.0259,0.0348,0.0391,0.0322,0.0339,0.0402,0.0395,0.0243,0.0343,0.0405,0.0313,0.0314,0.0399,0.0396,0.0363,0.0405,0.0295,0.0299,0.0405,0.0402,0.0409,0.0368,0.0381,0.0394,0.0396,0.0402,0.0417,0.041,0.0407,0.0219,0.0349,0.0344,0.0345,0.0341,0.0238,0.018,0.0122,0.1402,0.4022,0.1807,0.2296,0.2462,0.2547,-0.0023,0.154,0.4405,0.1875,0.2139,0.2608,0.2748,0.1903,0.4491,0.1642,0.1969,0.2744,0.2888,0.4389,0.2553,0.2965,0.2385,0.2605,0.514,0.5566,0.465,0.4842,0.1044,0.2578,0.2709,0.2765,0.2915,0.0315
Hmel210001o,1425001,1475000,1450002,49995,0.0254,0.0247,0.0248,0.0285,0.0087,0.02,0.0189,0.0239,0.0221,0.0253,0.0258,0.033,0.0396,0.0287,0.0304,0.0388,0.0387,0.0247,0.0324,0.0398,0.029,0.0299,0.0395,0.0395,0.0335,0.0402,0.0276,0.0281,0.0394,0.0396,0.04,0.0344,0.0349,0.0384,0.038,0.0392,0.0401,0.0385,0.0385,0.0223,0.0359,0.0362,0.0358,0.0358,0.0234,0.0045,0.0138,0.1114,0.4134,0.1243,0.1654,0.234,0.2516,-0.0019,0.1091,0.4239,0.1366,0.1652,0.2491,0.2681,0.1236,0.4261,0.1102,0.1318,0.2471,0.2686,0.3975,0.1928,0.2116,0.2017,0.2173,0.4792,0.5034,0.4206,0.4445,0.071,0.2531,0.277,0.2635,0.2843,0.0083
Hmel210001o,1450001,1500000,1474996,49990,0.0205,0.0204,0.0224,0.0266,0.0071,0.0149,0.0193,0.0209,0.0205,0.0201,0.0215,0.0282,0.035,0.026,0.0253,0.0344,0.0351,0.0213,0.0284,0.0351,0.0261,0.0257,0.0348,0.0355,0.0289,0.0358,0.0251,0.0243,0.0345,0.035,0.0363,0.0319,0.0313,0.0358,0.036,0.0345,0.0354,0.0348,0.0356,0.0191,0.0296,0.0301,0.0309,0.0315,0.0204,-0.0086,0.0013,0.1053,0.4505,0.1987,0.1258,0.2617,0.2737,-0.0026,0.11,0.4534,0.2032,0.1353,0.2685,0.281,0.094,0.4326,0.1555,0.083,0.2412,0.2526,0.4007,0.2387,0.1735,0.2189,0.2245,0.5332,0.4737,0.4435,0.4572,0.0583,0.2595,0.272,0.2243,0.2365,-0.0074
Hmel210001o,1475001,1525000,1499889,49280,0.0204,0.0184,0.0215,0.0237,0.0075,0.0155,0.0163,0.0192,0.0195,0.0192,0.0211,0.0263,0.033,0.0277,0.0278,0.032,0.0322,0.0199,0.0264,0.0338,0.0287,0.0287,0.0335,0.0337,0.0271,0.0335,0.0265,0.0258,0.0322,0.0322,0.0346,0.0309,0.0305,0.0328,0.0331,0.0337,0.0343,0.0328,0.0334,0.0188,0.0276,0.0275,0.0272,0.0278,0.0191,-0.0041,0.005,0.0989,0.4229,0.2247,0.2158,0.2479,0.2475,-0.0021,0.1276,0.4623,0.2702,0.2596,0.2943,0.2939,0.0974,0.412,0.1874,0.1638,0.2356,0.2332,0.4096,0.2444,0.2278,0.2235,0.2243,0.5073,0.502,0.4374,0.4407,0.0883,0.2388,0.2334,0.221,0.2278,-0.0075
Hmel210001o,1500001,1550000,1525248,49288,0.0195,0.0171,0.0182,0.0246,0.0047,0.0184,0.0162,0.0141,0.0133,0.0176,0.0183,0.0268,0.0337,0.0262,0.0278,0.0321,0.0324,0.0171,0.0271,0.0345,0.0273,0.029,0.035,0.0353,0.0275,0.0341,0.0254,0.0257,0.0331,0.0333,0.0356,0.0319,0.0327,0.0341,0.0347,0.0352,0.036,0.0341,0.0345,0.0201,0.0261,0.0262,0.0243,0.0247,0.0136,-0.0208,-0.0157,0.1124,0.4864,0.1695,0.2276,0.3255,0.343,-0.0151,0.1503,0.5356,0.2232,0.2836,0.399,0.4151,0.1423,0.5123,0.1721,0.2079,0.3591,0.3732,0.4518,0.2123,0.2525,0.301,0.3203,0.5217,0.5646,0.5828,0.6017,0.0799,0.2438,0.2583,0.2428,0.265,-0.0023
Hmel210001o,1525001,1575000,1550000,49988,0.015,0.0144,0.0136,0.0215,0.0041,0.0127,0.0107,0.0067,0.0053,0.0134,0.013,0.0238,0.0314,0.0178,0.019,0.0222,0.0228,0.0131,0.0247,0.0318,0.018,0.0193,0.0235,0.0241,0.025,0.0317,0.0165,0.0172,0.0221,0.0226,0.034,0.0282,0.0293,0.0306,0.0312,0.0326,0.0334,0.0329,0.0336,0.0122,0.0152,0.0156,0.0137,0.014,0.0062,-0.0512,-0.0526,0.1508,0.5493,0.1307,0.2021,0.3582,0.4005,-0.0355,0.1779,0.5658,0.149,0.222,0.3945,0.4363,0.1984,0.5805,0.1189,0.1825,0.3869,0.4281,0.4852,0.2693,0.3174,0.4003,0.4327,0.606,0.6527,0.7313,0.7674,0.0239,0.2315,0.2828,0.235,0.2878,0.0225
Hmel210001o,1550001,1600000,1575002,49979,0.0159,0.0132,0.0138,0.0221,0.006,0.0128,0.01,0.0106,0.0096,0.0144,0.0145,0.0249,0.0303,0.0163,0.0178,0.0207,0.0209,0.0131,0.0255,0.0305,0.0161,0.0174,0.0213,0.0214,0.0259,0.0306,0.0152,0.0165,0.0205,0.0207,0.0336,0.0279,0.0283,0.0294,0.0295,0.0304,0.0313,0.0311,0.0316,0.0124,0.0161,0.0162,0.0147,0.0147,0.0104,-0.0061,-0.0151,0.1534,0.4842,0.0677,0.1647,0.2315,0.254,-0.0165,0.2074,0.5381,0.1127,0.2096,0.2966,0.3187,0.2044,0.527,0.0688,0.1688,0.2654,0.2898,0.4419,0.2541,0.3067,0.3142,0.3308,0.5437,0.6079,0.5952,0.6193,0.043,0.1682,0.1927,0.1869,0.2113,0.0154
Hmel210001o,1575001,1625000,1599886,49737,0.019,0.0154,0.0178,0.0255,0.0068,0.0164,0.0127,0.0178,0.017,0.0181,0.0187,0.0284,0.0328,0.0222,0.0241,0.0291,0.0294,0.0173,0.0285,0.0325,0.0219,0.025,0.03,0.0305,0.0291,0.0335,0.0205,0.0224,0.0289,0.0293,0.0361,0.0323,0.0335,0.0335,0.0341,0.0333,0.0339,0.0333,0.0333,0.0182,0.0256,0.0255,0.024,0.0235,0.0174,0.0295,0.0102,0.1387,0.4516,0.1189,0.2185,0.238,0.2527,0.0228,0.1887,0.5076,0.1671,0.2956,0.3027,0.3203,0.1673,0.4787,0.0964,0.2019,0.2509,0.2687,0.4145,0.2351,0.3019,0.2351,0.2526,0.4986,0.5689,0.4769,0.4896,0.117,0.2108,0.2189,0.2362,0.2384,0.0012
Hmel210001o,1600001,1650000,1624990,49659,0.018,0.0181,0.018,0.0221,0.0054,0.0156,0.0125,0.0184,0.0186,0.019,0.0187,0.0295,0.0362,0.0224,0.0229,0.032,0.0328,0.0191,0.0292,0.0361,0.023,0.0249,0.0327,0.0336,0.0292,0.0373,0.0209,0.0218,0.0316,0.0324,0.0371,0.0319,0.0332,0.0343,0.0354,0.0363,0.0366,0.0359,0.0364,0.02,0.0282,0.0286,0.0267,0.0268,0.0187,0.0272,0.0214,0.2055,0.5285,0.1515,0.2106,0.2873,0.2971,0.0298,0.1992,0.5263,0.1615,0.2495,0.2965,0.307,0.2001,0.5384,0.1134,0.1857,0.2809,0.2908,0.4899,0.275,0.3374,0.2706,0.2828,0.567,0.6224,0.5186,0.5202,0.1816,0.2587,0.2626,0.2776,0.2769,0.0056
Hmel210001o,1625001,1675000,1650018,49867,0.0171,0.0185,0.0166,0.0214,0.0054,0.0153,0.0162,0.0177,0.0179,0.0183,0.0182,0.0278,0.0343,0.0218,0.0224,0.032,0.033,0.018,0.0272,0.0347,0.0222,0.0232,0.0332,0.0338,0.0262,0.0352,0.0205,0.0216,0.0333,0.0338,0.0349,0.0287,0.0294,0.0337,0.034,0.034,0.0344,0.0351,0.0355,0.0192,0.0276,0.0284,0.0283,0.0288,0.0179,0.0143,0.0393,0.1954,0.5217,0.1552,0.1537,0.3088,0.3193,0.0129,0.1667,0.5043,0.1432,0.1528,0.3078,0.3133,0.174,0.5393,0.1319,0.1435,0.334,0.3374,0.4751,0.2381,0.2366,0.2795,0.2813,0.5498,0.5372,0.5205,0.5218,0.1045,0.2643,0.274,0.2628,0.268,0.0035
Hmel210001o,1650001,1700000,1675014,49953,0.0184,0.0193,0.0189,0.0216,0.0048,0.016,0.02,0.0176,0.0177,0.0191,0.0193,0.0257,0.0341,0.0245,0.0258,0.0328,0.0337,0.0189,0.0257,0.0343,0.025,0.0257,0.0333,0.0339,0.0244,0.0339,0.0241,0.0249,0.0333,0.0338,0.0343,0.0296,0.0307,0.0345,0.0349,0.0342,0.0347,0.0354,0.0355,0.019,0.0264,0.0266,0.0277,0.0278,0.0178,0.0052,0.0176,0.1363,0.5096,0.1859,0.1562,0.3054,0.3169,-0.0066,0.1227,0.4953,0.1807,0.1404,0.3007,0.307,0.1024,0.498,0.1688,0.1303,0.3064,0.311,0.4756,0.2412,0.202,0.2899,0.2941,0.5502,0.4904,0.5365,0.5359,0.0306,0.2339,0.2376,0.2014,0.203,0.0057
Hmel210001o,1675001,1725000,1699804,49150,0.0177,0.0205,0.021,0.0222,0.0036,0.0167,0.0189,0.0189,0.0193,0.0193,0.0196,0.0277,0.0362,0.0285,0.0291,0.036,0.0367,0.0202,0.0272,0.036,0.0297,0.0295,0.0357,0.0363,0.0263,0.0357,0.0297,0.0303,0.0357,0.0364,0.0369,0.0332,0.0337,0.0364,0.0372,0.0353,0.0359,0.036,0.0365,0.0206,0.0266,0.0271,0.0265,0.0268,0.0198,0.0067,0.0065,0.1779,0.5621,0.2601,0.2395,0.3403,0.3445,-0.0146,0.1289,0.5139,0.2423,0.2096,0.3022,0.3048,0.1034,0.5035,0.2351,0.2162,0.2957,0.3005,0.5131,0.2781,0.2551,0.2913,0.2972,0.5702,0.5383,0.5396,0.539,0.0769,0.2092,0.2135,0.1754,0.1772,0.0184
Hmel210001o,1700001,1750000,1725152,48818,0.0156,0.0163,0.0167,0.0245,0.0045,0.0144,0.013,0.0179,0.0175,0.016,0.0165,0.029,0.0399,0.0265,0.0259,0.0346,0.0349,0.0162,0.0286,0.0395,0.026,0.0255,0.0341,0.0343,0.0276,0.0397,0.0268,0.0267,0.0347,0.035,0.0422,0.0343,0.0336,0.0359,0.0361,0.0385,0.0388,0.038,0.0383,0.0178,0.0271,0.028,0.0269,0.0271,0.0184,0.0005,0.0126,0.2049,0.6124,0.2897,0.3014,0.3623,0.3725,-0.009,0.1879,0.5983,0.27,0.2827,0.3459,0.3554,0.1645,0.5934,0.2781,0.2992,0.3483,0.3584,0.5173,0.2992,0.3099,0.2744,0.2836,0.6209,0.6469,0.5596,0.5702,0.1383,0.2659,0.2876,0.2821,0.2937,0.022
Hmel210001o,1725001,1775000,1750085,49657,0.0121,0.0113,0.0139,0.0277,0.0046,0.0098,0.0095,0.014,0.0133,0.0116,0.0134,0.0286,0.0392,0.0217,0.0222,0.0313,0.0314,0.0125,0.0286,0.0391,0.0227,0.0231,0.032,0.032,0.0275,0.0384,0.0233,0.0234,0.032,0.0319,0.0408,0.0334,0.0328,0.0358,0.0356,0.0374,0.0374,0.037,0.0369,0.0121,0.0237,0.0237,0.0226,0.022,0.0143,-0.0026,0.0152,0.214,0.6632,0.3435,0.3603,0.4276,0.4404,-0.0034,0.2256,0.6773,0.3811,0.3954,0.4506,0.4618,0.169,0.6266,0.3406,0.3464,0.409,0.4173,0.4673,0.316,0.3108,0.2913,0.2975,0.6918,0.6968,0.615,0.6257,0.1176,0.3462,0.36,0.3298,0.3324,0.0263
Hmel210001o,1750001,1800000,1774974,49864,0.0146,0.0112,0.0167,0.0281,0.0039,0.0051,0.0106,0.0139,0.0124,0.0134,0.0158,0.0291,0.0359,0.0222,0.0221,0.0292,0.0288,0.0136,0.0291,0.0352,0.0257,0.0239,0.0312,0.0306,0.0281,0.035,0.0261,0.0244,0.0308,0.0302,0.0369,0.032,0.0319,0.0343,0.0343,0.0347,0.0346,0.0355,0.0352,0.0106,0.0184,0.0166,0.02,0.0182,0.0135,0.0207,0.0047,0.1844,0.6053,0.4006,0.2879,0.3598,0.3767,-0.0134,0.2296,0.6607,0.5348,0.3893,0.4433,0.46,0.139,0.5597,0.4259,0.2957,0.3504,0.3643,0.4331,0.36,0.2807,0.2697,0.2884,0.7809,0.6677,0.6147,0.6383,0.1582,0.3355,0.3233,0.2541,0.2389,0.0151
Hmel210001o,1775001,1825000,1800036,49872,0.0207,0.0162,0.0184,0.0265,0.0047,0.0045,0.0125,0.0166,0.0148,0.0193,0.0192,0.0302,0.0354,0.0233,0.0219,0.0307,0.0307,0.0171,0.0297,0.0348,0.0262,0.0228,0.0326,0.0324,0.03,0.0353,0.0268,0.0237,0.0328,0.0328,0.0378,0.0331,0.033,0.0341,0.0346,0.0361,0.0359,0.0372,0.0372,0.0111,0.0229,0.0213,0.0263,0.0252,0.0159,0.025,-0.009,0.1389,0.4893,0.3124,0.1462,0.257,0.2811,-0.007,0.1876,0.5543,0.4489,0.2397,0.345,0.3683,0.1641,0.5239,0.4166,0.2217,0.3185,0.343,0.4511,0.401,0.2856,0.248,0.2776,0.7852,0.6293,0.5723,0.601,0.1376,0.3835,0.3908,0.302,0.3109,0.0089
Hmel210001o,1800001,1850000,1824997,49986,0.0191,0.0189,0.0178,0.0265,0.0057,0.011,0.0166,0.0186,0.0176,0.0194,0.0184,0.0297,0.0369,0.0221,0.0217,0.0338,0.0346,0.0184,0.0287,0.0371,0.0234,0.0231,0.0347,0.0356,0.0295,0.0374,0.0238,0.0235,0.0357,0.0367,0.0396,0.0324,0.0324,0.0369,0.0373,0.0372,0.038,0.0382,0.0385,0.0159,0.0296,0.0295,0.0309,0.0315,0.0182,0.0124,-0.0013,0.1498,0.513,0.201,0.1035,0.2966,0.321,0.0023,0.1351,0.5183,0.232,0.1395,0.3128,0.3371,0.1635,0.5375,0.258,0.1632,0.3389,0.3642,0.454,0.2987,0.2228,0.2593,0.2773,0.6477,0.5613,0.5331,0.5505,0.074,0.3472,0.3616,0.2866,0.3087,0.0009
Hmel210001o,1825001,1875000,1849993,49955,0.0173,0.0187,0.0178,0.0265,0.0049,0.0179,0.0195,0.0179,0.0182,0.0179,0.0179,0.0284,0.0353,0.0231,0.0238,0.0332,0.0337,0.0186,0.0276,0.0354,0.0236,0.0249,0.0333,0.034,0.0276,0.0357,0.0239,0.0247,0.0334,0.0343,0.0381,0.0307,0.031,0.0357,0.0358,0.035,0.0364,0.0359,0.0359,0.0215,0.0286,0.0286,0.0285,0.0293,0.018,-0.0027,0.0111,0.1505,0.5378,0.1427,0.1348,0.3199,0.3241,0.0086,0.1178,0.5167,0.1346,0.1404,0.304,0.3094,0.1305,0.5343,0.1523,0.1485,0.3171,0.3255,0.4516,0.1808,0.1653,0.2525,0.2501,0.5262,0.5157,0.5345,0.5296,0.0752,0.2416,0.2385,0.2182,0.2289,-0.0028
Hmel210001o,1850001,1900000,1874875,49302,0.0175,0.018,0.0178,0.023,0.0048,0.0196,0.017,0.0168,0.0173,0.0175,0.0182,0.0279,0.0321,0.0246,0.0253,0.0319,0.032,0.0181,0.0276,0.0322,0.0246,0.025,0.0319,0.0318,0.0281,0.0329,0.0257,0.0256,0.0322,0.0323,0.0351,0.03,0.03,0.0314,0.0315,0.0327,0.0341,0.034,0.034,0.0216,0.0264,0.0258,0.0269,0.0269,0.0173,-0.0057,0.0169,0.1754,0.4999,0.1493,0.1998,0.3145,0.3091,0.0073,0.1641,0.4929,0.1428,0.1863,0.3078,0.3,0.1757,0.5046,0.1674,0.2019,0.3154,0.3099,0.4645,0.1817,0.2186,0.2424,0.2364,0.4727,0.5317,0.5336,0.5248,0.0877,0.1943,0.1759,0.2408,0.2336,0.0094
Hmel210001o,1875001,1925000,1900120,49068,0.017,0.018,0.0181,0.0204,0.0053,0.0161,0.015,0.0196,0.0199,0.0176,0.018,0.0262,0.0334,0.027,0.0253,0.0332,0.0329,0.018,0.026,0.0337,0.0268,0.0246,0.033,0.0329,0.0268,0.0343,0.0281,0.0257,0.0338,0.0334,0.0347,0.0299,0.0285,0.0315,0.0313,0.0344,0.0361,0.0351,0.0357,0.0216,0.0279,0.0273,0.0301,0.0297,0.0208,0.0041,0.0139,0.1806,0.5158,0.2521,0.2367,0.3031,0.2949,-0.0034,0.1608,0.5022,0.2331,0.2079,0.2859,0.2818,0.1743,0.5071,0.2538,0.2263,0.2965,0.2882,0.4892,0.2572,0.2524,0.2317,0.2262,0.5414,0.5772,0.4924,0.4949,0.1713,0.2293,0.2158,0.2829,0.2717,0.0266
Hmel210001o,1900001,1950000,1925046,49735,0.0132,0.0153,0.0143,0.017,0.0031,0.0113,0.0119,0.0164,0.0178,0.0142,0.0139,0.021,0.0288,0.0242,0.0228,0.029,0.0288,0.0145,0.0209,0.0291,0.0234,0.0227,0.0282,0.0286,0.0213,0.0291,0.0243,0.023,0.0289,0.0289,0.0292,0.0259,0.025,0.0285,0.0283,0.0288,0.0306,0.0284,0.0296,0.0168,0.0218,0.0225,0.0244,0.0249,0.0185,-0.003,0.0065,0.1802,0.5749,0.3409,0.3037,0.3382,0.3135,-0.0104,0.1367,0.5352,0.2881,0.2624,0.2932,0.2782,0.1661,0.5566,0.3239,0.2883,0.321,0.2984,0.5187,0.3135,0.2873,0.2723,0.2452,0.6144,0.6219,0.5057,0.4943,0.1932,0.2339,0.2253,0.2788,0.2639,0.0406
Hmel210001o,1925001,1975000,1949953,49886,0.0167,0.0169,0.0149,0.0201,0.0034,0.0141,0.0151,0.0148,0.0165,0.0165,0.016,0.0238,0.0296,0.0253,0.0248,0.0301,0.0299,0.0163,0.0233,0.0295,0.0232,0.0233,0.029,0.029,0.0239,0.0297,0.0247,0.0244,0.0302,0.0301,0.0306,0.0278,0.0273,0.0298,0.0297,0.0294,0.0304,0.0291,0.0299,0.0171,0.0214,0.0215,0.0233,0.0235,0.017,-0.0093,0.0083,0.1404,0.5091,0.2549,0.2302,0.3275,0.2986,0.0123,0.1278,0.5053,0.2109,0.1975,0.3078,0.2828,0.1722,0.5448,0.2723,0.2498,0.355,0.3272,0.4783,0.257,0.2338,0.2791,0.2516,0.5567,0.5494,0.5401,0.5166,0.0852,0.2049,0.1763,0.2302,0.2063,0.0442
Hmel210001o,1950001,2000000,1975004,49861,0.0198,0.0193,0.0175,0.0257,0.005,0.0128,0.0137,0.016,0.0168,0.0197,0.019,0.0265,0.0323,0.0276,0.0268,0.0307,0.0308,0.019,0.026,0.0329,0.0278,0.0267,0.031,0.0312,0.0266,0.0329,0.0287,0.0273,0.0317,0.0318,0.0355,0.032,0.0312,0.033,0.0333,0.0339,0.0333,0.033,0.0331,0.0148,0.0221,0.0217,0.0226,0.0225,0.017,0.005,0.0091,0.0922,0.4606,0.2702,0.2417,0.2752,0.2669,0.0188,0.0893,0.4763,0.2816,0.2474,0.2877,0.2813,0.1251,0.5063,0.3231,0.2861,0.3225,0.3139,0.4323,0.2776,0.2535,0.2491,0.2431,0.5995,0.577,0.5334,0.5209,0.0591,0.2226,0.201,0.2181,0.2022,0.0195
Hmel210001o,1975001,2025000,1999996,49950,0.0217,0.022,0.0212,0.0233,0.0062,0.014,0.014,0.0195,0.0199,0.0221,0.0216,0.0263,0.0342,0.0268,0.0272,0.0303,0.0312,0.0217,0.0259,0.0351,0.0297,0.0293,0.0316,0.0323,0.0264,0.0351,0.0296,0.029,0.032,0.0329,0.0368,0.0322,0.0316,0.0338,0.0338,0.0358,0.0355,0.0351,0.0353,0.0166,0.0243,0.0245,0.0237,0.0242,0.0196,0.0066,0.0043,0.0841,0.4361,0.2108,0.2187,0.2012,0.2095,0.0044,0.072,0.4436,0.2583,0.2511,0.2181,0.225,0.0941,0.456,0.2673,0.2581,0.2353,0.2436,0.458,0.2894,0.2812,0.2382,0.2323,0.5763,0.5737,0.4812,0.4766,0.0896,0.194,0.1921,0.181,0.1849,-0.0035
Hmel210001o,2000001,2050000,2024955,49357,0.0274,0.0282,0.0281,0.0286,0.007,0.0205,0.0212,0.025,0.0262,0.0276,0.0281,0.0315,0.0405,0.0298,0.03,0.0376,0.0386,0.0284,0.0307,0.0412,0.0325,0.0319,0.0384,0.0387,0.0308,0.041,0.0333,0.0328,0.0391,0.0401,0.0402,0.0358,0.0351,0.0394,0.0394,0.0405,0.0412,0.0398,0.0406,0.0245,0.0334,0.0341,0.0337,0.0346,0.0266,-0.0051,0.0066,0.0636,0.4197,0.1151,0.1113,0.1884,0.1893,0.0052,0.0419,0.4169,0.1506,0.1337,0.1905,0.1829,0.0454,0.417,0.1651,0.1509,0.2015,0.2031,0.4208,0.2056,0.1876,0.202,0.1892,0.5098,0.5061,0.4421,0.4349,0.0847,0.2002,0.1964,0.1959,0.1966,0.0198
Hmel210001o,2025001,2075000,2049963,48730,0.0256,0.0273,0.0272,0.0327,0.0098,0.0179,0.0217,0.0233,0.025,0.0266,0.0267,0.0325,0.0359,0.0302,0.0294,0.0361,0.0367,0.0275,0.0326,0.0365,0.0304,0.0295,0.0366,0.0365,0.0319,0.0358,0.0323,0.0311,0.0369,0.0374,0.0365,0.0362,0.0355,0.0384,0.0386,0.0368,0.0365,0.0349,0.0355,0.0236,0.0327,0.0335,0.0329,0.0338,0.025,0.0047,0.0064,0.0687,0.3548,0.1713,0.1147,0.2029,0.194,0.0054,0.0534,0.3412,0.1563,0.0986,0.192,0.1752,0.0423,0.3325,0.1873,0.127,0.1969,0.187,0.3035,0.2056,0.1539,0.1753,0.1616,0.469,0.4128,0.3714,0.3569,0.0941,0.2391,0.2305,0.198,0.193,0.0186
Hmel210001o,2050001,2100000,2074987,49247,0.0207,0.02,0.0213,0.0285,0.0077,0.0131,0.0194,0.0188,0.0205,0.0214,0.0213,0.0305,0.0312,0.0314,0.0285,0.0336,0.0334,0.0206,0.0302,0.0321,0.0317,0.0275,0.0347,0.0346,0.03,0.0317,0.0321,0.0277,0.0343,0.034,0.0343,0.0371,0.0349,0.0372,0.0371,0.0343,0.0333,0.0328,0.033,0.0203,0.0248,0.0253,0.0273,0.0276,0.0194,0.0268,0.0075,0.1244,0.3882,0.313,0.1834,0.2717,0.2497,-0.0006,0.1287,0.4124,0.327,0.1752,0.2961,0.2742,0.1098,0.387,0.3152,0.1613,0.2739,0.2508,0.3464,0.3097,0.2062,0.2429,0.2236,0.5502,0.4377,0.4394,0.4173,0.1186,0.2271,0.213,0.1874,0.1707,-0.0056
Hmel210001o,2075001,2125000,2100011,49899,0.0109,0.0074,0.0105,0.0244,0.0023,0.0071,0.011,0.0107,0.0106,0.0099,0.0107,0.0266,0.0298,0.0257,0.0225,0.0262,0.0259,0.0089,0.0264,0.0307,0.0272,0.0224,0.0275,0.0273,0.0265,0.0304,0.0266,0.0222,0.027,0.0267,0.0346,0.0338,0.0315,0.033,0.033,0.0307,0.0302,0.0293,0.0297,0.0112,0.0124,0.0123,0.0155,0.0151,0.0104,0.0436,0.0012,0.2342,0.6527,0.4977,0.3586,0.4336,0.4295,0.0011,0.2886,0.7409,0.5964,0.4328,0.5229,0.5198,0.2388,0.6676,0.5193,0.3607,0.4534,0.449,0.4803,0.3973,0.3095,0.3358,0.3354,0.7482,0.6539,0.6535,0.6581,0.114,0.1765,0.1735,0.186,0.173,-0.0097
Hmel210001o,2100001,2150000,2125000,50000,0.0115,0.0081,0.011,0.0239,0.0028,0.0056,0.0072,0.0111,0.009,0.0105,0.0116,0.0255,0.0296,0.024,0.0238,0.0246,0.0247,0.0102,0.0265,0.0302,0.025,0.0244,0.0258,0.0261,0.0255,0.0299,0.0245,0.0241,0.0256,0.0259,0.0344,0.0318,0.0312,0.0308,0.031,0.0293,0.03,0.0291,0.0295,0.0067,0.0119,0.0107,0.0127,0.0118,0.01,0.0377,0.0146,0.2131,0.6268,0.4912,0.4532,0.3863,0.4291,0.0318,0.2853,0.7092,0.5859,0.5392,0.4753,0.5224,0.2193,0.6398,0.5084,0.468,0.4118,0.4574,0.4772,0.4021,0.3694,0.3047,0.3382,0.762,0.7285,0.6309,0.68,0.026,0.188,0.1996,0.1739,0.1971,-0.0009
Hmel210001o,2125001,2175000,2149994,49966,0.021,0.0189,0.0209,0.0257,0.0036,0.0142,0.0104,0.0151,0.0138,0.0206,0.0219,0.0286,0.0326,0.029,0.0271,0.0307,0.0313,0.0208,0.0293,0.0331,0.03,0.0284,0.0316,0.0324,0.0275,0.0329,0.0305,0.0305,0.0342,0.0347,0.0351,0.0347,0.035,0.0362,0.0366,0.0337,0.0344,0.0342,0.0344,0.0171,0.022,0.021,0.0233,0.0228,0.0145,0.0159,0.0225,0.1138,0.4681,0.2576,0.279,0.2718,0.2995,0.0233,0.1518,0.5085,0.3017,0.3324,0.3138,0.3429,0.0947,0.4742,0.2838,0.3368,0.3246,0.3485,0.4481,0.2953,0.3498,0.3021,0.3246,0.5986,0.6761,0.5867,0.612,0.1742,0.212,0.2119,0.3069,0.3204,0.002
Hmel210001o,2150001,2200000,2175007,49945,0.0188,0.0183,0.0197,0.0244,0.0027,0.0173,0.0105,0.0103,0.0087,0.0184,0.0193,0.025,0.0322,0.0237,0.0224,0.0286,0.0291,0.0193,0.0247,0.0323,0.024,0.0228,0.0284,0.029,0.0247,0.0323,0.0244,0.0249,0.0305,0.0307,0.034,0.0298,0.0307,0.0347,0.0348,0.0318,0.0324,0.0326,0.0326,0.0202,0.0206,0.0199,0.0218,0.0224,0.0106,-0.0028,0.0024,0.0889,0.5159,0.1435,0.2207,0.3402,0.3737,0.0084,0.0898,0.5258,0.1578,0.2381,0.345,0.381,0.0709,0.5015,0.1468,0.2585,0.3555,0.384,0.4681,0.1965,0.3065,0.3622,0.3871,0.5383,0.6767,0.6812,0.7166,0.1955,0.2076,0.2217,0.3688,0.4184,0.0604
Hmel210001o,2175001,2225000,2200005,49967,0.0134,0.0136,0.0137,0.0202,0.0037,0.0146,0.0106,0.0096,0.0085,0.0132,0.0134,0.019,0.0309,0.02,0.0219,0.0252,0.0261,0.0137,0.0189,0.0311,0.021,0.0225,0.0258,0.027,0.0193,0.0312,0.0204,0.0224,0.0256,0.0266,0.0334,0.0258,0.0271,0.0299,0.0306,0.0315,0.0322,0.0319,0.0324,0.015,0.0179,0.0182,0.0173,0.0184,0.0108,-0.01,-0.0054,0.0846,0.5829,0.1875,0.3071,0.3876,0.4246,0.0013,0.0774,0.5812,0.2064,0.3151,0.3945,0.4358,0.086,0.5808,0.1912,0.3123,0.3893,0.4276,0.5044,0.2127,0.3012,0.3612,0.39,0.5657,0.6523,0.6693,0.6975,0.0931,0.2034,0.2355,0.2751,0.3316,0.0938
Hmel210001o,2200001,2250000,2225003,49979,0.0124,0.0133,0.0122,0.0196,0.0042,0.0122,0.0118,0.0098,0.0119,0.0128,0.0126,0.0184,0.032,0.0197,0.0207,0.022,0.0228,0.0127,0.0186,0.0322,0.021,0.022,0.0232,0.024,0.0177,0.0323,0.0205,0.022,0.0229,0.0236,0.0341,0.0258,0.0263,0.0273,0.028,0.0341,0.0337,0.0327,0.0331,0.0136,0.018,0.0189,0.0175,0.0181,0.0118,-0.0016,0.0137,0.0941,0.6035,0.2438,0.2748,0.3449,0.3201,-0.0009,0.0822,0.5873,0.2568,0.2867,0.3496,0.3259,0.0792,0.6094,0.2664,0.3073,0.3671,0.3399,0.5101,0.2601,0.2759,0.3272,0.3036,0.627,0.6304,0.6614,0.6243,0.0677,0.2553,0.2343,0.2501,0.2207,0.0472
Hmel210001o,2225001,2275000,2250000,49977,0.0179,0.0182,0.0175,0.0237,0.0054,0.0158,0.0172,0.0168,0.0182,0.0188,0.0186,0.0253,0.0344,0.0246,0.0244,0.0293,0.029,0.0182,0.0248,0.0348,0.0259,0.0254,0.0299,0.0295,0.025,0.0348,0.025,0.0257,0.0291,0.0288,0.0355,0.0299,0.0294,0.0314,0.0314,0.0363,0.0354,0.0347,0.0342,0.0193,0.0261,0.0259,0.0259,0.0255,0.0182,0.0201,0.0259,0.1145,0.5108,0.197,0.1713,0.2684,0.2443,0.0108,0.0992,0.5101,0.2178,0.1883,0.2736,0.2492,0.1148,0.5223,0.2116,0.2045,0.2712,0.248,0.4521,0.2245,0.1979,0.2353,0.2162,0.5646,0.5327,0.5325,0.5042,0.0816,0.2429,0.2191,0.2185,0.19,0.0209
Hmel210001o,2250001,2300000,2274909,48835,0.0235,0.0232,0.0225,0.0278,0.0077,0.0192,0.0203,0.0246,0.0233,0.0245,0.0241,0.0318,0.0366,0.0296,0.0299,0.0366,0.0365,0.0238,0.0308,0.0375,0.0314,0.0315,0.037,0.0372,0.0315,0.0378,0.0305,0.0317,0.0373,0.0376,0.0384,0.0343,0.0351,0.0375,0.0379,0.037,0.0375,0.0369,0.0367,0.0225,0.0314,0.0311,0.0322,0.0313,0.0246,0.024,0.0237,0.1185,0.418,0.1696,0.1628,0.2174,0.2294,0.0211,0.106,0.4326,0.2036,0.1926,0.2264,0.2422,0.1244,0.4445,0.1979,0.2037,0.2372,0.2547,0.4016,0.206,0.2045,0.1879,0.2077,0.4828,0.4726,0.4062,0.4221,0.0692,0.1882,0.1988,0.1872,0.1888,0.0147
Hmel210001o,2275001,2325000,2300493,48839,0.0238,0.0224,0.0214,0.0262,0.0067,0.0197,0.0172,0.0236,0.0231,0.0234,0.0229,0.0291,0.0374,0.0271,0.0271,0.0339,0.0343,0.0222,0.0282,0.0378,0.0287,0.0279,0.0349,0.0354,0.0282,0.0379,0.0286,0.0277,0.0348,0.0354,0.0378,0.0309,0.0309,0.035,0.0355,0.0371,0.0375,0.0371,0.0376,0.0206,0.0291,0.0293,0.0301,0.0296,0.0237,0.0058,0.0063,0.0829,0.4354,0.1154,0.1455,0.1867,0.1976,0.0065,0.0847,0.4588,0.1611,0.1787,0.2151,0.2286,0.097,0.4749,0.1728,0.1885,0.2253,0.2408,0.4261,0.1644,0.1974,0.1779,0.1928,0.4906,0.5325,0.4352,0.448,0.059,0.1538,0.1646,0.2018,0.2005,0.0073
Hmel210001o,2300001,2350000,2325003,49990,0.0244,0.0241,0.023,0.0242,0.0066,0.0206,0.0187,0.0228,0.0236,0.0243,0.0234,0.0281,0.0366,0.0265,0.026,0.0349,0.035,0.0235,0.0272,0.0372,0.0277,0.0268,0.0358,0.0362,0.0276,0.0366,0.028,0.0267,0.036,0.0365,0.036,0.0293,0.0291,0.0348,0.0347,0.0366,0.0363,0.0362,0.0368,0.0237,0.0322,0.0328,0.0337,0.0339,0.0234,0.0013,-0.0067,0.0754,0.4198,0.0876,0.0999,0.2033,0.1964,-0.0012,0.0629,0.4316,0.1134,0.1187,0.2192,0.217,0.085,0.4403,0.1314,0.1304,0.2347,0.2323,0.4322,0.145,0.1681,0.2028,0.1931,0.4732,0.4993,0.4374,0.4339,0.1001,0.2051,0.2058,0.2493,0.2444,0.0047
Hmel210001o,2325001,2375000,2349997,49993,0.0241,0.0242,0.0236,0.0247,0.0072,0.0185,0.0207,0.0227,0.0227,0.0244,0.0236,0.0292,0.0361,0.0262,0.0259,0.0357,0.0357,0.0237,0.0282,0.0363,0.0271,0.0269,0.0363,0.0364,0.0284,0.036,0.0268,0.0264,0.0369,0.037,0.0366,0.0312,0.0311,0.037,0.0368,0.0359,0.0363,0.036,0.0366,0.025,0.0333,0.0335,0.0353,0.0354,0.0233,0.0045,-0.0058,0.0943,0.4108,0.1097,0.0771,0.219,0.2192,-0.0048,0.075,0.4121,0.1254,0.0954,0.2256,0.227,0.0875,0.4178,0.1273,0.0939,0.2415,0.2427,0.4254,0.1987,0.169,0.23,0.2272,0.4896,0.4618,0.4294,0.437,0.1279,0.2476,0.2512,0.251,0.2516,0.0135
Hmel210001o,2350001,2400000,2375000,49989,0.0227,0.0228,0.0219,0.026,0.0058,0.0179,0.0218,0.0229,0.0225,0.0229,0.0224,0.029,0.0391,0.0269,0.0256,0.0357,0.0361,0.022,0.0281,0.0396,0.0278,0.0262,0.0363,0.0366,0.0277,0.0389,0.0272,0.0256,0.0363,0.0365,0.0401,0.0332,0.0316,0.0382,0.0385,0.0385,0.0398,0.0388,0.0395,0.0236,0.0309,0.0309,0.0334,0.0331,0.0231,0.0049,0.0017,0.0969,0.4815,0.1483,0.0754,0.2322,0.242,-0.0092,0.0802,0.4852,0.1627,0.0872,0.2395,0.2473,0.084,0.4901,0.1624,0.0849,0.2478,0.2554,0.4636,0.2231,0.1527,0.2314,0.24,0.5441,0.5009,0.4751,0.488,0.0916,0.2149,0.2188,0.2086,0.2095,0.0086
Hmel210001o,2375001,2425000,2399934,49474,0.0224,0.024,0.0227,0.0278,0.0049,0.0214,0.0206,0.0233,0.0218,0.0234,0.0227,0.029,0.0403,0.028,0.0275,0.0376,0.0375,0.0229,0.0282,0.0416,0.0292,0.0286,0.0382,0.0381,0.0283,0.0408,0.0288,0.0282,0.0384,0.0382,0.0424,0.0338,0.0328,0.0394,0.0397,0.04,0.0412,0.0409,0.0411,0.0246,0.0324,0.0319,0.0337,0.0332,0.0231,0.006,0.0043,0.0851,0.5107,0.1287,0.1296,0.2564,0.2709,-0.0097,0.0519,0.5012,0.1316,0.1309,0.2476,0.2617,0.0692,0.5107,0.1385,0.1388,0.2619,0.2754,0.4775,0.1739,0.1685,0.2271,0.2463,0.5214,0.5436,0.5036,0.5254,0.0824,0.1931,0.2025,0.2207,0.2314,0.0111
Hmel210001o,2400001,2450000,2425195,49466,0.0237,0.026,0.0237,0.0283,0.0046,0.0233,0.0202,0.0238,0.0223,0.0255,0.0242,0.0317,0.0376,0.0289,0.0308,0.0394,0.0388,0.0247,0.0307,0.0388,0.0306,0.0323,0.04,0.0394,0.0312,0.0385,0.03,0.0317,0.0406,0.0399,0.0404,0.0353,0.0356,0.0403,0.04,0.0376,0.0391,0.0388,0.0383,0.0271,0.0353,0.0348,0.0337,0.0333,0.0238,0.0139,0.0095,0.1099,0.4692,0.1094,0.1781,0.259,0.2674,-0.0022,0.0679,0.4512,0.1139,0.1758,0.2441,0.2521,0.1023,0.478,0.1288,0.1917,0.2733,0.2809,0.4568,0.1688,0.2085,0.2272,0.2402,0.4755,0.5352,0.4802,0.4964,0.1165,0.2097,0.219,0.2205,0.2331,0.0169
Hmel210001o,2425001,2475000,2450001,49951,0.022,0.0228,0.0222,0.0278,0.0045,0.021,0.0196,0.0227,0.0225,0.023,0.0226,0.0305,0.0372,0.0276,0.0265,0.0375,0.0376,0.0224,0.0295,0.0379,0.028,0.0265,0.0377,0.0381,0.0303,0.0378,0.0282,0.0268,0.0382,0.0386,0.0394,0.0338,0.0326,0.0391,0.0398,0.0369,0.0377,0.0362,0.0362,0.0247,0.0326,0.0329,0.033,0.0334,0.0229,0.0136,0.011,0.1147,0.4906,0.131,0.1269,0.2648,0.2689,-0.0015,0.0886,0.4874,0.1291,0.1188,0.26,0.2663,0.1094,0.4947,0.1396,0.131,0.2721,0.2788,0.4542,0.1782,0.178,0.2289,0.2399,0.5029,0.5331,0.4702,0.4734,0.1039,0.2079,0.214,0.2299,0.2392,0.0071
Hmel210001o,2450001,2500000,2475015,49959,0.0214,0.023,0.0232,0.0269,0.0059,0.0231,0.0184,0.0238,0.0231,0.0229,0.0231,0.0292,0.0377,0.0274,0.0245,0.0366,0.0376,0.0228,0.0285,0.0385,0.0277,0.0253,0.0368,0.0379,0.0293,0.039,0.0282,0.0255,0.037,0.0384,0.039,0.0322,0.0315,0.0378,0.0391,0.0377,0.0387,0.0378,0.0382,0.0247,0.0317,0.0324,0.0341,0.035,0.0237,0.0155,0.0173,0.1095,0.4841,0.1091,0.1101,0.2482,0.2693,-0.0081,0.0774,0.4697,0.0964,0.1051,0.2346,0.2564,0.0883,0.4715,0.1039,0.108,0.2348,0.26,0.4417,0.1369,0.1836,0.2087,0.2337,0.4593,0.5379,0.452,0.466,0.0922,0.1583,0.1765,0.2475,0.2685,0.0059
Hmel210001o,2475001,2525000,2499994,49957,0.022,0.0247,0.0241,0.0288,0.0074,0.0261,0.0212,0.0256,0.0239,0.0239,0.0239,0.0324,0.0403,0.0301,0.0291,0.0406,0.0409,0.0241,0.0309,0.0405,0.0302,0.0296,0.0402,0.0404,0.0313,0.0407,0.0305,0.0293,0.0405,0.0409,0.0425,0.0349,0.0351,0.0408,0.0411,0.0397,0.0411,0.0416,0.0414,0.0268,0.0342,0.0346,0.0358,0.0362,0.025,0.0135,0.0205,0.1368,0.4817,0.1192,0.1554,0.2738,0.294,-0.0068,0.0822,0.4487,0.0929,0.1345,0.2425,0.261,0.0964,0.4587,0.1038,0.136,0.2519,0.2733,0.4351,0.1289,0.1856,0.2118,0.2318,0.4228,0.4997,0.448,0.467,0.0662,0.1479,0.1692,0.2207,0.2428,0.0053
Hmel210001o,2500001,2550000,2524962,49712,0.0216,0.0219,0.022,0.0304,0.0068,0.0216,0.0205,0.0256,0.0244,0.022,0.0225,0.0323,0.0422,0.0298,0.028,0.0405,0.04,0.0223,0.0302,0.0418,0.031,0.0285,0.0401,0.04,0.0309,0.0417,0.0316,0.0291,0.0408,0.0407,0.0442,0.0372,0.0348,0.0426,0.0422,0.0409,0.0419,0.0413,0.0412,0.0232,0.0348,0.034,0.0359,0.0352,0.0252,0.0076,0.0172,0.1278,0.5137,0.1685,0.1504,0.2762,0.2822,0.008,0.0907,0.5056,0.1855,0.1557,0.269,0.279,0.0999,0.503,0.193,0.1646,0.2757,0.2861,0.4421,0.196,0.1764,0.2199,0.2275,0.5012,0.5254,0.4522,0.4669,0.0515,0.2025,0.2021,0.2289,0.2318,0.0031
Hmel210001o,2525001,2575000,2550064,49718,0.0227,0.0227,0.0233,0.0268,0.0065,0.0185,0.0204,0.0251,0.024,0.0231,0.0235,0.0307,0.0395,0.0296,0.0275,0.038,0.038,0.0235,0.0294,0.0395,0.031,0.0284,0.0376,0.0379,0.0297,0.0389,0.0319,0.0293,0.0379,0.0383,0.0401,0.0362,0.0334,0.04,0.04,0.0389,0.0398,0.0379,0.0383,0.022,0.0332,0.0322,0.0339,0.0335,0.0249,0.0084,0.012,0.1194,0.4769,0.1889,0.1288,0.2399,0.2515,0.0125,0.0977,0.4767,0.2126,0.1449,0.2342,0.2498,0.0946,0.4631,0.2199,0.1547,0.2326,0.2494,0.4468,0.2508,0.1886,0.2233,0.2352,0.5299,0.5109,0.4285,0.4469,0.0657,0.2187,0.2163,0.2077,0.2129,0.0084
Hmel210001o,2550001,2600000,2574853,49440,0.0232,0.0236,0.0247,0.0256,0.0056,0.0207,0.0184,0.024,0.0233,0.0233,0.024,0.0297,0.0387,0.029,0.0293,0.0362,0.0368,0.0242,0.029,0.0388,0.0293,0.0298,0.0355,0.0361,0.0287,0.0385,0.0301,0.0308,0.0356,0.0365,0.0397,0.0342,0.0337,0.0373,0.0377,0.0382,0.0385,0.0366,0.0379,0.0232,0.0311,0.0312,0.0308,0.031,0.0238,-0.0021,0.0017,0.1062,0.4733,0.1477,0.1786,0.2219,0.2383,0.0018,0.0894,0.4692,0.147,0.1819,0.2086,0.2245,0.07,0.451,0.149,0.1851,0.1982,0.2176,0.4666,0.2077,0.2278,0.2103,0.2246,0.5039,0.5399,0.4398,0.464,0.091,0.1734,0.1841,0.1941,0.2055,0.0047
Hmel210001o,2575001,2625000,2600084,49337,0.0213,0.0215,0.0218,0.0248,0.007,0.019,0.0144,0.0227,0.0224,0.0211,0.0215,0.027,0.0383,0.0247,0.0257,0.0332,0.0339,0.0215,0.0266,0.0383,0.0253,0.0264,0.0337,0.0343,0.0264,0.0387,0.0256,0.0269,0.0338,0.0346,0.039,0.0308,0.031,0.0351,0.0358,0.0376,0.0382,0.0352,0.037,0.0211,0.0305,0.0306,0.0304,0.0305,0.023,-0.0088,-0.0012,0.0891,0.4772,0.108,0.1903,0.2134,0.2273,-0.0042,0.0793,0.4743,0.1185,0.2013,0.2188,0.2302,0.0719,0.4746,0.1211,0.2059,0.2182,0.2314,0.452,0.185,0.2494,0.2039,0.2162,0.5038,0.5789,0.4239,0.448,0.1226,0.1998,0.2038,0.2541,0.2601,0.0107
Hmel210001o,2600001,2650000,2625037,49859,0.0225,0.0228,0.0214,0.0234,0.0092,0.0161,0.0133,0.024,0.0223,0.0228,0.0222,0.0274,0.0386,0.0279,0.0287,0.0368,0.0368,0.0219,0.0275,0.0388,0.0292,0.0295,0.0381,0.0379,0.0277,0.0394,0.0291,0.0297,0.0381,0.0381,0.0393,0.0334,0.0331,0.0384,0.0383,0.0383,0.0395,0.0374,0.0374,0.0195,0.0306,0.0299,0.0316,0.0313,0.0239,0.0025,0.0069,0.0937,0.4334,0.1924,0.2431,0.2368,0.2558,-0.0056,0.0926,0.4322,0.2112,0.2522,0.2509,0.2666,0.1158,0.4575,0.229,0.275,0.2666,0.285,0.4408,0.2772,0.3107,0.2447,0.2632,0.5207,0.5727,0.401,0.4235,0.1475,0.2189,0.2295,0.2704,0.2878,0.0179
Hmel210001o,2625001,2675000,2650000,49991,0.0171,0.0173,0.0167,0.0222,0.0055,0.0125,0.0094,0.0189,0.017,0.0175,0.0172,0.0229,0.0365,0.0287,0.0299,0.0325,0.0325,0.0168,0.0229,0.0368,0.0302,0.0312,0.0336,0.0337,0.0233,0.0374,0.0303,0.0314,0.0339,0.034,0.0383,0.0329,0.0335,0.0353,0.0351,0.0366,0.0374,0.0361,0.0359,0.014,0.0222,0.0216,0.0228,0.0222,0.0184,0.0089,0.0083,0.0907,0.5434,0.3342,0.4013,0.2993,0.3263,-0.0068,0.089,0.5438,0.3542,0.4163,0.3134,0.3401,0.1063,0.5584,0.3648,0.4283,0.3248,0.3517,0.4983,0.3332,0.3868,0.277,0.2995,0.6214,0.6829,0.5113,0.5397,0.1299,0.1792,0.199,0.2464,0.2673,0.0133
Hmel210001o,2650001,2700000,2675000,49994,0.0106,0.0112,0.0115,0.0213,0.0025,0.0112,0.0078,0.0127,0.0111,0.0109,0.0112,0.0181,0.0342,0.021,0.0218,0.0253,0.0256,0.0109,0.0179,0.0346,0.0215,0.0223,0.026,0.0263,0.0183,0.0349,0.0217,0.0221,0.0259,0.0262,0.0365,0.0262,0.0268,0.0291,0.0293,0.0349,0.0351,0.0339,0.0342,0.0105,0.0169,0.0169,0.0174,0.0173,0.012,-0.0011,0.0057,0.0972,0.6922,0.3294,0.421,0.3853,0.4194,-0.0195,0.0816,0.6844,0.3298,0.4176,0.3858,0.4191,0.0849,0.6804,0.3268,0.4081,0.3794,0.4116,0.5392,0.2625,0.3299,0.2863,0.3129,0.6864,0.757,0.65,0.6819,0.0529,0.1817,0.2144,0.2723,0.3055,0.0065
Hmel210001o,2675001,2725000,2699955,49883,0.0167,0.0177,0.0177,0.0241,0.0055,0.0155,0.0153,0.0175,0.0157,0.0174,0.0174,0.0228,0.0351,0.0222,0.0225,0.0301,0.0304,0.0177,0.0232,0.0354,0.0232,0.023,0.0307,0.0309,0.0234,0.0357,0.0223,0.0218,0.0306,0.0306,0.0363,0.0274,0.0275,0.0323,0.0326,0.0359,0.0357,0.0358,0.0364,0.0172,0.0248,0.0249,0.026,0.0261,0.0174,0.0071,0.0069,0.075,0.5366,0.1674,0.1774,0.2897,0.3189,0.0001,0.0675,0.5221,0.1733,0.1721,0.2836,0.3115,0.0726,0.5264,0.153,0.1467,0.2831,0.3078,0.4536,0.1823,0.1872,0.2347,0.2625,0.5633,0.5646,0.5308,0.5658,0.0587,0.211,0.241,0.2383,0.267,0.0264
Hmel210001o,2700001,2750000,2724965,49692,0.0233,0.0241,0.0243,0.0301,0.0084,0.0202,0.0234,0.0246,0.0238,0.0241,0.0241,0.0295,0.0365,0.0266,0.0265,0.0368,0.0365,0.0243,0.0299,0.0366,0.028,0.0269,0.0369,0.0364,0.03,0.0372,0.027,0.0261,0.0368,0.0362,0.0389,0.0326,0.0322,0.0391,0.0386,0.0369,0.0363,0.0375,0.0375,0.0236,0.0347,0.034,0.0353,0.0346,0.0258,0.0104,0.0064,0.0655,0.4093,0.1077,0.0666,0.2227,0.2271,0.0012,0.062,0.3996,0.124,0.0663,0.2162,0.2173,0.0607,0.4037,0.1014,0.0467,0.2121,0.2122,0.3727,0.1505,0.1074,0.1917,0.1925,0.457,0.4058,0.4044,0.4142,0.0421,0.2273,0.2266,0.201,0.1993,0.0342
Hmel210001o,2725001,2775000,2750027,49758,0.0231,0.0241,0.0242,0.0288,0.0062,0.0183,0.0211,0.0238,0.0234,0.0236,0.0238,0.0293,0.0362,0.0246,0.0247,0.0352,0.0347,0.0235,0.029,0.0362,0.026,0.0254,0.035,0.0341,0.0288,0.0363,0.0266,0.0262,0.0357,0.035,0.0381,0.0321,0.0316,0.0385,0.0374,0.0357,0.0359,0.0364,0.0357,0.0215,0.0325,0.0317,0.0331,0.0324,0.0246,-0.0006,0.0048,0.075,0.4409,0.0905,0.0595,0.2116,0.2094,-0.0143,0.0565,0.4264,0.1067,0.0613,0.1972,0.1891,0.0536,0.4264,0.1177,0.0766,0.2059,0.201,0.4086,0.1766,0.1356,0.202,0.1931,0.5053,0.4657,0.4327,0.4306,0.0467,0.2246,0.2164,0.2023,0.1966,0.0234
Hmel210001o,2750001,2800000,2774952,48744,0.0244,0.0244,0.024,0.0229,0.0055,0.0179,0.019,0.0229,0.0215,0.0246,0.0243,0.0274,0.0352,0.0253,0.0261,0.0345,0.0347,0.0238,0.0271,0.0356,0.0261,0.026,0.034,0.0338,0.0262,0.0349,0.027,0.0275,0.0355,0.0354,0.0341,0.0309,0.0308,0.0362,0.0358,0.0343,0.0356,0.0355,0.0357,0.0213,0.0305,0.0302,0.0313,0.031,0.0228,0.0046,0.0027,0.0739,0.42,0.095,0.0979,0.1966,0.2147,-0.0088,0.0669,0.4244,0.1112,0.0959,0.1893,0.2009,0.0552,0.4222,0.1336,0.1297,0.2145,0.2288,0.4452,0.2203,0.2034,0.233,0.2447,0.5073,0.5052,0.4441,0.4673,0.0747,0.2087,0.2209,0.2085,0.2201,0.0128
Hmel210001o,2775001,2825000,2800565,48782,0.022,0.0216,0.0209,0.0231,0.006,0.02,0.0184,0.0213,0.0202,0.022,0.0215,0.0256,0.0357,0.025,0.024,0.0352,0.035,0.0215,0.0255,0.0362,0.0246,0.023,0.0343,0.0339,0.0249,0.0362,0.0252,0.0241,0.0355,0.0351,0.0353,0.0285,0.0279,0.036,0.0352,0.0348,0.036,0.0363,0.0364,0.022,0.0312,0.0305,0.0319,0.0314,0.021,0.0047,0.0013,0.0675,0.4524,0.0931,0.0908,0.2502,0.2602,0.0078,0.0712,0.4639,0.0892,0.0751,0.2426,0.2504,0.0684,0.4735,0.1091,0.1067,0.2673,0.2751,0.4472,0.1495,0.1614,0.2483,0.2504,0.4715,0.5095,0.4699,0.4875,0.0708,0.2145,0.2166,0.2439,0.2506,0.0067
Hmel210001o,2800001,2850000,2824995,49970,0.0212,0.0208,0.0202,0.0218,0.0052,0.0177,0.0186,0.0198,0.0204,0.0208,0.0208,0.0248,0.0358,0.0233,0.0218,0.0321,0.0327,0.0208,0.0241,0.0362,0.0242,0.0229,0.0328,0.0335,0.024,0.0368,0.0242,0.0228,0.0336,0.0341,0.0353,0.0269,0.0263,0.0333,0.0329,0.0346,0.0357,0.0349,0.0355,0.0203,0.0281,0.0284,0.0299,0.0304,0.0204,-0.0043,0.0028,0.0748,0.4775,0.0965,0.0489,0.233,0.2341,0.0077,0.067,0.487,0.1212,0.0799,0.2478,0.2508,0.0728,0.5016,0.1272,0.0851,0.2665,0.2658,0.4762,0.1655,0.1419,0.242,0.2281,0.5176,0.5149,0.4885,0.4855,0.0595,0.2109,0.2072,0.229,0.23,0.0079
Hmel210001o,2825001,2875000,2849935,49740,0.0251,0.0233,0.0229,0.0215,0.0049,0.0183,0.0205,0.0201,0.0215,0.0241,0.0242,0.0271,0.0344,0.0255,0.0248,0.0305,0.032,0.0233,0.0259,0.0347,0.0266,0.0263,0.0326,0.0343,0.0255,0.035,0.0265,0.0259,0.0328,0.0339,0.0338,0.029,0.0287,0.0318,0.0324,0.0334,0.0349,0.0328,0.0345,0.0212,0.0271,0.0282,0.0296,0.0308,0.0214,-0.0037,0.0044,0.0706,0.407,0.0853,0.0441,0.1565,0.1656,0.0032,0.0721,0.4367,0.1301,0.0955,0.2112,0.2198,0.07,0.4471,0.1335,0.0928,0.2196,0.2197,0.4691,0.1995,0.162,0.2189,0.21,0.5005,0.482,0.4641,0.4613,0.0468,0.1803,0.1824,0.1961,0.1995,0.0164
Hmel210001o,2850001,2900000,2875051,49746,0.0252,0.0235,0.023,0.0248,0.0064,0.0207,0.0216,0.0193,0.0191,0.0245,0.0246,0.0288,0.0336,0.0269,0.0263,0.0319,0.0327,0.0233,0.0283,0.0338,0.027,0.0264,0.0334,0.0347,0.0279,0.0341,0.0276,0.0261,0.0334,0.0342,0.0349,0.0306,0.0301,0.0337,0.0343,0.0334,0.0345,0.0327,0.0339,0.0227,0.027,0.0278,0.0299,0.0308,0.02,0.0033,0.0108,0.0724,0.3756,0.0841,0.0623,0.188,0.2024,0.0017,0.0854,0.4018,0.1049,0.0841,0.2305,0.2519,0.0846,0.4122,0.1224,0.0824,0.2363,0.2496,0.4154,0.1588,0.1398,0.2243,0.236,0.4373,0.4378,0.4513,0.4688,0.0385,0.1557,0.1744,0.1978,0.2147,0.0207
Hmel210001o,2875001,2925000,2899933,49821,0.0235,0.0218,0.0216,0.0245,0.0057,0.0196,0.0209,0.0197,0.0185,0.0233,0.0238,0.0282,0.0347,0.0265,0.0262,0.0318,0.0325,0.0216,0.0274,0.0344,0.0262,0.0258,0.032,0.0334,0.0274,0.0351,0.0273,0.0259,0.0326,0.0339,0.0349,0.0301,0.0292,0.0333,0.0341,0.0334,0.0347,0.0332,0.0343,0.0218,0.0256,0.0269,0.0284,0.0293,0.0195,0.0166,0.0292,0.0873,0.4246,0.1099,0.0881,0.202,0.226,-0.0014,0.0936,0.4453,0.124,0.1008,0.2256,0.2608,0.097,0.4563,0.147,0.1037,0.2369,0.269,0.431,0.1687,0.1367,0.2186,0.244,0.4667,0.4618,0.4643,0.4954,0.0385,0.1397,0.1791,0.1763,0.2059,0.0125
Hmel210001o,2900001,2950000,2925012,49829,0.0249,0.0225,0.0236,0.0227,0.005,0.0187,0.021,0.0214,0.0217,0.0248,0.0251,0.0287,0.0365,0.0302,0.0282,0.0342,0.035,0.0229,0.0271,0.0362,0.0295,0.0267,0.034,0.035,0.0281,0.0369,0.0293,0.027,0.0342,0.0351,0.0353,0.0323,0.0311,0.0346,0.0352,0.0354,0.0367,0.0352,0.0363,0.0235,0.0272,0.0286,0.0305,0.0315,0.0222,0.0248,0.0178,0.093,0.4357,0.1706,0.1083,0.2034,0.2122,-0.003,0.0946,0.4665,0.1866,0.1076,0.2272,0.238,0.0973,0.4571,0.1699,0.0999,0.2173,0.2275,0.4691,0.2331,0.1836,0.2308,0.2365,0.5154,0.4934,0.4721,0.4791,0.0885,0.1602,0.1815,0.1895,0.2029,0.0171
Hmel210001o,2925001,2975000,2949999,49987,0.0244,0.0236,0.0241,0.0236,0.0064,0.0186,0.0206,0.0209,0.022,0.025,0.0245,0.0282,0.0373,0.0287,0.0263,0.0351,0.0359,0.0237,0.0276,0.0379,0.0288,0.0259,0.0352,0.0359,0.028,0.0378,0.0274,0.0247,0.0346,0.0355,0.0369,0.0312,0.0302,0.0353,0.0359,0.0375,0.0385,0.0374,0.0383,0.0228,0.0297,0.0311,0.0325,0.0337,0.0221,0.0215,0.0055,0.0821,0.4319,0.1513,0.0833,0.2272,0.2261,-0.0045,0.0801,0.4485,0.1633,0.0843,0.2368,0.2341,0.0811,0.4404,0.1317,0.0532,0.2221,0.2233,0.4529,0.2081,0.1668,0.2377,0.2337,0.5163,0.4973,0.481,0.4756,0.0801,0.2124,0.2212,0.2315,0.2374,0.0169
Hmel210001o,2950001,3000000,2974999,49958,0.022,0.0234,0.022,0.023,0.0067,0.0174,0.0196,0.0202,0.0208,0.0233,0.0228,0.0257,0.036,0.0248,0.0243,0.0325,0.0335,0.0226,0.0257,0.0363,0.0258,0.0252,0.0329,0.0339,0.0252,0.0361,0.0256,0.0239,0.0329,0.0341,0.0356,0.0268,0.0261,0.0322,0.0331,0.0358,0.0369,0.0359,0.037,0.0209,0.0292,0.03,0.0308,0.0322,0.0208,0.0127,0.0184,0.0715,0.4463,0.121,0.0814,0.2241,0.2315,-0.0024,0.0522,0.4303,0.1238,0.083,0.2134,0.2222,0.062,0.448,0.1373,0.074,0.2298,0.2407,0.4417,0.1563,0.1129,0.209,0.2149,0.5134,0.4916,0.4724,0.4754,0.0638,0.2277,0.2339,0.2271,0.2409,0.0074
Hmel210001o,2975001,3025000,3000011,49951,0.0243,0.0238,0.0226,0.0227,0.0056,0.0161,0.019,0.0213,0.021,0.0243,0.0245,0.0268,0.0364,0.0287,0.029,0.0339,0.0344,0.0233,0.0254,0.0358,0.0282,0.0278,0.0331,0.0338,0.0252,0.0364,0.0294,0.0283,0.034,0.0346,0.0351,0.0288,0.0281,0.0323,0.0326,0.0359,0.0361,0.0358,0.0362,0.0214,0.0271,0.0275,0.0286,0.0293,0.0214,0.0039,0.0237,0.0653,0.4324,0.1823,0.1532,0.2057,0.2166,0.0025,0.044,0.4326,0.1792,0.1366,0.1991,0.2139,0.0557,0.4569,0.2164,0.1623,0.2269,0.239,0.4563,0.2144,0.1617,0.1982,0.2081,0.55,0.5067,0.468,0.4786,0.1029,0.1926,0.2054,0.1817,0.1995,0.0073
Hmel210001o,3000001,3050000,3024963,49649,0.0235,0.0231,0.0215,0.0245,0.0054,0.0168,0.0185,0.0226,0.0219,0.0235,0.0233,0.0274,0.0381,0.0307,0.0303,0.036,0.0357,0.0225,0.0259,0.0374,0.0302,0.0294,0.0352,0.0351,0.0255,0.0381,0.0313,0.0303,0.0359,0.0359,0.0374,0.0331,0.0321,0.0357,0.0359,0.0371,0.0377,0.0379,0.0377,0.021,0.027,0.0269,0.0293,0.0289,0.0228,0.0035,0.0177,0.0704,0.4646,0.2184,0.1914,0.2294,0.2331,0.0053,0.0469,0.463,0.2147,0.1797,0.2235,0.2301,0.0612,0.4935,0.2526,0.216,0.251,0.2589,0.4605,0.2517,0.2146,0.2141,0.2268,0.5546,0.5347,0.4752,0.4839,0.093,0.1653,0.1722,0.185,0.1875,0.0121
Hmel210001o,3025001,3075000,3050114,49609,0.0211,0.0191,0.0179,0.0251,0.0039,0.0142,0.015,0.0201,0.0198,0.0212,0.0198,0.0261,0.0345,0.0277,0.0266,0.0314,0.0315,0.0207,0.0236,0.0349,0.0302,0.0285,0.0336,0.0338,0.026,0.0348,0.0291,0.0277,0.0327,0.0326,0.0371,0.0348,0.0336,0.0365,0.0368,0.0343,0.0355,0.0351,0.0349,0.016,0.0229,0.0232,0.0248,0.0254,0.0199,0.0281,0.0084,0.0715,0.4851,0.2338,0.202,0.2194,0.2239,0.0592,0.0473,0.521,0.3032,0.2649,0.2767,0.2818,0.1145,0.5396,0.3027,0.2685,0.2784,0.2801,0.4728,0.3019,0.2763,0.2503,0.2568,0.5988,0.5964,0.5078,0.5096,0.048,0.1515,0.1631,0.1814,0.1979,-0.0002
Hmel210001o,3050001,3100000,3075012,49939,0.0188,0.0147,0.0147,0.0206,0.0023,0.0114,0.0097,0.0143,0.0142,0.0175,0.0169,0.0234,0.0303,0.023,0.0217,0.0237,0.0247,0.0164,0.0207,0.0311,0.0262,0.0245,0.0258,0.0268,0.0227,0.031,0.0254,0.0238,0.0251,0.0258,0.0342,0.0297,0.0288,0.0283,0.0286,0.0301,0.0313,0.0306,0.0314,0.0109,0.0181,0.0194,0.0181,0.0196,0.0138,0.0229,0.0055,0.0949,0.5004,0.219,0.2167,0.1882,0.2085,0.0583,0.0982,0.5882,0.3505,0.3508,0.2938,0.3136,0.1441,0.5859,0.3355,0.3368,0.2811,0.2943,0.5312,0.3251,0.338,0.2565,0.2634,0.6455,0.6932,0.5903,0.6,0.02,0.18,0.2158,0.2123,0.253,-0.0176
Hmel210001o,3075001,3125000,3099988,49803,0.0142,0.0101,0.01,0.0182,0.0026,0.0113,0.0079,0.0103,0.0104,0.0121,0.012,0.0198,0.0299,0.021,0.0191,0.0209,0.0216,0.0098,0.0185,0.0299,0.0241,0.0222,0.0225,0.023,0.0182,0.0302,0.0246,0.0226,0.0226,0.0234,0.0334,0.0278,0.0267,0.0251,0.0256,0.0292,0.0311,0.0302,0.0309,0.0095,0.0152,0.0157,0.0153,0.0158,0.0105,-0.004,-0.003,0.1142,0.5775,0.2564,0.2805,0.2754,0.2882,-0.015,0.1617,0.6627,0.4006,0.4382,0.3914,0.3987,0.1545,0.6692,0.4112,0.4477,0.3967,0.4082,0.5525,0.3272,0.3708,0.3,0.3073,0.6299,0.7227,0.6626,0.6665,-0.0042,0.1784,0.1938,0.2656,0.2773,0.0078
Hmel210001o,3100001,3150000,3125037,49654,0.011,0.0083,0.0073,0.0207,0.0024,0.0104,0.0072,0.0067,0.0071,0.01,0.0095,0.019,0.0296,0.0211,0.0191,0.0226,0.0229,0.0077,0.0181,0.0291,0.0241,0.0221,0.0245,0.0246,0.0177,0.0293,0.0241,0.0219,0.0244,0.0247,0.0335,0.0292,0.0278,0.0294,0.0297,0.0288,0.0306,0.0308,0.0307,0.0085,0.0137,0.0133,0.0142,0.0139,0.0074,0.0202,0.0168,0.1218,0.6458,0.3421,0.3708,0.4537,0.4491,-0.0087,0.153,0.7039,0.4586,0.4985,0.5491,0.5415,0.1592,0.7278,0.4787,0.5178,0.5707,0.5647,0.5206,0.3326,0.3658,0.3976,0.3945,0.6521,0.7418,0.7553,0.745,-0.0168,0.2467,0.219,0.3589,0.3366,0.0402
Hmel210001o,3125001,3175000,3150033,49842,0.0139,0.0134,0.0131,0.0216,0.0037,0.0093,0.0088,0.0107,0.0118,0.014,0.0138,0.021,0.0288,0.0214,0.0203,0.0239,0.0247,0.0129,0.0207,0.0288,0.024,0.0231,0.0254,0.0261,0.0204,0.0287,0.0245,0.0234,0.0258,0.0265,0.0323,0.0284,0.0278,0.0294,0.0297,0.0273,0.0289,0.0293,0.0293,0.0095,0.0153,0.0157,0.0165,0.0172,0.0113,0.0111,0.0105,0.1073,0.5465,0.3112,0.2969,0.3339,0.3287,-0.0144,0.1073,0.5562,0.3731,0.3654,0.3709,0.3639,0.1046,0.5611,0.388,0.3767,0.3825,0.3751,0.4696,0.3258,0.3255,0.3182,0.3056,0.6304,0.6588,0.6202,0.5961,0.0266,0.2216,0.2073,0.2695,0.264,0.0035
Hmel210001o,3150001,3200000,3175001,49995,0.0203,0.0194,0.0196,0.0221,0.0058,0.013,0.014,0.0194,0.0203,0.0198,0.0199,0.0236,0.032,0.0233,0.0248,0.0279,0.0285,0.0189,0.0225,0.0324,0.026,0.027,0.0298,0.0303,0.0228,0.0324,0.0263,0.0275,0.0299,0.0305,0.0337,0.0292,0.0303,0.0316,0.0318,0.0303,0.0318,0.031,0.0313,0.0149,0.0202,0.0214,0.0225,0.0239,0.02,-0.0025,-0.0007,0.0601,0.4346,0.1761,0.192,0.178,0.1776,-0.0148,0.0504,0.4564,0.2459,0.2476,0.2236,0.2202,0.0523,0.4519,0.2471,0.2536,0.2222,0.2202,0.4458,0.2747,0.275,0.2197,0.2106,0.5419,0.5402,0.4373,0.4261,0.0534,0.1186,0.1339,0.1557,0.1741,0.0049
Hmel210001o,3175001,3225000,3200001,49998,0.0211,0.0179,0.0185,0.0235,0.0058,0.0156,0.0175,0.0205,0.0203,0.0198,0.0201,0.025,0.0347,0.0258,0.0265,0.0314,0.0317,0.0177,0.0226,0.0356,0.0291,0.0291,0.0339,0.0342,0.023,0.0357,0.0288,0.0294,0.0336,0.034,0.0364,0.0323,0.0329,0.0357,0.0358,0.0334,0.0347,0.0337,0.0343,0.0181,0.0232,0.0238,0.0259,0.027,0.021,0.0076,0.0069,0.0662,0.4576,0.1779,0.1662,0.2148,0.2201,-0.0157,0.0593,0.5167,0.2819,0.2555,0.2902,0.2959,0.0587,0.5078,0.2682,0.2512,0.2776,0.2849,0.4584,0.2666,0.2496,0.2504,0.2534,0.5305,0.5138,0.456,0.4644,0.0471,0.1326,0.1475,0.1637,0.1849,0.0168
Hmel210001o,3200001,3250000,3225000,49998,0.0218,0.0201,0.0191,0.0247,0.005,0.0141,0.0176,0.0189,0.019,0.0214,0.0213,0.0273,0.0337,0.0297,0.0273,0.0332,0.0343,0.0194,0.0251,0.034,0.031,0.0291,0.0342,0.0354,0.0254,0.0347,0.0315,0.0292,0.0349,0.0361,0.0352,0.0337,0.0329,0.0354,0.0364,0.0329,0.0341,0.0333,0.0345,0.0196,0.0231,0.024,0.0275,0.0285,0.0194,0.0128,0.0223,0.0887,0.4469,0.259,0.171,0.2516,0.2678,-0.0061,0.0692,0.4766,0.3021,0.2237,0.2868,0.3018,0.0885,0.5005,0.3241,0.2403,0.3088,0.324,0.4408,0.2931,0.235,0.253,0.2659,0.5646,0.5171,0.4862,0.4998,0.1108,0.1749,0.194,0.2116,0.2289,0.0123
Hmel210001o,3225001,3275000,3250000,49997,0.0182,0.0192,0.0175,0.0227,0.0039,0.0127,0.0131,0.0176,0.0171,0.0194,0.0189,0.0249,0.0332,0.0279,0.0256,0.0304,0.0312,0.0184,0.0238,0.033,0.0288,0.0266,0.0306,0.0314,0.0244,0.0339,0.0292,0.0264,0.0314,0.0321,0.0347,0.031,0.0299,0.0316,0.0326,0.0321,0.0332,0.0326,0.0337,0.016,0.022,0.0227,0.0249,0.0253,0.0176,0.021,0.0299,0.1125,0.516,0.3002,0.254,0.2705,0.2905,0.0017,0.076,0.4974,0.3001,0.2572,0.2617,0.2819,0.1114,0.5348,0.3306,0.2786,0.2957,0.3128,0.4792,0.2986,0.2771,0.2381,0.2595,0.6029,0.6079,0.5197,0.5413,0.1141,0.1931,0.2194,0.2503,0.2669,0.0097
Hmel210001o,3250001,3300000,3274983,49947,0.0138,0.0137,0.0132,0.021,0.0033,0.0089,0.009,0.0138,0.0134,0.0143,0.014,0.0215,0.0325,0.0218,0.0223,0.0257,0.0256,0.0131,0.0214,0.0324,0.0236,0.0234,0.0264,0.0265,0.0219,0.0328,0.0233,0.0231,0.0264,0.0263,0.0349,0.0273,0.0274,0.0291,0.029,0.0314,0.0321,0.0315,0.0317,0.0098,0.0195,0.0196,0.0197,0.0195,0.014,0.0211,0.0208,0.1271,0.5992,0.3288,0.338,0.3148,0.3202,-0.0131,0.1278,0.6012,0.3682,0.3629,0.3299,0.3375,0.1471,0.6138,0.3723,0.3675,0.3386,0.3434,0.5156,0.3228,0.3246,0.2737,0.278,0.6889,0.693,0.5893,0.5986,0.0482,0.2762,0.287,0.2796,0.2838,0.0166
Hmel210001o,3275001,3325000,3300005,49918,0.0096,0.0092,0.0112,0.0219,0.0036,0.0046,0.0106,0.0123,0.0124,0.01,0.0116,0.0241,0.0353,0.0128,0.0208,0.0273,0.0269,0.0106,0.024,0.035,0.0131,0.0206,0.0274,0.0271,0.0248,0.0347,0.0151,0.0204,0.0273,0.0269,0.0347,0.026,0.028,0.0304,0.03,0.0346,0.034,0.0328,0.0324,0.014,0.0236,0.0234,0.0224,0.0215,0.013,0.0301,0.0562,0.2418,0.698,0.3011,0.3618,0.4425,0.4355,0.0203,0.2476,0.7031,0.3229,0.3661,0.4523,0.4463,0.2283,0.6622,0.3292,0.3177,0.4138,0.4056,0.4953,0.3672,0.2945,0.3057,0.2983,0.7992,0.6691,0.6247,0.6198,0.3124,0.4909,0.4848,0.3377,0.3187,0.0279
Hmel210001o,3300001,3350000,3325009,49963,0.0094,0.0112,0.0137,0.0228,0.0043,0.0055,0.0131,0.0147,0.0147,0.0118,0.013,0.0284,0.0382,0.0101,0.0195,0.0348,0.0355,0.0132,0.0277,0.0374,0.012,0.0204,0.0339,0.0346,0.0286,0.0372,0.0142,0.02,0.0335,0.0343,0.0351,0.0284,0.027,0.0359,0.0364,0.0385,0.037,0.0383,0.0384,0.0194,0.0342,0.0349,0.0324,0.033,0.0156,0.0708,0.0626,0.3075,0.7083,0.1565,0.2816,0.5014,0.5096,0.0307,0.2685,0.6702,0.189,0.2644,0.4627,0.4719,0.2451,0.6249,0.2021,0.2075,0.4206,0.4302,0.4749,0.3725,0.2273,0.3342,0.3408,0.7843,0.6334,0.6173,0.6186,0.3655,0.5599,0.5674,0.4154,0.424,0.0319
Hmel210001o,3325001,3375000,3350001,49991,0.0122,0.0151,0.0148,0.023,0.0042,0.0107,0.0124,0.0147,0.0146,0.0152,0.0163,0.0256,0.0362,0.0172,0.0187,0.0355,0.0366,0.0159,0.026,0.0359,0.0203,0.0198,0.0349,0.036,0.0273,0.0357,0.0215,0.0191,0.0346,0.0359,0.0367,0.0285,0.0249,0.037,0.0375,0.0367,0.036,0.0381,0.0386,0.0203,0.032,0.0331,0.0341,0.0353,0.0153,0.0564,0.1014,0.2142,0.6468,0.2133,0.2168,0.467,0.4796,0.0354,0.1763,0.5926,0.235,0.1908,0.417,0.431,0.2047,0.5966,0.2702,0.1762,0.4186,0.4345,0.4911,0.2872,0.1958,0.3444,0.3514,0.6777,0.6402,0.6183,0.6233,0.2882,0.4471,0.463,0.4466,0.4622,0.0222
Hmel210001o,3350001,3400000,3374805,49486,0.014,0.0175,0.0184,0.0232,0.0039,0.0099,0.0108,0.0157,0.0162,0.0171,0.0201,0.0258,0.0367,0.0271,0.0262,0.0331,0.0342,0.0201,0.0257,0.0376,0.0275,0.0252,0.0336,0.0346,0.0285,0.037,0.0263,0.0218,0.0319,0.0326,0.0383,0.0294,0.0292,0.0369,0.0374,0.0356,0.0365,0.0359,0.0368,0.0173,0.0281,0.0286,0.0298,0.0296,0.0165,0.0428,0.1132,0.1863,0.6237,0.4033,0.3727,0.3969,0.4021,0.058,0.1325,0.5732,0.349,0.2928,0.3539,0.3597,0.1699,0.5527,0.3132,0.2065,0.3172,0.3191,0.5083,0.3093,0.2937,0.3288,0.3284,0.6889,0.6792,0.5886,0.5867,0.2627,0.3896,0.3872,0.3999,0.3882,0.0177
Hmel210001o,3375001,3425000,3400021,49179,0.0184,0.0222,0.0243,0.0241,0.0051,0.0103,0.0135,0.02,0.0213,0.0212,0.0239,0.029,0.0382,0.0325,0.0327,0.0345,0.0357,0.0249,0.0283,0.0393,0.0318,0.0311,0.0349,0.036,0.0313,0.0385,0.0271,0.0264,0.0317,0.032,0.0387,0.0326,0.0341,0.0379,0.0389,0.0367,0.038,0.0366,0.0378,0.0152,0.0299,0.0298,0.0284,0.0278,0.0212,0.0218,0.0591,0.1703,0.5454,0.4034,0.3598,0.2975,0.2982,0.0374,0.1067,0.5007,0.3381,0.2843,0.2585,0.2583,0.1322,0.4643,0.2341,0.1754,0.1866,0.1779,0.4833,0.3396,0.3142,0.2777,0.2746,0.6696,0.6233,0.5063,0.4989,0.1293,0.3427,0.3209,0.2702,0.2421,0.0124
Hmel210001o,3400001,3450000,3425108,49661,0.0213,0.0228,0.0242,0.0265,0.0055,0.015,0.0199,0.0222,0.0238,0.022,0.0237,0.028,0.0384,0.0293,0.028,0.0364,0.0353,0.0238,0.028,0.0392,0.0296,0.0284,0.0361,0.035,0.0296,0.0387,0.0289,0.0275,0.0353,0.0339,0.0383,0.034,0.0333,0.038,0.0373,0.038,0.0389,0.038,0.0381,0.0215,0.0305,0.03,0.0319,0.0307,0.0241,-0.0003,0.0219,0.0927,0.4991,0.2468,0.1605,0.2646,0.2317,0.0068,0.074,0.4856,0.2321,0.1494,0.2436,0.2107,0.085,0.4614,0.2031,0.1167,0.2182,0.1809,0.445,0.2669,0.1952,0.2326,0.2052,0.5915,0.5247,0.4824,0.4609,0.1117,0.2553,0.2266,0.2157,0.1768,0.0242
Hmel210001o,3425001,3475000,3449962,49661,0.0233,0.0233,0.0246,0.0273,0.006,0.0142,0.0207,0.0213,0.0235,0.0235,0.0244,0.0291,0.0383,0.031,0.0291,0.0363,0.035,0.024,0.0279,0.039,0.0319,0.0297,0.0364,0.0351,0.0297,0.0386,0.0316,0.0298,0.0371,0.0358,0.039,0.0353,0.0339,0.038,0.0372,0.0377,0.0396,0.0384,0.0386,0.0209,0.0284,0.0285,0.0314,0.0309,0.0237,0.0044,0.0092,0.0794,0.4613,0.2578,0.1468,0.2495,0.2086,0.0013,0.0593,0.469,0.2723,0.1577,0.2519,0.2109,0.0753,0.4469,0.25,0.1431,0.2464,0.2065,0.4351,0.2856,0.1883,0.2357,0.2009,0.5919,0.5113,0.49,0.4622,0.0958,0.2414,0.2135,0.2092,0.1751,0.0283
Hmel210001o,3450001,3500000,3475101,49677,0.0265,0.0244,0.0256,0.0245,0.0076,0.0181,0.0213,0.0214,0.0242,0.0257,0.0268,0.0301,0.0384,0.0301,0.0307,0.0364,0.0358,0.0256,0.0278,0.0386,0.0327,0.0318,0.0378,0.0373,0.0298,0.0382,0.0311,0.0308,0.0374,0.0367,0.0387,0.0346,0.034,0.0378,0.0372,0.038,0.0389,0.0385,0.0385,0.0225,0.0303,0.0303,0.0307,0.0305,0.0241,0.0047,0.0156,0.0836,0.3999,0.1578,0.1327,0.2171,0.18,0.0125,0.067,0.4285,0.2226,0.1721,0.2574,0.2207,0.0875,0.4089,0.1839,0.1427,0.2399,0.2018,0.4429,0.2567,0.2071,0.257,0.2166,0.5108,0.4734,0.4681,0.4299,0.07,0.2226,0.1881,0.19,0.1535,0.0294
Hmel210001o,3475001,3525000,3499995,49973,0.0251,0.0236,0.024,0.0228,0.0067,0.0211,0.0202,0.0219,0.0243,0.0245,0.0251,0.0286,0.0363,0.0275,0.0294,0.0352,0.0348,0.0239,0.0267,0.0364,0.0294,0.0297,0.0361,0.0354,0.0276,0.036,0.0285,0.029,0.0356,0.0347,0.0358,0.0308,0.031,0.0351,0.0342,0.0362,0.0365,0.0357,0.0358,0.0242,0.0314,0.0307,0.0311,0.0302,0.0244,0.0035,0.0109,0.087,0.4065,0.0921,0.1361,0.2102,0.179,0.0017,0.0716,0.4281,0.1449,0.1591,0.2392,0.2037,0.0828,0.4176,0.1239,0.1424,0.227,0.1901,0.4463,0.1771,0.191,0.2313,0.1894,0.4608,0.4772,0.4439,0.4114,0.0835,0.1965,0.1593,0.2022,0.16,0.0292
Hmel210001o,3500001,3550000,3525000,49983,0.024,0.0231,0.024,0.0239,0.0058,0.0184,0.018,0.0213,0.0223,0.0235,0.024,0.0279,0.0337,0.0281,0.0289,0.0338,0.0339,0.0231,0.0264,0.0336,0.029,0.0289,0.0343,0.0339,0.0277,0.0333,0.0279,0.0282,0.0338,0.0337,0.033,0.0303,0.0307,0.0336,0.0333,0.0329,0.0337,0.033,0.0332,0.0205,0.0273,0.0275,0.0293,0.0293,0.0226,-0.0013,-0.0004,0.0782,0.402,0.1469,0.1672,0.2067,0.1977,-0.0117,0.0624,0.4133,0.1746,0.1787,0.225,0.2079,0.0745,0.3971,0.144,0.1539,0.2076,0.1943,0.4141,0.1933,0.2061,0.2073,0.1903,0.4777,0.4947,0.4336,0.42,0.0626,0.1656,0.1569,0.2078,0.1958,0.0193
Hmel210001o,3525001,3575000,3549987,49939,0.0235,0.0236,0.0255,0.0246,0.0054,0.0197,0.02,0.0221,0.0231,0.0234,0.0243,0.0282,0.0355,0.0292,0.0283,0.0357,0.0359,0.0241,0.0275,0.0359,0.0308,0.0298,0.037,0.0371,0.0288,0.0359,0.0292,0.0286,0.0362,0.0365,0.0347,0.0325,0.0324,0.0362,0.0362,0.0346,0.036,0.0353,0.0352,0.0215,0.0286,0.0293,0.0313,0.0317,0.0232,-0.0028,-0.0057,0.0836,0.4367,0.1572,0.1378,0.2323,0.2231,-0.0096,0.0711,0.4402,0.1835,0.1634,0.249,0.2384,0.0718,0.4142,0.134,0.1206,0.2183,0.2112,0.4312,0.2046,0.1989,0.2274,0.2148,0.4838,0.4945,0.4554,0.4391,0.0427,0.1643,0.1637,0.2072,0.2003,0.0139
Hmel210001o,3550001,3600000,3575015,49942,0.0219,0.023,0.0239,0.0264,0.005,0.0188,0.0211,0.022,0.0215,0.0227,0.0231,0.0292,0.0365,0.0283,0.0268,0.0363,0.036,0.0234,0.029,0.0371,0.0291,0.0276,0.0366,0.0364,0.0291,0.0369,0.0284,0.0273,0.0363,0.0361,0.036,0.0331,0.0327,0.037,0.0368,0.0355,0.0376,0.036,0.0365,0.0225,0.0297,0.0293,0.0323,0.0319,0.0227,0.0066,0.0054,0.1075,0.4771,0.1734,0.1158,0.2583,0.2605,-0.0003,0.0892,0.4665,0.173,0.1172,0.2492,0.2528,0.0806,0.4529,0.1505,0.1026,0.2369,0.2403,0.4276,0.2072,0.1726,0.222,0.2258,0.5137,0.5003,0.4697,0.4821,0.0643,0.1945,0.1951,0.2095,0.2091,0.0215
Hmel210001o,3575001,3625000,3599928,48783,0.026,0.0249,0.0243,0.0284,0.0062,0.017,0.0226,0.0209,0.0197,0.0255,0.0254,0.031,0.0364,0.0301,0.0286,0.0372,0.0364,0.0244,0.0304,0.0365,0.0292,0.028,0.036,0.0356,0.03,0.0362,0.0294,0.028,0.0365,0.036,0.0365,0.0333,0.0328,0.0371,0.0368,0.0347,0.0368,0.0365,0.0366,0.0243,0.0284,0.0276,0.0335,0.0331,0.0219,0.0006,0.0067,0.0728,0.4022,0.1763,0.0861,0.2373,0.2396,-0.0041,0.0745,0.4179,0.1739,0.0864,0.2325,0.2411,0.0761,0.4234,0.1851,0.0954,0.2464,0.2532,0.395,0.2143,0.1397,0.2194,0.2289,0.515,0.4538,0.4743,0.4923,0.109,0.2101,0.2108,0.2241,0.2315,0.0388
Hmel210001o,3600001,3650000,3625507,48615,0.0279,0.0249,0.0248,0.0274,0.008,0.0216,0.0229,0.0227,0.0217,0.0265,0.0263,0.0306,0.0387,0.0309,0.0287,0.038,0.0371,0.0245,0.0302,0.0388,0.0302,0.028,0.0379,0.0373,0.0296,0.0384,0.0305,0.0277,0.0385,0.0378,0.04,0.0333,0.0311,0.0383,0.0378,0.0374,0.0386,0.0397,0.0388,0.0272,0.0309,0.0299,0.0354,0.0348,0.0235,0.002,-0.0003,0.0512,0.3809,0.1174,0.0643,0.2113,0.2086,-0.0085,0.0783,0.4188,0.1374,0.0831,0.2403,0.2421,0.0711,0.417,0.1433,0.0794,0.249,0.2504,0.418,0.1671,0.1177,0.2236,0.2283,0.449,0.4445,0.4586,0.4619,0.1071,0.175,0.17,0.228,0.2303,0.032
Hmel210001o,3625001,3675000,3650039,49825,0.024,0.0219,0.0218,0.0255,0.0077,0.022,0.0219,0.0225,0.022,0.0231,0.0229,0.0276,0.0372,0.029,0.0277,0.0367,0.0374,0.0216,0.0268,0.0377,0.0293,0.028,0.0371,0.038,0.0262,0.0379,0.0292,0.0274,0.0372,0.0381,0.0388,0.0324,0.0308,0.0375,0.0382,0.037,0.0386,0.0379,0.0388,0.0253,0.0301,0.0301,0.0331,0.0335,0.0232,0.0028,-0.0006,0.0591,0.4182,0.1204,0.0995,0.2364,0.2496,-0.0076,0.0715,0.4527,0.1512,0.1292,0.2635,0.2798,0.0616,0.4552,0.1499,0.1184,0.2665,0.2815,0.432,0.1653,0.1424,0.2326,0.2454,0.4429,0.462,0.4472,0.4623,0.0755,0.1577,0.1631,0.2085,0.2189,0.0217
Hmel210001o,3650001,3700000,3674999,49985,0.0216,0.0221,0.0199,0.023,0.0074,0.0197,0.0212,0.0211,0.0212,0.0218,0.0211,0.0257,0.0343,0.0282,0.0277,0.0354,0.036,0.0205,0.0244,0.035,0.0282,0.0279,0.0351,0.0357,0.0242,0.0353,0.029,0.0281,0.0354,0.0359,0.0358,0.0309,0.0308,0.0354,0.0354,0.0339,0.0356,0.0347,0.0354,0.0236,0.0274,0.0279,0.0309,0.0316,0.0222,-0.0016,0.0075,0.0763,0.42,0.1632,0.1359,0.2604,0.2671,-0.0118,0.0433,0.4221,0.1569,0.1337,0.2509,0.257,0.0681,0.4568,0.1984,0.1637,0.2797,0.2841,0.4322,0.1946,0.1745,0.2431,0.2413,0.4441,0.4424,0.4335,0.4402,0.0774,0.155,0.1627,0.1986,0.2073,0.026
Hmel210001o,3675001,3725000,3699849,49610,0.0228,0.0238,0.0221,0.0219,0.0069,0.0195,0.0219,0.0218,0.0223,0.0235,0.0233,0.0269,0.0354,0.03,0.0293,0.0354,0.0354,0.0226,0.0259,0.0355,0.0292,0.0281,0.035,0.0349,0.0256,0.0361,0.0315,0.0298,0.0361,0.0357,0.0359,0.0317,0.0311,0.035,0.0344,0.0359,0.0368,0.0361,0.0361,0.0237,0.0283,0.0287,0.031,0.0311,0.0234,0.004,0.019,0.0938,0.4246,0.1834,0.1417,0.2396,0.2332,-0.0082,0.0602,0.4121,0.1572,0.1089,0.223,0.215,0.0781,0.4426,0.2156,0.1595,0.2567,0.2438,0.455,0.2203,0.1804,0.2393,0.2247,0.4783,0.453,0.4478,0.4393,0.071,0.1658,0.1653,0.1823,0.1777,0.0308
Hmel210001o,3700001,3750000,3725034,49578,0.0244,0.0256,0.0248,0.0278,0.0081,0.0217,0.0219,0.0213,0.0232,0.0248,0.026,0.0302,0.0365,0.032,0.0302,0.0364,0.0372,0.0249,0.03,0.0365,0.0316,0.0297,0.0366,0.0377,0.0298,0.037,0.0327,0.0313,0.0373,0.038,0.0384,0.0353,0.0348,0.0384,0.0388,0.0381,0.0387,0.0376,0.0381,0.0241,0.031,0.0315,0.0338,0.0342,0.0229,-0.0043,0.0292,0.082,0.3988,0.1716,0.1395,0.2404,0.2308,-0.0062,0.0647,0.3824,0.1509,0.1182,0.2297,0.2247,0.0705,0.3998,0.1776,0.1534,0.2484,0.238,0.3957,0.1912,0.1816,0.2365,0.2202,0.4531,0.4564,0.4532,0.4323,0.0536,0.1904,0.1757,0.2313,0.2162,0.0146
Hmel210001o,3725001,3775000,3750015,49954,0.0224,0.0239,0.0229,0.03,0.007,0.0218,0.0181,0.0207,0.0218,0.0231,0.0239,0.0315,0.035,0.0303,0.0295,0.0358,0.0364,0.0234,0.0308,0.0349,0.0307,0.0308,0.0367,0.0372,0.0316,0.0353,0.0302,0.0311,0.0367,0.0372,0.0381,0.0364,0.0368,0.0401,0.04,0.0356,0.0363,0.0355,0.0358,0.0234,0.031,0.031,0.0315,0.0314,0.0217,-0.0025,0.0282,0.1078,0.4231,0.1649,0.1959,0.2601,0.2562,-0.0016,0.0797,0.4012,0.1547,0.1995,0.255,0.2515,0.1038,0.4204,0.1579,0.2159,0.2658,0.2613,0.384,0.1871,0.2334,0.2445,0.2326,0.4405,0.503,0.4544,0.4424,0.0846,0.1965,0.1834,0.2498,0.2348,0.0107
Hmel210001o,3750001,3800000,3775000,49981,0.0235,0.0233,0.0235,0.0276,0.005,0.0213,0.0175,0.0224,0.0215,0.0238,0.0242,0.0317,0.0351,0.0299,0.0306,0.0357,0.0359,0.0237,0.0312,0.0357,0.0307,0.0322,0.037,0.0372,0.0327,0.0356,0.0297,0.0309,0.0366,0.0366,0.0373,0.0364,0.0366,0.039,0.039,0.0353,0.0357,0.0351,0.0353,0.0232,0.0305,0.0299,0.0297,0.0287,0.0229,0.0094,0.0161,0.1192,0.4381,0.1515,0.2078,0.2293,0.2415,0.0077,0.1122,0.4472,0.1674,0.2353,0.2481,0.2607,0.1351,0.4442,0.149,0.2133,0.2406,0.2502,0.4289,0.2121,0.26,0.2338,0.2431,0.4728,0.5361,0.4539,0.4698,0.0939,0.1748,0.1757,0.2064,0.2007,0.0222
Hmel210001o,3775001,3825000,3799792,49553,0.0259,0.0251,0.0248,0.0259,0.0069,0.0221,0.0188,0.0228,0.0222,0.0258,0.026,0.0296,0.0361,0.0307,0.0312,0.0356,0.0357,0.0248,0.0292,0.0372,0.0311,0.032,0.0369,0.0369,0.0298,0.0365,0.0303,0.0304,0.0361,0.0358,0.0371,0.0345,0.035,0.0373,0.0375,0.036,0.0367,0.0364,0.0364,0.0232,0.0299,0.0297,0.0313,0.0306,0.0236,0.0069,0.0132,0.0689,0.3912,0.1292,0.1755,0.1979,0.206,-0.0046,0.0719,0.413,0.1443,0.1953,0.2227,0.2296,0.0855,0.4105,0.1347,0.1739,0.2164,0.2181,0.4203,0.1917,0.2395,0.2215,0.2316,0.4408,0.4979,0.4368,0.4442,0.0679,0.1503,0.1535,0.2128,0.2085,0.0244
Hmel210001o,3800001,3850000,3825002,49183,0.0256,0.0251,0.0245,0.0262,0.008,0.021,0.0185,0.0228,0.0221,0.0253,0.0254,0.0293,0.0366,0.0307,0.032,0.0351,0.0352,0.0244,0.0283,0.0361,0.0307,0.0318,0.0354,0.0355,0.0283,0.0366,0.0307,0.0316,0.0355,0.0353,0.0371,0.0335,0.0353,0.0368,0.0369,0.0354,0.0364,0.0367,0.0368,0.0228,0.0283,0.0281,0.0301,0.0298,0.0233,-0.0011,0.0072,0.0649,0.3863,0.1451,0.1949,0.194,0.2023,-0.0088,0.0527,0.3873,0.1502,0.1965,0.203,0.2118,0.06,0.3995,0.157,0.1989,0.2104,0.2153,0.4006,0.1873,0.2424,0.2125,0.2209,0.4347,0.4822,0.425,0.4348,0.0763,0.1347,0.1393,0.1962,0.1986,0.0207
Hmel210001o,3825001,3875000,3850189,49599,0.0228,0.0224,0.0217,0.0253,0.0062,0.0182,0.0158,0.0194,0.0185,0.0221,0.0221,0.0275,0.035,0.0252,0.028,0.031,0.0312,0.0219,0.0267,0.0342,0.025,0.0277,0.0311,0.0314,0.0266,0.035,0.0254,0.0281,0.0319,0.0322,0.0354,0.0292,0.0316,0.0331,0.0332,0.034,0.0348,0.0349,0.0354,0.021,0.0262,0.0263,0.0257,0.0254,0.0196,-0.0111,-0.0032,0.0761,0.4314,0.1102,0.1946,0.2003,0.2145,-0.0042,0.0658,0.4263,0.11,0.1939,0.2069,0.2218,0.0718,0.446,0.1279,0.2108,0.2269,0.242,0.4196,0.165,0.2355,0.2104,0.2228,0.4883,0.5369,0.4808,0.4985,0.1131,0.1748,0.1868,0.1979,0.2047,0.0175
Hmel210001o,3850001,3900000,3875002,49970,0.019,0.0191,0.0187,0.0245,0.005,0.0176,0.015,0.0156,0.0157,0.0187,0.0188,0.0239,0.0329,0.0216,0.0238,0.0269,0.0273,0.0188,0.0235,0.0328,0.0216,0.0239,0.0276,0.028,0.0235,0.0333,0.0216,0.0241,0.028,0.0284,0.0332,0.0261,0.0276,0.0298,0.0301,0.0327,0.0337,0.0321,0.0326,0.0203,0.0235,0.0238,0.0223,0.0225,0.016,-0.0099,-0.0021,0.0611,0.4819,0.0879,0.1762,0.2278,0.2341,-0.0038,0.0522,0.479,0.0873,0.178,0.2393,0.2452,0.056,0.4911,0.0919,0.1857,0.2513,0.2567,0.4208,0.1257,0.1909,0.2183,0.2212,0.5028,0.5589,0.5307,0.5335,0.1165,0.182,0.1869,0.1983,0.2005,0.0113
Hmel210001o,3875001,3925000,3899993,49952,0.0183,0.0189,0.0187,0.0239,0.0053,0.0174,0.0174,0.0154,0.0159,0.0185,0.0189,0.0236,0.0347,0.0212,0.0219,0.0259,0.0262,0.0187,0.0236,0.0351,0.0211,0.0219,0.0262,0.0266,0.0239,0.0351,0.021,0.0214,0.0265,0.0267,0.035,0.0267,0.0266,0.0291,0.0293,0.0342,0.0351,0.0336,0.0337,0.0194,0.0229,0.0229,0.0227,0.0232,0.0161,-0.0033,0.0105,0.071,0.5086,0.0915,0.107,0.2216,0.2213,-0.0025,0.0627,0.5033,0.0797,0.0974,0.2194,0.219,0.073,0.5067,0.0818,0.0909,0.2288,0.225,0.4456,0.1461,0.1444,0.2158,0.212,0.5182,0.5267,0.5445,0.5368,0.058,0.1747,0.1675,0.1699,0.1723,0.013
Hmel210001o,3900001,3950000,3925009,49964,0.0274,0.0281,0.026,0.0284,0.0064,0.0219,0.0234,0.0219,0.0226,0.0272,0.0269,0.031,0.039,0.0273,0.028,0.0326,0.0326,0.0264,0.0312,0.0398,0.027,0.0278,0.0333,0.0335,0.0302,0.0384,0.0263,0.0265,0.0323,0.0326,0.0385,0.0319,0.032,0.0342,0.0345,0.0378,0.0386,0.038,0.038,0.0242,0.03,0.0302,0.0299,0.0301,0.0229,-0.011,0.0033,0.0569,0.4104,0.0534,0.0518,0.146,0.1397,-0.0126,0.0528,0.4112,0.0407,0.0402,0.1505,0.1464,0.0595,0.4222,0.0501,0.0372,0.1574,0.1537,0.4131,0.1335,0.1174,0.168,0.165,0.4709,0.4583,0.4731,0.4631,0.0339,0.1643,0.1606,0.1457,0.1419,0.0153
Hmel210001o,3925001,3975000,3949880,49243,0.0324,0.0326,0.0313,0.0299,0.007,0.0263,0.0277,0.0264,0.0268,0.0323,0.0319,0.0346,0.04,0.0321,0.0328,0.0381,0.0377,0.0316,0.0338,0.0402,0.0322,0.0329,0.0392,0.0392,0.0331,0.0396,0.0313,0.0317,0.0383,0.0384,0.0388,0.0343,0.0347,0.0382,0.0382,0.0383,0.0394,0.0387,0.0388,0.0289,0.035,0.0353,0.0356,0.0357,0.0274,-0.0038,0.0001,0.0508,0.3545,0.0472,0.0468,0.1369,0.1277,-0.0057,0.0368,0.3547,0.0473,0.0471,0.1498,0.1461,0.0377,0.3626,0.0439,0.0379,0.1483,0.1461,0.3922,0.1083,0.0999,0.1625,0.158,0.4097,0.4042,0.4135,0.4096,0.0355,0.1494,0.1498,0.1447,0.1429,0.0158
Hmel210001o,3950001,4000000,3975245,49186,0.027,0.0266,0.0272,0.0262,0.0067,0.0253,0.0261,0.0235,0.0237,0.0275,0.0275,0.0304,0.0365,0.0288,0.0282,0.0351,0.0339,0.0278,0.0292,0.0365,0.0293,0.0287,0.0358,0.0347,0.0295,0.0375,0.0294,0.0285,0.0362,0.0353,0.037,0.0319,0.0311,0.0369,0.0358,0.036,0.0368,0.0366,0.036,0.0275,0.0329,0.032,0.0343,0.0336,0.0246,0.0136,0.0069,0.0674,0.3843,0.0509,0.0314,0.1716,0.1525,0.0182,0.0518,0.3894,0.0643,0.0464,0.1868,0.1681,0.0497,0.3929,0.0612,0.0352,0.1857,0.1708,0.4183,0.1127,0.0899,0.2057,0.1894,0.4008,0.4,0.4322,0.4225,0.0369,0.1565,0.141,0.1698,0.1567,0.0216
Hmel210001o,3975001,4025000,4000010,49937,0.0268,0.0268,0.0268,0.0262,0.0079,0.0229,0.0269,0.0231,0.0244,0.0279,0.0279,0.0297,0.0361,0.03,0.0284,0.0347,0.0343,0.0274,0.0295,0.0363,0.0308,0.0287,0.0362,0.0356,0.0287,0.036,0.0307,0.0285,0.0359,0.0353,0.0364,0.033,0.0309,0.0372,0.0364,0.0354,0.0358,0.0366,0.0362,0.0277,0.0313,0.0307,0.034,0.0334,0.0246,0.0211,0.021,0.0594,0.3655,0.099,0.0297,0.1722,0.1529,0.011,0.0545,0.3675,0.1137,0.0347,0.1941,0.1714,0.0413,0.3645,0.1119,0.0326,0.189,0.1682,0.3949,0.1573,0.0791,0.2142,0.1893,0.4092,0.3614,0.4208,0.3986,0.0577,0.1612,0.1363,0.1614,0.1393,0.0194
Hmel210001o,4000001,4050000,4024876,49534,0.0273,0.0263,0.027,0.0236,0.0069,0.0209,0.026,0.0243,0.0255,0.0276,0.0277,0.0282,0.038,0.0294,0.0293,0.0362,0.0359,0.0263,0.0275,0.0377,0.03,0.0284,0.0371,0.0368,0.0274,0.0376,0.03,0.0294,0.0373,0.037,0.0373,0.031,0.0305,0.0361,0.0358,0.0369,0.0372,0.0383,0.038,0.0271,0.0318,0.0316,0.0345,0.0345,0.0254,0.0155,0.0106,0.0462,0.3935,0.1041,0.0502,0.1759,0.1604,-0.0066,0.0458,0.4042,0.1269,0.045,0.1996,0.1838,0.0346,0.3932,0.1175,0.0548,0.1942,0.1789,0.449,0.1745,0.1029,0.2083,0.1895,0.4675,0.4026,0.4368,0.4165,0.076,0.1774,0.1603,0.1651,0.1526,0.0109
Hmel210001o,4025001,4075000,4050050,49407,0.0276,0.0271,0.0274,0.03,0.0059,0.0223,0.0236,0.0243,0.0247,0.0277,0.0277,0.0318,0.0389,0.0304,0.0311,0.0403,0.0394,0.0271,0.0307,0.0394,0.0305,0.0302,0.0405,0.0396,0.0309,0.0396,0.0308,0.0312,0.0405,0.04,0.0401,0.0346,0.0341,0.0415,0.0409,0.0388,0.0396,0.0412,0.0399,0.0265,0.0351,0.0348,0.0376,0.0373,0.0251,0.008,0.0034,0.0562,0.4137,0.1055,0.1033,0.2278,0.2132,-0.0034,0.043,0.4253,0.1113,0.0927,0.2347,0.2206,0.0428,0.4232,0.113,0.107,0.2322,0.222,0.4183,0.1556,0.1349,0.223,0.2117,0.4825,0.4731,0.4787,0.461,0.0775,0.2122,0.2038,0.2331,0.2255,0.0129
Hmel210001o,4050001,4100000,4074736,48816,0.0272,0.0275,0.0269,0.0318,0.0071,0.0227,0.0226,0.0228,0.0231,0.0276,0.0279,0.0327,0.0384,0.031,0.0307,0.0388,0.0386,0.0274,0.0318,0.039,0.0317,0.0305,0.0393,0.0388,0.0321,0.0392,0.032,0.0307,0.0396,0.0392,0.0397,0.036,0.0343,0.0415,0.041,0.0389,0.0394,0.0399,0.0392,0.0262,0.0347,0.0346,0.0371,0.0368,0.024,0.0058,0.0166,0.0613,0.3972,0.1133,0.1096,0.2278,0.2214,0.0043,0.0436,0.4003,0.1229,0.105,0.2314,0.2214,0.0553,0.4098,0.1333,0.1125,0.2407,0.2328,0.3806,0.157,0.1344,0.2249,0.2158,0.4609,0.4684,0.471,0.4589,0.077,0.2191,0.2133,0.2531,0.246,0.025
Hmel210001o,4075001,4125000,4100164,48142,0.0255,0.027,0.0252,0.0274,0.0082,0.0226,0.021,0.0226,0.0227,0.0261,0.026,0.0299,0.038,0.0278,0.0281,0.0354,0.0355,0.0262,0.0297,0.0383,0.0295,0.0289,0.0359,0.036,0.03,0.0385,0.0293,0.0287,0.0368,0.0368,0.0378,0.0323,0.0325,0.0374,0.0371,0.0379,0.0386,0.0378,0.038,0.0249,0.0329,0.0328,0.0341,0.0342,0.0236,-0.0025,0.0134,0.0671,0.4005,0.0761,0.1006,0.2002,0.202,0.0034,0.0471,0.3857,0.0922,0.0981,0.1931,0.1939,0.0726,0.4103,0.1082,0.1142,0.2231,0.2233,0.3926,0.1398,0.1628,0.2117,0.208,0.4371,0.466,0.4362,0.4378,0.07,0.1954,0.1925,0.2309,0.2317,0.0217
Hmel210001o,4100001,4150000,4125285,49125,0.0249,0.0275,0.0257,0.0273,0.0065,0.0206,0.0188,0.0226,0.0236,0.026,0.026,0.031,0.0377,0.029,0.0302,0.0356,0.0362,0.0265,0.031,0.0384,0.0306,0.0313,0.0365,0.0374,0.0312,0.0378,0.0286,0.0293,0.036,0.0368,0.0393,0.0337,0.0353,0.038,0.0386,0.0368,0.0385,0.0374,0.0386,0.0216,0.0303,0.0308,0.0317,0.0326,0.0236,-0.0032,0.0137,0.0925,0.4277,0.1272,0.1693,0.209,0.2079,-0.0022,0.0635,0.4034,0.1269,0.1586,0.1959,0.1995,0.0873,0.4189,0.1108,0.1446,0.2069,0.2091,0.4326,0.1855,0.2303,0.2208,0.2174,0.4785,0.523,0.4562,0.4565,0.0477,0.1753,0.1731,0.2211,0.2241,0.0109
Hmel210001o,4125001,4175000,4149666,49198,0.025,0.0289,0.0292,0.0329,0.0056,0.0195,0.0181,0.0197,0.0226,0.0273,0.0281,0.0349,0.0377,0.0307,0.0304,0.0354,0.0356,0.0282,0.0354,0.0408,0.0334,0.0329,0.0377,0.0381,0.0365,0.0396,0.0305,0.0303,0.0366,0.0368,0.043,0.0374,0.0386,0.0395,0.0402,0.0366,0.0379,0.0372,0.0389,0.0205,0.0272,0.028,0.0302,0.0307,0.0222,0.0072,0.0198,0.1092,0.4387,0.1684,0.1798,0.2388,0.2088,-0.0159,0.0771,0.4218,0.1683,0.1763,0.2286,0.2034,0.0897,0.4056,0.1194,0.1304,0.2099,0.1835,0.42,0.2011,0.2319,0.2252,0.2027,0.5053,0.5404,0.5094,0.4834,0.0462,0.1722,0.1499,0.2422,0.2132,0.0255
Hmel210001o,4150001,4200000,4175018,49184,0.0237,0.0278,0.0285,0.033,0.007,0.02,0.0162,0.0187,0.0221,0.0271,0.0276,0.0349,0.0373,0.0298,0.0299,0.0374,0.0367,0.0275,0.0343,0.0403,0.0336,0.0336,0.039,0.0378,0.0351,0.0399,0.0314,0.0317,0.0387,0.0378,0.0425,0.037,0.0384,0.0408,0.0402,0.0362,0.0386,0.0387,0.0396,0.0201,0.0292,0.0294,0.0306,0.0307,0.0214,0.0272,0.0302,0.1227,0.4334,0.1626,0.2109,0.2905,0.2442,-0.0126,0.0718,0.4127,0.1773,0.2199,0.2665,0.2163,0.0753,0.4,0.1353,0.1815,0.2548,0.209,0.3982,0.1887,0.2479,0.2505,0.2076,0.4732,0.5546,0.519,0.4794,0.0544,0.2133,0.1745,0.2877,0.243,0.026
Hmel210001o,4175001,4225000,4199929,49357,0.0202,0.0217,0.0229,0.0293,0.0055,0.0153,0.0133,0.0175,0.0195,0.022,0.0223,0.0313,0.0351,0.0307,0.0312,0.0369,0.036,0.022,0.0291,0.0363,0.0328,0.0329,0.0373,0.036,0.0297,0.0362,0.0317,0.0319,0.0375,0.0364,0.0389,0.0359,0.0365,0.0393,0.0383,0.0351,0.0369,0.0353,0.0359,0.0168,0.0268,0.0271,0.0271,0.0277,0.0195,0.0267,0.019,0.1377,0.4799,0.2818,0.3159,0.3387,0.3035,-0.0072,0.0831,0.4703,0.2931,0.3202,0.3254,0.2847,0.0781,0.4517,0.2616,0.2902,0.3131,0.2768,0.4187,0.2615,0.2932,0.2766,0.2418,0.5587,0.6088,0.5236,0.4985,0.0858,0.2524,0.2301,0.289,0.269,0.0275
Hmel210001o,4200001,4250000,4225177,49439,0.0187,0.0198,0.0205,0.0327,0.0057,0.0133,0.0142,0.0171,0.0179,0.0197,0.0202,0.0313,0.035,0.0341,0.0318,0.0367,0.0358,0.0201,0.0296,0.0356,0.034,0.0314,0.0369,0.0361,0.0307,0.0357,0.0348,0.0322,0.0377,0.037,0.0397,0.0391,0.0378,0.0406,0.0403,0.0368,0.0364,0.0344,0.0346,0.017,0.0262,0.0252,0.0275,0.0269,0.0192,0.0114,0.0161,0.1273,0.5002,0.3773,0.3321,0.3594,0.3378,-0.0021,0.086,0.4878,0.3602,0.3108,0.3473,0.3281,0.0954,0.4785,0.3606,0.313,0.3489,0.3312,0.3892,0.2929,0.2669,0.2674,0.2558,0.6053,0.5858,0.5173,0.5078,0.1128,0.2779,0.2464,0.2867,0.2637,0.0477
Hmel210001o,4225001,4275000,4249995,49964,0.0185,0.0219,0.0204,0.033,0.0081,0.0184,0.0194,0.019,0.0182,0.0218,0.0207,0.0315,0.037,0.036,0.0343,0.0391,0.0381,0.0213,0.0305,0.0375,0.0364,0.0343,0.0395,0.0389,0.0311,0.0372,0.0363,0.0344,0.0396,0.0391,0.0421,0.042,0.0409,0.0436,0.0436,0.0396,0.04,0.038,0.0381,0.0211,0.0302,0.0279,0.0299,0.028,0.0199,0.0403,0.0337,0.1291,0.4876,0.3374,0.3019,0.3667,0.3656,0.0051,0.0745,0.4447,0.3006,0.2606,0.332,0.3339,0.102,0.4627,0.3181,0.2794,0.3502,0.3541,0.3808,0.2667,0.2431,0.2775,0.2851,0.516,0.5047,0.4908,0.5039,0.0585,0.2473,0.2195,0.2285,0.207,0.0357
Hmel210001o,4250001,4300000,4274998,49927,0.0209,0.0245,0.0227,0.0304,0.0063,0.0237,0.0235,0.0207,0.0196,0.0246,0.0227,0.0314,0.039,0.0341,0.0329,0.0412,0.0407,0.0233,0.0302,0.0393,0.0348,0.034,0.0427,0.0425,0.0298,0.0383,0.0339,0.0331,0.0412,0.0413,0.0419,0.0389,0.0382,0.0452,0.045,0.0383,0.0402,0.0406,0.0409,0.0258,0.0336,0.033,0.0339,0.0332,0.0208,0.043,0.0211,0.1207,0.4993,0.2198,0.2049,0.3424,0.3508,-0.0061,0.0612,0.4539,0.1921,0.1823,0.3218,0.3316,0.0743,0.4661,0.1975,0.1875,0.3236,0.3367,0.4269,0.1953,0.1893,0.2964,0.3075,0.4538,0.4755,0.5165,0.536,0.0471,0.2145,0.2196,0.2211,0.2248,0.0167
Hmel210001o,4275001,4325000,4300000,49947,0.0257,0.0283,0.0277,0.0289,0.0066,0.0232,0.0222,0.0235,0.0226,0.028,0.0275,0.0327,0.0408,0.0326,0.0311,0.0415,0.0411,0.0277,0.0314,0.0409,0.0326,0.0322,0.0427,0.0426,0.0315,0.0404,0.0335,0.0325,0.042,0.042,0.0408,0.0358,0.0356,0.0436,0.0431,0.0394,0.0405,0.042,0.0418,0.0259,0.0355,0.035,0.0379,0.0373,0.0236,0.0188,0.0164,0.0995,0.4487,0.15,0.1382,0.2684,0.2722,-0.0055,0.0501,0.4174,0.1244,0.1288,0.2574,0.264,0.0586,0.4197,0.1449,0.1394,0.2546,0.2631,0.4283,0.1724,0.1806,0.2641,0.2679,0.4667,0.4921,0.4882,0.4984,0.0707,0.2178,0.2193,0.2605,0.2623,0.0131
Hmel210001o,4300001,4350000,4324998,49972,0.0242,0.027,0.0259,0.0314,0.0068,0.0191,0.0191,0.0219,0.022,0.0271,0.0276,0.0362,0.0417,0.0338,0.0338,0.0427,0.0422,0.0263,0.0351,0.0412,0.0342,0.0348,0.0429,0.0426,0.0361,0.0408,0.0354,0.0356,0.0432,0.0428,0.0425,0.0392,0.0391,0.0445,0.0437,0.0414,0.0421,0.0432,0.0427,0.0218,0.034,0.0334,0.0346,0.0346,0.0227,0.03,0.0504,0.1474,0.4733,0.2302,0.2315,0.3127,0.3062,-0.0041,0.1024,0.4335,0.2049,0.2134,0.287,0.2827,0.1275,0.4428,0.2329,0.237,0.3002,0.2952,0.4155,0.2396,0.2391,0.2701,0.261,0.5388,0.5455,0.5167,0.5113,0.0702,0.2599,0.2496,0.2691,0.2674,0.0181
Hmel210001o,4325001,4375000,4350001,49986,0.0223,0.0236,0.0232,0.0328,0.0045,0.0195,0.0224,0.0194,0.0206,0.0243,0.025,0.0365,0.0407,0.0362,0.0342,0.0428,0.0431,0.0233,0.0361,0.0401,0.0361,0.0346,0.0428,0.0434,0.036,0.0401,0.0368,0.0351,0.0431,0.0435,0.044,0.0427,0.0404,0.0456,0.0457,0.0405,0.0417,0.0418,0.042,0.0234,0.0313,0.0313,0.0325,0.0331,0.0209,0.0313,0.0503,0.1604,0.5215,0.2813,0.2205,0.3601,0.3509,-0.0028,0.1416,0.4979,0.2652,0.2121,0.3454,0.3396,0.1442,0.5038,0.2793,0.2243,0.3535,0.3453,0.4434,0.2642,0.2085,0.2963,0.2848,0.5591,0.5293,0.5723,0.5568,0.0586,0.2459,0.2304,0.2285,0.2242,0.0248
Hmel210001o,4350001,4400000,4374947,49707,0.0222,0.0232,0.0237,0.0273,0.0046,0.0216,0.0238,0.0197,0.0215,0.0234,0.0238,0.0316,0.0376,0.033,0.028,0.0378,0.0374,0.0234,0.0313,0.0381,0.0334,0.0284,0.0384,0.0382,0.0301,0.0392,0.0338,0.0283,0.0386,0.0382,0.0402,0.0372,0.0338,0.0389,0.0389,0.0377,0.0389,0.038,0.0386,0.0267,0.0291,0.0292,0.0323,0.032,0.0214,0.0169,0.0199,0.1355,0.4904,0.2141,0.1034,0.3001,0.2763,-0.0018,0.1182,0.4812,0.2077,0.0994,0.2961,0.2748,0.0933,0.4852,0.209,0.0922,0.2929,0.2701,0.4667,0.2231,0.1498,0.2647,0.2456,0.5009,0.4804,0.5311,0.5116,0.0855,0.1802,0.1604,0.2052,0.1811,0.0212
Hmel210001o,4375001,4425000,4399831,49067,0.0214,0.0224,0.0222,0.0254,0.0061,0.0177,0.0202,0.0224,0.0237,0.0229,0.0231,0.0296,0.0366,0.027,0.0248,0.0357,0.0348,0.0223,0.0281,0.0364,0.0281,0.0255,0.0372,0.036,0.0279,0.0381,0.0278,0.025,0.0375,0.0363,0.0374,0.0316,0.0304,0.038,0.0372,0.0361,0.0373,0.0374,0.0374,0.0235,0.0324,0.0321,0.034,0.0331,0.0237,0.0232,0.0316,0.1295,0.4705,0.1695,0.094,0.2519,0.2251,0.0003,0.0898,0.4538,0.1765,0.0952,0.2614,0.2302,0.0899,0.4762,0.1747,0.0889,0.2675,0.2373,0.441,0.2088,0.1581,0.2399,0.214,0.5216,0.496,0.4651,0.4457,0.1138,0.2475,0.2271,0.2414,0.2127,0.0138
Hmel210001o,4400001,4450000,4425049,49313,0.0222,0.0224,0.0216,0.0261,0.0076,0.0159,0.02,0.024,0.0239,0.0228,0.023,0.029,0.0393,0.0245,0.0247,0.0358,0.0351,0.0221,0.0272,0.039,0.026,0.0255,0.037,0.0364,0.0277,0.0398,0.0258,0.0255,0.0372,0.0364,0.0394,0.0305,0.0302,0.0394,0.0382,0.0384,0.0389,0.0386,0.0382,0.0214,0.0339,0.0331,0.0341,0.0332,0.0244,0.0118,0.0265,0.1021,0.4654,0.1324,0.0828,0.2258,0.2185,0.002,0.0673,0.4595,0.1594,0.0971,0.2402,0.2341,0.0861,0.4784,0.1676,0.1064,0.2508,0.242,0.432,0.2084,0.1498,0.2334,0.2194,0.5466,0.4914,0.4342,0.4314,0.0925,0.2717,0.262,0.226,0.2144,0.0093
Hmel210001o,4425001,4475000,4450004,49934,0.0226,0.0234,0.0228,0.0262,0.0073,0.0184,0.0212,0.0233,0.0231,0.023,0.0235,0.0294,0.04,0.0254,0.0241,0.0359,0.0347,0.023,0.0284,0.0405,0.0272,0.0252,0.0367,0.0361,0.0283,0.0409,0.0269,0.0254,0.0369,0.0361,0.0417,0.0323,0.0302,0.0395,0.0383,0.0392,0.0395,0.0391,0.0389,0.0234,0.0335,0.0319,0.0341,0.0332,0.0238,0.0008,0.0176,0.1029,0.4718,0.1135,0.0504,0.2301,0.2164,-0.0014,0.0764,0.4672,0.1401,0.0662,0.2332,0.2282,0.0801,0.4785,0.1409,0.0758,0.2423,0.2331,0.4567,0.2022,0.1346,0.2408,0.2287,0.5231,0.4868,0.4532,0.4543,0.0884,0.2439,0.2234,0.2209,0.2094,0.0118
Hmel210001o,4450001,4500000,4474734,48538,0.0248,0.0255,0.0255,0.0283,0.0056,0.0211,0.0242,0.0241,0.0235,0.0252,0.0258,0.0317,0.041,0.0292,0.0274,0.0391,0.0381,0.0253,0.0305,0.0409,0.0293,0.0277,0.0389,0.0382,0.0304,0.0415,0.0287,0.0276,0.039,0.0386,0.042,0.0348,0.0325,0.0411,0.0406,0.0406,0.0407,0.041,0.0407,0.0259,0.0359,0.0345,0.0365,0.0359,0.0249,0.0021,0.0142,0.0979,0.4757,0.1264,0.0608,0.2425,0.2356,-0.0057,0.0691,0.4645,0.1209,0.0585,0.2322,0.2296,0.0687,0.4703,0.109,0.0554,0.234,0.2343,0.4583,0.1866,0.1171,0.234,0.2344,0.5212,0.4811,0.4844,0.4901,0.0719,0.2399,0.2256,0.2149,0.213,0.0235
Hmel210001o,4475001,4525000,4500452,48419,0.0256,0.0251,0.0261,0.0301,0.005,0.0216,0.022,0.0248,0.0247,0.0256,0.0263,0.0324,0.0413,0.0292,0.0291,0.0392,0.0393,0.0253,0.0307,0.0409,0.0297,0.0294,0.0385,0.0387,0.031,0.0411,0.0297,0.0292,0.0385,0.0389,0.0421,0.0351,0.0347,0.0399,0.04,0.0407,0.0407,0.0407,0.0417,0.0245,0.0356,0.0355,0.0353,0.0358,0.0259,0.0051,0.0097,0.0857,0.4752,0.1115,0.106,0.2276,0.2309,-0.0072,0.0638,0.4769,0.1259,0.1159,0.224,0.2285,0.0578,0.467,0.1153,0.1029,0.2148,0.2208,0.4471,0.1698,0.1597,0.1988,0.2008,0.5231,0.5178,0.4793,0.4902,0.0626,0.2219,0.2216,0.2128,0.2219,0.0233
Hmel210001o,4500001,4550000,4524693,49108,0.0215,0.0212,0.0216,0.0232,0.0036,0.0186,0.0182,0.018,0.0178,0.0212,0.0221,0.0266,0.0356,0.0242,0.0248,0.0311,0.0309,0.0213,0.0258,0.0353,0.0254,0.0253,0.0311,0.0312,0.028,0.0354,0.0257,0.0246,0.0329,0.033,0.0372,0.03,0.0308,0.0307,0.0306,0.0349,0.0352,0.0357,0.0366,0.0206,0.0278,0.0277,0.0294,0.0298,0.0187,-0.0044,0.0117,0.0935,0.494,0.0984,0.1166,0.2337,0.2335,-0.0016,0.0823,0.4958,0.1283,0.1328,0.2386,0.2415,0.1177,0.4903,0.1298,0.1115,0.2607,0.2643,0.5019,0.1928,0.2121,0.2121,0.2134,0.5323,0.5429,0.5501,0.5621,0.06,0.2168,0.2171,0.2497,0.2585,0.0218
Hmel210001o,4525001,4575000,4549947,48935,0.0152,0.016,0.0133,0.0192,0.0022,0.012,0.0148,0.0117,0.0116,0.0151,0.0146,0.0206,0.0347,0.0176,0.0181,0.0224,0.0219,0.0147,0.0204,0.0348,0.0187,0.0188,0.0228,0.0224,0.0225,0.0347,0.0181,0.0176,0.0244,0.0244,0.0351,0.0236,0.024,0.0238,0.0234,0.0346,0.0342,0.0348,0.0346,0.015,0.0196,0.0194,0.0209,0.0208,0.0122,-0.019,0.0126,0.1039,0.6142,0.1341,0.0981,0.2629,0.2523,0.004,0.0851,0.601,0.1504,0.1061,0.2564,0.2497,0.1824,0.65,0.1871,0.1187,0.3388,0.3388,0.5616,0.2262,0.1864,0.2381,0.2292,0.6736,0.6168,0.682,0.6811,0.0583,0.2584,0.255,0.2366,0.2331,0.0244
Hmel210001o,4550001,4600000,4575055,49460,0.0176,0.0171,0.0162,0.0201,0.0043,0.0115,0.017,0.0151,0.0157,0.0171,0.0169,0.0213,0.0357,0.0184,0.0187,0.0238,0.0238,0.0165,0.0204,0.0362,0.0198,0.0197,0.0248,0.0247,0.021,0.0365,0.0195,0.0197,0.025,0.025,0.0338,0.0235,0.0232,0.0261,0.0258,0.0354,0.0356,0.0343,0.0343,0.016,0.0204,0.0206,0.0214,0.0217,0.0159,-0.0092,-0.0005,0.071,0.545,0.1229,0.0419,0.195,0.1847,-0.0052,0.0572,0.5594,0.1697,0.0767,0.2239,0.2127,0.086,0.5761,0.1781,0.0897,0.2407,0.2321,0.4994,0.222,0.1232,0.2119,0.1959,0.6488,0.5554,0.5739,0.5636,0.0616,0.2209,0.2139,0.1498,0.1472,0.0169
Hmel210001o,4575001,4625000,4600004,49175,0.02,0.0205,0.0199,0.0234,0.0053,0.0144,0.0214,0.0196,0.0197,0.0203,0.02,0.0245,0.0327,0.0235,0.0239,0.0293,0.029,0.0199,0.0236,0.0331,0.0249,0.0246,0.03,0.0295,0.0234,0.0328,0.0245,0.0247,0.0306,0.0301,0.0333,0.0279,0.0281,0.0314,0.0311,0.0325,0.033,0.0323,0.0321,0.0203,0.025,0.0249,0.0258,0.0258,0.0201,0.001,0.001,0.0699,0.4579,0.1626,0.075,0.203,0.1965,-0.0081,0.0445,0.455,0.1859,0.0855,0.2095,0.1991,0.0491,0.4611,0.1877,0.0947,0.2272,0.2168,0.4325,0.2168,0.1217,0.2008,0.1936,0.551,0.4393,0.4593,0.4542,0.0665,0.2019,0.1969,0.1215,0.1193,0.0122
Hmel210001o,4600001,4650000,4625192,49334,0.0204,0.0217,0.02,0.0299,0.0044,0.0163,0.0198,0.02,0.0213,0.0213,0.0205,0.0285,0.0333,0.025,0.0258,0.0316,0.031,0.0207,0.0281,0.0337,0.0255,0.0261,0.0319,0.0313,0.0274,0.0334,0.0249,0.0255,0.0324,0.0318,0.0378,0.0313,0.0322,0.0367,0.0363,0.0339,0.0336,0.0331,0.033,0.0207,0.0286,0.0284,0.0289,0.0285,0.0213,0.006,0.0073,0.0822,0.4734,0.1612,0.1306,0.2301,0.2057,-0.005,0.0598,0.4582,0.1553,0.1201,0.2194,0.1943,0.0679,0.4815,0.1647,0.1309,0.2476,0.2226,0.4159,0.1797,0.1504,0.211,0.1915,0.5493,0.4863,0.4773,0.4551,0.0736,0.2358,0.2139,0.1933,0.1696,0.0152
Hmel210001o,4625001,4675000,4649958,48489,0.0259,0.0253,0.0251,0.0315,0.0052,0.0213,0.0205,0.0229,0.0243,0.0257,0.0256,0.0323,0.0371,0.0277,0.0279,0.0346,0.0343,0.0248,0.031,0.037,0.0273,0.0276,0.0355,0.035,0.0314,0.0374,0.027,0.0272,0.0355,0.035,0.0403,0.0335,0.0335,0.0397,0.0396,0.0372,0.0374,0.0365,0.0366,0.0243,0.0331,0.0331,0.034,0.0336,0.0243,0.001,0.0026,0.0715,0.4245,0.0854,0.0981,0.183,0.164,-0.009,0.0566,0.4307,0.083,0.0978,0.2011,0.1798,0.0651,0.4393,0.0801,0.0935,0.2032,0.1826,0.4129,0.1399,0.1481,0.2053,0.1904,0.4898,0.504,0.4595,0.4411,0.0799,0.2091,0.1948,0.2323,0.2116,0.0151
Hmel210001o,4650001,4700000,4675688,48551,0.029,0.0267,0.0271,0.0287,0.009,0.0247,0.0237,0.0268,0.0256,0.0274,0.0281,0.0322,0.0398,0.0296,0.0287,0.0372,0.0374,0.0266,0.03,0.0395,0.0283,0.0275,0.0371,0.037,0.0313,0.0402,0.0287,0.0279,0.038,0.0379,0.0406,0.0335,0.0323,0.0392,0.0394,0.0396,0.0395,0.0389,0.0395,0.0272,0.0363,0.0364,0.0366,0.0363,0.0273,-0.0091,-0.0002,0.0561,0.3689,0.0518,0.0461,0.1506,0.1647,-0.0053,0.0458,0.3933,0.0513,0.0471,0.1717,0.1811,0.0627,0.3953,0.0534,0.0502,0.1783,0.1888,0.3978,0.1238,0.1171,0.1797,0.1947,0.4191,0.4312,0.3856,0.4069,0.0622,0.1791,0.1925,0.1932,0.2016,0.0203
Hmel210001o,4675001,4725000,4700000,49951,0.029,0.0271,0.0264,0.0272,0.0103,0.0237,0.0237,0.0258,0.0243,0.0277,0.0282,0.0313,0.0396,0.0291,0.0285,0.0358,0.0366,0.0268,0.0299,0.0392,0.0278,0.0277,0.0353,0.0361,0.0306,0.04,0.028,0.0271,0.0361,0.0371,0.0396,0.0322,0.032,0.0367,0.0372,0.04,0.0395,0.0388,0.0401,0.0271,0.0353,0.036,0.0361,0.0368,0.026,-0.008,0.0096,0.0524,0.3515,0.0524,0.0404,0.1394,0.1659,0.0008,0.0499,0.3691,0.0473,0.046,0.1514,0.1775,0.0709,0.387,0.0599,0.0413,0.17,0.1987,0.3875,0.1271,0.1233,0.1687,0.192,0.4197,0.4139,0.3801,0.413,0.0707,0.1855,0.2108,0.1958,0.2203,0.0192
Hmel210001o,4700001,4750000,4724969,49792,0.0293,0.0288,0.0271,0.0283,0.0083,0.0214,0.0232,0.0251,0.0249,0.0289,0.0291,0.032,0.0406,0.031,0.0308,0.0353,0.0361,0.0282,0.0318,0.0404,0.0307,0.0311,0.0362,0.0369,0.0315,0.0409,0.0308,0.0303,0.0368,0.0375,0.0406,0.0338,0.0342,0.0375,0.0382,0.0403,0.0403,0.0397,0.0404,0.0269,0.035,0.0354,0.0345,0.0345,0.0256,-0.0026,0.0169,0.0533,0.3829,0.106,0.0845,0.1369,0.1501,0.0044,0.0557,0.3856,0.1058,0.0946,0.1549,0.1661,0.0685,0.4111,0.1265,0.0983,0.1799,0.1906,0.4112,0.169,0.1542,0.1789,0.1899,0.478,0.454,0.4232,0.4329,0.1005,0.2122,0.2195,0.1864,0.188,0.0129
Hmel210001o,4725001,4775000,4749897,49541,0.0282,0.0278,0.0264,0.0267,0.0077,0.0206,0.0233,0.0246,0.0235,0.0279,0.0279,0.0305,0.0391,0.0303,0.0295,0.0356,0.0363,0.0276,0.0303,0.0391,0.0306,0.0297,0.0362,0.0367,0.03,0.0395,0.0309,0.0296,0.0371,0.0378,0.0396,0.0333,0.0326,0.0373,0.0385,0.0385,0.0383,0.0388,0.0395,0.0253,0.0337,0.0332,0.0331,0.0326,0.0255,-0.0026,0.0115,0.0514,0.3855,0.1135,0.0716,0.157,0.1766,0.0107,0.0539,0.3908,0.1242,0.0787,0.1685,0.1868,0.0643,0.4124,0.1448,0.0928,0.1961,0.2156,0.4252,0.1845,0.142,0.1948,0.2218,0.4777,0.4384,0.4273,0.4498,0.0753,0.2075,0.2119,0.1684,0.1724,0.0303
Hmel210001o,4750001,4800000,4775004,48994,0.0266,0.0262,0.0246,0.0254,0.0075,0.0215,0.0233,0.026,0.0239,0.0262,0.0257,0.029,0.0375,0.0275,0.0264,0.0367,0.0365,0.0256,0.0282,0.0378,0.0279,0.0264,0.0365,0.0364,0.028,0.0384,0.0278,0.0264,0.0373,0.0373,0.0383,0.0317,0.0297,0.0376,0.0377,0.0373,0.0371,0.0389,0.0385,0.0251,0.0345,0.0339,0.0345,0.0339,0.0262,-0.0026,0.0029,0.0548,0.3906,0.0708,0.0303,0.1737,0.1932,0.0059,0.0457,0.3989,0.0828,0.0347,0.1746,0.1952,0.0615,0.4268,0.0992,0.0524,0.2014,0.2239,0.4307,0.161,0.1074,0.1942,0.2201,0.4556,0.4281,0.4135,0.4372,0.0588,0.1936,0.208,0.1749,0.1895,0.0265
Hmel210001o,4775001,4825000,4800298,48697,0.0264,0.0264,0.026,0.0266,0.0067,0.0209,0.0261,0.0267,0.0271,0.0266,0.0263,0.0295,0.0394,0.0278,0.0276,0.0373,0.0375,0.026,0.0284,0.04,0.0288,0.0277,0.0381,0.0382,0.0282,0.0406,0.0283,0.0277,0.0383,0.0382,0.0399,0.0319,0.0307,0.0388,0.0386,0.0392,0.0397,0.04,0.04,0.0263,0.0359,0.0364,0.0368,0.0368,0.0275,0.0035,0.0024,0.0559,0.4232,0.0867,0.0268,0.1778,0.1771,-0.0033,0.0371,0.4301,0.105,0.0296,0.1875,0.1861,0.0382,0.4418,0.0999,0.0339,0.1946,0.1899,0.4436,0.1619,0.0803,0.1929,0.1866,0.4953,0.4306,0.4255,0.4216,0.0611,0.2137,0.2166,0.1737,0.17,0.0122
Hmel210001o,4800001,4850000,4824866,48543,0.0276,0.028,0.0281,0.0265,0.006,0.0203,0.0265,0.025,0.0262,0.0282,0.0279,0.0302,0.0389,0.0281,0.0277,0.037,0.0379,0.0278,0.0292,0.0398,0.0302,0.0291,0.0383,0.0389,0.0291,0.0393,0.029,0.0281,0.0379,0.0383,0.0387,0.0318,0.031,0.0377,0.0378,0.039,0.0393,0.0387,0.0395,0.027,0.0367,0.0376,0.0378,0.0381,0.0266,0.0071,0.0004,0.0556,0.4126,0.0851,0.0132,0.179,0.1793,-0.0046,0.0338,0.4173,0.1173,0.0351,0.1925,0.1877,0.03,0.4106,0.096,0.0145,0.1851,0.1795,0.4419,0.1681,0.0805,0.1974,0.1849,0.5108,0.4302,0.4441,0.4365,0.0745,0.2482,0.2475,0.1992,0.1919,0.0195
Hmel210001o,4825001,4875000,4850061,49023,0.0278,0.027,0.0266,0.0264,0.0077,0.0205,0.0239,0.0262,0.027,0.0276,0.0271,0.0301,0.0373,0.0274,0.0267,0.0378,0.0377,0.0268,0.0299,0.0378,0.0282,0.0276,0.0384,0.038,0.0295,0.037,0.0276,0.0266,0.038,0.0375,0.0373,0.0315,0.031,0.0379,0.0371,0.0376,0.0375,0.0383,0.0383,0.0258,0.0384,0.0381,0.0385,0.038,0.0275,0.0034,-0.0023,0.0516,0.3696,0.0671,0.0182,0.1756,0.1672,-0.0013,0.0567,0.3854,0.0893,0.0426,0.1901,0.1777,0.0557,0.3808,0.0832,0.028,0.1898,0.1751,0.405,0.1613,0.1129,0.1871,0.1688,0.4696,0.4224,0.4005,0.3917,0.0785,0.2547,0.2434,0.2223,0.2086,0.0176
Hmel210001o,4850001,4900000,4875040,49869,0.0273,0.026,0.0269,0.0252,0.009,0.0217,0.023,0.0263,0.0267,0.0267,0.0269,0.0288,0.0373,0.0264,0.0263,0.0364,0.0363,0.0263,0.0286,0.0377,0.0269,0.0266,0.0373,0.0369,0.029,0.0377,0.0271,0.0268,0.0372,0.0365,0.0371,0.0293,0.0294,0.0366,0.036,0.0375,0.0377,0.0379,0.0378,0.0247,0.0362,0.0359,0.0373,0.037,0.0272,0.0009,-0.0045,0.0427,0.3598,0.0405,0.0242,0.1602,0.1544,-0.0028,0.0562,0.3805,0.0635,0.0429,0.1854,0.1756,0.0523,0.3695,0.0591,0.0386,0.1752,0.1613,0.3987,0.1224,0.1061,0.1781,0.166,0.4355,0.4197,0.3794,0.373,0.0528,0.2129,0.2049,0.2152,0.2069,0.0142
Hmel210001o,4875001,4925000,4899995,49929,0.0272,0.0269,0.0277,0.0258,0.0097,0.0233,0.0237,0.0254,0.0251,0.027,0.0273,0.0289,0.0375,0.0267,0.027,0.0362,0.036,0.027,0.0281,0.0375,0.0278,0.0273,0.0367,0.0361,0.0287,0.0379,0.0281,0.0282,0.0372,0.0365,0.037,0.0297,0.0292,0.0365,0.0358,0.0373,0.0378,0.0372,0.0367,0.0253,0.0353,0.0348,0.0363,0.0359,0.0258,-0.0012,-0.003,0.0426,0.3547,0.0291,0.0313,0.1675,0.1682,-0.0068,0.0313,0.3595,0.0533,0.041,0.1764,0.1714,0.0336,0.3538,0.0515,0.0482,0.1754,0.1691,0.3823,0.1025,0.0896,0.1823,0.177,0.402,0.403,0.3739,0.3722,0.0389,0.1932,0.1888,0.2032,0.2016,0.012
Hmel210001o,4900001,4950000,4924989,49627,0.0282,0.0278,0.026,0.0272,0.0104,0.0247,0.0253,0.0264,0.0257,0.028,0.0278,0.0311,0.0401,0.0284,0.0289,0.0379,0.0378,0.0268,0.0302,0.0394,0.0282,0.0281,0.0377,0.038,0.0292,0.0401,0.0282,0.0282,0.0389,0.0389,0.0404,0.0315,0.0318,0.0389,0.0386,0.0391,0.0403,0.0397,0.0398,0.0272,0.0373,0.037,0.0379,0.0379,0.0263,0.001,0.0135,0.0587,0.3656,0.0385,0.0412,0.1715,0.1778,-0.0029,0.0469,0.3617,0.0371,0.0305,0.1726,0.1836,0.0511,0.3908,0.0557,0.05,0.2048,0.2124,0.3941,0.1057,0.1023,0.1919,0.1955,0.3958,0.4015,0.3816,0.3918,0.0445,0.1975,0.2002,0.1993,0.2062,0.0055
Hmel210001o,4925001,4975000,4950135,49675,0.0279,0.0269,0.0256,0.0275,0.0095,0.0225,0.0241,0.0267,0.0262,0.0274,0.0277,0.0314,0.0405,0.0285,0.0286,0.0367,0.0368,0.0267,0.0304,0.0402,0.028,0.0279,0.0372,0.0376,0.0297,0.0406,0.0282,0.0276,0.0382,0.0385,0.0415,0.0317,0.0322,0.0388,0.0389,0.0398,0.0405,0.0396,0.0398,0.025,0.0366,0.0366,0.0372,0.0371,0.0268,0.0012,0.0185,0.064,0.3834,0.0659,0.0497,0.1556,0.1618,0.0104,0.0598,0.3926,0.068,0.047,0.172,0.1823,0.0625,0.4124,0.0858,0.0555,0.198,0.2073,0.4135,0.1321,0.1201,0.1846,0.1923,0.4427,0.4293,0.3878,0.3969,0.0364,0.2068,0.212,0.1985,0.2019,0.0064
Hmel210001o,4950001,5000000,4974981,49956,0.0261,0.0249,0.0234,0.0251,0.0077,0.0187,0.0188,0.0244,0.0243,0.0255,0.0253,0.0288,0.0352,0.028,0.0272,0.0334,0.0329,0.025,0.0283,0.0354,0.0283,0.027,0.0338,0.0333,0.0273,0.0349,0.0282,0.0261,0.0335,0.0331,0.0364,0.0316,0.0308,0.0356,0.0353,0.0358,0.0351,0.0353,0.0346,0.0218,0.033,0.0324,0.0313,0.0305,0.0248,-0.0005,0.0113,0.0591,0.366,0.1188,0.1027,0.1479,0.1408,0.0181,0.0654,0.3849,0.1368,0.1123,0.1658,0.1585,0.0636,0.3989,0.1531,0.112,0.1761,0.1704,0.4106,0.1976,0.1855,0.1871,0.1847,0.4771,0.4687,0.3911,0.3822,0.0805,0.2216,0.2135,0.1937,0.182,0.0094
Hmel210001o,4975001,5025000,4999980,49889,0.0247,0.0236,0.0218,0.0264,0.0085,0.0187,0.0175,0.0209,0.0219,0.0241,0.0234,0.0281,0.0344,0.0267,0.0263,0.0312,0.0306,0.0227,0.028,0.0346,0.0265,0.0261,0.032,0.0314,0.0265,0.0341,0.0257,0.0245,0.0304,0.0298,0.037,0.0314,0.031,0.0346,0.0344,0.0347,0.0337,0.0352,0.0345,0.023,0.03,0.0297,0.029,0.0282,0.0214,-0.0009,0.0038,0.0532,0.3637,0.1082,0.1161,0.164,0.1429,0.0009,0.0654,0.3813,0.1186,0.1256,0.1895,0.1697,0.0589,0.3992,0.1249,0.1162,0.1831,0.1625,0.3915,0.1828,0.1927,0.2031,0.1884,0.4512,0.4582,0.4251,0.4043,0.1256,0.2141,0.1972,0.2129,0.1875,-0.0003
Hmel210001o,5000001,5050000,5025010,49889,0.0247,0.0252,0.0248,0.0316,0.008,0.0206,0.0186,0.0206,0.0218,0.0247,0.0249,0.0311,0.0353,0.0254,0.0256,0.0319,0.0316,0.0241,0.0308,0.0359,0.0252,0.0258,0.0323,0.032,0.0306,0.0355,0.0246,0.0246,0.0318,0.0315,0.039,0.0323,0.0335,0.0362,0.0361,0.0352,0.0361,0.0362,0.0363,0.024,0.031,0.0311,0.0324,0.0319,0.0211,-0.0045,0.003,0.0642,0.3825,0.0609,0.0896,0.1783,0.1604,-0.019,0.0537,0.3826,0.0518,0.0865,0.1795,0.162,0.0541,0.3832,0.0437,0.0666,0.1756,0.1576,0.3643,0.1292,0.1698,0.1837,0.17,0.4391,0.4779,0.4492,0.4343,0.1074,0.2131,0.2001,0.2581,0.2363,-0.0019
Hmel210001o,5025001,5075000,5049951,49825,0.0273,0.0282,0.0279,0.0314,0.0057,0.0235,0.0197,0.0229,0.0232,0.0273,0.0274,0.0321,0.0358,0.0278,0.0276,0.0331,0.0334,0.0273,0.0324,0.0365,0.0274,0.0278,0.0337,0.0337,0.0325,0.0365,0.0278,0.0276,0.0342,0.0344,0.0383,0.0331,0.0342,0.0362,0.0363,0.0356,0.0372,0.0362,0.0365,0.0256,0.0338,0.0341,0.0347,0.0347,0.0231,-0.0098,-0.0036,0.0525,0.3843,0.0477,0.0855,0.1456,0.146,-0.0149,0.0478,0.3812,0.0313,0.0785,0.145,0.1425,0.0531,0.3848,0.0426,0.0791,0.1554,0.1561,0.3881,0.1091,0.1685,0.1598,0.1591,0.4347,0.5079,0.4494,0.449,0.0904,0.1957,0.1962,0.2518,0.2483,0.0007
Hmel210001o,5050001,5100000,5074833,48484,0.0265,0.0252,0.0256,0.0273,0.0061,0.0234,0.0212,0.022,0.0225,0.0263,0.0261,0.0287,0.0363,0.0273,0.0274,0.0314,0.0311,0.0249,0.029,0.0365,0.0263,0.0263,0.0324,0.0318,0.0291,0.0366,0.0269,0.0271,0.0321,0.032,0.0371,0.0301,0.0305,0.0331,0.0333,0.0355,0.0359,0.0355,0.0361,0.0257,0.0321,0.0317,0.0326,0.0322,0.0224,0.0092,0.0019,0.0351,0.3955,0.0485,0.0738,0.1364,0.1261,-0.0104,0.0563,0.4159,0.0417,0.0669,0.1669,0.1516,0.0537,0.4112,0.0501,0.0774,0.1578,0.1504,0.4149,0.0967,0.1308,0.1606,0.1589,0.4276,0.4654,0.4498,0.4486,0.0745,0.1803,0.1689,0.214,0.2024,0.0055
Hmel210001o,5075001,5125000,5100545,48617,0.0239,0.0184,0.0208,0.0241,0.0054,0.0193,0.02,0.0197,0.0199,0.0225,0.0236,0.0262,0.0329,0.0237,0.0237,0.0284,0.028,0.0198,0.0249,0.0329,0.0225,0.0209,0.0295,0.0289,0.0269,0.0338,0.0236,0.022,0.0289,0.0284,0.0341,0.026,0.0264,0.0311,0.0313,0.0311,0.0328,0.0302,0.0313,0.0216,0.028,0.0274,0.0291,0.0286,0.0201,0.0319,0.0278,0.0462,0.3988,0.0488,0.0421,0.1391,0.1296,0.0039,0.0946,0.4841,0.0942,0.0447,0.2251,0.2125,0.1009,0.4561,0.0859,0.0411,0.1846,0.1724,0.4305,0.1047,0.1022,0.1879,0.1882,0.4476,0.4573,0.4281,0.4393,0.0508,0.1878,0.1753,0.1987,0.1876,0.0069
Hmel210001o,5100001,5150000,5124988,49945,0.0245,0.0182,0.0204,0.0267,0.0043,0.0203,0.0197,0.0196,0.0192,0.022,0.0233,0.0276,0.0326,0.0246,0.0232,0.0305,0.0304,0.0194,0.0257,0.0326,0.0241,0.0203,0.0329,0.0328,0.0275,0.0329,0.025,0.0215,0.032,0.0317,0.0347,0.0279,0.027,0.034,0.0344,0.0321,0.0325,0.0315,0.0322,0.023,0.0281,0.028,0.0321,0.032,0.0194,0.0156,0.0196,0.044,0.402,0.0489,0.0261,0.1699,0.1729,0.0009,0.0869,0.5017,0.1184,0.0355,0.2821,0.2871,0.0925,0.4686,0.1086,0.037,0.2414,0.2427,0.4203,0.1005,0.0929,0.2075,0.219,0.4601,0.4769,0.4651,0.4804,0.0743,0.1778,0.1814,0.2525,0.2569,0.0001
Hmel210001o,5125001,5175000,5149985,49881,0.0266,0.0224,0.0228,0.0332,0.0097,0.0251,0.0207,0.018,0.0179,0.0251,0.0255,0.0322,0.0339,0.027,0.0251,0.0304,0.0304,0.0215,0.0305,0.0344,0.0281,0.0217,0.0334,0.0337,0.0301,0.0333,0.0281,0.0219,0.0332,0.0334,0.0374,0.0337,0.0307,0.0369,0.0377,0.0341,0.0337,0.0348,0.0354,0.0269,0.0268,0.027,0.0326,0.0329,0.0175,0.0139,0.0159,0.0492,0.3165,0.0222,0.0306,0.1613,0.1628,-0.0262,0.0682,0.3795,0.0883,0.0049,0.2594,0.2636,0.0567,0.3597,0.0832,0.0031,0.2508,0.255,0.3111,0.0881,0.09,0.2085,0.2205,0.3382,0.394,0.4472,0.4551,0.084,0.1142,0.1186,0.2682,0.2732,-0.0127
Hmel210001o,5150001,5200000,5174996,49555,0.0269,0.0255,0.0263,0.0365,0.0132,0.0273,0.0232,0.0207,0.0217,0.029,0.0291,0.0357,0.0339,0.0278,0.0275,0.0297,0.0295,0.0246,0.0346,0.0347,0.0297,0.0248,0.0336,0.0337,0.0342,0.0342,0.0297,0.0243,0.0334,0.0338,0.0385,0.0362,0.0339,0.0381,0.0386,0.0335,0.0338,0.0347,0.0354,0.0275,0.0282,0.0284,0.0322,0.0326,0.0202,0.054,0.0473,0.0768,0.2691,0.0143,0.0503,0.117,0.1031,-0.0272,0.0745,0.2976,0.062,0.0106,0.1944,0.1856,0.0607,0.2817,0.0547,-0.009,0.1842,0.1793,0.2531,0.08,0.0877,0.17,0.1664,0.2588,0.3142,0.3587,0.3547,0.0466,0.0858,0.0791,0.1986,0.195,-0.0251
Hmel210001o,5175001,5225000,5200186,49608,0.0215,0.0218,0.0226,0.0265,0.0066,0.022,0.0199,0.0201,0.0215,0.024,0.0241,0.0278,0.0293,0.0231,0.0233,0.0284,0.0285,0.0214,0.0269,0.0294,0.0244,0.0221,0.0311,0.0314,0.0268,0.0292,0.0242,0.0223,0.0304,0.0309,0.0307,0.0278,0.0268,0.0315,0.0317,0.0291,0.0289,0.0308,0.0307,0.0225,0.0276,0.028,0.0297,0.0303,0.0205,0.0552,0.0474,0.0857,0.3658,0.0316,0.0635,0.1629,0.1473,-0.019,0.067,0.3628,0.0578,0.0318,0.2058,0.1932,0.0549,0.3473,0.0437,0.0263,0.185,0.1758,0.3397,0.0793,0.0889,0.1662,0.1529,0.3544,0.3856,0.4113,0.3875,0.0384,0.1413,0.133,0.206,0.1983,-0.0077
Hmel210001o,5200001,5250000,5224917,49420,0.0187,0.0164,0.0174,0.0219,0.0032,0.0161,0.0142,0.0173,0.0172,0.0176,0.018,0.0223,0.0292,0.0188,0.018,0.0267,0.0267,0.0167,0.0211,0.0288,0.0185,0.0166,0.027,0.0267,0.0213,0.0289,0.019,0.0178,0.0277,0.0275,0.0304,0.0231,0.0222,0.0286,0.0285,0.0284,0.0286,0.0297,0.0295,0.0175,0.0249,0.0248,0.0262,0.0261,0.0175,0.0004,-0.0018,0.0558,0.47,0.04,0.0471,0.204,0.2059,-0.0074,0.0643,0.5095,0.0695,0.044,0.2431,0.239,0.0524,0.4893,0.0683,0.0638,0.2403,0.2386,0.4526,0.1158,0.1264,0.2016,0.2016,0.5098,0.5488,0.5027,0.5018,0.0761,0.2078,0.2071,0.2614,0.2605,0.0061
Hmel210001o,5225001,5275000,5249978,48651,0.0186,0.0163,0.0173,0.0248,0.0032,0.0148,0.0134,0.0159,0.0148,0.0176,0.0174,0.0234,0.033,0.0191,0.0172,0.0242,0.0239,0.0167,0.0232,0.0336,0.0189,0.017,0.0247,0.0239,0.0226,0.0335,0.0194,0.0171,0.0251,0.0248,0.0357,0.0253,0.024,0.0287,0.0288,0.0322,0.0327,0.0315,0.0314,0.0166,0.021,0.0206,0.0228,0.0223,0.0155,0.0041,-0.0164,0.0541,0.5209,0.0704,0.0404,0.1777,0.1878,-0.0036,0.0828,0.5656,0.1023,0.0702,0.2199,0.2219,0.0555,0.5486,0.0991,0.0583,0.2146,0.2253,0.4725,0.147,0.1438,0.1911,0.2091,0.5782,0.6118,0.5497,0.5706,0.087,0.1625,0.1726,0.2295,0.2367,0.0052
Hmel210001o,5250001,5300000,5275151,49154,0.0193,0.0189,0.0197,0.0236,0.0033,0.0173,0.0183,0.0174,0.0181,0.0193,0.0193,0.023,0.0343,0.0211,0.0209,0.0257,0.0262,0.0193,0.0234,0.0348,0.0216,0.0208,0.0259,0.0259,0.0231,0.035,0.0215,0.0202,0.0257,0.0261,0.0351,0.0251,0.0247,0.0281,0.0286,0.0339,0.0345,0.0323,0.0327,0.0197,0.0229,0.023,0.024,0.0238,0.0177,0.0048,-0.0079,0.0462,0.519,0.0752,0.0562,0.1753,0.1749,-0.0009,0.0607,0.5324,0.093,0.0592,0.1852,0.1759,0.0419,0.5202,0.0777,0.0322,0.1692,0.1683,0.4809,0.119,0.0982,0.1739,0.1722,0.5488,0.5391,0.5309,0.5217,0.0543,0.1454,0.1371,0.1545,0.1402,-0.0016
Hmel210001o,5275001,5325000,5299998,49867,0.0227,0.0213,0.0232,0.0237,0.0059,0.0216,0.022,0.0217,0.0233,0.022,0.0229,0.0252,0.0355,0.024,0.0251,0.0313,0.0321,0.0223,0.0243,0.0354,0.0239,0.0245,0.0317,0.0322,0.025,0.0356,0.0242,0.0242,0.0313,0.032,0.035,0.0267,0.0267,0.0314,0.0319,0.0351,0.0356,0.0334,0.0339,0.0233,0.03,0.0303,0.0294,0.0296,0.022,0.0002,-0.001,0.044,0.4408,0.0428,0.0617,0.1782,0.1736,0.0003,0.046,0.461,0.0585,0.0666,0.2021,0.1923,0.0341,0.4355,0.0407,0.0358,0.1727,0.1668,0.4375,0.0891,0.0842,0.1698,0.1581,0.4529,0.4525,0.4298,0.4139,0.0355,0.1711,0.158,0.1553,0.1412,-0.0125
Hmel210001o,5300001,5350000,5325020,49926,0.0251,0.0229,0.0241,0.0242,0.0082,0.0226,0.0206,0.0236,0.024,0.0239,0.0245,0.0283,0.037,0.025,0.025,0.0331,0.0339,0.0235,0.0281,0.037,0.0244,0.024,0.0355,0.0362,0.0282,0.0364,0.0247,0.0241,0.0345,0.0353,0.0372,0.0297,0.0294,0.0332,0.0338,0.0356,0.0362,0.0354,0.0358,0.0232,0.0335,0.034,0.0331,0.0339,0.0234,-0.004,-0.0022,0.0702,0.3942,0.0248,0.0469,0.1611,0.1686,-0.0009,0.0937,0.4239,0.0361,0.0524,0.2193,0.2252,0.0821,0.402,0.0299,0.0402,0.1927,0.2001,0.4239,0.1261,0.1473,0.1711,0.1742,0.4122,0.4471,0.3961,0.3953,0.0391,0.1945,0.1974,0.2097,0.2175,-0.0091
Hmel210001o,5325001,5375000,5349996,49974,0.0234,0.0225,0.023,0.0227,0.0077,0.0189,0.0197,0.0248,0.0239,0.0226,0.0231,0.0268,0.0369,0.0237,0.0238,0.0322,0.0325,0.0224,0.0271,0.037,0.0243,0.0228,0.0347,0.0351,0.0273,0.0365,0.0242,0.023,0.0337,0.0341,0.0377,0.0303,0.0297,0.0341,0.0344,0.0355,0.0368,0.0369,0.0373,0.0217,0.0318,0.0319,0.0327,0.0333,0.0243,-0.0072,-0.0022,0.0773,0.4224,0.0618,0.0522,0.1519,0.1666,-0.0086,0.0959,0.4366,0.0865,0.0408,0.1994,0.2151,0.092,0.424,0.0768,0.0413,0.18,0.1958,0.453,0.2001,0.1785,0.1825,0.1982,0.4712,0.4738,0.4036,0.4206,0.063,0.1955,0.2079,0.2007,0.2203,0.0001
Hmel210001o,5350001,5400000,5374987,49875,0.0223,0.0217,0.0228,0.0228,0.0074,0.0189,0.0199,0.0228,0.0216,0.0218,0.0225,0.0251,0.0339,0.0231,0.0236,0.0297,0.0296,0.0218,0.0245,0.0344,0.0247,0.0235,0.0305,0.0306,0.025,0.0348,0.0244,0.0231,0.0299,0.03,0.0345,0.0285,0.0279,0.0327,0.0326,0.0339,0.0353,0.0341,0.034,0.022,0.0274,0.0273,0.0284,0.0282,0.0221,-0.0065,-0.0018,0.0556,0.4052,0.0594,0.0595,0.1442,0.1553,-0.0107,0.0521,0.4208,0.1021,0.0659,0.1646,0.1799,0.049,0.4103,0.0823,0.0421,0.1428,0.1585,0.4221,0.1676,0.1439,0.1844,0.1985,0.4565,0.4592,0.4018,0.417,0.0669,0.1426,0.1559,0.1508,0.1616,-0.0038
Hmel210001o,5375001,5425000,5400011,49795,0.0189,0.0163,0.0181,0.0224,0.0048,0.0163,0.0149,0.0148,0.0139,0.0178,0.0188,0.0228,0.0276,0.0211,0.0204,0.0239,0.0239,0.0171,0.0223,0.0283,0.0221,0.0198,0.0242,0.0242,0.0228,0.0289,0.0215,0.0189,0.0233,0.0235,0.0307,0.0264,0.0258,0.0276,0.0274,0.0265,0.0281,0.0274,0.0272,0.018,0.021,0.0211,0.0211,0.0209,0.0141,0.0062,0.0087,0.0595,0.4138,0.0969,0.099,0.1838,0.1947,-0.0024,0.0882,0.4719,0.1595,0.1258,0.2302,0.2432,0.0723,0.4471,0.1187,0.0707,0.1816,0.1985,0.4206,0.1718,0.1818,0.2158,0.2254,0.4466,0.4956,0.4891,0.5026,0.0759,0.1595,0.1753,0.1827,0.1939,-0.0083
Hmel210001o,5400001,5450000,5424986,49427,0.0177,0.0156,0.017,0.0236,0.0036,0.0124,0.0137,0.0117,0.0103,0.0169,0.0176,0.0222,0.026,0.0218,0.0213,0.025,0.0251,0.0162,0.0224,0.0263,0.0227,0.0201,0.0242,0.0239,0.0226,0.0263,0.0213,0.0185,0.0236,0.0237,0.0304,0.0274,0.0267,0.0287,0.029,0.0241,0.0256,0.0265,0.0268,0.0161,0.0206,0.0206,0.02,0.02,0.0108,0.0073,0.0073,0.0536,0.4345,0.1948,0.1593,0.2726,0.2986,-0.0048,0.0893,0.4811,0.2486,0.1642,0.2904,0.3113,0.0719,0.452,0.1935,0.0972,0.2538,0.2818,0.422,0.2361,0.2038,0.2669,0.2937,0.5184,0.5101,0.5668,0.6041,0.1093,0.274,0.3038,0.2345,0.2617,-0.0116
Hmel210001o,5425001,5475000,5449376,47019,0.021,0.0203,0.0208,0.0266,0.0092,0.0149,0.0177,0.0154,0.0147,0.0205,0.021,0.0253,0.0297,0.0249,0.0256,0.0313,0.0315,0.0204,0.0256,0.0298,0.0256,0.0242,0.0296,0.0294,0.0258,0.0292,0.024,0.0224,0.0297,0.03,0.0337,0.0306,0.0303,0.0343,0.035,0.0289,0.0293,0.0315,0.0319,0.0194,0.0263,0.0265,0.0253,0.0254,0.0144,-0.0042,0.0028,0.0439,0.3401,0.1701,0.1475,0.2772,0.2893,-0.0045,0.0589,0.3529,0.1937,0.1277,0.2586,0.266,0.0566,0.3351,0.1549,0.0794,0.254,0.2677,0.3406,0.2182,0.1764,0.265,0.2831,0.4274,0.3861,0.4536,0.4716,0.0905,0.2813,0.2961,0.2202,0.2318,-0.0226
Hmel210001o,5450001,5500000,5475490,47445,0.0216,0.0179,0.0184,0.0245,0.0198,0.0211,0.0161,0.0182,0.0186,0.0194,0.0197,0.027,0.0375,0.0237,0.0207,0.0395,0.0389,0.0172,0.0249,0.0376,0.0235,0.0197,0.0394,0.0392,0.0258,0.0356,0.0225,0.0188,0.0364,0.0363,0.0406,0.0318,0.0281,0.042,0.0415,0.0357,0.0348,0.037,0.037,0.0204,0.0339,0.0341,0.0362,0.0363,0.0176,-0.0084,-0.0087,0.0894,0.3021,0.0557,0.0484,0.3449,0.3324,-0.0276,0.0992,0.3463,0.0987,0.0777,0.3872,0.3795,0.1097,0.3154,0.0697,0.0467,0.3459,0.3398,0.3095,0.1769,0.1829,0.3435,0.3329,0.2845,0.3323,0.3357,0.3305,0.0473,0.2798,0.2767,0.3717,0.3669,-0.0238
Hmel210001o,5475001,5525000,5499985,49685,0.0234,0.022,0.0233,0.0303,0.0098,0.0227,0.0204,0.0235,0.023,0.0226,0.0239,0.0319,0.0413,0.0298,0.0288,0.0424,0.0419,0.0221,0.0304,0.0403,0.0305,0.029,0.0426,0.0426,0.031,0.0409,0.0303,0.0288,0.0427,0.0424,0.0449,0.0372,0.0365,0.0457,0.0453,0.0412,0.0412,0.044,0.0432,0.0233,0.036,0.0354,0.0364,0.0356,0.023,-0.0043,0.0111,0.1003,0.442,0.1337,0.1439,0.3014,0.3003,-0.0133,0.0917,0.4501,0.1611,0.1635,0.3178,0.3215,0.0867,0.4387,0.1431,0.1441,0.3052,0.3069,0.4128,0.1838,0.1998,0.2751,0.2755,0.4491,0.4797,0.4666,0.4649,0.0395,0.2291,0.2263,0.2597,0.2538,-0.0066
Hmel210001o,5500001,5550000,5525062,49615,0.024,0.0241,0.0249,0.0289,0.0055,0.0224,0.0233,0.0254,0.0253,0.0241,0.025,0.0308,0.0415,0.0308,0.0311,0.0402,0.04,0.024,0.0301,0.0412,0.0312,0.0312,0.0411,0.0412,0.0306,0.0416,0.0311,0.0314,0.0411,0.0413,0.0435,0.0359,0.0356,0.0425,0.0425,0.0415,0.0418,0.0423,0.0421,0.0256,0.0356,0.0351,0.0355,0.0351,0.0252,0.0025,0.0112,0.0881,0.4919,0.1487,0.1441,0.251,0.2495,-0.0095,0.0756,0.4885,0.1552,0.145,0.2612,0.2627,0.0748,0.4818,0.1441,0.1396,0.2534,0.2564,0.467,0.1821,0.1677,0.2328,0.2327,0.5136,0.504,0.4818,0.4805,0.0598,0.2075,0.2011,0.1971,0.1912,-0.0041
Hmel210001o,5525001,5575000,5550024,49882,0.0245,0.0242,0.0246,0.0276,0.0072,0.0228,0.0237,0.0237,0.0235,0.0246,0.0244,0.0285,0.0385,0.028,0.0275,0.0362,0.0361,0.024,0.028,0.0387,0.0278,0.027,0.0363,0.0363,0.0286,0.0384,0.0274,0.027,0.0361,0.036,0.0392,0.0319,0.031,0.0376,0.0374,0.0377,0.0385,0.0382,0.0384,0.026,0.0333,0.033,0.035,0.035,0.0232,0.0053,-0.003,0.0532,0.4326,0.0882,0.0704,0.2114,0.2122,-0.0071,0.0473,0.4383,0.0891,0.0639,0.2163,0.218,0.0534,0.4302,0.0771,0.0609,0.2085,0.2106,0.4181,0.1296,0.1062,0.2005,0.2013,0.4458,0.4431,0.4391,0.4441,0.0593,0.1866,0.1846,0.2021,0.2056,-0.0083
Hmel210001o,5550001,5600000,5574873,49355,0.0262,0.0253,0.0251,0.0293,0.0079,0.0251,0.0238,0.0239,0.0234,0.0258,0.0257,0.0302,0.0388,0.0284,0.027,0.0371,0.037,0.0253,0.0295,0.0392,0.0289,0.0269,0.0376,0.0376,0.0295,0.0385,0.0288,0.0266,0.0376,0.0376,0.0392,0.033,0.032,0.0393,0.0394,0.0374,0.0386,0.0379,0.0382,0.0263,0.0329,0.0329,0.0357,0.0359,0.0234,0.0014,0.0017,0.05,0.4054,0.0547,0.0411,0.2044,0.2074,0.0021,0.0469,0.4209,0.0722,0.0482,0.2195,0.2244,0.0499,0.4168,0.0734,0.0457,0.2219,0.2266,0.3916,0.1068,0.1051,0.2067,0.2129,0.4032,0.434,0.4246,0.4339,0.0384,0.1538,0.1593,0.2096,0.2169,-0.0066
Hmel210001o,5575001,5625000,5600197,49346,0.0266,0.026,0.0244,0.0291,0.0074,0.0272,0.0244,0.0241,0.0259,0.0264,0.0262,0.0313,0.0433,0.0295,0.0278,0.0396,0.0397,0.0252,0.0298,0.0435,0.0312,0.0289,0.0415,0.0417,0.0294,0.0433,0.0313,0.0289,0.0413,0.0416,0.0421,0.0346,0.0339,0.0425,0.0425,0.0427,0.0425,0.042,0.0423,0.0274,0.0365,0.0371,0.0375,0.0383,0.0253,0.0032,0.0148,0.0661,0.4519,0.0488,0.0465,0.2305,0.2148,0.0004,0.0478,0.4617,0.0838,0.0739,0.2599,0.2446,0.0572,0.478,0.1019,0.0887,0.2723,0.2581,0.429,0.11,0.1308,0.2444,0.2261,0.4385,0.4719,0.4699,0.4505,0.031,0.1835,0.1741,0.2251,0.2172,0.0061
Hmel210001o,5600001,5650000,5625000,49983,0.0256,0.0253,0.0241,0.0302,0.0065,0.0219,0.0211,0.0225,0.0243,0.0265,0.0257,0.0326,0.0432,0.0312,0.0302,0.0375,0.0374,0.0249,0.031,0.0431,0.0341,0.0329,0.0398,0.0396,0.031,0.0426,0.0333,0.0322,0.039,0.0388,0.043,0.0368,0.037,0.0403,0.0398,0.044,0.0433,0.0418,0.0419,0.0228,0.0327,0.0329,0.0329,0.0332,0.0239,0.0212,0.0164,0.0885,0.4747,0.1425,0.1347,0.2301,0.2103,0.0046,0.0663,0.4777,0.1924,0.1826,0.2616,0.2414,0.0798,0.4878,0.1926,0.1835,0.2636,0.2431,0.4367,0.1898,0.2009,0.2262,0.2023,0.5285,0.5329,0.5016,0.4786,0.0301,0.2015,0.1842,0.213,0.1979,0.01
Hmel210001o,5625001,5675000,5649849,49550,0.0249,0.0233,0.0224,0.0287,0.0059,0.0185,0.0195,0.0231,0.0238,0.0253,0.024,0.0318,0.0398,0.0294,0.029,0.0357,0.0355,0.0232,0.0306,0.0398,0.0314,0.0305,0.037,0.037,0.0308,0.0393,0.0304,0.0293,0.0364,0.0362,0.0406,0.0355,0.0355,0.0377,0.0375,0.04,0.0402,0.0391,0.0392,0.0218,0.0309,0.0309,0.0323,0.0323,0.0235,0.0258,0.0083,0.0954,0.4581,0.1608,0.1404,0.2062,0.1969,0.0084,0.0952,0.4793,0.2126,0.1852,0.2408,0.2338,0.1069,0.4863,0.2067,0.1753,0.2424,0.2324,0.437,0.2234,0.2117,0.2,0.1909,0.5494,0.5354,0.4749,0.4666,0.0741,0.2062,0.1977,0.216,0.2087,0.0005
Hmel210001o,5650001,5700000,5674889,48147,0.0251,0.023,0.0223,0.0253,0.0052,0.0209,0.0221,0.023,0.0234,0.0242,0.0238,0.0295,0.0391,0.028,0.0283,0.0364,0.0362,0.0228,0.0292,0.0388,0.0288,0.0285,0.0373,0.0373,0.029,0.0391,0.0289,0.0283,0.0382,0.0378,0.0395,0.0329,0.0333,0.0382,0.0381,0.0385,0.0392,0.0396,0.0394,0.0249,0.0321,0.0321,0.0335,0.0335,0.0232,0.003,0.0022,0.0826,0.4577,0.1036,0.0956,0.2146,0.2074,0.0038,0.1031,0.4846,0.1435,0.1229,0.2504,0.2453,0.1084,0.4962,0.153,0.127,0.2687,0.2582,0.4764,0.1894,0.18,0.237,0.2306,0.5104,0.4995,0.4922,0.4838,0.0785,0.1978,0.1929,0.2055,0.2014,-0.0003
Hmel210001o,5675001,5725000,5700268,47546,0.026,0.0241,0.0249,0.0259,0.0057,0.0214,0.0207,0.0227,0.0237,0.0247,0.0253,0.0305,0.041,0.0311,0.031,0.0379,0.0373,0.0243,0.0303,0.0409,0.0319,0.031,0.039,0.0383,0.0311,0.0414,0.0325,0.0315,0.0403,0.0393,0.0416,0.0349,0.0356,0.0399,0.0393,0.0415,0.0413,0.0427,0.042,0.0241,0.032,0.0318,0.0329,0.033,0.0233,-0.0073,-0.0034,0.0835,0.4575,0.1417,0.1481,0.2286,0.2103,-0.005,0.1034,0.482,0.1762,0.17,0.2624,0.2439,0.1055,0.4751,0.1767,0.1693,0.2695,0.2479,0.4797,0.2047,0.2229,0.2559,0.2375,0.523,0.5312,0.5165,0.4973,0.0707,0.1946,0.1795,0.2157,0.2053,0.0034
Hmel210001o,5700001,5750000,5725229,48845,0.0247,0.0236,0.0246,0.0264,0.0069,0.022,0.0184,0.0227,0.023,0.0242,0.0244,0.0302,0.0394,0.0285,0.0287,0.0378,0.0371,0.0238,0.029,0.0399,0.0294,0.0287,0.0386,0.038,0.0303,0.0402,0.0297,0.029,0.0391,0.0381,0.0394,0.0331,0.034,0.0393,0.0389,0.0403,0.0401,0.0408,0.0407,0.0233,0.0331,0.0325,0.0339,0.0337,0.0232,-0.0,-0.0046,0.089,0.4425,0.1057,0.1502,0.2413,0.2279,-0.006,0.0827,0.4621,0.1326,0.1636,0.2627,0.2504,0.0933,0.453,0.1282,0.1574,0.2588,0.2427,0.4383,0.1684,0.2251,0.245,0.2349,0.488,0.536,0.4839,0.4786,0.0757,0.2051,0.1916,0.258,0.2495,0.0075
Hmel210001o,5725001,5775000,5749959,49328,0.0232,0.0222,0.0235,0.0252,0.0063,0.0227,0.0176,0.0225,0.0217,0.023,0.0234,0.028,0.0391,0.0253,0.0259,0.0363,0.0369,0.0228,0.0264,0.039,0.0255,0.0261,0.0364,0.0369,0.0273,0.0391,0.0259,0.0264,0.0365,0.0367,0.0393,0.0299,0.03,0.0374,0.0379,0.0385,0.0394,0.0388,0.0389,0.0233,0.0319,0.0322,0.0336,0.0339,0.0224,0.0069,0.0004,0.0796,0.4675,0.0521,0.1255,0.2383,0.2551,-0.0011,0.0621,0.4797,0.0659,0.1425,0.2507,0.2669,0.0627,0.4633,0.0605,0.1309,0.2379,0.2492,0.458,0.1189,0.1873,0.2321,0.2481,0.4675,0.5507,0.4745,0.4867,0.076,0.1798,0.1929,0.265,0.279,0.0072
Hmel210001o,5750001,5800000,5774924,48858,0.0245,0.022,0.0227,0.0261,0.0077,0.0221,0.0184,0.0231,0.0222,0.0235,0.0237,0.0285,0.0417,0.0258,0.025,0.0364,0.0374,0.022,0.0271,0.0412,0.0249,0.0244,0.0361,0.0375,0.0277,0.0417,0.0255,0.0244,0.0359,0.0374,0.0423,0.03,0.0293,0.0384,0.039,0.0405,0.0406,0.0405,0.0401,0.0232,0.0325,0.0337,0.0346,0.0357,0.0236,0.0069,0.0018,0.0652,0.4597,0.0543,0.0804,0.2201,0.2435,-0.0074,0.0719,0.4866,0.0641,0.1003,0.2436,0.2712,0.0726,0.4819,0.0685,0.0909,0.2328,0.2616,0.4582,0.1202,0.1553,0.2311,0.248,0.4775,0.5296,0.4655,0.4733,0.0725,0.189,0.2166,0.2626,0.2886,0.0215
Hmel210001o,5775001,5825000,5799847,48674,0.0272,0.0258,0.0249,0.0273,0.0083,0.0217,0.0206,0.0233,0.0222,0.027,0.0264,0.0312,0.0414,0.0277,0.0273,0.0376,0.0381,0.0252,0.0305,0.041,0.0275,0.0272,0.0383,0.0394,0.0303,0.0415,0.0276,0.0263,0.0384,0.0396,0.0418,0.0323,0.0321,0.0392,0.0393,0.0405,0.0403,0.0398,0.0397,0.0226,0.0348,0.0355,0.0362,0.0371,0.0239,0.0092,0.0072,0.0693,0.4146,0.0663,0.0703,0.2063,0.2236,-0.0036,0.0747,0.4285,0.0769,0.0844,0.2299,0.2543,0.0809,0.4442,0.0892,0.0775,0.2409,0.2663,0.4338,0.1522,0.1618,0.2295,0.2411,0.4752,0.4888,0.4482,0.4603,0.0349,0.226,0.2469,0.258,0.2804,0.0254
Hmel210001o,5800001,5850000,5825121,49032,0.0291,0.03,0.0288,0.0302,0.0078,0.0252,0.0241,0.0236,0.0221,0.0298,0.0294,0.0338,0.0396,0.0308,0.0307,0.0366,0.0372,0.0289,0.0332,0.0393,0.0314,0.0317,0.0379,0.0383,0.033,0.04,0.0316,0.0306,0.0384,0.0389,0.0405,0.0359,0.0354,0.0386,0.0383,0.0387,0.0398,0.0387,0.0394,0.0258,0.0341,0.0339,0.0355,0.0359,0.0236,0.0049,0.0089,0.0697,0.3798,0.0665,0.0766,0.1719,0.1942,-0.0088,0.0513,0.3654,0.0691,0.0839,0.1809,0.2002,0.0605,0.3885,0.0838,0.0776,0.1999,0.2195,0.3964,0.1409,0.1463,0.1941,0.2062,0.418,0.4438,0.4392,0.4654,0.0243,0.1756,0.1875,0.2069,0.2276,0.0169
Hmel210001o,5825001,5875000,5850018,49766,0.0278,0.0276,0.0274,0.0344,0.0062,0.0262,0.0237,0.0226,0.0208,0.0276,0.0276,0.0338,0.0376,0.0304,0.0297,0.0332,0.0333,0.0269,0.0331,0.0377,0.0308,0.0298,0.0347,0.0345,0.0333,0.0379,0.0315,0.0294,0.0344,0.0345,0.0404,0.0364,0.0357,0.0379,0.0378,0.0361,0.0372,0.037,0.0379,0.0275,0.0305,0.0301,0.0319,0.032,0.0225,-0.001,-0.0004,0.0545,0.3934,0.0639,0.0763,0.1455,0.1658,-0.0119,0.0461,0.396,0.0726,0.0788,0.1692,0.1847,0.0504,0.4016,0.0854,0.0747,0.1669,0.1877,0.3729,0.1079,0.123,0.1643,0.1809,0.3961,0.4429,0.4564,0.4917,0.0516,0.118,0.1305,0.168,0.1898,0.0202
Hmel210001o,5850001,5900000,5874984,49797,0.0237,0.0236,0.0228,0.0332,0.0061,0.0222,0.0179,0.0192,0.0183,0.0234,0.023,0.0305,0.031,0.0253,0.0246,0.0291,0.029,0.0232,0.0311,0.0313,0.0259,0.0245,0.0303,0.03,0.0306,0.0307,0.0257,0.0236,0.0297,0.03,0.0364,0.0328,0.0323,0.0348,0.0352,0.0293,0.0297,0.0314,0.0317,0.0235,0.0266,0.0267,0.0275,0.0275,0.0193,-0.0048,-0.0059,0.0542,0.3656,0.0519,0.0888,0.1599,0.168,0.0012,0.0649,0.3715,0.0652,0.089,0.182,0.1871,0.0655,0.3748,0.0699,0.0796,0.1811,0.196,0.3429,0.1063,0.1471,0.1686,0.1831,0.3639,0.4414,0.442,0.4599,0.0853,0.1319,0.1443,0.2055,0.2172,0.0148
Hmel210001o,5875001,5925000,5899858,48425,0.0241,0.024,0.0224,0.0303,0.0096,0.0203,0.0182,0.0193,0.019,0.0237,0.0234,0.0292,0.0282,0.0238,0.0236,0.0287,0.0288,0.0233,0.03,0.0287,0.0246,0.0231,0.0303,0.0302,0.0292,0.0282,0.0237,0.0223,0.0297,0.0299,0.0331,0.0311,0.0303,0.0336,0.0342,0.0277,0.028,0.0297,0.0295,0.0228,0.0271,0.0272,0.0285,0.0284,0.0199,-0.0067,0.0043,0.0481,0.2651,0.0371,0.0588,0.1475,0.152,0.0023,0.0631,0.2739,0.0558,0.0468,0.1766,0.1772,0.0687,0.2897,0.0548,0.0491,0.1853,0.1925,0.2871,0.1237,0.1371,0.1748,0.1855,0.3139,0.3513,0.3605,0.3632,0.0891,0.164,0.171,0.2181,0.22,0.0218
Hmel210001o,5900001,5950000,5925467,48551,0.0278,0.0262,0.026,0.0271,0.0086,0.0231,0.0217,0.0225,0.0218,0.0271,0.0272,0.03,0.0337,0.0277,0.0274,0.0318,0.0317,0.0259,0.0292,0.0344,0.0277,0.0249,0.0338,0.0339,0.0288,0.0337,0.0272,0.0254,0.0334,0.0335,0.035,0.0309,0.0302,0.0345,0.0349,0.0337,0.034,0.0344,0.0343,0.0256,0.0306,0.0308,0.0324,0.0328,0.0233,0.0028,0.006,0.0465,0.312,0.0448,0.0541,0.1237,0.1307,-0.0046,0.0496,0.3414,0.0611,0.0211,0.1707,0.1798,0.0449,0.3354,0.0536,0.0335,0.1671,0.1758,0.3588,0.1156,0.12,0.1769,0.1908,0.3742,0.3982,0.3914,0.4011,0.0709,0.1543,0.1664,0.199,0.2135,0.0271
Hmel210001o,5925001,5975000,5949985,49669,0.0283,0.0273,0.0274,0.0261,0.0079,0.0265,0.0225,0.0256,0.024,0.0279,0.0285,0.03,0.038,0.0303,0.0289,0.034,0.0344,0.0273,0.0286,0.0386,0.0294,0.0267,0.0356,0.036,0.0292,0.0385,0.0299,0.0275,0.0359,0.0362,0.0379,0.0315,0.0302,0.0359,0.0364,0.0372,0.0379,0.0375,0.0376,0.0269,0.0321,0.0324,0.0341,0.0348,0.0258,0.0026,0.0118,0.0465,0.37,0.053,0.0689,0.1229,0.1437,-0.0016,0.0333,0.3896,0.0473,0.0382,0.156,0.1773,0.0439,0.3864,0.0552,0.0526,0.1595,0.1793,0.413,0.0927,0.1199,0.1703,0.1946,0.3827,0.4446,0.3992,0.421,0.0495,0.1105,0.1306,0.183,0.2103,0.0213
Hmel210001o,5950001,6000000,5975018,49392,0.0243,0.024,0.0239,0.0258,0.0079,0.0235,0.0196,0.0251,0.0244,0.0238,0.0246,0.0278,0.0375,0.0262,0.0245,0.0338,0.034,0.0238,0.0268,0.0373,0.0263,0.0237,0.0345,0.0348,0.0273,0.0382,0.0272,0.0245,0.0353,0.0355,0.0369,0.0299,0.0281,0.0351,0.0352,0.0372,0.0373,0.0355,0.0361,0.0251,0.0326,0.0328,0.034,0.0343,0.0255,-0.0067,0.0122,0.0574,0.4144,0.0491,0.0576,0.1642,0.1747,-0.0028,0.0418,0.4169,0.054,0.045,0.1777,0.1889,0.054,0.4275,0.0731,0.0634,0.1909,0.2011,0.405,0.1031,0.1214,0.1664,0.1766,0.4207,0.4767,0.3813,0.3966,0.0797,0.1539,0.1637,0.218,0.2295,0.0165
Hmel210001o,5975001,6025000,6000030,49492,0.0219,0.0211,0.0209,0.0251,0.0078,0.0182,0.0195,0.0234,0.0236,0.0212,0.0215,0.026,0.0373,0.0219,0.0216,0.0336,0.0332,0.0208,0.0254,0.0373,0.0228,0.021,0.0338,0.0335,0.0256,0.0376,0.0234,0.0215,0.0349,0.0344,0.0373,0.027,0.0263,0.0353,0.0351,0.0372,0.0374,0.0359,0.0362,0.0229,0.0338,0.0336,0.0338,0.0335,0.0244,-0.0067,0.0036,0.0594,0.4463,0.0471,0.0218,0.2045,0.1974,-0.0046,0.0592,0.458,0.0783,0.0179,0.2171,0.2108,0.0664,0.4641,0.0947,0.0335,0.2357,0.2258,0.4202,0.1283,0.0981,0.1958,0.1904,0.4988,0.4822,0.4106,0.4118,0.1019,0.2495,0.2444,0.2346,0.2294,0.0197
Hmel210001o,6000001,6050000,6024888,49280,0.0256,0.0237,0.0232,0.0289,0.0103,0.0195,0.0229,0.0246,0.0253,0.0248,0.0247,0.0295,0.0392,0.0252,0.0251,0.0344,0.0349,0.0237,0.0292,0.0395,0.025,0.024,0.035,0.0354,0.0295,0.0393,0.0249,0.0238,0.0353,0.0355,0.0419,0.0302,0.0301,0.0387,0.039,0.038,0.0388,0.0392,0.0393,0.0246,0.0342,0.0344,0.0335,0.0339,0.026,0.0046,0.0058,0.0479,0.3874,0.0593,0.019,0.1654,0.1651,0.0052,0.0653,0.4144,0.0772,0.0172,0.194,0.1923,0.0756,0.4186,0.0805,0.0178,0.203,0.1984,0.3931,0.1309,0.0893,0.1954,0.1921,0.4524,0.4168,0.4003,0.3927,0.0795,0.2276,0.2226,0.1802,0.1791,0.0219
Hmel210001o,6025001,6075000,6050052,48364,0.0261,0.0248,0.0246,0.0298,0.0081,0.021,0.0218,0.022,0.0222,0.0256,0.0254,0.0305,0.0363,0.0262,0.0256,0.032,0.0328,0.0246,0.0299,0.0366,0.025,0.0247,0.0326,0.0336,0.0299,0.0372,0.0251,0.0249,0.0327,0.0338,0.0393,0.0314,0.031,0.0363,0.0374,0.0354,0.036,0.0361,0.0366,0.0241,0.0319,0.0322,0.0312,0.0315,0.023,0.0029,0.001,0.0532,0.3743,0.0572,0.0358,0.1494,0.1619,-0.0031,0.0566,0.394,0.046,0.0293,0.1733,0.1863,0.0595,0.4049,0.0517,0.0375,0.1765,0.1921,0.3845,0.1246,0.1092,0.1851,0.1977,0.4322,0.4274,0.4271,0.4305,0.0622,0.2044,0.2074,0.1845,0.1875,0.0219
Hmel210001o,6050001,6100000,6075406,48745,0.0235,0.0253,0.0264,0.032,0.009,0.0214,0.0203,0.0213,0.0197,0.0242,0.0252,0.0314,0.0357,0.0243,0.023,0.032,0.0339,0.0248,0.0311,0.0357,0.0252,0.0233,0.0328,0.0344,0.0309,0.0361,0.027,0.0256,0.0336,0.0356,0.0381,0.0332,0.032,0.0368,0.0385,0.0358,0.0354,0.0345,0.0363,0.0221,0.032,0.0334,0.0316,0.0327,0.0217,-0.0046,0.0056,0.0785,0.389,0.0427,0.0267,0.1853,0.2328,-0.0223,0.0552,0.3666,0.0408,0.012,0.1779,0.2215,0.0394,0.3575,0.0657,0.0491,0.1789,0.2251,0.3389,0.1311,0.1248,0.1816,0.2213,0.4196,0.4311,0.4038,0.4503,0.0319,0.2103,0.2504,0.2173,0.2542,0.0308
Hmel210001o,6075001,6125000,6100026,49741,0.0238,0.0266,0.0284,0.0326,0.0103,0.0249,0.0208,0.0255,0.0238,0.0255,0.0275,0.0334,0.0367,0.0269,0.0249,0.0349,0.0373,0.0272,0.0328,0.037,0.0278,0.0247,0.0365,0.0386,0.0337,0.0366,0.0294,0.0266,0.0371,0.0393,0.0402,0.0362,0.0347,0.0403,0.042,0.0366,0.0365,0.0357,0.0379,0.0237,0.0343,0.0364,0.0354,0.0376,0.0254,0.0062,0.0284,0.103,0.3815,0.0531,0.0597,0.1827,0.2324,-0.0066,0.0641,0.3489,0.0407,0.0222,0.1759,0.2206,0.0589,0.3221,0.053,0.0415,0.1677,0.2134,0.3404,0.1306,0.1527,0.178,0.2144,0.3654,0.4184,0.3469,0.3949,0.0199,0.162,0.2091,0.2203,0.2676,0.0167
Hmel210001o,6100001,6150000,6125031,49909,0.0261,0.0275,0.0288,0.0279,0.0073,0.0248,0.0238,0.0271,0.0255,0.0275,0.0287,0.0317,0.0379,0.0287,0.0287,0.0358,0.0368,0.0283,0.0309,0.039,0.0291,0.0272,0.0368,0.0377,0.0323,0.0389,0.0295,0.0282,0.0378,0.0391,0.0399,0.0338,0.0335,0.0385,0.0396,0.0375,0.0382,0.037,0.038,0.0269,0.0342,0.0354,0.036,0.0373,0.0265,0.0142,0.0233,0.0876,0.4042,0.0653,0.0749,0.156,0.1859,0.0019,0.0577,0.3985,0.0559,0.0313,0.1566,0.183,0.067,0.3819,0.0511,0.0367,0.1586,0.1894,0.4219,0.1349,0.1406,0.1744,0.2047,0.4173,0.4377,0.3816,0.4125,0.0537,0.1454,0.1794,0.1818,0.215,0.0036
Hmel210001o,6125001,6175000,6149995,49974,0.0264,0.0286,0.0274,0.0261,0.0068,0.0229,0.0257,0.0261,0.024,0.028,0.0276,0.0292,0.038,0.0286,0.0288,0.0358,0.0363,0.0277,0.0294,0.0386,0.0292,0.0283,0.0358,0.0363,0.0287,0.0391,0.0296,0.0291,0.0369,0.0377,0.0373,0.0315,0.0309,0.036,0.0364,0.0381,0.0379,0.0358,0.0371,0.0274,0.0337,0.0343,0.0348,0.0358,0.0255,0.0093,0.0138,0.0545,0.4075,0.0775,0.0527,0.1618,0.1904,-0.0056,0.0331,0.3869,0.067,0.0223,0.1413,0.1691,0.0347,0.4071,0.0857,0.0481,0.1673,0.1992,0.4215,0.1348,0.0924,0.1657,0.1949,0.4545,0.4156,0.3854,0.4293,0.064,0.1659,0.1986,0.1549,0.1896,0.0092
Hmel210001o,6150001,6200000,6174382,48091,0.0223,0.0252,0.0229,0.0241,0.0074,0.0233,0.0224,0.0235,0.0229,0.0238,0.0232,0.0258,0.0349,0.0263,0.0244,0.0333,0.0338,0.0238,0.0262,0.0352,0.0269,0.025,0.0333,0.0339,0.025,0.0352,0.0267,0.0247,0.0337,0.0342,0.0348,0.0289,0.0276,0.0342,0.0343,0.0347,0.035,0.0331,0.0343,0.0248,0.032,0.0322,0.0332,0.0339,0.0237,0.0,0.0134,0.0599,0.4184,0.0738,0.0466,0.1942,0.209,-0.0061,0.0304,0.3835,0.0559,0.0254,0.1652,0.18,0.0358,0.4146,0.0768,0.0461,0.1949,0.209,0.4094,0.1046,0.0933,0.1881,0.1954,0.4017,0.4188,0.3798,0.4026,0.0429,0.1631,0.1738,0.1919,0.2085,0.0127
Hmel210001o,6175001,6225000,6200354,47541,0.0204,0.0205,0.0203,0.0242,0.0068,0.0183,0.019,0.0216,0.0214,0.0206,0.0206,0.0242,0.0321,0.0231,0.0211,0.0304,0.032,0.0203,0.0241,0.0321,0.0236,0.0212,0.0305,0.0318,0.0238,0.032,0.0237,0.0212,0.0309,0.0324,0.0333,0.0266,0.0254,0.0327,0.0336,0.0321,0.0326,0.0318,0.0324,0.0214,0.0293,0.0308,0.0304,0.032,0.0221,0.005,0.0069,0.0519,0.4207,0.0954,0.0381,0.1935,0.2212,-0.0035,0.0474,0.4176,0.1039,0.0369,0.1917,0.2158,0.0438,0.4199,0.1077,0.0412,0.2024,0.2278,0.3986,0.1287,0.0958,0.1877,0.2023,0.4532,0.4491,0.3965,0.4084,0.0729,0.2004,0.2274,0.2104,0.2374,0.014
Hmel210001o,6200001,6250000,6225278,49431,0.0205,0.0178,0.0174,0.0236,0.0052,0.0146,0.0168,0.02,0.018,0.0197,0.0191,0.0245,0.0323,0.0213,0.0196,0.031,0.033,0.0174,0.0225,0.0321,0.0211,0.0192,0.0322,0.0342,0.0226,0.032,0.021,0.0187,0.032,0.0342,0.0341,0.0261,0.0247,0.0342,0.0356,0.0325,0.0324,0.0327,0.0334,0.0179,0.0291,0.0308,0.0305,0.0328,0.0195,0.0158,0.0056,0.062,0.4458,0.1011,0.0251,0.2208,0.2757,-0.006,0.0586,0.488,0.1404,0.0544,0.2734,0.3275,0.0664,0.4942,0.1429,0.048,0.2756,0.3335,0.4407,0.1792,0.1198,0.2353,0.2792,0.5493,0.5088,0.4587,0.5003,0.0705,0.2671,0.3226,0.2592,0.3213,0.0148
Hmel210001o,6225001,6275000,6249842,49656,0.0233,0.0204,0.0187,0.0248,0.0067,0.0177,0.0174,0.0203,0.0194,0.0223,0.0212,0.028,0.037,0.0225,0.0214,0.0335,0.0345,0.0193,0.0251,0.0374,0.0229,0.0213,0.0364,0.0372,0.0257,0.0378,0.0214,0.0203,0.0363,0.0372,0.0403,0.029,0.0274,0.0381,0.0385,0.0379,0.0378,0.0377,0.0385,0.0195,0.0336,0.0342,0.0345,0.0357,0.0201,0.0114,0.0071,0.0816,0.4395,0.0513,0.0271,0.2223,0.2471,-0.0053,0.0633,0.4851,0.0976,0.0655,0.2965,0.3179,0.0993,0.5141,0.0866,0.0629,0.315,0.3375,0.4675,0.1732,0.1492,0.2699,0.2861,0.53,0.5331,0.489,0.5098,0.0582,0.2913,0.3109,0.307,0.3351,0.0067
Hmel210001o,6250001,6300000,6275010,49628,0.0272,0.0247,0.0244,0.0288,0.007,0.018,0.0211,0.0213,0.0244,0.0263,0.0262,0.0326,0.0391,0.0261,0.0263,0.0372,0.0362,0.0239,0.0308,0.0394,0.0267,0.0269,0.0398,0.0383,0.0312,0.0402,0.0265,0.0272,0.0401,0.0386,0.0423,0.0345,0.0329,0.0419,0.04,0.0415,0.0411,0.0421,0.0412,0.023,0.0376,0.0367,0.0369,0.0362,0.0234,0.0064,0.0078,0.0812,0.4065,0.0749,0.0443,0.2215,0.1763,-0.0153,0.0799,0.4418,0.1174,0.0857,0.2808,0.2301,0.0901,0.4533,0.1165,0.0943,0.2867,0.2362,0.4381,0.2153,0.1542,0.2694,0.2136,0.5527,0.5059,0.5133,0.4635,0.0852,0.3271,0.2797,0.2836,0.2388,0.0137
Hmel210001o,6275001,6325000,6299992,49889,0.0255,0.0246,0.0247,0.0297,0.0056,0.0167,0.0215,0.0205,0.0242,0.0252,0.0254,0.0315,0.0356,0.0257,0.0259,0.0363,0.0351,0.0234,0.0309,0.036,0.0259,0.0264,0.0379,0.0366,0.0304,0.0361,0.0265,0.0266,0.0379,0.0366,0.0385,0.0333,0.0323,0.0409,0.0392,0.0376,0.0371,0.0396,0.0387,0.0214,0.036,0.0347,0.0356,0.0346,0.0227,0.0029,0.007,0.0764,0.409,0.1047,0.0511,0.2349,0.1809,-0.0273,0.0759,0.4251,0.1203,0.071,0.2658,0.2115,0.0666,0.425,0.1303,0.0736,0.2642,0.2102,0.41,0.206,0.1338,0.2589,0.1992,0.5596,0.4813,0.5203,0.4616,0.0588,0.3322,0.2716,0.2693,0.2152,0.0087
Hmel210001o,6300001,6350000,6324606,49058,0.0235,0.0239,0.0234,0.0301,0.0051,0.0168,0.0199,0.0213,0.0227,0.0237,0.0238,0.03,0.0335,0.024,0.0239,0.0326,0.0322,0.0231,0.0294,0.0343,0.024,0.0238,0.0343,0.0338,0.0296,0.0341,0.0243,0.0237,0.0344,0.0339,0.0374,0.0305,0.0301,0.038,0.0374,0.0349,0.0344,0.036,0.0363,0.0192,0.0338,0.0331,0.0342,0.0337,0.0218,0.0016,0.0084,0.0706,0.4191,0.0938,0.0522,0.1962,0.1739,-0.0127,0.0565,0.4221,0.0879,0.0453,0.2166,0.1942,0.0642,0.4259,0.0996,0.0479,0.2231,0.2011,0.4,0.1577,0.1145,0.2112,0.1896,0.5389,0.4833,0.4802,0.4635,0.0246,0.2913,0.2657,0.2601,0.2366,-0.0038
Hmel210001o,6325001,6375000,6349988,48549,0.024,0.0242,0.0245,0.0308,0.0049,0.0193,0.0222,0.0218,0.0224,0.0243,0.0248,0.0308,0.0344,0.025,0.0258,0.0324,0.0321,0.024,0.0298,0.0349,0.0257,0.0259,0.0341,0.0336,0.0304,0.0347,0.0265,0.0264,0.0347,0.0343,0.0374,0.0325,0.0325,0.0382,0.0379,0.0351,0.0352,0.0351,0.0356,0.0223,0.0306,0.0308,0.033,0.0329,0.0222,0.0047,0.0128,0.0739,0.4237,0.0768,0.0583,0.1809,0.1693,-0.0064,0.0548,0.4282,0.0885,0.058,0.2052,0.1914,0.062,0.4213,0.1006,0.0649,0.2098,0.1986,0.3962,0.1532,0.1205,0.2043,0.1937,0.5036,0.4599,0.4647,0.4615,0.0391,0.2066,0.2035,0.2096,0.2014,0.0021
Hmel210001o,6350001,6400000,6375259,49316,0.0239,0.0232,0.0223,0.0278,0.008,0.021,0.0222,0.0222,0.0229,0.0236,0.0237,0.0292,0.0365,0.0261,0.0267,0.0345,0.0343,0.0226,0.0283,0.0363,0.0265,0.0265,0.0354,0.0353,0.0278,0.0366,0.0265,0.0262,0.0361,0.0358,0.0377,0.0319,0.0319,0.0384,0.0382,0.0358,0.0366,0.0354,0.0358,0.0244,0.0307,0.031,0.0329,0.0331,0.0226,0.002,0.0141,0.0709,0.4081,0.0804,0.0775,0.209,0.1983,-0.0033,0.0631,0.4149,0.0975,0.082,0.2304,0.2213,0.0652,0.4308,0.1065,0.0882,0.2489,0.2381,0.3899,0.1501,0.1355,0.2265,0.2159,0.4396,0.4327,0.4168,0.4129,0.0648,0.1839,0.181,0.204,0.1998,0.0008
Hmel210001o,6375001,6425000,6399919,49647,0.0237,0.0223,0.022,0.0253,0.0076,0.0199,0.0199,0.0224,0.0244,0.0227,0.0228,0.0268,0.038,0.0253,0.0255,0.0352,0.0342,0.022,0.026,0.0378,0.025,0.0253,0.0354,0.0347,0.0259,0.0383,0.0253,0.0251,0.0354,0.0345,0.0389,0.0291,0.0286,0.037,0.036,0.0367,0.0373,0.0361,0.0365,0.0229,0.0319,0.0316,0.0317,0.0315,0.0237,-0.008,-0.0004,0.0506,0.4323,0.0795,0.0848,0.2195,0.1832,-0.003,0.0534,0.4482,0.0894,0.0964,0.2378,0.205,0.0555,0.4578,0.0983,0.0968,0.2412,0.2062,0.4354,0.1397,0.1324,0.2283,0.1905,0.4699,0.4769,0.4283,0.4045,0.0736,0.2133,0.1849,0.2108,0.1841,0.0063
Hmel210001o,6400001,6450000,6424988,48988,0.0259,0.0245,0.0259,0.0262,0.0058,0.0214,0.0227,0.0237,0.0261,0.0247,0.0257,0.028,0.0399,0.0263,0.0266,0.0345,0.0336,0.0249,0.0268,0.0401,0.0258,0.0263,0.0357,0.0348,0.0283,0.0409,0.027,0.0267,0.0355,0.0346,0.0408,0.0292,0.0289,0.0365,0.0357,0.0397,0.0397,0.039,0.0396,0.0244,0.0325,0.032,0.0327,0.0322,0.0251,-0.01,-0.0043,0.0381,0.4467,0.0566,0.0472,0.1729,0.1343,-0.0061,0.0321,0.4673,0.0625,0.0586,0.2053,0.1666,0.0435,0.4578,0.0708,0.0504,0.1881,0.1497,0.4676,0.1156,0.0936,0.1989,0.1601,0.5047,0.4871,0.4671,0.4402,0.0542,0.1905,0.1553,0.1794,0.1449,0.0049
Hmel210001o,6425001,6475000,6450188,48667,0.0263,0.0257,0.0252,0.0269,0.0062,0.0223,0.0233,0.0235,0.0258,0.0258,0.0261,0.0291,0.0397,0.0271,0.0266,0.0334,0.0337,0.0256,0.0281,0.0408,0.0287,0.0276,0.0361,0.0363,0.0287,0.0409,0.0285,0.0272,0.0357,0.0356,0.0403,0.0305,0.0298,0.036,0.0365,0.0402,0.04,0.0394,0.0407,0.0247,0.0315,0.0315,0.0323,0.0324,0.0249,-0.0046,0.0068,0.0485,0.4344,0.0583,0.037,0.1545,0.1343,0.003,0.0363,0.4535,0.0942,0.0622,0.1995,0.1787,0.0549,0.4613,0.0966,0.0604,0.1994,0.174,0.4508,0.1208,0.0966,0.1891,0.1693,0.4927,0.4774,0.4697,0.4518,0.0436,0.1676,0.1421,0.1695,0.1451,0.0044
Hmel210001o,6450001,6500000,6473774,46571,0.0272,0.0273,0.0251,0.0292,0.0067,0.0247,0.0213,0.0233,0.0266,0.0276,0.0268,0.031,0.0365,0.0281,0.0282,0.0323,0.0328,0.0267,0.0308,0.0384,0.031,0.0303,0.0351,0.0352,0.0296,0.0375,0.0299,0.0293,0.0347,0.0346,0.0379,0.0332,0.033,0.0356,0.0364,0.0366,0.0374,0.0366,0.0382,0.026,0.0306,0.0313,0.0312,0.0319,0.0259,0.0072,0.0128,0.0522,0.3808,0.0434,0.0793,0.1302,0.1047,0.0092,0.049,0.4013,0.0927,0.1152,0.171,0.1397,0.053,0.4194,0.0975,0.123,0.1877,0.1532,0.3942,0.1164,0.1506,0.165,0.141,0.4151,0.47,0.4329,0.4075,0.065,0.1284,0.1043,0.175,0.1491,0.0183
Hmel210001o,6475001,6525000,6500167,47153,0.0293,0.0277,0.0281,0.0307,0.0061,0.0263,0.0242,0.0242,0.0276,0.0296,0.0295,0.0329,0.0369,0.0293,0.0306,0.0339,0.0341,0.0281,0.0328,0.0375,0.0288,0.0316,0.0361,0.036,0.0318,0.038,0.0295,0.0317,0.0364,0.0364,0.0385,0.0338,0.0349,0.0378,0.038,0.0368,0.0374,0.0365,0.0377,0.0296,0.0343,0.0346,0.0336,0.0343,0.0267,0.0198,0.0152,0.0502,0.366,0.0271,0.0699,0.1236,0.0953,0.0036,0.0665,0.3949,0.0356,0.1041,0.1734,0.1385,0.0453,0.3946,0.0442,0.1017,0.1725,0.1401,0.3931,0.0966,0.134,0.1733,0.1415,0.4045,0.4395,0.4298,0.3974,0.0848,0.1603,0.1312,0.1715,0.1472,0.0164
Hmel210001o,6500001,6550000,6524805,48860,0.0269,0.0244,0.0258,0.0278,0.0045,0.0227,0.0234,0.0215,0.0233,0.0266,0.0272,0.0303,0.0352,0.0268,0.0274,0.0316,0.0313,0.0251,0.0298,0.0351,0.0255,0.0279,0.0338,0.0335,0.0294,0.0361,0.0264,0.0284,0.0341,0.0339,0.0366,0.031,0.0317,0.0353,0.0352,0.0352,0.0349,0.0346,0.035,0.0272,0.0319,0.0315,0.0309,0.0306,0.0231,0.0201,0.0164,0.0559,0.3989,0.0418,0.0456,0.1409,0.1166,-0.0008,0.0743,0.4328,0.0427,0.0816,0.2005,0.177,0.0518,0.4244,0.0442,0.0754,0.1895,0.1692,0.4255,0.114,0.1187,0.1923,0.1709,0.4581,0.4446,0.4685,0.4469,0.088,0.191,0.1633,0.1677,0.1422,0.0146
Hmel210001o,6525001,6575000,6550384,48837,0.0253,0.0259,0.0246,0.0256,0.0044,0.0203,0.0227,0.0228,0.0228,0.0259,0.0257,0.0282,0.0355,0.0268,0.0273,0.0331,0.0324,0.0251,0.028,0.0363,0.0277,0.0283,0.0349,0.0341,0.0276,0.0367,0.0256,0.0267,0.0348,0.0344,0.0356,0.0305,0.0313,0.0341,0.0338,0.0359,0.036,0.0356,0.0354,0.0237,0.0319,0.0313,0.0323,0.0315,0.0228,0.0062,0.0155,0.0538,0.4259,0.0858,0.0698,0.168,0.1564,-0.0037,0.0434,0.4262,0.0945,0.0809,0.188,0.1766,0.0507,0.4484,0.0687,0.0638,0.2004,0.1943,0.4426,0.1549,0.1388,0.1804,0.1768,0.503,0.4692,0.4628,0.4607,0.0506,0.2039,0.1949,0.1843,0.1707,0.0013
Hmel210001o,6550001,6600000,6574893,49613,0.0274,0.0284,0.0269,0.0275,0.0046,0.0232,0.0234,0.0256,0.026,0.028,0.0277,0.0305,0.0385,0.0295,0.0304,0.0374,0.0363,0.0272,0.0301,0.0396,0.0301,0.0313,0.0387,0.0371,0.0295,0.0397,0.0285,0.0297,0.0391,0.0378,0.0378,0.0326,0.0335,0.038,0.037,0.0394,0.0394,0.0384,0.0385,0.027,0.0364,0.0358,0.0359,0.0351,0.026,0.0029,0.0105,0.0551,0.4287,0.0819,0.0958,0.1801,0.1602,-0.0092,0.037,0.4273,0.0816,0.1,0.1873,0.1628,0.0428,0.447,0.0684,0.0871,0.2056,0.185,0.4404,0.1377,0.1487,0.1869,0.1689,0.4943,0.4916,0.4505,0.4464,0.0781,0.2076,0.195,0.1985,0.1838,0.0025
Hmel210001o,6575001,6625000,6599131,47475,0.0271,0.0273,0.0266,0.0265,0.006,0.0231,0.0227,0.0245,0.0261,0.0271,0.027,0.0295,0.038,0.0287,0.0292,0.0361,0.0354,0.0264,0.029,0.0385,0.0287,0.0292,0.0371,0.0363,0.0283,0.0387,0.0285,0.0289,0.0377,0.0368,0.0371,0.0307,0.0311,0.0368,0.0362,0.0387,0.0383,0.0373,0.0384,0.0278,0.035,0.0348,0.035,0.0347,0.0255,-0.0019,0.0031,0.0483,0.4093,0.0713,0.0845,0.1753,0.1505,-0.0107,0.0375,0.4122,0.0698,0.0821,0.1869,0.1609,0.0329,0.422,0.0722,0.0846,0.2013,0.1743,0.4256,0.1171,0.1281,0.1905,0.1648,0.47,0.4708,0.4349,0.4257,0.1039,0.2008,0.1808,0.2054,0.1837,0.0035
Hmel210001o,6600001,6650000,6624940,47119,0.0262,0.0256,0.0251,0.0248,0.0066,0.0193,0.0234,0.0227,0.0247,0.0258,0.0258,0.0278,0.0366,0.0259,0.0269,0.0337,0.0339,0.0254,0.0281,0.0368,0.0262,0.0267,0.0349,0.0351,0.0271,0.0371,0.0261,0.0267,0.0344,0.0343,0.0363,0.0288,0.0289,0.0343,0.0345,0.0361,0.0365,0.0353,0.0366,0.0233,0.0322,0.0323,0.0333,0.0338,0.0238,-0.0014,0.0026,0.0428,0.3964,0.0691,0.0424,0.1674,0.1507,0.0002,0.0538,0.4072,0.0818,0.0454,0.1913,0.1742,0.0429,0.4174,0.0864,0.0509,0.1898,0.1675,0.4287,0.1469,0.0961,0.1909,0.1704,0.4881,0.4339,0.4295,0.4175,0.0466,0.2211,0.2006,0.1918,0.1781,0.0032
Hmel210001o,6625001,6675000,6650068,49081,0.027,0.0256,0.0252,0.0264,0.0051,0.0184,0.0237,0.0218,0.0239,0.0261,0.0257,0.0289,0.0376,0.0278,0.0271,0.0334,0.0331,0.0255,0.0285,0.0376,0.028,0.0273,0.0345,0.034,0.0284,0.038,0.0277,0.0265,0.0335,0.0327,0.0374,0.0307,0.0301,0.0343,0.0343,0.0363,0.0376,0.0363,0.0362,0.0235,0.0302,0.0304,0.0318,0.0318,0.023,-0.0031,-0.0083,0.0411,0.4176,0.1076,0.0374,0.1647,0.1387,0.0019,0.0486,0.4355,0.1265,0.0549,0.1958,0.167,0.0533,0.4465,0.1273,0.0444,0.1855,0.1514,0.4418,0.1758,0.1001,0.188,0.1635,0.5269,0.4623,0.4748,0.4446,0.0598,0.2115,0.1894,0.1746,0.1533,0.0044
Hmel210001o,6650001,6700000,6675021,49710,0.0273,0.0277,0.027,0.0289,0.006,0.0208,0.0244,0.0232,0.0256,0.0278,0.0269,0.0309,0.0395,0.0303,0.029,0.0357,0.035,0.0273,0.0304,0.0398,0.031,0.029,0.0376,0.0369,0.0312,0.0394,0.0297,0.0274,0.0369,0.0359,0.0398,0.0341,0.0325,0.0375,0.0371,0.0391,0.0395,0.0387,0.0386,0.0263,0.0333,0.0332,0.0347,0.0342,0.0244,0.0063,-0.005,0.0527,0.4226,0.1215,0.0604,0.1804,0.1464,-0.0017,0.0396,0.4209,0.1293,0.0566,0.2026,0.1711,0.0606,0.4254,0.1148,0.0329,0.2005,0.1622,0.427,0.1749,0.1105,0.1942,0.1638,0.5055,0.4603,0.4676,0.4351,0.079,0.2152,0.1871,0.1961,0.1638,-0.0001
Hmel210001o,6675001,6725000,6699880,49271,0.0262,0.0279,0.0279,0.0278,0.0078,0.023,0.0252,0.0237,0.0268,0.0282,0.0274,0.0318,0.0375,0.0285,0.029,0.0369,0.036,0.0281,0.031,0.0389,0.0294,0.0289,0.0384,0.0379,0.0326,0.0378,0.029,0.028,0.0383,0.0373,0.0401,0.0336,0.0334,0.0381,0.0376,0.0377,0.0383,0.0382,0.0383,0.0265,0.0352,0.0347,0.0368,0.0364,0.0252,0.0216,0.0073,0.0873,0.3913,0.0778,0.0641,0.2032,0.1599,0.0052,0.0562,0.3864,0.0778,0.0455,0.2071,0.1707,0.0828,0.3734,0.0697,0.0285,0.2063,0.1632,0.418,0.1535,0.1242,0.2072,0.1661,0.4357,0.4132,0.4326,0.393,0.0512,0.2136,0.1739,0.2126,0.1764,-0.0019
Hmel210001o,6700001,6750000,6723283,45391,0.0257,0.0261,0.0268,0.0271,0.0064,0.0227,0.025,0.0232,0.0273,0.0268,0.0265,0.0309,0.0385,0.0279,0.028,0.0363,0.0353,0.027,0.0296,0.0401,0.0295,0.0285,0.0376,0.037,0.0311,0.039,0.0286,0.0275,0.0369,0.0361,0.0414,0.0333,0.0332,0.0384,0.0379,0.038,0.0396,0.0398,0.0395,0.0264,0.0326,0.032,0.0355,0.0349,0.0252,0.0193,0.0046,0.0845,0.428,0.0749,0.0527,0.2053,0.15,0.0102,0.0582,0.4401,0.1005,0.0582,0.219,0.1708,0.0752,0.4193,0.0761,0.0327,0.2014,0.1513,0.4568,0.1574,0.129,0.2207,0.1702,0.4628,0.4484,0.4735,0.4183,0.0535,0.183,0.1304,0.2012,0.1516,-0.0007
Hmel210001o,6725001,6775000,6748682,42941,0.0207,0.0221,0.0234,0.0262,0.0053,0.0183,0.0194,0.0215,0.0249,0.022,0.0228,0.0283,0.0413,0.0248,0.0253,0.0324,0.0317,0.0231,0.0277,0.0425,0.0264,0.0258,0.0339,0.0331,0.0282,0.0422,0.0252,0.0247,0.0321,0.0318,0.0436,0.0311,0.0314,0.0366,0.036,0.0414,0.0426,0.0421,0.0416,0.0231,0.028,0.0276,0.0298,0.0294,0.0232,0.0137,0.0193,0.1088,0.5377,0.1274,0.123,0.2229,0.1735,0.0073,0.0785,0.5282,0.1407,0.1138,0.2284,0.1793,0.0721,0.5099,0.1007,0.0761,0.1869,0.1452,0.5002,0.1852,0.1766,0.2257,0.1789,0.573,0.5669,0.5346,0.4846,0.1074,0.1788,0.1305,0.1962,0.1489,0.0006
Hmel210001o,6750001,6800000,6775080,46132,0.0186,0.0202,0.0212,0.0242,0.0066,0.0132,0.0157,0.0206,0.0239,0.0196,0.0208,0.0254,0.0396,0.0223,0.0243,0.0305,0.0301,0.0206,0.025,0.0405,0.0216,0.0236,0.0309,0.0306,0.026,0.0398,0.0215,0.023,0.0298,0.0297,0.0403,0.0267,0.0291,0.0335,0.0329,0.0402,0.0401,0.0395,0.0393,0.0193,0.0275,0.0278,0.0268,0.0271,0.0224,0.0055,0.0222,0.1013,0.5332,0.1758,0.1822,0.2289,0.1812,-0.003,0.0691,0.5181,0.1333,0.143,0.2146,0.1704,0.0758,0.4975,0.1169,0.1157,0.1844,0.144,0.4751,0.203,0.2076,0.2107,0.1603,0.6185,0.5796,0.5034,0.4551,0.1517,0.2509,0.2083,0.2023,0.163,0.0027
Hmel210001o,6775001,6825000,6800168,48926,0.0226,0.0214,0.0228,0.0239,0.0051,0.0137,0.0165,0.0214,0.0237,0.022,0.0226,0.0256,0.0376,0.0238,0.0246,0.0295,0.0293,0.0214,0.0246,0.0379,0.0227,0.0234,0.0296,0.0297,0.0257,0.0373,0.0224,0.023,0.0296,0.0297,0.0374,0.0286,0.0291,0.0326,0.0322,0.0382,0.0374,0.0361,0.0362,0.0179,0.0278,0.0283,0.0271,0.0273,0.0228,0.0005,-0.0031,0.0527,0.4782,0.1415,0.1209,0.154,0.1236,-0.0162,0.0493,0.4982,0.1354,0.1113,0.1703,0.1446,0.0524,0.4719,0.1085,0.0817,0.1542,0.1277,0.4737,0.232,0.1993,0.191,0.1551,0.6201,0.5679,0.48,0.4465,0.0892,0.2379,0.2144,0.1862,0.16,0.0048
Hmel210001o,6800001,6850000,6824921,49516,0.02,0.0192,0.0203,0.0227,0.0031,0.0136,0.0169,0.0183,0.0194,0.0193,0.0198,0.0236,0.036,0.022,0.0211,0.0254,0.0248,0.0191,0.0232,0.0366,0.0217,0.0206,0.0256,0.0252,0.0238,0.0367,0.0219,0.0204,0.026,0.0256,0.0365,0.0279,0.0266,0.0289,0.0285,0.0368,0.0367,0.0346,0.0345,0.0165,0.023,0.023,0.0241,0.0237,0.0187,-0.0073,-0.0094,0.059,0.5308,0.1433,0.0704,0.1493,0.1211,-0.0163,0.0617,0.5506,0.1491,0.0709,0.1646,0.1409,0.0593,0.5331,0.1353,0.0498,0.156,0.1344,0.5104,0.2368,0.1632,0.1852,0.1628,0.6463,0.5876,0.5449,0.5257,0.0432,0.1913,0.1739,0.1644,0.1397,-0.0031
Hmel210001o,6825001,6875000,6849999,49314,0.019,0.0181,0.0191,0.0222,0.0039,0.0133,0.0158,0.0191,0.0212,0.0181,0.019,0.0238,0.037,0.0206,0.0207,0.0302,0.0288,0.0185,0.0234,0.0378,0.0203,0.0202,0.0302,0.0292,0.0234,0.0377,0.0205,0.0199,0.0301,0.0292,0.0377,0.0259,0.0257,0.0325,0.0316,0.0369,0.0371,0.0357,0.0362,0.017,0.028,0.0272,0.0285,0.0275,0.0206,-0.0144,-0.0017,0.0824,0.5437,0.1274,0.0924,0.2381,0.1871,-0.0053,0.0868,0.5648,0.1342,0.0922,0.2497,0.205,0.072,0.5481,0.1228,0.0698,0.2352,0.1921,0.5161,0.21,0.1687,0.2351,0.1949,0.6375,0.597,0.5294,0.5015,0.0827,0.2802,0.2356,0.2531,0.2071,0.0114
Hmel210001o,6850001,6900000,6875246,49492,0.0249,0.0216,0.023,0.0257,0.0046,0.0198,0.0196,0.0226,0.0261,0.023,0.024,0.0294,0.0405,0.0264,0.0264,0.037,0.0358,0.0225,0.0283,0.0407,0.0258,0.0252,0.0373,0.0362,0.0283,0.0406,0.0255,0.0246,0.0369,0.036,0.0413,0.0319,0.0315,0.0392,0.0383,0.0395,0.0399,0.0395,0.0403,0.0233,0.0334,0.0331,0.0346,0.0341,0.0247,-0.0069,0.0001,0.0783,0.4809,0.0881,0.0893,0.2284,0.1775,0.0061,0.1009,0.5292,0.1178,0.1063,0.2684,0.2165,0.0848,0.509,0.0932,0.0779,0.2494,0.1998,0.495,0.1845,0.181,0.2501,0.2,0.5446,0.5504,0.5033,0.464,0.0899,0.2355,0.1918,0.2546,0.2083,0.0084
Hmel210001o,6875001,6925000,6900003,49985,0.0278,0.0247,0.026,0.0264,0.0054,0.0249,0.0242,0.0213,0.0274,0.0264,0.0269,0.0307,0.0409,0.0303,0.0292,0.037,0.0367,0.0255,0.0297,0.0409,0.0307,0.0287,0.0387,0.0379,0.0305,0.0414,0.0298,0.0279,0.0378,0.0373,0.0415,0.0343,0.0332,0.0396,0.0389,0.0402,0.0401,0.041,0.0419,0.0276,0.0313,0.032,0.0338,0.0342,0.0242,0.0023,-0.001,0.0635,0.4387,0.0744,0.0619,0.2124,0.1499,0.0024,0.0816,0.4782,0.1135,0.0847,0.2667,0.1956,0.0795,0.4655,0.0837,0.0559,0.2408,0.1744,0.4779,0.1523,0.1431,0.2628,0.1874,0.4695,0.4762,0.524,0.4534,0.0614,0.1583,0.1069,0.2046,0.1473,-0.0049
Hmel210001o,6900001,6950000,6924655,49120,0.0261,0.0251,0.026,0.0251,0.0081,0.0216,0.0233,0.0227,0.0272,0.0264,0.0267,0.0306,0.0408,0.0297,0.0284,0.037,0.0365,0.0251,0.0289,0.0408,0.0304,0.0284,0.0393,0.0385,0.0294,0.042,0.0298,0.0278,0.0386,0.038,0.041,0.0334,0.0321,0.0385,0.0379,0.041,0.0406,0.0402,0.0411,0.027,0.0336,0.0341,0.0353,0.0354,0.0247,0.0167,0.0125,0.0906,0.4258,0.1162,0.0741,0.2163,0.164,-0.008,0.0734,0.4385,0.1384,0.0848,0.2564,0.2009,0.0716,0.4388,0.1187,0.063,0.2377,0.1865,0.4528,0.1902,0.1491,0.2459,0.1876,0.4842,0.4576,0.4623,0.4146,0.0968,0.216,0.1749,0.2209,0.1749,-0.0059
Hmel210001o,6925001,6975000,6950101,49121,0.0203,0.0186,0.023,0.0284,0.0064,0.017,0.0137,0.0197,0.0214,0.0195,0.0229,0.0312,0.0346,0.0234,0.0202,0.031,0.0294,0.022,0.0305,0.0344,0.0224,0.0193,0.0312,0.0297,0.028,0.035,0.0248,0.0238,0.0329,0.0319,0.0382,0.0321,0.0326,0.0362,0.0358,0.0347,0.0349,0.0346,0.0342,0.0207,0.0307,0.0298,0.0294,0.0281,0.0202,0.0027,0.03,0.1429,0.4602,0.1202,0.0916,0.2269,0.1798,0.031,0.1522,0.4845,0.123,0.0939,0.2518,0.2057,0.0555,0.4243,0.1144,0.1362,0.2239,0.1893,0.4103,0.1974,0.2463,0.2222,0.1965,0.5134,0.5692,0.4695,0.4394,0.1583,0.265,0.2281,0.29,0.2433,-0.0076
Hmel210001o,6950001,7000000,6974737,49065,0.0148,0.0128,0.0188,0.03,0.0057,0.0167,0.0115,0.0167,0.0193,0.0136,0.0179,0.0289,0.0324,0.0185,0.0151,0.027,0.0254,0.0174,0.0289,0.0324,0.0178,0.0147,0.0272,0.0254,0.026,0.0326,0.0204,0.0195,0.0286,0.0271,0.038,0.03,0.0302,0.0351,0.0341,0.0328,0.0325,0.033,0.0328,0.0174,0.0258,0.0247,0.0251,0.0236,0.0177,-0.008,0.0314,0.1592,0.534,0.0835,0.0747,0.2755,0.2073,0.0487,0.1858,0.5706,0.0989,0.1023,0.3096,0.2363,0.0549,0.4678,0.0714,0.131,0.245,0.1834,0.3987,0.1521,0.2242,0.2269,0.1834,0.5055,0.597,0.5084,0.4635,0.1099,0.2254,0.1645,0.2933,0.2221,-0.0105
Hmel210001o,6975001,7025000,7000211,49067,0.0161,0.0147,0.017,0.0296,0.0074,0.0184,0.0166,0.0223,0.0243,0.0155,0.0171,0.0268,0.0377,0.0198,0.0191,0.0342,0.0318,0.016,0.0263,0.0375,0.0195,0.0189,0.0345,0.0319,0.0252,0.0375,0.0207,0.0196,0.0345,0.0316,0.0399,0.0298,0.0286,0.0379,0.0362,0.0382,0.0371,0.0361,0.0369,0.0204,0.0314,0.0298,0.0322,0.0299,0.023,0.0035,0.0184,0.111,0.5419,0.0743,0.0821,0.2947,0.2342,0.0065,0.1199,0.5613,0.0864,0.0993,0.3158,0.2528,0.068,0.5266,0.0829,0.0837,0.2874,0.2214,0.4028,0.1336,0.1362,0.2046,0.1601,0.5128,0.5289,0.4336,0.4152,0.083,0.2258,0.1745,0.2596,0.1987,-0.0067
Hmel210001o,7000001,7050000,7024909,49536,0.0217,0.0207,0.021,0.0275,0.0054,0.021,0.0197,0.0231,0.0263,0.0216,0.0217,0.0275,0.0377,0.0243,0.0242,0.037,0.0347,0.0205,0.0276,0.0375,0.0245,0.0238,0.0382,0.0363,0.0267,0.0371,0.0251,0.0235,0.0375,0.0356,0.0376,0.0306,0.0296,0.0384,0.0372,0.0375,0.0374,0.0375,0.0381,0.0231,0.033,0.0322,0.034,0.0325,0.0247,0.0097,0.008,0.0685,0.4872,0.068,0.0835,0.2573,0.1925,-0.0082,0.0839,0.5002,0.085,0.0876,0.2842,0.2251,0.0637,0.4922,0.0944,0.0762,0.2722,0.2127,0.428,0.1318,0.1317,0.2186,0.1681,0.4966,0.5143,0.4657,0.429,0.0678,0.2096,0.1621,0.2389,0.1811,-0.0008
Hmel210001o,7025001,7075000,7050141,49524,0.0253,0.0247,0.0234,0.0305,0.0057,0.0227,0.0217,0.0214,0.0248,0.0255,0.0248,0.0309,0.0389,0.0283,0.0267,0.0359,0.0353,0.0241,0.0307,0.0387,0.0286,0.0267,0.0372,0.0367,0.0306,0.0385,0.0277,0.0248,0.0366,0.0361,0.0402,0.0333,0.0322,0.0393,0.0389,0.0386,0.0387,0.0395,0.0398,0.0249,0.0319,0.032,0.0342,0.0341,0.0231,0.0107,0.0089,0.0622,0.4458,0.086,0.0666,0.2224,0.1779,0.0006,0.0662,0.4529,0.0987,0.0741,0.247,0.2043,0.0782,0.4681,0.0968,0.0492,0.2525,0.2096,0.4178,0.1289,0.1237,0.2232,0.1825,0.4786,0.4931,0.5053,0.4625,0.0598,0.1918,0.1563,0.2383,0.198,-0.002
Hmel210001o,7050001,7100000,7074991,49746,0.0261,0.0257,0.0242,0.0313,0.0068,0.0208,0.0184,0.0222,0.0252,0.0263,0.0256,0.0329,0.0407,0.0278,0.0272,0.0365,0.0364,0.0252,0.0317,0.0407,0.0281,0.0273,0.0366,0.0364,0.0317,0.0403,0.0268,0.0253,0.0364,0.0361,0.0417,0.0338,0.0335,0.04,0.0399,0.0407,0.0403,0.0401,0.0405,0.0238,0.0321,0.0321,0.0336,0.0336,0.0235,0.0092,0.0097,0.0788,0.44,0.0905,0.1066,0.2138,0.1816,0.0045,0.0658,0.446,0.0997,0.1128,0.2203,0.187,0.0816,0.4605,0.0914,0.0915,0.2323,0.1975,0.4095,0.1514,0.1743,0.2174,0.1852,0.51,0.5409,0.4856,0.4496,0.1038,0.2077,0.1739,0.2592,0.2237,-0.0053
Hmel210001o,7075001,7125000,7099774,48766,0.0231,0.0232,0.0239,0.028,0.0055,0.0186,0.0158,0.0217,0.025,0.024,0.0242,0.0316,0.0405,0.0273,0.0275,0.036,0.0354,0.0236,0.0306,0.0409,0.0284,0.0278,0.0369,0.0361,0.0308,0.0402,0.0284,0.0277,0.0362,0.0358,0.0412,0.0343,0.0341,0.0394,0.0394,0.0403,0.0409,0.04,0.0398,0.0208,0.0292,0.0292,0.03,0.0302,0.0232,0.0189,0.0155,0.1191,0.4944,0.1421,0.1819,0.2447,0.2007,0.0021,0.1012,0.4975,0.1613,0.1855,0.2551,0.2102,0.0968,0.4814,0.1518,0.1751,0.2391,0.1988,0.4558,0.2126,0.244,0.2422,0.207,0.5557,0.6026,0.5079,0.4625,0.1005,0.1927,0.1532,0.2423,0.2046,-0.0028
Hmel210001o,7100001,7150000,7124951,48174,0.022,0.0228,0.0263,0.0272,0.0041,0.0175,0.0194,0.0205,0.0249,0.0231,0.0248,0.0323,0.0421,0.032,0.0349,0.0412,0.0393,0.0244,0.0311,0.0422,0.0328,0.0349,0.0418,0.0402,0.0324,0.042,0.0334,0.0352,0.0413,0.0398,0.0419,0.0372,0.0381,0.0431,0.0417,0.042,0.0437,0.0446,0.0439,0.0242,0.0309,0.0301,0.0302,0.0302,0.0229,0.0164,0.0152,0.1481,0.5422,0.2486,0.268,0.3341,0.2648,-0.0027,0.1209,0.5321,0.2503,0.2584,0.3314,0.2666,0.1013,0.4853,0.2184,0.224,0.29,0.2284,0.4891,0.2708,0.259,0.3042,0.2413,0.6057,0.5921,0.5835,0.5196,0.1418,0.2497,0.1827,0.2156,0.1621,0.0042
Hmel210001o,7125001,7175000,7150158,48218,0.0225,0.0221,0.0252,0.0268,0.0049,0.0142,0.0206,0.0221,0.0266,0.0233,0.0245,0.0318,0.0423,0.0321,0.0332,0.0413,0.0388,0.0232,0.0303,0.0426,0.0326,0.0333,0.0413,0.039,0.031,0.0422,0.0322,0.0329,0.041,0.0388,0.0426,0.037,0.0363,0.0429,0.0406,0.0437,0.044,0.0455,0.0449,0.0223,0.0321,0.0309,0.0323,0.0311,0.0249,0.0224,0.0138,0.1395,0.5273,0.285,0.2232,0.3121,0.2362,-0.0103,0.1199,0.536,0.2994,0.2298,0.3165,0.2433,0.0942,0.4914,0.2537,0.1889,0.2808,0.2099,0.4904,0.3131,0.227,0.2888,0.2149,0.6571,0.5674,0.5584,0.4976,0.132,0.2911,0.2164,0.2137,0.1454,0.0115
Hmel210001o,7150001,7200000,7175429,49026,0.0218,0.0201,0.0226,0.0248,0.0048,0.0177,0.0201,0.0211,0.0259,0.0218,0.0223,0.0285,0.0405,0.0291,0.0252,0.0373,0.0358,0.0213,0.0282,0.0408,0.0307,0.0255,0.0382,0.0365,0.0274,0.0408,0.0299,0.0255,0.038,0.0362,0.0414,0.0339,0.0299,0.0393,0.0377,0.0406,0.041,0.041,0.0405,0.0221,0.03,0.0305,0.0344,0.0333,0.0246,0.0214,0.0031,0.111,0.5215,0.2019,0.0969,0.2832,0.2112,-0.0014,0.1283,0.5482,0.2503,0.1258,0.3141,0.2395,0.0795,0.5125,0.204,0.0941,0.2822,0.2089,0.5033,0.2473,0.157,0.2763,0.202,0.5811,0.5491,0.5353,0.4663,0.0831,0.2257,0.175,0.2628,0.193,0.0252
Hmel210001o,7175001,7225000,7199849,49570,0.0224,0.0214,0.0232,0.0231,0.0053,0.0222,0.0222,0.0214,0.0256,0.0222,0.0227,0.0284,0.0418,0.029,0.0254,0.0376,0.0368,0.0221,0.0285,0.0421,0.0305,0.0253,0.0389,0.038,0.0276,0.0423,0.0304,0.0258,0.0389,0.0377,0.0424,0.0329,0.0292,0.0385,0.0377,0.0409,0.0422,0.0414,0.0409,0.0258,0.0306,0.0316,0.0345,0.0342,0.024,0.0084,-0.0012,0.1167,0.5192,0.1387,0.0693,0.2765,0.2222,-0.0041,0.1308,0.5354,0.1755,0.0799,0.3034,0.2477,0.0922,0.513,0.153,0.0693,0.2844,0.2257,0.5255,0.1922,0.1328,0.2782,0.2196,0.5129,0.525,0.5283,0.4678,0.0797,0.1771,0.1472,0.2374,0.1879,0.0117
Hmel210001o,7200001,7250000,7224931,49330,0.0215,0.0228,0.0215,0.0243,0.0057,0.0203,0.0225,0.022,0.0261,0.0227,0.0229,0.0291,0.0433,0.0292,0.0272,0.0386,0.0373,0.0217,0.028,0.0439,0.0299,0.0282,0.0397,0.0382,0.0276,0.0439,0.031,0.0292,0.0408,0.039,0.0442,0.0343,0.0328,0.0405,0.0395,0.0438,0.0453,0.0434,0.0433,0.0248,0.0336,0.0337,0.0346,0.0343,0.0237,0.0123,0.0335,0.1291,0.5383,0.1748,0.1126,0.2921,0.2329,-0.0108,0.0922,0.5263,0.1709,0.1148,0.2917,0.2313,0.1023,0.544,0.2063,0.1492,0.3185,0.2546,0.5214,0.2258,0.1775,0.2848,0.2269,0.5593,0.5421,0.5325,0.4799,0.0782,0.2395,0.1952,0.2279,0.1806,-0.0065
Hmel210001o,7225001,7275000,7249629,47844,0.02,0.0219,0.02,0.0255,0.0063,0.0193,0.0218,0.02,0.0241,0.0221,0.0218,0.028,0.0415,0.0291,0.0278,0.037,0.0354,0.0208,0.0265,0.0412,0.03,0.0298,0.0384,0.0363,0.0259,0.0417,0.0314,0.0311,0.0399,0.0377,0.042,0.0346,0.0347,0.0405,0.0388,0.0412,0.044,0.0412,0.0413,0.0241,0.0302,0.0301,0.032,0.0316,0.0217,0.0294,0.0469,0.1193,0.5348,0.2057,0.1507,0.3128,0.2453,-0.0051,0.0663,0.5052,0.1963,0.1625,0.3069,0.2356,0.0787,0.5355,0.2417,0.2068,0.3463,0.2746,0.4804,0.2319,0.2032,0.2972,0.2303,0.5418,0.5318,0.5318,0.4777,0.0839,0.2221,0.1714,0.221,0.1672,-0.008
Hmel210001o,7250001,7300000,7275588,48103,0.0222,0.0208,0.0208,0.0303,0.0067,0.0154,0.0216,0.0204,0.0223,0.0228,0.0225,0.0306,0.0382,0.029,0.0272,0.0344,0.0329,0.0207,0.0287,0.0374,0.0317,0.0286,0.0365,0.0343,0.0289,0.0377,0.0314,0.0285,0.0363,0.0346,0.0424,0.037,0.0347,0.0399,0.0384,0.0378,0.038,0.0371,0.037,0.0232,0.0273,0.027,0.0298,0.029,0.0213,0.0315,0.0248,0.094,0.4674,0.2251,0.1138,0.2466,0.2032,-0.0024,0.0779,0.479,0.2869,0.1572,0.2918,0.2403,0.0817,0.4824,0.2825,0.1554,0.2898,0.2442,0.4278,0.2655,0.1628,0.2428,0.2041,0.564,0.4741,0.4817,0.4538,0.1198,0.2198,0.1879,0.1824,0.1458,-0.0001
Hmel210001o,7275001,7325000,7299928,49496,0.0224,0.0222,0.0216,0.0319,0.0056,0.0146,0.0218,0.0217,0.0234,0.0229,0.0226,0.0317,0.0377,0.0271,0.0263,0.035,0.0332,0.0217,0.0301,0.0378,0.0305,0.0274,0.0364,0.0345,0.0308,0.0382,0.0296,0.0276,0.0361,0.0344,0.0425,0.0363,0.0335,0.0398,0.0383,0.0381,0.0373,0.0369,0.0376,0.023,0.0306,0.0294,0.032,0.0308,0.0226,0.0152,0.0137,0.0963,0.4739,0.1979,0.0916,0.2382,0.1931,-0.0043,0.0739,0.4783,0.2595,0.117,0.2602,0.2148,0.0905,0.4899,0.2533,0.1268,0.2617,0.2196,0.4248,0.2507,0.1309,0.215,0.1795,0.596,0.4781,0.4753,0.4587,0.1237,0.2677,0.2255,0.2009,0.1619,0.0009
Hmel210001o,7300001,7350000,7325177,49498,0.0227,0.0238,0.0222,0.0302,0.0084,0.0191,0.0226,0.0236,0.0256,0.0238,0.0232,0.0306,0.0404,0.0269,0.0265,0.0375,0.0361,0.0232,0.0302,0.04,0.0285,0.0266,0.0379,0.0367,0.0301,0.0403,0.0288,0.0268,0.0384,0.037,0.0428,0.0344,0.0325,0.0405,0.0392,0.0393,0.0407,0.0404,0.0407,0.0255,0.0326,0.0316,0.0367,0.0356,0.0245,0.0128,0.0173,0.0884,0.4598,0.1324,0.0827,0.2472,0.2075,0.005,0.0698,0.4423,0.1488,0.0736,0.2425,0.2054,0.087,0.4665,0.174,0.0965,0.2652,0.2263,0.4121,0.1885,0.1205,0.2176,0.1808,0.4967,0.4643,0.4478,0.4252,0.1057,0.2192,0.1794,0.2399,0.2027,-0.0037
Hmel210001o,7325001,7375000,7350001,49964,0.0248,0.0248,0.0243,0.0313,0.0104,0.02,0.0216,0.0251,0.0276,0.0255,0.0253,0.0311,0.0428,0.0292,0.0277,0.0375,0.0367,0.0248,0.0303,0.0422,0.0296,0.0278,0.0377,0.0369,0.03,0.0422,0.0306,0.028,0.0386,0.0377,0.0444,0.0351,0.0336,0.0403,0.0401,0.0411,0.0431,0.0418,0.042,0.0254,0.0329,0.0331,0.0368,0.0365,0.0259,0.0153,0.017,0.0646,0.4329,0.1393,0.0936,0.212,0.177,0.0053,0.0516,0.4273,0.1455,0.096,0.2146,0.1786,0.0519,0.4338,0.1694,0.1055,0.2315,0.1943,0.3928,0.1787,0.1391,0.1918,0.1649,0.476,0.4739,0.4196,0.3928,0.1045,0.1958,0.1719,0.2352,0.2053,-0.0091
Hmel210001o,7350001,7400000,7375014,49968,0.022,0.0225,0.0234,0.0293,0.0086,0.0167,0.0184,0.024,0.0262,0.023,0.0234,0.0301,0.0422,0.0307,0.03,0.0369,0.0358,0.0228,0.0291,0.0423,0.0321,0.0315,0.0377,0.0366,0.029,0.0422,0.0327,0.0321,0.0378,0.0364,0.042,0.0347,0.0343,0.0381,0.0378,0.0406,0.0412,0.04,0.0405,0.0201,0.03,0.0302,0.0313,0.0312,0.0249,0.018,0.0157,0.0964,0.4836,0.2386,0.2058,0.2448,0.2055,-0.0025,0.0743,0.4787,0.2553,0.2242,0.2501,0.2113,0.0601,0.465,0.2516,0.2225,0.2407,0.199,0.41,0.2292,0.2035,0.1918,0.1633,0.5403,0.5223,0.4362,0.4137,0.0716,0.2032,0.1792,0.2039,0.1745,-0.0031
Hmel210001o,7375001,7425000,7399992,49980,0.0179,0.0178,0.0196,0.0268,0.007,0.0111,0.0105,0.0195,0.0219,0.0183,0.0193,0.0274,0.0358,0.0282,0.0289,0.0328,0.0315,0.0187,0.0268,0.0358,0.029,0.0294,0.0335,0.0323,0.0269,0.0354,0.0299,0.0303,0.0336,0.032,0.0368,0.033,0.0332,0.035,0.0341,0.036,0.0364,0.0357,0.0356,0.014,0.0242,0.0241,0.0246,0.0244,0.0206,0.0126,0.0151,0.1246,0.5003,0.3361,0.3556,0.2884,0.2377,-0.0014,0.1141,0.5017,0.35,0.3645,0.2982,0.2496,0.0917,0.4697,0.3355,0.3506,0.2778,0.2235,0.4047,0.3028,0.3126,0.2227,0.1801,0.614,0.6269,0.4749,0.4377,0.1379,0.2379,0.1974,0.2546,0.2123,-0.0013
Hmel210001o,7400001,7450000,7425001,49976,0.0202,0.0192,0.02,0.0271,0.0072,0.0098,0.0102,0.0197,0.0224,0.0197,0.0202,0.0272,0.0322,0.0246,0.0258,0.0302,0.0287,0.0191,0.0269,0.0327,0.0235,0.0247,0.0305,0.0292,0.0271,0.0326,0.024,0.0255,0.031,0.0297,0.0356,0.0315,0.0316,0.0344,0.0333,0.034,0.035,0.0329,0.0329,0.0143,0.0263,0.026,0.0268,0.0263,0.0208,-0.0008,0.0021,0.0856,0.4188,0.253,0.2703,0.2146,0.1566,-0.0123,0.0944,0.4421,0.2488,0.2659,0.233,0.1782,0.0873,0.4273,0.2464,0.2677,0.2319,0.1775,0.3853,0.2956,0.2915,0.2092,0.1605,0.6154,0.6169,0.436,0.3955,0.1838,0.2953,0.2461,0.2979,0.2468,-0.0056
Hmel210001o,7425001,7475000,7450001,49993,0.0169,0.0159,0.0159,0.025,0.0053,0.0077,0.0101,0.0153,0.0181,0.0163,0.0161,0.0246,0.0277,0.0168,0.0176,0.0246,0.0229,0.0153,0.0246,0.0279,0.0161,0.0169,0.0253,0.0236,0.0244,0.0283,0.0159,0.0169,0.0254,0.0239,0.0322,0.027,0.0268,0.0296,0.0288,0.0287,0.0293,0.028,0.0282,0.0113,0.0246,0.0234,0.0249,0.0234,0.0168,-0.0039,-0.0095,0.1013,0.4443,0.163,0.14,0.2203,0.1419,-0.0198,0.1159,0.4643,0.1626,0.1385,0.2495,0.1719,0.1121,0.4702,0.1543,0.137,0.2508,0.1773,0.3982,0.2845,0.2438,0.2136,0.1621,0.645,0.5987,0.478,0.4295,0.1258,0.3787,0.3021,0.3384,0.2593,0.0046
Hmel210001o,7450001,7500000,7475000,49979,0.0135,0.01,0.0113,0.0198,0.0027,0.0076,0.0077,0.0106,0.0125,0.0126,0.0126,0.0203,0.0254,0.0144,0.0138,0.0189,0.0178,0.0104,0.0185,0.0254,0.0143,0.0125,0.0212,0.02,0.0186,0.0255,0.0139,0.0125,0.0213,0.02,0.0286,0.0226,0.0206,0.0252,0.0247,0.0253,0.0257,0.0258,0.0257,0.01,0.019,0.0183,0.0204,0.0193,0.0115,0.0334,0.0079,0.1186,0.5329,0.1613,0.1396,0.2309,0.1643,-0.0117,0.1385,0.615,0.2478,0.1785,0.3604,0.2925,0.1169,0.587,0.2009,0.146,0.3358,0.2692,0.4712,0.2795,0.2364,0.2723,0.2319,0.6762,0.6792,0.6063,0.5615,0.1396,0.3666,0.3061,0.397,0.3285,-0.0033
Hmel210001o,7475001,7525000,7499995,49740,0.0193,0.0148,0.0157,0.0215,0.0046,0.0141,0.0125,0.0157,0.0179,0.0183,0.0184,0.0232,0.0317,0.0218,0.0212,0.0242,0.024,0.0151,0.0205,0.0326,0.0221,0.0203,0.0274,0.0271,0.0208,0.0322,0.0218,0.0203,0.0274,0.0269,0.0337,0.0264,0.0249,0.0305,0.0302,0.0309,0.032,0.0312,0.031,0.0164,0.0228,0.0228,0.025,0.0246,0.0163,0.0371,0.0288,0.072,0.469,0.1409,0.1509,0.1705,0.1354,-0.0036,0.0813,0.5576,0.2194,0.2056,0.2991,0.2602,0.0746,0.5369,0.1981,0.1888,0.2849,0.2433,0.4738,0.2166,0.2129,0.2611,0.2246,0.5513,0.593,0.5252,0.4832,0.1089,0.2206,0.1853,0.291,0.2481,-0.0165
Hmel210001o,7500001,7550000,7525085,49704,0.0194,0.0178,0.0174,0.0253,0.006,0.014,0.0117,0.0174,0.0199,0.0189,0.0187,0.0246,0.0359,0.0229,0.0226,0.027,0.0267,0.0176,0.0229,0.0362,0.0241,0.0242,0.0282,0.0278,0.0235,0.0363,0.0238,0.0233,0.028,0.0277,0.0382,0.0291,0.0296,0.032,0.0317,0.0345,0.0354,0.0343,0.0346,0.0148,0.0223,0.0227,0.0239,0.0241,0.0182,0.009,0.009,0.0628,0.4929,0.1655,0.1945,0.1983,0.1596,-0.0006,0.0492,0.5209,0.2144,0.2544,0.242,0.2017,0.0689,0.5292,0.216,0.2452,0.2449,0.2069,0.4515,0.2209,0.262,0.2186,0.1831,0.5662,0.6163,0.5061,0.4711,0.076,0.1832,0.1521,0.2557,0.2195,-0.013
Hmel210001o,7525001,7575000,7550004,49937,0.0165,0.0173,0.0147,0.0244,0.0038,0.0105,0.0072,0.0125,0.0153,0.0168,0.0155,0.0237,0.0312,0.0184,0.0176,0.0211,0.0212,0.0159,0.0226,0.0306,0.0204,0.0206,0.0232,0.0227,0.0228,0.0313,0.02,0.0192,0.0226,0.0224,0.0337,0.0265,0.0267,0.0281,0.0275,0.0299,0.031,0.0308,0.0307,0.0105,0.0172,0.0183,0.0165,0.0181,0.0138,-0.002,-0.0045,0.0948,0.5252,0.1625,0.2045,0.1949,0.1508,-0.0051,0.06,0.5034,0.1991,0.2654,0.2285,0.173,0.1035,0.5586,0.2374,0.2856,0.2599,0.208,0.447,0.2386,0.2957,0.2359,0.1851,0.6282,0.7113,0.596,0.542,0.09,0.2066,0.1813,0.2628,0.2456,-0.0056
Hmel210001o,7550001,7600000,7574996,49966,0.0174,0.0176,0.0159,0.0239,0.0048,0.0109,0.0071,0.0133,0.0167,0.0175,0.0166,0.0239,0.0298,0.0186,0.0185,0.0215,0.0222,0.0166,0.023,0.0298,0.0209,0.0218,0.0238,0.0239,0.0229,0.03,0.0209,0.0211,0.0235,0.0237,0.032,0.026,0.0267,0.0281,0.0278,0.0285,0.0297,0.0297,0.0296,0.0107,0.0177,0.0185,0.0161,0.0176,0.015,0.0004,-0.0016,0.0891,0.4738,0.143,0.2126,0.1755,0.1385,-0.0068,0.068,0.4699,0.1984,0.2875,0.2241,0.1738,0.0917,0.5027,0.2296,0.3056,0.2451,0.1942,0.4187,0.231,0.3028,0.2291,0.1749,0.5856,0.6807,0.5497,0.4844,0.0902,0.1973,0.1536,0.2347,0.2033,-0.0017
Hmel210001o,7575001,7625000,7600003,49954,0.0218,0.0199,0.0211,0.0269,0.0051,0.0145,0.0127,0.0197,0.0216,0.0208,0.0215,0.0268,0.0351,0.0249,0.025,0.0302,0.0302,0.0203,0.0255,0.0347,0.026,0.0263,0.0301,0.0302,0.0258,0.0352,0.0261,0.0263,0.0307,0.0308,0.0373,0.031,0.0312,0.034,0.0339,0.0341,0.0344,0.0347,0.0349,0.0157,0.0236,0.0238,0.024,0.0242,0.0205,-0.0007,0.0007,0.0598,0.4623,0.1656,0.1933,0.1944,0.1725,-0.0042,0.061,0.4872,0.2141,0.2465,0.2175,0.1961,0.0502,0.474,0.1978,0.2286,0.2113,0.1911,0.4353,0.2256,0.2545,0.2039,0.1795,0.5684,0.6047,0.4885,0.4622,0.0746,0.1667,0.1449,0.2043,0.1806,-0.0037
Hmel210001o,7600001,7650000,7624987,49938,0.0223,0.0212,0.0213,0.0267,0.0044,0.0158,0.015,0.021,0.0233,0.0217,0.022,0.0269,0.0364,0.028,0.0271,0.0308,0.0314,0.021,0.0261,0.0363,0.0287,0.0278,0.031,0.0314,0.026,0.0366,0.0291,0.0281,0.0316,0.0322,0.0385,0.0334,0.0326,0.0345,0.0346,0.0374,0.0374,0.0366,0.0374,0.0179,0.0253,0.0259,0.0263,0.0267,0.0221,-0.0035,0.0044,0.0565,0.4778,0.2003,0.1949,0.1837,0.1669,-0.0057,0.0547,0.4939,0.2266,0.2214,0.1998,0.1792,0.0522,0.4963,0.2331,0.2262,0.2084,0.1917,0.4589,0.246,0.2457,0.198,0.1728,0.5898,0.6029,0.5002,0.4753,0.0809,0.1655,0.147,0.1969,0.175,-0.0018
Hmel210001o,7625001,7675000,7649926,49580,0.0182,0.017,0.0168,0.0204,0.0047,0.011,0.0081,0.0168,0.0196,0.0173,0.0176,0.0216,0.0307,0.0239,0.0239,0.0245,0.0253,0.0168,0.0205,0.0315,0.0255,0.0257,0.0256,0.0262,0.0205,0.0313,0.0262,0.0264,0.0258,0.0267,0.0318,0.0284,0.0286,0.0279,0.0282,0.0315,0.0318,0.0301,0.0316,0.0109,0.0191,0.02,0.0202,0.021,0.0179,-0.0088,0.0031,0.0657,0.4739,0.2555,0.3057,0.1771,0.1542,-0.0026,0.0564,0.5038,0.3058,0.3588,0.2151,0.1873,0.0597,0.5055,0.3212,0.3742,0.2231,0.1987,0.465,0.3137,0.3645,0.2143,0.1771,0.6176,0.68,0.4907,0.4614,0.0721,0.167,0.1411,0.25,0.2166,-0.009
Hmel210001o,7650001,7700000,7675114,49622,0.0173,0.0165,0.0173,0.0203,0.0043,0.0119,0.0061,0.016,0.0177,0.0166,0.0174,0.0216,0.03,0.0225,0.0229,0.0254,0.0255,0.0168,0.0205,0.0309,0.0243,0.025,0.027,0.0269,0.021,0.031,0.0249,0.0255,0.0273,0.0273,0.0306,0.0268,0.0269,0.0279,0.0278,0.0307,0.0307,0.0298,0.0304,0.0107,0.0207,0.0209,0.0207,0.0209,0.0164,-0.0099,0.0041,0.0801,0.4869,0.2248,0.3379,0.218,0.1945,-0.0022,0.0659,0.512,0.2752,0.3928,0.2601,0.2335,0.066,0.4997,0.2747,0.3859,0.2545,0.2293,0.4597,0.2742,0.3763,0.2266,0.1997,0.5981,0.7224,0.5068,0.4843,0.092,0.2059,0.1805,0.3155,0.2865,-0.0154
Hmel210001o,7675001,7725000,7700000,49999,0.02,0.0186,0.019,0.0238,0.0045,0.016,0.0083,0.0193,0.0203,0.0192,0.0198,0.0237,0.0354,0.0255,0.027,0.0307,0.0311,0.0185,0.0228,0.0355,0.0261,0.0279,0.0319,0.032,0.0231,0.0357,0.0271,0.029,0.0329,0.0331,0.0355,0.0291,0.0296,0.0319,0.032,0.0354,0.0351,0.0346,0.0347,0.0164,0.0256,0.0259,0.0245,0.0246,0.0199,-0.0018,0.0088,0.0493,0.5006,0.181,0.3248,0.2307,0.2237,-0.0066,0.0511,0.5251,0.2145,0.3633,0.2665,0.256,0.0512,0.5206,0.2274,0.3754,0.2763,0.2681,0.4633,0.2087,0.331,0.2079,0.1972,0.5673,0.7038,0.5029,0.489,0.1579,0.194,0.1857,0.2918,0.2772,0.0011
Hmel210001o,7700001,7750000,7725001,49999,0.0212,0.0195,0.0198,0.024,0.0051,0.017,0.0109,0.0214,0.0218,0.0206,0.0209,0.0245,0.0363,0.0274,0.0297,0.0331,0.0335,0.0197,0.0238,0.0362,0.0278,0.0304,0.0338,0.0342,0.0238,0.0359,0.0282,0.031,0.034,0.0343,0.0356,0.0296,0.0309,0.0334,0.0333,0.0357,0.0362,0.0352,0.0361,0.0188,0.0262,0.0269,0.0256,0.0264,0.0218,0.0073,0.01,0.0484,0.4856,0.1887,0.3137,0.2296,0.2299,0.0011,0.0591,0.5097,0.2186,0.3493,0.2593,0.2597,0.0539,0.5009,0.221,0.3525,0.257,0.2575,0.4538,0.201,0.3089,0.2028,0.1963,0.5433,0.6536,0.4702,0.4734,0.1556,0.162,0.1715,0.2387,0.2476,0.0054
Hmel210001o,7725001,7775000,7749996,49984,0.0205,0.0197,0.0215,0.0241,0.0057,0.0192,0.0142,0.0222,0.0216,0.0205,0.0218,0.0258,0.0373,0.0298,0.0296,0.0338,0.0338,0.0206,0.0247,0.0375,0.0301,0.0303,0.034,0.034,0.0253,0.0376,0.0303,0.0304,0.0337,0.0336,0.0363,0.0312,0.0318,0.0341,0.0334,0.0366,0.0379,0.0361,0.0359,0.0208,0.0279,0.0277,0.0284,0.029,0.0221,0.0106,0.0193,0.0836,0.4952,0.2108,0.2733,0.2365,0.2436,0.0017,0.0736,0.5098,0.2257,0.2956,0.2499,0.2567,0.0607,0.4846,0.2061,0.2731,0.2245,0.23,0.4502,0.195,0.271,0.201,0.1988,0.5073,0.598,0.4575,0.4643,0.1149,0.1558,0.1592,0.2298,0.2478,0.0037
Hmel210001o,7750001,7800000,7774992,49949,0.0208,0.0197,0.0208,0.0236,0.0066,0.0198,0.0145,0.0228,0.0229,0.0205,0.0213,0.0252,0.0377,0.03,0.0295,0.0342,0.034,0.0204,0.0242,0.0384,0.0303,0.03,0.0346,0.0344,0.0246,0.0387,0.0305,0.0301,0.0348,0.0344,0.0377,0.0321,0.0322,0.0355,0.0347,0.0379,0.0393,0.0373,0.037,0.0203,0.0288,0.0277,0.0293,0.0291,0.023,0.0067,0.0134,0.0731,0.4845,0.2029,0.2643,0.2326,0.2291,0.0021,0.0668,0.5067,0.2208,0.2871,0.2504,0.2468,0.0599,0.493,0.2115,0.2721,0.2399,0.2347,0.4589,0.2068,0.2787,0.2178,0.206,0.5004,0.5923,0.4509,0.4462,0.0879,0.1578,0.1365,0.2327,0.2285,0.004
Hmel210001o,7775001,7825000,7800004,49962,0.0199,0.0212,0.0194,0.0225,0.0069,0.0186,0.0111,0.0223,0.0228,0.0207,0.02,0.0241,0.0368,0.0292,0.0317,0.0341,0.0342,0.0206,0.0239,0.0379,0.0303,0.0326,0.0354,0.0354,0.023,0.0381,0.0295,0.0315,0.0348,0.0348,0.037,0.0319,0.0329,0.0349,0.0351,0.0373,0.0381,0.0381,0.0389,0.0169,0.0277,0.0271,0.0264,0.0263,0.0227,0.0039,0.0096,0.0736,0.4811,0.2164,0.3578,0.247,0.243,0.0083,0.0513,0.4757,0.2188,0.3536,0.2509,0.2461,0.0565,0.5017,0.2268,0.3621,0.2622,0.2575,0.46,0.2305,0.351,0.2252,0.2228,0.5064,0.6326,0.4612,0.4636,0.0709,0.1583,0.1419,0.2364,0.2282,0.0029
Hmel210001o,7800001,7850000,7825001,49997,0.0176,0.0213,0.0188,0.0237,0.0068,0.0159,0.0082,0.0199,0.0201,0.02,0.0189,0.0243,0.0364,0.029,0.0315,0.0316,0.0322,0.0204,0.0243,0.0372,0.0282,0.0297,0.0312,0.0316,0.0232,0.0372,0.0291,0.0318,0.0323,0.0328,0.0368,0.0317,0.0335,0.0324,0.0332,0.0355,0.0362,0.0354,0.0362,0.0139,0.0248,0.0247,0.0233,0.0235,0.0203,0.015,0.0209,0.0969,0.5135,0.2798,0.4341,0.2672,0.2733,0.0114,0.0465,0.4682,0.2162,0.3517,0.2151,0.22,0.0569,0.5043,0.2656,0.4198,0.2623,0.2688,0.4449,0.2518,0.3865,0.2079,0.218,0.5318,0.6712,0.4675,0.4738,0.0749,0.1699,0.1652,0.2588,0.2607,0.0061
Hmel210001o,7825001,7875000,7849997,49989,0.0152,0.018,0.0167,0.0247,0.0068,0.0122,0.01,0.0168,0.0176,0.017,0.0164,0.0223,0.0338,0.025,0.0256,0.0278,0.0283,0.0176,0.0231,0.0339,0.0237,0.0242,0.027,0.0274,0.0225,0.0338,0.0255,0.0267,0.0292,0.0297,0.0356,0.0296,0.0299,0.0308,0.031,0.0328,0.0337,0.0318,0.0323,0.0119,0.0213,0.0216,0.0208,0.021,0.0171,0.0141,0.0146,0.0805,0.5244,0.3049,0.3544,0.2826,0.2786,0.0077,0.0578,0.4819,0.2339,0.2811,0.229,0.2235,0.0634,0.5007,0.2894,0.3482,0.2845,0.2792,0.4196,0.2615,0.2986,0.2166,0.2078,0.5677,0.6166,0.4753,0.4667,0.0371,0.2006,0.1921,0.2286,0.2171,-0.0032
Hmel210001o,7850001,7900000,7874998,49976,0.0151,0.0177,0.0161,0.0242,0.0068,0.0123,0.0113,0.017,0.0178,0.0164,0.016,0.0218,0.036,0.0288,0.0289,0.0321,0.0326,0.0168,0.0224,0.0352,0.0264,0.0274,0.0302,0.0308,0.022,0.036,0.0276,0.0285,0.0318,0.0324,0.0371,0.0322,0.032,0.0336,0.034,0.0348,0.0353,0.0333,0.0339,0.0137,0.0224,0.0231,0.022,0.0225,0.0173,0.0004,0.0128,0.0752,0.5492,0.3702,0.3889,0.3464,0.343,-0.003,0.0513,0.5006,0.2887,0.3229,0.2832,0.2814,0.0664,0.5336,0.3361,0.3669,0.3285,0.3269,0.4411,0.3041,0.3154,0.2587,0.2534,0.5857,0.6081,0.4895,0.4837,0.0791,0.2204,0.2226,0.2273,0.2262,-0.0042
Hmel210001o,7875001,7925000,7899948,49805,0.0163,0.0201,0.0161,0.0238,0.0063,0.012,0.009,0.0179,0.0175,0.0183,0.0167,0.0238,0.0408,0.0356,0.036,0.0387,0.0388,0.0184,0.0241,0.0396,0.0306,0.0314,0.0351,0.0356,0.0238,0.0405,0.0342,0.0351,0.0375,0.038,0.0404,0.0375,0.0377,0.0389,0.0395,0.0394,0.0398,0.0387,0.0387,0.0126,0.0247,0.0253,0.0243,0.0246,0.018,0.005,0.0152,0.1072,0.5823,0.4477,0.4965,0.4018,0.4083,0.0078,0.058,0.5167,0.3266,0.3828,0.3109,0.3225,0.1095,0.5822,0.4338,0.4895,0.3913,0.4022,0.4867,0.3793,0.4217,0.3187,0.3316,0.6388,0.6913,0.5396,0.5459,0.097,0.2584,0.2756,0.3008,0.3138,0.0077
Hmel210001o,7900001,7950000,7925037,49818,0.0185,0.022,0.0174,0.025,0.0066,0.0123,0.0068,0.0193,0.0195,0.0208,0.0185,0.0258,0.0419,0.0352,0.0373,0.0381,0.0384,0.0201,0.0262,0.0412,0.0308,0.032,0.0354,0.0358,0.0255,0.0415,0.0348,0.037,0.0379,0.0382,0.0424,0.0373,0.0388,0.0391,0.0396,0.0403,0.0409,0.0413,0.041,0.0113,0.0256,0.0268,0.0248,0.0258,0.0194,0.0129,0.0145,0.1022,0.5541,0.4066,0.5088,0.3502,0.3522,0.0093,0.0636,0.5004,0.2975,0.394,0.2759,0.2793,0.1121,0.567,0.4169,0.5222,0.3619,0.3633,0.4865,0.3597,0.45,0.2927,0.2976,0.6355,0.7312,0.5376,0.5333,0.0875,0.2486,0.268,0.3232,0.3398,0.0007
Hmel210001o,7925001,7975000,7949976,49908,0.0204,0.0225,0.0195,0.0247,0.0058,0.0152,0.0079,0.0211,0.0226,0.0216,0.0204,0.0256,0.04,0.0323,0.0339,0.0343,0.0353,0.0208,0.0261,0.0398,0.0296,0.0303,0.033,0.0339,0.025,0.0403,0.0325,0.0341,0.0346,0.0354,0.041,0.0345,0.0353,0.0351,0.0357,0.0391,0.0397,0.0377,0.0384,0.0141,0.0267,0.0276,0.0259,0.0267,0.0216,0.0035,0.0114,0.0768,0.524,0.3028,0.4282,0.2595,0.2551,-0.005,0.0569,0.4921,0.2321,0.347,0.215,0.2118,0.0769,0.5389,0.3179,0.443,0.2734,0.2667,0.4882,0.2899,0.4015,0.2247,0.2139,0.5926,0.7199,0.4909,0.4772,0.1048,0.2009,0.1971,0.2964,0.287,-0.005
Hmel210001o,7950001,8000000,7975017,49816,0.019,0.0199,0.0194,0.0246,0.0051,0.0156,0.0115,0.0206,0.0212,0.0192,0.0192,0.0242,0.036,0.0263,0.0265,0.0301,0.0306,0.0194,0.0247,0.0361,0.0258,0.0262,0.0301,0.0305,0.0243,0.0364,0.0274,0.0276,0.0309,0.0315,0.0369,0.0303,0.0296,0.0319,0.0322,0.0369,0.0368,0.0348,0.0354,0.0162,0.0261,0.0263,0.0254,0.0256,0.0208,-0.0075,0.0017,0.0672,0.5148,0.2177,0.2839,0.2176,0.2193,-0.0074,0.0653,0.5011,0.1965,0.264,0.2067,0.206,0.0631,0.5127,0.2324,0.2968,0.2254,0.2287,0.4594,0.2251,0.2739,0.1837,0.1809,0.5779,0.6471,0.4768,0.4748,0.0969,0.1923,0.1885,0.2375,0.2328,-0.003
Hmel210001o,7975001,8025000,8000016,49778,0.0154,0.016,0.0172,0.0262,0.0054,0.0125,0.0085,0.0181,0.0166,0.0157,0.016,0.0224,0.0346,0.0251,0.0272,0.0298,0.0297,0.0162,0.0228,0.0345,0.0253,0.0276,0.0299,0.0295,0.0228,0.0346,0.0254,0.0274,0.0299,0.0299,0.0362,0.0291,0.0301,0.0319,0.0318,0.0355,0.0363,0.0357,0.0359,0.013,0.022,0.0219,0.0208,0.0207,0.0171,0.001,-0.0105,0.0635,0.5525,0.2976,0.404,0.2922,0.3138,-0.0126,0.0645,0.5422,0.2928,0.4005,0.2861,0.3025,0.0471,0.5223,0.2745,0.3765,0.2689,0.2901,0.4276,0.2327,0.3062,0.2002,0.2191,0.6129,0.6922,0.5198,0.5467,0.112,0.1899,0.2135,0.2302,0.2586,-0.009
Hmel210001o,8000001,8050000,8025033,49802,0.0131,0.0147,0.0159,0.0257,0.0063,0.0104,0.0051,0.0158,0.0137,0.014,0.0146,0.0213,0.0326,0.0243,0.0263,0.0318,0.0323,0.0152,0.0219,0.0327,0.0249,0.0268,0.0319,0.0325,0.0219,0.0328,0.0253,0.0274,0.0314,0.0322,0.0342,0.0285,0.0297,0.0329,0.0334,0.0333,0.0346,0.0347,0.0353,0.0093,0.0223,0.0227,0.0213,0.0213,0.0148,0.005,0.004,0.0797,0.5577,0.3612,0.5011,0.3901,0.4286,-0.0034,0.0684,0.5308,0.344,0.4765,0.3682,0.4068,0.0504,0.5112,0.3304,0.4612,0.3433,0.3849,0.3988,0.2583,0.3578,0.2494,0.2831,0.6154,0.7307,0.5336,0.5747,0.0942,0.273,0.3198,0.3562,0.4023,-0.0002
Hmel210001o,8025001,8075000,8050015,49861,0.0142,0.0152,0.0159,0.0245,0.0055,0.0101,0.0076,0.0153,0.0133,0.0146,0.0154,0.023,0.0303,0.0251,0.026,0.0327,0.0334,0.0153,0.0227,0.0307,0.0256,0.0263,0.0328,0.0339,0.0228,0.0308,0.0269,0.0283,0.0331,0.0343,0.0326,0.0298,0.0304,0.0341,0.0348,0.0319,0.0336,0.0329,0.0339,0.0099,0.0223,0.023,0.0221,0.0227,0.0149,-0.0016,0.0112,0.1127,0.5255,0.3623,0.4254,0.3933,0.4326,-0.0061,0.0913,0.5121,0.3532,0.4107,0.3803,0.4235,0.083,0.5,0.3629,0.4293,0.3749,0.4187,0.4051,0.2966,0.3442,0.2851,0.3205,0.6217,0.6867,0.5351,0.5801,0.06,0.2867,0.3401,0.3304,0.3828,0.0197
Hmel210001o,8050001,8100000,8075023,49909,0.0137,0.0123,0.0124,0.023,0.0024,0.0055,0.0051,0.0119,0.0109,0.013,0.0131,0.0238,0.0284,0.0276,0.029,0.0292,0.0295,0.0119,0.0231,0.029,0.0284,0.0296,0.0301,0.0305,0.0229,0.0293,0.0292,0.0309,0.0311,0.0313,0.0325,0.0317,0.0329,0.0328,0.033,0.0302,0.0319,0.0306,0.0313,0.0058,0.0144,0.0139,0.0146,0.0141,0.0115,-0.0001,0.0045,0.1557,0.574,0.5003,0.5275,0.4069,0.4281,-0.022,0.1626,0.6102,0.5371,0.5612,0.4426,0.4646,0.1575,0.6114,0.5471,0.5758,0.4542,0.4743,0.475,0.4145,0.4368,0.3316,0.3483,0.7792,0.8011,0.6363,0.6641,0.0535,0.259,0.271,0.2801,0.2924,0.0047
Hmel210001o,8075001,8125000,8100008,49976,0.01,0.0088,0.0085,0.022,0.0022,0.0031,0.0024,0.0088,0.0092,0.0095,0.0092,0.0215,0.0317,0.0236,0.0242,0.0239,0.0239,0.0083,0.0214,0.0321,0.0242,0.0247,0.0248,0.0247,0.0211,0.0324,0.0244,0.0249,0.0249,0.025,0.0358,0.0292,0.0298,0.0292,0.0293,0.0317,0.0322,0.032,0.032,0.003,0.0116,0.0099,0.0118,0.0102,0.0087,0.0054,-0.0032,0.1798,0.69,0.5801,0.6067,0.4485,0.4419,-0.0233,0.1998,0.7204,0.6209,0.6458,0.4907,0.4827,0.1982,0.7292,0.6306,0.6556,0.4999,0.4927,0.5272,0.4364,0.4571,0.3392,0.3354,0.8537,0.8743,0.7188,0.7108,0.0503,0.3323,0.2429,0.3681,0.2899,-0.017
Hmel210001o,8100001,8150000,8124949,49834,0.0114,0.011,0.0102,0.0225,0.0036,0.004,0.004,0.0128,0.0129,0.0111,0.0108,0.0202,0.0365,0.0233,0.0233,0.0237,0.0242,0.0105,0.0202,0.0364,0.0232,0.0233,0.0236,0.0242,0.0204,0.0366,0.0234,0.0234,0.0238,0.0244,0.0392,0.0289,0.0289,0.0289,0.0293,0.0358,0.0359,0.035,0.0353,0.0043,0.0157,0.0144,0.0159,0.0148,0.0125,-0.005,0.0001,0.122,0.6739,0.5198,0.5199,0.3387,0.3456,-0.0061,0.1296,0.6809,0.5293,0.5295,0.3442,0.3534,0.1474,0.6966,0.5501,0.5495,0.3629,0.3717,0.531,0.4111,0.411,0.2665,0.272,0.8185,0.8184,0.6354,0.6356,0.0441,0.3153,0.2728,0.3204,0.2846,-0.0161
Hmel210001o,8125001,8175000,8150031,49838,0.0176,0.0178,0.0163,0.0241,0.0054,0.0116,0.0104,0.0192,0.0189,0.0173,0.0172,0.0232,0.0368,0.0274,0.0275,0.0303,0.0303,0.0171,0.0232,0.0372,0.0277,0.0283,0.0303,0.0304,0.0233,0.0371,0.0284,0.0291,0.0311,0.0312,0.0381,0.0311,0.0311,0.0326,0.0326,0.0369,0.0367,0.0361,0.036,0.0118,0.0234,0.0228,0.0232,0.0226,0.0186,-0.0115,0.008,0.0703,0.5401,0.3184,0.3406,0.2561,0.2607,0.0023,0.0679,0.5421,0.3224,0.3504,0.2548,0.2594,0.0916,0.5633,0.3555,0.386,0.2862,0.2913,0.4748,0.301,0.3181,0.2173,0.2211,0.6422,0.6614,0.5081,0.5117,0.0394,0.2166,0.2092,0.2324,0.2247,-0.0124
Hmel210001o,8150001,8200000,8174997,49977,0.0188,0.018,0.0168,0.023,0.0055,0.0157,0.0103,0.017,0.0169,0.0182,0.0182,0.0239,0.0326,0.0236,0.0239,0.0269,0.0267,0.0173,0.0233,0.0335,0.0242,0.0248,0.0274,0.0273,0.0233,0.033,0.0247,0.0254,0.0279,0.0276,0.0346,0.0281,0.0283,0.0298,0.0297,0.0325,0.0327,0.0327,0.0324,0.0147,0.0211,0.021,0.0211,0.0206,0.0166,-0.0061,0.0108,0.0794,0.4723,0.1625,0.2539,0.2103,0.2089,-0.0046,0.0783,0.4959,0.1883,0.2858,0.2312,0.2306,0.0952,0.5106,0.2175,0.3187,0.2571,0.2542,0.4481,0.2036,0.2885,0.2133,0.2137,0.5237,0.626,0.5035,0.5023,0.0647,0.1337,0.1333,0.2244,0.2155,-0.0098
Hmel210001o,8175001,8225000,8200002,49959,0.016,0.0126,0.0119,0.0199,0.0038,0.0118,0.0049,0.0144,0.0145,0.0147,0.0145,0.0204,0.0303,0.0215,0.0217,0.0211,0.0215,0.0121,0.0185,0.0305,0.0226,0.0229,0.0223,0.0228,0.0186,0.0303,0.0226,0.0227,0.0221,0.0225,0.0322,0.0265,0.0268,0.0255,0.0259,0.0305,0.0309,0.0297,0.0301,0.01,0.0183,0.0178,0.0192,0.0181,0.0142,0.0126,0.0188,0.0778,0.5225,0.224,0.3644,0.1714,0.1777,-0.0079,0.0898,0.5924,0.3135,0.4642,0.2579,0.2673,0.1039,0.6036,0.3252,0.4757,0.2662,0.2709,0.4934,0.2758,0.4038,0.2149,0.2194,0.6077,0.7659,0.5474,0.5496,0.0957,0.1733,0.159,0.3466,0.3151,-0.0098
Hmel210001o,8200001,8250000,8225000,49976,0.0154,0.0126,0.0131,0.0205,0.0043,0.0136,0.0081,0.0162,0.0174,0.0145,0.0146,0.0204,0.0341,0.0256,0.027,0.0257,0.0264,0.0127,0.019,0.0339,0.0263,0.0276,0.0269,0.0277,0.0191,0.0338,0.0264,0.0277,0.0268,0.0276,0.0358,0.0299,0.031,0.0294,0.03,0.0343,0.0353,0.033,0.0338,0.0125,0.0222,0.0216,0.0235,0.0228,0.0169,0.0191,0.0138,0.0816,0.5675,0.2908,0.4109,0.2498,0.2464,-0.0086,0.0942,0.6154,0.3488,0.4709,0.315,0.3118,0.0879,0.605,0.3428,0.4623,0.3055,0.3021,0.5141,0.2937,0.3973,0.2457,0.2389,0.6016,0.7148,0.5406,0.5305,0.0741,0.2063,0.1734,0.3317,0.2978,0.0015
Hmel210001o,8225001,8275000,8250001,49993,0.014,0.0135,0.0145,0.0216,0.0055,0.0134,0.0094,0.0161,0.017,0.0139,0.0144,0.0209,0.0346,0.023,0.0246,0.025,0.0258,0.0136,0.0203,0.0342,0.0229,0.0242,0.0253,0.0261,0.0204,0.0341,0.0233,0.0247,0.0254,0.0262,0.0366,0.028,0.029,0.0291,0.0299,0.0337,0.0344,0.0329,0.0338,0.0132,0.0202,0.0207,0.0208,0.0218,0.0168,0.0073,0.005,0.1014,0.5761,0.2656,0.3698,0.26,0.2597,-0.0148,0.0964,0.5822,0.2726,0.3735,0.2745,0.2757,0.0812,0.5631,0.2633,0.3623,0.2598,0.2609,0.4892,0.252,0.3332,0.2293,0.2307,0.5785,0.6601,0.5219,0.5169,0.0782,0.1637,0.161,0.2518,0.2582,0.0071
Hmel210001o,8250001,8300000,8274906,49790,0.0116,0.012,0.0124,0.0213,0.0051,0.007,0.0052,0.0126,0.0127,0.0118,0.012,0.0192,0.031,0.0208,0.0211,0.0219,0.0218,0.0117,0.0189,0.0308,0.0209,0.0208,0.0217,0.0215,0.0191,0.0309,0.0209,0.0211,0.0217,0.0216,0.0338,0.0267,0.027,0.0272,0.0274,0.03,0.03,0.0298,0.0296,0.0079,0.0141,0.0148,0.0147,0.0154,0.0128,0.0017,-0.0019,0.1053,0.5914,0.3958,0.4459,0.3013,0.2961,-0.0184,0.0923,0.5825,0.3896,0.4328,0.2908,0.2849,0.0904,0.5757,0.3817,0.4287,0.2828,0.2789,0.4698,0.3405,0.3779,0.2554,0.2585,0.6783,0.7209,0.5587,0.5544,0.1347,0.1904,0.2107,0.2585,0.2769,0.005
Hmel210001o,8275001,8325000,8300009,49788,0.0154,0.0159,0.0166,0.0241,0.0052,0.0065,0.0075,0.0137,0.0143,0.0155,0.0163,0.0222,0.0323,0.0242,0.0237,0.0261,0.0261,0.016,0.0225,0.0327,0.0245,0.024,0.0265,0.0264,0.0232,0.0325,0.0241,0.0241,0.0257,0.0259,0.0352,0.0292,0.0293,0.0306,0.0305,0.0317,0.0321,0.0306,0.0308,0.0108,0.0173,0.0179,0.0185,0.019,0.0138,-0.0049,0.008,0.0819,0.532,0.3921,0.363,0.2983,0.2885,-0.0092,0.0805,0.5273,0.3868,0.3592,0.2956,0.2838,0.0863,0.5124,0.3667,0.3471,0.2717,0.2649,0.4463,0.3514,0.3356,0.2617,0.2524,0.7021,0.6833,0.5441,0.5354,0.2281,0.2774,0.2792,0.2851,0.2838,-0.0078
Hmel210001o,8300001,8350000,8324991,49968,0.0201,0.0203,0.0201,0.0255,0.0053,0.0085,0.0091,0.0172,0.0186,0.0201,0.0205,0.0255,0.0343,0.0254,0.0255,0.0282,0.0286,0.0201,0.0252,0.0351,0.0273,0.0277,0.03,0.0302,0.0256,0.0348,0.0272,0.0279,0.0295,0.0299,0.0361,0.0305,0.0308,0.0318,0.0319,0.0342,0.035,0.0321,0.0328,0.0125,0.0227,0.023,0.0237,0.0241,0.0177,-0.0038,0.0095,0.0687,0.4748,0.2925,0.2844,0.2146,0.2018,-0.0036,0.0614,0.4814,0.3229,0.3209,0.2415,0.2272,0.0705,0.4806,0.3255,0.3273,0.2355,0.2249,0.4371,0.3211,0.3164,0.2166,0.1999,0.6795,0.6737,0.4967,0.4819,0.1835,0.291,0.2708,0.2995,0.2832,-0.0066
Hmel210001o,8325001,8375000,8350005,49969,0.0203,0.0207,0.0204,0.0255,0.0048,0.0066,0.0067,0.0175,0.0189,0.0202,0.0202,0.027,0.0349,0.0275,0.0279,0.03,0.0305,0.0203,0.0263,0.0355,0.03,0.0306,0.0315,0.0318,0.0259,0.0354,0.0302,0.0309,0.0316,0.0321,0.0363,0.0327,0.0335,0.0323,0.0326,0.0358,0.0366,0.0339,0.0347,0.0075,0.023,0.0232,0.0238,0.0241,0.0182,-0.0069,-0.0044,0.0964,0.489,0.3586,0.3636,0.2392,0.2285,-0.0073,0.0774,0.488,0.3893,0.3963,0.2567,0.2431,0.0743,0.4921,0.3983,0.4056,0.2629,0.2529,0.4461,0.3784,0.3861,0.2199,0.207,0.74,0.7424,0.5225,0.5076,0.0685,0.3276,0.3034,0.3417,0.3203,0.0007
Hmel210001o,8350001,8400000,8374897,49580,0.0188,0.0187,0.0182,0.0239,0.0053,0.0068,0.0063,0.0179,0.0182,0.0186,0.0183,0.0258,0.034,0.0283,0.0292,0.0322,0.0325,0.018,0.0249,0.0345,0.0297,0.031,0.0326,0.0329,0.0248,0.0345,0.03,0.0313,0.0328,0.0333,0.035,0.032,0.0337,0.0329,0.0331,0.0343,0.0352,0.0334,0.0337,0.0081,0.024,0.0241,0.0234,0.0233,0.0179,-0.0045,-0.0069,0.1094,0.4911,0.3914,0.414,0.2865,0.2869,-0.0124,0.0939,0.4996,0.4151,0.4425,0.2938,0.2952,0.0988,0.5076,0.4275,0.4537,0.3042,0.3074,0.4444,0.3866,0.415,0.2404,0.2391,0.7122,0.7296,0.5006,0.4986,0.1107,0.335,0.3302,0.3334,0.3256,-0.0034
Hmel210001o,8375001,8425000,8399921,48796,0.019,0.0189,0.0191,0.0238,0.0058,0.0091,0.0099,0.0186,0.0187,0.0193,0.019,0.0252,0.0339,0.0271,0.0303,0.0335,0.0339,0.0186,0.0235,0.035,0.0279,0.0312,0.0339,0.0346,0.0242,0.0353,0.0287,0.0317,0.0345,0.035,0.0359,0.0313,0.0333,0.0352,0.0354,0.034,0.0351,0.0339,0.0337,0.0142,0.0258,0.0263,0.023,0.0235,0.0183,0.0093,-0.0029,0.0958,0.4806,0.331,0.3689,0.2938,0.2991,-0.0114,0.0623,0.4948,0.3465,0.3835,0.3018,0.3104,0.0734,0.4949,0.355,0.387,0.3065,0.312,0.4487,0.3433,0.3579,0.2635,0.2658,0.6558,0.6493,0.4873,0.4836,0.2096,0.3156,0.323,0.2458,0.256,-0.0103
Hmel210001o,8400001,8450000,8425205,49194,0.0213,0.0221,0.0235,0.0256,0.0062,0.0133,0.0131,0.0164,0.0176,0.0215,0.0222,0.0265,0.0344,0.0286,0.0307,0.0339,0.0348,0.0224,0.0255,0.0353,0.0294,0.0315,0.0341,0.0349,0.026,0.0358,0.0302,0.032,0.0344,0.0352,0.037,0.0321,0.0331,0.0354,0.0359,0.0355,0.037,0.0349,0.0355,0.0178,0.0241,0.0254,0.0246,0.0261,0.0172,-0.0055,-0.0048,0.0729,0.4445,0.2592,0.2955,0.2992,0.2969,-0.0107,0.0414,0.4431,0.2613,0.2959,0.2913,0.2879,0.0353,0.4293,0.2561,0.2852,0.2792,0.276,0.4322,0.2739,0.29,0.2762,0.2682,0.5851,0.6012,0.5262,0.5135,0.1587,0.2488,0.2554,0.263,0.2722,0.0064
Hmel210001o,8425001,8475000,8450002,49980,0.0189,0.0206,0.0198,0.0229,0.0048,0.012,0.0085,0.012,0.0137,0.0191,0.019,0.023,0.0308,0.0281,0.0283,0.0299,0.0305,0.0196,0.0228,0.0315,0.0284,0.0289,0.0297,0.0303,0.0228,0.0317,0.0293,0.0297,0.0303,0.0309,0.033,0.03,0.0306,0.0313,0.0318,0.0309,0.0326,0.0305,0.0315,0.0127,0.0192,0.0194,0.0215,0.0214,0.0139,-0.0181,-0.0085,0.0595,0.4607,0.3039,0.3625,0.3326,0.3184,-0.0167,0.03,0.4409,0.2826,0.3431,0.305,0.2911,0.0427,0.4582,0.3102,0.3691,0.3268,0.3115,0.443,0.292,0.3526,0.3098,0.293,0.5887,0.6743,0.584,0.563,0.1135,0.2411,0.2136,0.3685,0.3299,0.0415
Hmel210001o,8450001,8500000,8474994,49978,0.0168,0.0188,0.0177,0.0213,0.0026,0.0051,0.0033,0.0083,0.0086,0.0175,0.0179,0.0227,0.0269,0.0248,0.0253,0.0259,0.0262,0.0172,0.0213,0.0281,0.0259,0.0265,0.0269,0.0274,0.0206,0.0284,0.026,0.0266,0.0269,0.0272,0.0303,0.0263,0.0267,0.027,0.0272,0.029,0.0298,0.0291,0.0295,0.0052,0.0133,0.0129,0.0139,0.0132,0.009,-0.0094,0.0207,0.1024,0.4866,0.4029,0.4472,0.3609,0.3619,-0.0307,0.0387,0.4645,0.3827,0.4263,0.3436,0.3478,0.0388,0.4908,0.4059,0.4503,0.3624,0.3639,0.472,0.371,0.4107,0.3239,0.3238,0.7777,0.8305,0.6989,0.6963,0.114,0.3421,0.3203,0.426,0.3951,0.0336
Hmel210001o,8475001,8525000,8500005,49978,0.0169,0.016,0.0161,0.0203,0.0024,0.006,0.0036,0.0103,0.0101,0.0166,0.0178,0.0233,0.0276,0.0228,0.0239,0.0253,0.0255,0.0151,0.0213,0.0286,0.0244,0.0255,0.0266,0.027,0.0207,0.0289,0.0237,0.0247,0.0259,0.0263,0.031,0.0247,0.0255,0.026,0.0261,0.0295,0.0299,0.0297,0.0295,0.0056,0.0141,0.0139,0.0144,0.014,0.01,0.0056,0.0407,0.1236,0.4981,0.3468,0.4154,0.3147,0.3226,-0.0306,0.0949,0.5291,0.3938,0.4604,0.3525,0.3636,0.0776,0.5305,0.3786,0.4461,0.3397,0.351,0.4969,0.3409,0.4005,0.2858,0.2914,0.7618,0.8256,0.6618,0.6654,0.0777,0.2809,0.2796,0.362,0.3589,-0.011
Hmel210001o,8500001,8550000,8524914,49511,0.0166,0.0137,0.0142,0.021,0.003,0.0097,0.0073,0.013,0.0127,0.0152,0.016,0.0224,0.0299,0.0231,0.0249,0.025,0.0252,0.0141,0.0212,0.0305,0.0224,0.0247,0.0247,0.0248,0.0222,0.0306,0.0234,0.0248,0.0256,0.0259,0.0319,0.0263,0.0272,0.0276,0.0277,0.029,0.03,0.0288,0.0294,0.011,0.0185,0.0174,0.0207,0.0193,0.0129,0.0002,0.0202,0.1,0.5224,0.2869,0.3657,0.2681,0.2781,0.006,0.1226,0.5852,0.3277,0.4183,0.3114,0.3192,0.1359,0.5778,0.34,0.4116,0.3195,0.331,0.4881,0.293,0.3487,0.2589,0.2668,0.6571,0.7217,0.5806,0.5947,0.1398,0.2523,0.2293,0.3556,0.3331,0.0034
Hmel210001o,8525001,8575000,8549973,47797,0.0197,0.0188,0.0181,0.0235,0.0045,0.0104,0.0083,0.0149,0.0132,0.0186,0.0192,0.0245,0.0314,0.0241,0.0261,0.0262,0.0263,0.019,0.0243,0.0324,0.023,0.0259,0.0259,0.0255,0.0254,0.0326,0.0257,0.0274,0.0274,0.0277,0.0335,0.0286,0.0299,0.0304,0.0299,0.0305,0.0323,0.0305,0.031,0.0124,0.0196,0.0188,0.0224,0.022,0.0144,-0.0184,0.0083,0.0739,0.4596,0.2444,0.3152,0.2169,0.243,0.0172,0.083,0.4872,0.2368,0.3275,0.2238,0.241,0.1158,0.5017,0.2995,0.3633,0.2616,0.2903,0.4456,0.2878,0.3388,0.2488,0.2653,0.6233,0.683,0.5334,0.5716,0.1494,0.2282,0.2412,0.3313,0.357,0.015
Hmel210001o,8550001,8600000,8575683,48249,0.0212,0.0208,0.0213,0.0255,0.0063,0.0131,0.0085,0.0193,0.0192,0.0208,0.0217,0.0264,0.0359,0.0263,0.0278,0.0304,0.0302,0.0213,0.0262,0.0365,0.0277,0.0297,0.0315,0.0311,0.0264,0.0367,0.0279,0.0297,0.0315,0.0316,0.0381,0.0318,0.0336,0.0344,0.0339,0.0363,0.0375,0.0358,0.0356,0.0124,0.023,0.0223,0.0233,0.0235,0.0195,-0.0061,0.0106,0.0727,0.4619,0.2201,0.3178,0.2112,0.2082,0.0059,0.075,0.4736,0.2515,0.3536,0.2335,0.2279,0.0709,0.4693,0.2484,0.346,0.228,0.2288,0.4436,0.2718,0.3619,0.2283,0.2223,0.5929,0.6848,0.489,0.4884,0.0722,0.1823,0.1673,0.2668,0.2711,0.0062
Hmel210001o,8575001,8625000,8599984,49893,0.0147,0.0134,0.0151,0.0222,0.0046,0.0094,0.0064,0.0155,0.0158,0.0142,0.0148,0.0242,0.03,0.0199,0.021,0.0261,0.0261,0.014,0.0232,0.03,0.0205,0.0219,0.0269,0.0271,0.0235,0.0302,0.0203,0.0216,0.0266,0.0269,0.0334,0.0278,0.0283,0.0294,0.0296,0.0298,0.03,0.0307,0.0311,0.0085,0.0215,0.0208,0.0215,0.0212,0.0156,0.0075,-0.0025,0.1566,0.5279,0.256,0.3435,0.2783,0.2746,-0.0074,0.1583,0.5544,0.3008,0.3934,0.3155,0.3131,0.1362,0.5242,0.2612,0.3497,0.2833,0.2826,0.46,0.3061,0.3642,0.2382,0.236,0.6341,0.703,0.5216,0.5208,0.0397,0.2795,0.2569,0.3392,0.3249,-0.0017
Hmel210001o,8600001,8650000,8625014,49930,0.0125,0.0112,0.0115,0.0205,0.0028,0.0065,0.0049,0.0113,0.0113,0.0119,0.0118,0.0229,0.0255,0.0147,0.0151,0.0201,0.0206,0.011,0.0227,0.0261,0.0149,0.0151,0.0209,0.0214,0.0231,0.0262,0.0152,0.0156,0.0209,0.0214,0.0302,0.0237,0.0239,0.0255,0.0256,0.025,0.0252,0.0267,0.0275,0.006,0.0177,0.018,0.018,0.0184,0.0111,0.0039,-0.0084,0.1865,0.5545,0.2259,0.2827,0.2713,0.2816,-0.0191,0.2043,0.5915,0.267,0.3173,0.3154,0.3235,0.2071,0.5862,0.2702,0.3261,0.3096,0.3193,0.477,0.3118,0.3456,0.2586,0.2587,0.6991,0.7468,0.5974,0.6057,0.0285,0.3451,0.3527,0.3973,0.4039,-0.0106
Hmel210001o,8625001,8675000,8650000,50000,0.0173,0.016,0.0153,0.0219,0.0056,0.0112,0.0097,0.0138,0.0142,0.0163,0.0162,0.024,0.0275,0.0187,0.0186,0.0231,0.0234,0.0154,0.0242,0.0283,0.0197,0.019,0.024,0.0242,0.0239,0.028,0.019,0.0189,0.0233,0.0236,0.0311,0.0253,0.0252,0.0278,0.0276,0.0271,0.0277,0.0281,0.0288,0.0112,0.0189,0.0193,0.0197,0.02,0.0139,-0.012,-0.0027,0.1145,0.4277,0.1433,0.1675,0.2052,0.2054,-0.0078,0.14,0.4635,0.1936,0.2044,0.2466,0.2437,0.1433,0.4728,0.1897,0.2149,0.2442,0.2428,0.42,0.2374,0.2617,0.2397,0.2304,0.5441,0.5831,0.5027,0.5042,0.0371,0.2168,0.2172,0.2661,0.2646,-0.0051
Hmel210001o,8650001,8700000,8675000,49997,0.0203,0.0201,0.0199,0.0236,0.0074,0.0139,0.0139,0.0168,0.0173,0.0199,0.0203,0.0255,0.0298,0.0238,0.0238,0.0275,0.0276,0.0197,0.0248,0.0304,0.025,0.0246,0.0285,0.0287,0.0246,0.0302,0.0247,0.0246,0.0276,0.0279,0.0322,0.0288,0.0282,0.0306,0.0306,0.0291,0.0307,0.0303,0.0307,0.0153,0.0215,0.0223,0.0225,0.0234,0.0172,-0.0079,0.0065,0.0857,0.3802,0.1728,0.1728,0.2052,0.1995,-0.0064,0.0743,0.3932,0.2009,0.1925,0.2259,0.2216,0.0725,0.3939,0.1974,0.1965,0.2134,0.2107,0.3844,0.2371,0.2275,0.2234,0.2162,0.4807,0.5014,0.4455,0.4422,0.0511,0.1771,0.1871,0.2004,0.2112,0.0059
Hmel210001o,8675001,8725000,8700001,49997,0.015,0.0151,0.0191,0.0236,0.0041,0.0075,0.0078,0.0132,0.0149,0.0148,0.0183,0.0243,0.0268,0.0229,0.0236,0.0245,0.0245,0.0179,0.0233,0.0271,0.0235,0.0243,0.0251,0.0253,0.0232,0.0271,0.0236,0.0244,0.0246,0.0247,0.0296,0.0273,0.0273,0.0277,0.0278,0.027,0.0287,0.0278,0.0281,0.0089,0.0156,0.0171,0.0165,0.018,0.0142,-0.0063,0.0377,0.1377,0.4896,0.3566,0.3646,0.2829,0.2555,0.0254,0.1168,0.4929,0.367,0.3748,0.2928,0.2682,0.0546,0.4161,0.2948,0.303,0.2178,0.1959,0.4025,0.3123,0.3072,0.2291,0.2058,0.6613,0.67,0.5412,0.5104,0.0797,0.2141,0.2218,0.2332,0.2381,0.0073
Hmel210001o,8700001,8750000,8724680,48941,0.0115,0.0117,0.016,0.0197,0.0022,0.002,0.0016,0.009,0.0122,0.0107,0.0148,0.0211,0.0214,0.0215,0.0221,0.0224,0.0226,0.0147,0.0209,0.0216,0.0218,0.0225,0.0225,0.0227,0.0198,0.0216,0.021,0.0218,0.0217,0.0218,0.0245,0.024,0.0245,0.0243,0.0245,0.0241,0.0249,0.0242,0.0246,0.0023,0.0112,0.0128,0.0115,0.0131,0.0111,-0.0429,0.0401,0.1752,0.5314,0.5384,0.559,0.3881,0.3262,0.0337,0.1676,0.5276,0.5367,0.5587,0.386,0.3242,0.0652,0.4219,0.4166,0.4409,0.2822,0.2269,0.4223,0.4196,0.4352,0.2883,0.2337,0.8456,0.8633,0.6382,0.5613,0.1106,0.3548,0.2992,0.3839,0.3223,0.0267
Hmel210001o,8725001,8775000,8750176,48451,0.0191,0.02,0.0203,0.022,0.0041,0.004,0.003,0.0133,0.0162,0.0192,0.0205,0.0243,0.0259,0.0259,0.0266,0.0266,0.0269,0.0197,0.0248,0.0262,0.026,0.0266,0.0262,0.0265,0.0245,0.0266,0.0245,0.0251,0.0255,0.026,0.0281,0.0275,0.0278,0.0277,0.0279,0.0282,0.0295,0.0283,0.029,0.0041,0.0164,0.017,0.0168,0.0177,0.0155,-0.0099,0.0225,0.0937,0.3961,0.3986,0.4287,0.2557,0.2188,-0.0117,0.0901,0.385,0.3847,0.4127,0.2354,0.1989,0.0799,0.3865,0.3533,0.3826,0.2158,0.1849,0.4042,0.3978,0.4198,0.2449,0.2033,0.7613,0.7954,0.5453,0.4968,0.0906,0.3244,0.268,0.361,0.3082,0.0252
Hmel210001o,8750001,8800000,8775192,49442,0.0247,0.0255,0.0256,0.0267,0.0059,0.0124,0.0102,0.0181,0.0199,0.0257,0.0264,0.0286,0.0344,0.0274,0.0288,0.0312,0.0316,0.0253,0.0291,0.0352,0.0277,0.0286,0.0311,0.0314,0.029,0.0353,0.0267,0.0275,0.0309,0.0316,0.035,0.0304,0.0308,0.0321,0.0323,0.0347,0.0359,0.0352,0.0358,0.0133,0.024,0.0243,0.0248,0.0253,0.0194,0.0115,0.0252,0.0585,0.3989,0.2027,0.2568,0.1952,0.1803,-0.0052,0.0596,0.3985,0.1976,0.2444,0.1853,0.1688,0.0563,0.3978,0.1769,0.2217,0.1796,0.171,0.4014,0.2487,0.2856,0.1981,0.179,0.5981,0.6488,0.5068,0.4851,0.0874,0.2335,0.212,0.2867,0.2651,0.0089
Hmel210001o,8775001,8825000,8800024,49929,0.0233,0.0245,0.0236,0.0254,0.0049,0.0141,0.0121,0.0203,0.0208,0.0242,0.024,0.0266,0.0354,0.0289,0.0305,0.0337,0.0339,0.024,0.027,0.0367,0.0298,0.031,0.0347,0.0348,0.0261,0.036,0.0299,0.0308,0.0345,0.0347,0.0345,0.0307,0.0313,0.0329,0.0328,0.0363,0.0371,0.0376,0.0374,0.0151,0.0266,0.0272,0.0272,0.0278,0.0208,0.0065,0.0129,0.0498,0.4454,0.226,0.2796,0.2262,0.2223,-0.0005,0.0437,0.443,0.2254,0.2708,0.2263,0.2222,0.0355,0.448,0.2373,0.2797,0.2342,0.2302,0.4256,0.2444,0.2812,0.1959,0.1862,0.6007,0.6416,0.5136,0.5029,0.0759,0.2269,0.2297,0.2662,0.2684,0.006
Hmel210001o,8800001,8850000,8824998,49890,0.0232,0.0238,0.023,0.0257,0.0062,0.0135,0.0123,0.0227,0.0215,0.0243,0.0237,0.0267,0.0351,0.0302,0.0308,0.0329,0.0331,0.0233,0.0262,0.036,0.0308,0.0314,0.0337,0.0339,0.0261,0.036,0.0312,0.0317,0.0339,0.0339,0.0353,0.0322,0.032,0.033,0.0328,0.0362,0.0372,0.0364,0.0362,0.015,0.0264,0.0259,0.0273,0.0276,0.0225,0.0167,0.0122,0.0517,0.4248,0.257,0.2814,0.187,0.2032,-0.0036,0.0334,0.4271,0.2592,0.282,0.194,0.2103,0.0416,0.4378,0.2745,0.2975,0.2052,0.2177,0.4118,0.2712,0.2847,0.1652,0.1769,0.5873,0.6156,0.4464,0.4617,0.0793,0.1972,0.2047,0.2295,0.2523,0.0106
Hmel210001o,8825001,8875000,8850043,49746,0.0231,0.022,0.0233,0.0248,0.0083,0.0116,0.0111,0.0209,0.0207,0.0233,0.024,0.026,0.0349,0.0266,0.028,0.03,0.031,0.0227,0.0252,0.0351,0.027,0.0294,0.031,0.0318,0.0257,0.0359,0.0281,0.0299,0.0316,0.0323,0.0355,0.0296,0.0307,0.0315,0.032,0.0354,0.0371,0.0347,0.0352,0.016,0.0264,0.0264,0.0279,0.0282,0.0212,0.0177,0.0172,0.0476,0.3945,0.2211,0.2532,0.1636,0.1822,0.0008,0.0441,0.413,0.2451,0.2921,0.1924,0.2068,0.0385,0.4043,0.2463,0.283,0.1875,0.1997,0.3958,0.2697,0.2931,0.1725,0.1822,0.577,0.6013,0.4241,0.433,0.1788,0.2514,0.2542,0.2852,0.2923,0.0113
Hmel210001o,8850001,8900000,8875064,49844,0.0241,0.0234,0.0239,0.0248,0.0083,0.0119,0.0109,0.0208,0.0219,0.0238,0.0243,0.0266,0.0355,0.0262,0.0279,0.0304,0.0312,0.0239,0.0265,0.036,0.028,0.0308,0.0318,0.0323,0.027,0.0368,0.0285,0.0306,0.0322,0.033,0.0355,0.0291,0.0307,0.031,0.0313,0.0348,0.037,0.0351,0.0356,0.0162,0.0264,0.027,0.0283,0.0285,0.0212,0.0017,0.006,0.0452,0.3898,0.1961,0.241,0.1592,0.159,0.0042,0.0528,0.4048,0.2392,0.2973,0.189,0.1853,0.0564,0.407,0.2399,0.2876,0.1908,0.19,0.3955,0.2579,0.2954,0.1654,0.1555,0.5675,0.6037,0.4306,0.4205,0.1829,0.247,0.2422,0.2958,0.2812,-0.0032
Hmel210001o,8875001,8925000,8900002,49991,0.0192,0.0203,0.0201,0.0243,0.0056,0.0116,0.0121,0.0183,0.0184,0.0196,0.0195,0.0237,0.0346,0.0232,0.0234,0.0251,0.0253,0.0198,0.024,0.0353,0.0249,0.0255,0.0261,0.0263,0.0243,0.0357,0.0245,0.025,0.0266,0.027,0.0347,0.0271,0.027,0.0274,0.0275,0.0335,0.0348,0.0333,0.0338,0.0144,0.0209,0.0207,0.0224,0.0221,0.0182,-0.0056,-0.0049,0.0547,0.4868,0.2121,0.2088,0.1517,0.1536,-0.0097,0.0482,0.4796,0.2322,0.2346,0.1592,0.1612,0.0572,0.4862,0.2268,0.2276,0.1697,0.1752,0.4316,0.2348,0.2255,0.1421,0.1422,0.607,0.6089,0.488,0.4906,0.1046,0.1764,0.1695,0.2009,0.192,-0.0043
Hmel210001o,8900001,8950000,8924996,49983,0.0157,0.0176,0.0172,0.0231,0.0041,0.0066,0.0092,0.017,0.0161,0.0164,0.0166,0.0219,0.0334,0.0247,0.0244,0.0244,0.0245,0.017,0.022,0.0338,0.0251,0.0249,0.0248,0.025,0.0227,0.0339,0.0254,0.0249,0.0253,0.0255,0.0341,0.0284,0.0283,0.0276,0.0279,0.0329,0.0337,0.0316,0.0318,0.0095,0.0182,0.0174,0.0192,0.0182,0.0165,-0.0078,0.0048,0.0819,0.5596,0.3937,0.3387,0.2078,0.2247,-0.0125,0.0538,0.5302,0.3637,0.3131,0.1883,0.2053,0.0769,0.5386,0.3767,0.3212,0.2033,0.22,0.4647,0.3507,0.3062,0.1767,0.1935,0.7346,0.6845,0.5162,0.5338,0.0968,0.2265,0.2221,0.1994,0.1898,-0.0025
Hmel210001o,8925001,8975000,8949912,49640,0.0186,0.0186,0.0181,0.023,0.0052,0.0079,0.0066,0.0195,0.0186,0.0186,0.0187,0.0243,0.034,0.0314,0.0308,0.0309,0.0311,0.0181,0.0236,0.034,0.0315,0.0307,0.031,0.0311,0.0244,0.0342,0.032,0.0311,0.0316,0.0318,0.0352,0.0337,0.0337,0.0325,0.033,0.0346,0.0351,0.0329,0.033,0.0079,0.0214,0.0202,0.0217,0.0201,0.0188,-0.0005,0.0101,0.0912,0.4981,0.4226,0.436,0.2495,0.2641,-0.0079,0.0766,0.4982,0.4242,0.4344,0.2513,0.2654,0.1,0.5085,0.4391,0.4477,0.267,0.2821,0.4609,0.4027,0.4223,0.2226,0.2418,0.6963,0.7261,0.4705,0.487,0.0477,0.2313,0.2212,0.2619,0.2431,-0.0053
Hmel210001o,8950001,9000000,8975020,49513,0.0197,0.0195,0.0184,0.0241,0.0063,0.0112,0.0055,0.0193,0.0199,0.0195,0.0195,0.0258,0.0354,0.0332,0.0337,0.0333,0.0344,0.0188,0.0248,0.0357,0.0334,0.0337,0.0334,0.0347,0.0253,0.0356,0.0335,0.0339,0.0335,0.0348,0.0364,0.0351,0.0355,0.0342,0.0353,0.0365,0.0366,0.0345,0.0354,0.0095,0.0218,0.0221,0.0212,0.0215,0.0194,-0.0012,0.0125,0.0941,0.4798,0.379,0.4718,0.2742,0.2822,-0.0034,0.0786,0.4862,0.3862,0.4762,0.2784,0.2892,0.1026,0.5014,0.4023,0.4951,0.2932,0.3037,0.4428,0.3582,0.4452,0.2388,0.2471,0.6287,0.7361,0.4764,0.4774,0.0654,0.1866,0.183,0.2763,0.2704,-0.0038
Hmel210001o,8975001,9025000,8999881,48932,0.0188,0.0192,0.019,0.0239,0.0057,0.0114,0.0079,0.0203,0.0207,0.0192,0.0192,0.025,0.0376,0.0331,0.0333,0.0346,0.0347,0.0193,0.0243,0.0381,0.0345,0.0345,0.0353,0.0359,0.0249,0.0376,0.0339,0.0338,0.0346,0.0352,0.0386,0.036,0.0361,0.0359,0.0364,0.0384,0.0384,0.0372,0.0371,0.0128,0.0227,0.0237,0.024,0.0246,0.0208,0.004,0.008,0.0932,0.5243,0.3887,0.4441,0.2899,0.2877,0.0056,0.0737,0.523,0.4005,0.4514,0.2954,0.2992,0.0876,0.521,0.3954,0.4459,0.2876,0.2913,0.4761,0.369,0.419,0.2513,0.2534,0.6509,0.7131,0.4979,0.4914,0.1499,0.1873,0.2034,0.272,0.2779,0.0074
Hmel210001o,9000001,9050000,9025212,48504,0.0192,0.0195,0.0214,0.0239,0.0049,0.0126,0.0094,0.0225,0.0219,0.0207,0.0212,0.0271,0.04,0.0347,0.0345,0.0366,0.0356,0.0205,0.0255,0.0413,0.037,0.037,0.0387,0.0377,0.0261,0.041,0.0366,0.0362,0.0381,0.0369,0.0422,0.0382,0.038,0.0386,0.0381,0.0415,0.0424,0.0414,0.0404,0.0141,0.0252,0.0254,0.0268,0.0267,0.0224,0.0366,0.0232,0.1285,0.5538,0.3872,0.4289,0.2881,0.2797,0.0021,0.0921,0.5602,0.4098,0.4534,0.3101,0.3041,0.0786,0.5314,0.3813,0.419,0.2824,0.2733,0.5202,0.3776,0.4177,0.2603,0.2593,0.6667,0.7244,0.5201,0.5174,0.1287,0.1898,0.1998,0.2665,0.273,0.0049
Hmel210001o,9025001,9075000,9050159,49426,0.0193,0.0198,0.0211,0.0249,0.005,0.0107,0.0078,0.021,0.0213,0.0208,0.0213,0.0296,0.0412,0.0383,0.0399,0.04,0.0402,0.0204,0.0278,0.042,0.0395,0.0415,0.0414,0.0414,0.0287,0.0421,0.04,0.0416,0.0417,0.0417,0.0439,0.0422,0.0435,0.0425,0.0429,0.0401,0.0409,0.0401,0.0405,0.0111,0.024,0.024,0.0254,0.0257,0.0211,0.0334,0.0279,0.1598,0.5609,0.4524,0.5085,0.3441,0.3424,-0.0023,0.1233,0.5609,0.4585,0.5174,0.3541,0.3518,0.1208,0.5432,0.4456,0.5,0.3429,0.3399,0.5208,0.431,0.4806,0.3123,0.313,0.6866,0.7428,0.5269,0.5264,0.0928,0.2138,0.2103,0.2898,0.2899,-0.0028
Hmel210001o,9050001,9100000,9074963,49817,0.0178,0.0183,0.0181,0.0263,0.0045,0.0067,0.0054,0.018,0.019,0.0183,0.0187,0.0305,0.0409,0.0356,0.0381,0.0372,0.0376,0.0184,0.0299,0.0402,0.0368,0.0388,0.0379,0.0385,0.0301,0.0409,0.0372,0.0393,0.0387,0.0393,0.0431,0.0421,0.0437,0.0427,0.0432,0.0394,0.0384,0.0382,0.0392,0.0102,0.0215,0.0206,0.0245,0.0234,0.0186,0.0053,0.021,0.1811,0.5867,0.5038,0.5498,0.366,0.3585,0.0041,0.1658,0.5734,0.5072,0.5485,0.3666,0.3624,0.1715,0.5815,0.515,0.5554,0.3785,0.3731,0.5045,0.4672,0.4989,0.3369,0.3301,0.762,0.7834,0.5615,0.5549,0.2664,0.2841,0.2431,0.3704,0.3301,0.0029
Hmel210001o,9075001,9125000,9099637,48139,0.0164,0.0199,0.0179,0.0276,0.0037,0.0074,0.0037,0.0176,0.0188,0.0185,0.0184,0.0351,0.0401,0.0323,0.0334,0.0344,0.0335,0.019,0.0344,0.0392,0.0344,0.035,0.036,0.0353,0.0336,0.0391,0.0338,0.0346,0.0354,0.0347,0.0415,0.0412,0.0422,0.0418,0.041,0.0413,0.0402,0.0402,0.0401,0.0107,0.021,0.0192,0.024,0.0218,0.0186,0.0098,0.0376,0.2537,0.6146,0.4779,0.5538,0.3529,0.3251,0.0034,0.2011,0.5527,0.4475,0.5117,0.3282,0.3055,0.215,0.5835,0.4722,0.5408,0.3464,0.3223,0.487,0.4361,0.4931,0.3195,0.2974,0.7736,0.8397,0.5963,0.5769,0.33,0.2663,0.1977,0.3999,0.3332,0.0097
Hmel210001o,9100001,9150000,9124066,43778,0.0144,0.0201,0.0166,0.0257,0.0038,0.0084,0.0037,0.0153,0.0153,0.0187,0.0171,0.0329,0.0357,0.0335,0.0329,0.0368,0.0357,0.0181,0.0321,0.0354,0.0353,0.035,0.0387,0.0375,0.0317,0.034,0.0345,0.034,0.0375,0.0365,0.037,0.0401,0.041,0.0412,0.0405,0.0399,0.0403,0.0412,0.0407,0.0092,0.0175,0.0162,0.0194,0.0179,0.0158,0.0419,0.0524,0.2679,0.6086,0.5074,0.5851,0.4402,0.4278,-0.0072,0.1822,0.511,0.4404,0.5091,0.3865,0.3728,0.2215,0.5545,0.4838,0.5565,0.4181,0.4068,0.4649,0.4321,0.5046,0.3569,0.3488,0.7468,0.8391,0.6378,0.6347,0.2159,0.2015,0.1626,0.3572,0.3213,0.0166
Hmel210001o,9125001,9175000,9151077,44824,0.0141,0.0165,0.0153,0.0318,0.0052,0.0111,0.0065,0.0142,0.014,0.0165,0.0159,0.0353,0.0394,0.0321,0.0326,0.0373,0.0374,0.0157,0.0346,0.0386,0.0328,0.033,0.0381,0.0379,0.0345,0.0384,0.0329,0.0334,0.0385,0.0384,0.0396,0.0427,0.0419,0.0443,0.0449,0.0441,0.042,0.0444,0.0451,0.0176,0.0189,0.0194,0.024,0.023,0.0137,0.0411,0.0438,0.2456,0.623,0.4533,0.5369,0.4665,0.471,-0.0077,0.2076,0.5772,0.4232,0.499,0.4403,0.4421,0.2206,0.5942,0.4437,0.5245,0.4612,0.4639,0.4041,0.3648,0.4106,0.3454,0.3541,0.7025,0.7679,0.6554,0.6644,0.3485,0.2076,0.2267,0.4125,0.4004,-0.0174
Hmel210001o,9150001,9200000,9174150,46541,0.0143,0.0148,0.0152,0.0265,0.0051,0.0162,0.0099,0.0159,0.0161,0.0148,0.0154,0.0293,0.0429,0.0327,0.0362,0.0387,0.0386,0.0146,0.0293,0.0421,0.0328,0.0358,0.0387,0.0385,0.029,0.0425,0.0332,0.0366,0.0392,0.0394,0.0426,0.0386,0.0415,0.0422,0.0424,0.0426,0.039,0.0417,0.042,0.0247,0.0263,0.027,0.0304,0.0294,0.0154,0.01,0.023,0.2073,0.646,0.3797,0.5153,0.4553,0.4517,-0.0158,0.2012,0.6329,0.3735,0.5032,0.4485,0.444,0.1897,0.629,0.3726,0.505,0.4481,0.4471,0.4893,0.3098,0.4178,0.3526,0.3528,0.6146,0.6902,0.6128,0.6121,0.3225,0.2539,0.263,0.4193,0.4026,-0.0195
Hmel210001o,9175001,9225000,9200371,47163,0.0138,0.0129,0.0124,0.0204,0.0042,0.0126,0.007,0.0166,0.0166,0.0134,0.0138,0.0221,0.0391,0.0307,0.0339,0.0334,0.0336,0.0124,0.0215,0.0386,0.0299,0.0331,0.0328,0.0329,0.021,0.039,0.0305,0.0338,0.0333,0.0337,0.039,0.0323,0.035,0.0345,0.0344,0.0377,0.038,0.0374,0.0379,0.015,0.0223,0.0222,0.0232,0.0228,0.016,0.0018,0.027,0.1485,0.6411,0.4142,0.5471,0.3902,0.3924,-0.0081,0.1502,0.6526,0.4174,0.5536,0.3949,0.3972,0.1475,0.6641,0.4342,0.5697,0.4095,0.414,0.5475,0.3447,0.4636,0.3162,0.316,0.6499,0.7549,0.581,0.5852,0.2202,0.2182,0.2176,0.3389,0.3319,-0.0196
Hmel210001o,9200001,9250000,9224998,49978,0.0089,0.0081,0.0078,0.0176,0.0037,0.0049,0.0028,0.0136,0.0133,0.0087,0.0088,0.0175,0.0311,0.0261,0.0278,0.0263,0.0265,0.0079,0.0169,0.0312,0.0255,0.0272,0.026,0.0261,0.0165,0.0314,0.0259,0.0277,0.0262,0.0265,0.0323,0.0286,0.0295,0.0288,0.0287,0.0306,0.0324,0.0308,0.0311,0.005,0.0139,0.0133,0.0145,0.0139,0.013,0.0148,0.0288,0.1705,0.6776,0.5992,0.6662,0.4166,0.4257,-0.0017,0.1705,0.6956,0.6105,0.6796,0.4257,0.4354,0.1662,0.7036,0.6221,0.691,0.4349,0.4458,0.5325,0.4665,0.5169,0.3134,0.3173,0.7668,0.8265,0.5775,0.5873,0.1385,0.2118,0.198,0.2888,0.2806,-0.019
Hmel210001o,9225001,9275000,9249990,49883,0.0044,0.0044,0.0044,0.0169,0.0039,0.0011,0.0013,0.0088,0.0094,0.0047,0.0046,0.0166,0.0286,0.0264,0.0274,0.026,0.0261,0.0042,0.0168,0.0289,0.0263,0.0272,0.026,0.026,0.0167,0.0289,0.0263,0.0272,0.0259,0.026,0.0312,0.0296,0.0305,0.0294,0.0295,0.0306,0.0312,0.0303,0.0303,0.0017,0.0088,0.0089,0.0089,0.0092,0.009,0.038,0.0259,0.2639,0.7588,0.8215,0.8201,0.6121,0.5963,-0.0181,0.2694,0.7609,0.8208,0.8189,0.6113,0.5956,0.2671,0.7616,0.8218,0.8199,0.6118,0.5965,0.5268,0.5638,0.5688,0.4155,0.4043,0.8568,0.8529,0.6684,0.6532,0.1822,0.2934,0.2697,0.2867,0.2712,-0.005
Hmel210001o,9250001,9300000,9275042,49891,0.0051,0.0048,0.0054,0.0153,0.0029,0.0011,0.0009,0.0071,0.0085,0.0051,0.0055,0.0176,0.032,0.0205,0.021,0.0206,0.0203,0.0048,0.0174,0.0322,0.0208,0.0212,0.0209,0.0206,0.0166,0.0321,0.0207,0.0211,0.0208,0.0205,0.0329,0.024,0.0247,0.0244,0.0247,0.0336,0.0342,0.0335,0.0332,0.0013,0.0077,0.0089,0.0077,0.0089,0.0084,0.0084,0.0271,0.3011,0.7885,0.75,0.759,0.5579,0.5137,-0.0361,0.3037,0.7964,0.7637,0.7714,0.5716,0.5277,0.2708,0.7826,0.7433,0.7511,0.5545,0.5111,0.5907,0.525,0.5372,0.3955,0.3737,0.8955,0.8997,0.7526,0.7209,0.1251,0.3187,0.3151,0.326,0.3211,0.0429
Hmel210001o,9275001,9325000,9300001,49998,0.0054,0.0044,0.0049,0.0158,0.0017,0.0014,0.0011,0.0073,0.0083,0.0049,0.0054,0.0188,0.0281,0.0144,0.0146,0.0152,0.0149,0.0043,0.0187,0.0283,0.0148,0.0149,0.0155,0.0153,0.018,0.0282,0.0147,0.0149,0.0155,0.0153,0.0288,0.0195,0.0197,0.02,0.0203,0.0271,0.0276,0.0272,0.0267,0.0015,0.0085,0.0094,0.0086,0.0095,0.0084,0.0012,0.0262,0.3137,0.7852,0.6317,0.6471,0.4222,0.3847,-0.0384,0.3362,0.8149,0.6868,0.701,0.4657,0.4284,0.309,0.8014,0.6639,0.6785,0.4502,0.4141,0.5625,0.4318,0.4416,0.2977,0.2817,0.8987,0.9083,0.7281,0.6993,0.0995,0.3385,0.338,0.3525,0.3512,0.038
Hmel210001o,9300001,9350000,9324999,49992,0.0043,0.0031,0.0027,0.017,0.002,0.0016,0.001,0.007,0.0079,0.0037,0.0038,0.0174,0.0261,0.0165,0.0169,0.0173,0.0173,0.0027,0.0177,0.0263,0.0168,0.0171,0.0174,0.0174,0.0177,0.0264,0.0167,0.0171,0.0175,0.0175,0.028,0.0226,0.0228,0.0227,0.0227,0.0248,0.0249,0.0249,0.0245,0.0018,0.0083,0.0086,0.0083,0.0087,0.0074,0.0047,0.04,0.2847,0.7957,0.7081,0.7392,0.5239,0.4932,-0.0433,0.3221,0.8326,0.7646,0.7951,0.5667,0.5348,0.3315,0.8445,0.7806,0.8118,0.5807,0.5489,0.5253,0.4556,0.4726,0.3395,0.3196,0.8726,0.893,0.7091,0.6779,0.1662,0.3306,0.3011,0.3662,0.3371,-0.0032
Hmel210001o,9325001,9375000,9350003,49992,0.0096,0.0104,0.0055,0.0169,0.0023,0.0023,0.0009,0.0085,0.0092,0.0097,0.0085,0.0164,0.0303,0.0219,0.0223,0.023,0.0232,0.0082,0.0165,0.0299,0.0224,0.0227,0.0231,0.0233,0.015,0.0299,0.0234,0.0236,0.0242,0.0244,0.0307,0.027,0.0272,0.0275,0.0276,0.029,0.0289,0.0296,0.0296,0.0028,0.0099,0.0095,0.0101,0.0095,0.0086,-0.0144,0.0658,0.1333,0.6845,0.5882,0.6343,0.4506,0.4394,0.021,0.1178,0.6635,0.5745,0.6165,0.434,0.4234,0.1898,0.7809,0.7288,0.7755,0.5681,0.5555,0.5506,0.5077,0.5405,0.3921,0.3807,0.86,0.9007,0.704,0.6888,0.2939,0.308,0.2599,0.3798,0.3248,-0.0125
Hmel210001o,9350001,9400000,9375000,50000,0.0148,0.0155,0.011,0.0228,0.0032,0.007,0.0037,0.0147,0.0144,0.0152,0.0139,0.0218,0.0358,0.0295,0.0314,0.0311,0.031,0.0134,0.0218,0.0353,0.0294,0.0306,0.0304,0.0304,0.0203,0.0352,0.0304,0.0319,0.0316,0.0315,0.0364,0.0336,0.0347,0.0345,0.0343,0.0352,0.0357,0.0357,0.0357,0.0074,0.0179,0.0173,0.0168,0.016,0.0145,0.0027,0.0408,0.0967,0.6146,0.4762,0.5605,0.3715,0.3757,0.0058,0.0853,0.5971,0.4624,0.5386,0.3505,0.3548,0.1271,0.6795,0.5593,0.64,0.4377,0.442,0.5068,0.4173,0.4814,0.317,0.318,0.7594,0.8328,0.6151,0.6206,0.1697,0.258,0.2464,0.3043,0.2908,-0.0022
Hmel210001o,9375001,9425000,9400000,49993,0.0129,0.0124,0.0128,0.0233,0.0035,0.0085,0.0063,0.0154,0.0149,0.013,0.0131,0.0204,0.0355,0.0263,0.0283,0.0278,0.0278,0.0122,0.0206,0.0356,0.0263,0.0277,0.0272,0.0273,0.0205,0.0355,0.0263,0.028,0.0275,0.0275,0.0365,0.03,0.0311,0.0308,0.0307,0.0347,0.0352,0.0345,0.0347,0.0091,0.0188,0.0186,0.018,0.018,0.0152,0.0125,0.0078,0.088,0.6388,0.4374,0.5082,0.3402,0.3474,-0.0155,0.1027,0.6499,0.4481,0.5117,0.3399,0.3495,0.0943,0.6414,0.4392,0.507,0.3366,0.345,0.4962,0.3407,0.391,0.2505,0.2556,0.7182,0.767,0.5863,0.5966,0.1082,0.2346,0.2386,0.261,0.2712,0.0045
Hmel210001o,9400001,9450000,9425001,49987,0.0106,0.0099,0.01,0.0185,0.0027,0.0078,0.0064,0.0134,0.0131,0.0102,0.0103,0.0162,0.0323,0.0204,0.0207,0.0221,0.0223,0.0097,0.0159,0.0328,0.0211,0.0214,0.0223,0.0227,0.0158,0.0327,0.0211,0.0214,0.0224,0.0227,0.0329,0.0246,0.0249,0.0255,0.0257,0.0299,0.0305,0.0297,0.03,0.0083,0.0159,0.0159,0.017,0.0172,0.0135,-0.0037,0.0001,0.0819,0.6725,0.3954,0.4328,0.3081,0.3186,-0.0119,0.0898,0.6917,0.427,0.4652,0.3276,0.3419,0.0835,0.689,0.4228,0.4621,0.328,0.3406,0.5426,0.3351,0.3673,0.2492,0.2586,0.7159,0.7532,0.5889,0.5988,0.087,0.2107,0.2187,0.2764,0.289,0.0087
Hmel210001o,9425001,9475000,9449824,49261,0.0106,0.0104,0.0102,0.018,0.0031,0.0084,0.0069,0.0139,0.0128,0.0102,0.0103,0.0157,0.0313,0.0204,0.0212,0.0221,0.0224,0.0099,0.0154,0.0318,0.0206,0.0214,0.0224,0.0227,0.0155,0.0322,0.0209,0.0216,0.0227,0.023,0.0315,0.0235,0.0242,0.0246,0.0247,0.0284,0.0296,0.0285,0.029,0.0087,0.0159,0.0158,0.0172,0.0173,0.0136,-0.0155,-0.0079,0.0764,0.6555,0.3817,0.4315,0.3018,0.3289,-0.0193,0.0706,0.6641,0.3911,0.4407,0.3112,0.3377,0.075,0.6703,0.4,0.4481,0.321,0.3477,0.5282,0.3114,0.3523,0.2311,0.2517,0.6775,0.7235,0.5571,0.5846,0.0697,0.1871,0.2093,0.259,0.2868,0.0107
Hmel210001o,9450001,9500000,9475196,49255,0.0126,0.0122,0.013,0.0204,0.0045,0.0078,0.0065,0.0145,0.014,0.0123,0.0129,0.0185,0.0307,0.0224,0.0232,0.0223,0.0225,0.0122,0.0181,0.031,0.0225,0.0232,0.0231,0.0231,0.0183,0.0313,0.0231,0.0237,0.0235,0.0236,0.0308,0.0258,0.0263,0.0257,0.0259,0.0288,0.0297,0.0293,0.0294,0.0081,0.0173,0.017,0.0178,0.0175,0.0148,-0.0033,0.0038,0.081,0.5797,0.3896,0.432,0.2573,0.2704,-0.016,0.0783,0.5903,0.4004,0.4414,0.2806,0.2895,0.0689,0.5781,0.3943,0.4323,0.2752,0.285,0.4562,0.3263,0.3562,0.2101,0.2218,0.6618,0.6998,0.5261,0.5371,0.0661,0.2273,0.2309,0.2719,0.2739,0.0229
Hmel210001o,9475001,9525000,9500004,49950,0.0111,0.0111,0.0113,0.0214,0.0041,0.0087,0.0062,0.0147,0.0153,0.0112,0.0114,0.019,0.0322,0.023,0.0232,0.0219,0.0224,0.011,0.0187,0.0327,0.0235,0.0238,0.0229,0.0232,0.0187,0.0326,0.0236,0.0239,0.0227,0.0231,0.0334,0.0274,0.0275,0.0264,0.0268,0.0303,0.031,0.0304,0.0309,0.0086,0.0177,0.0178,0.018,0.0179,0.0154,0.0046,0.0086,0.1099,0.6338,0.413,0.4738,0.2698,0.2706,-0.0079,0.1024,0.6383,0.4222,0.4839,0.291,0.2875,0.0965,0.633,0.4184,0.4794,0.2842,0.2824,0.4794,0.3204,0.367,0.2074,0.2063,0.6658,0.7292,0.5437,0.5388,0.0758,0.2131,0.2031,0.2784,0.2641,0.0143
Hmel210001o,9500001,9550000,9525011,49948,0.0073,0.0089,0.0084,0.0202,0.0022,0.0062,0.0046,0.013,0.013,0.0083,0.008,0.017,0.0329,0.0192,0.0198,0.0185,0.0191,0.0085,0.0168,0.0331,0.0193,0.0199,0.0189,0.0193,0.0169,0.033,0.0188,0.0196,0.0185,0.0191,0.035,0.0241,0.0246,0.0236,0.024,0.0304,0.031,0.0299,0.0304,0.006,0.0132,0.0134,0.0137,0.0141,0.0126,0.0141,0.0118,0.1492,0.76,0.4973,0.5539,0.3076,0.3214,-0.0102,0.1116,0.7265,0.4546,0.5083,0.2798,0.2901,0.1238,0.7351,0.4575,0.5168,0.2806,0.2947,0.5449,0.3294,0.3674,0.1967,0.2055,0.769,0.8105,0.6106,0.616,0.0574,0.1683,0.1758,0.2294,0.2419,-0.0171
Hmel210001o,9525001,9575000,9549644,49101,0.0089,0.0121,0.0119,0.0197,0.0016,0.0044,0.0034,0.0122,0.0121,0.0109,0.0112,0.0181,0.0339,0.0188,0.0194,0.0187,0.019,0.0118,0.0179,0.0342,0.0192,0.0198,0.019,0.0194,0.0183,0.0338,0.0197,0.0204,0.0197,0.0201,0.0344,0.0235,0.0241,0.0231,0.0235,0.0324,0.0334,0.0323,0.0327,0.0045,0.012,0.0118,0.0129,0.0128,0.0116,0.0209,0.0374,0.1529,0.7443,0.4949,0.5363,0.2922,0.3007,-0.007,0.0841,0.682,0.416,0.4548,0.2326,0.244,0.0988,0.6819,0.4316,0.4717,0.2536,0.2643,0.5575,0.3625,0.3934,0.2077,0.2175,0.8404,0.8694,0.6634,0.6688,0.079,0.1928,0.1876,0.2616,0.2581,-0.0256
Hmel210001o,9550001,9600000,9575093,49106,0.0123,0.0141,0.0144,0.0205,0.0055,0.0083,0.0059,0.0147,0.0149,0.0134,0.0139,0.0207,0.0361,0.0264,0.0265,0.0271,0.0276,0.0141,0.0198,0.0362,0.027,0.0274,0.0274,0.0282,0.0204,0.036,0.028,0.0282,0.0284,0.0292,0.0349,0.0295,0.0299,0.0296,0.0298,0.0348,0.0362,0.0355,0.0363,0.0085,0.016,0.0162,0.0165,0.0168,0.0143,0.0071,0.0217,0.1398,0.6183,0.4537,0.5036,0.3473,0.3543,-0.0037,0.089,0.5895,0.4296,0.4825,0.3243,0.3362,0.0958,0.5819,0.4381,0.4865,0.3356,0.3452,0.4846,0.3734,0.4191,0.272,0.273,0.6824,0.7393,0.5715,0.5761,0.0935,0.1704,0.173,0.2422,0.2467,-0.0174
Hmel210001o,9575001,9625000,9600003,49991,0.0123,0.0103,0.0117,0.0223,0.0061,0.0104,0.007,0.0154,0.0155,0.0114,0.0118,0.0207,0.0342,0.0264,0.0261,0.0276,0.0279,0.011,0.0196,0.0341,0.0268,0.0267,0.0279,0.0283,0.0201,0.0346,0.0272,0.0269,0.0283,0.0287,0.0362,0.0303,0.03,0.031,0.0309,0.0333,0.0341,0.0331,0.0335,0.0097,0.0172,0.0176,0.0172,0.018,0.0151,0.0057,-0.0072,0.118,0.592,0.4142,0.4764,0.3456,0.3495,-0.001,0.1285,0.6288,0.4595,0.5268,0.3841,0.3885,0.1139,0.6078,0.4394,0.5012,0.3669,0.3718,0.4668,0.3273,0.3763,0.2617,0.2604,0.6198,0.6927,0.5256,0.5298,0.0564,0.1513,0.1603,0.222,0.2423,-0.0141
Hmel210001o,9600001,9650000,9624900,49579,0.0094,0.0084,0.0093,0.0222,0.0028,0.0089,0.0058,0.0123,0.012,0.0093,0.0091,0.019,0.0326,0.0196,0.0206,0.0218,0.0217,0.0087,0.0182,0.0331,0.0204,0.0213,0.0225,0.0223,0.0185,0.0333,0.0207,0.0216,0.0228,0.0227,0.0362,0.0259,0.0262,0.0272,0.027,0.0321,0.0327,0.0315,0.0318,0.0083,0.0143,0.014,0.0137,0.0138,0.0118,0.022,-0.0141,0.1302,0.6983,0.3779,0.477,0.3498,0.354,-0.0078,0.1287,0.7226,0.4193,0.5143,0.3835,0.3865,0.1193,0.7056,0.4047,0.4979,0.3709,0.3765,0.5181,0.2824,0.3424,0.2492,0.2518,0.7045,0.7776,0.6278,0.6371,0.0634,0.1576,0.1541,0.2149,0.2274,-0.0167
Hmel210001o,9625001,9675000,9650113,49579,0.0093,0.0101,0.0102,0.0188,0.0034,0.007,0.0046,0.011,0.0104,0.01,0.0097,0.0171,0.0313,0.0173,0.0188,0.0191,0.0192,0.0098,0.0163,0.0319,0.0181,0.0196,0.0197,0.0197,0.0167,0.0319,0.0181,0.0198,0.0198,0.0199,0.0327,0.0229,0.0241,0.0237,0.0238,0.0291,0.0299,0.0291,0.0295,0.0083,0.0129,0.0123,0.0122,0.0116,0.0106,0.0159,-0.004,0.1301,0.6777,0.3749,0.4781,0.3203,0.3382,-0.0181,0.0913,0.666,0.3732,0.4727,0.317,0.3321,0.0994,0.6639,0.3708,0.4735,0.3161,0.3341,0.522,0.3125,0.3821,0.252,0.2651,0.7099,0.7757,0.6177,0.6371,0.1837,0.1849,0.1801,0.2295,0.2282,-0.007
Hmel210001o,9650001,9700000,9675000,50000,0.0107,0.0111,0.0106,0.0185,0.0042,0.0058,0.0038,0.0122,0.0125,0.011,0.0107,0.0176,0.0308,0.0203,0.0206,0.0213,0.0214,0.0107,0.0173,0.0313,0.0204,0.0209,0.0214,0.0215,0.0174,0.0314,0.0205,0.0211,0.0216,0.0218,0.0324,0.0239,0.0244,0.024,0.024,0.0292,0.0298,0.0288,0.0291,0.0067,0.0147,0.0143,0.0148,0.0144,0.0123,0.0052,0.0017,0.1207,0.6245,0.4364,0.4947,0.3131,0.3113,-0.0081,0.1029,0.6219,0.4304,0.4908,0.3083,0.3055,0.1177,0.6326,0.4438,0.506,0.3219,0.3208,0.5097,0.3605,0.4096,0.2395,0.2359,0.7202,0.7747,0.5707,0.5701,0.1721,0.25,0.2316,0.3115,0.293,-0.0024
Hmel210001o,9675001,9725000,9699998,49941,0.0084,0.0096,0.0094,0.0182,0.0043,0.005,0.0032,0.0111,0.0122,0.0091,0.0089,0.0179,0.0297,0.0202,0.0203,0.0223,0.0227,0.0093,0.018,0.0302,0.02,0.0205,0.0223,0.0228,0.0179,0.0303,0.0208,0.021,0.0227,0.0232,0.0309,0.0241,0.0243,0.025,0.0251,0.0289,0.0294,0.028,0.0287,0.0047,0.015,0.0153,0.0151,0.0154,0.0113,0.0082,-0.0012,0.1823,0.6617,0.5169,0.5712,0.4067,0.3909,-0.0095,0.1581,0.6403,0.4817,0.5397,0.3817,0.3695,0.1602,0.6452,0.5006,0.5547,0.3939,0.3798,0.4947,0.3834,0.4244,0.2845,0.2659,0.7332,0.7828,0.5837,0.5687,0.064,0.315,0.2941,0.373,0.3481,-0.0142
Hmel210001o,9700001,9750000,9725024,49922,0.0083,0.0085,0.0093,0.0175,0.0044,0.0049,0.0036,0.0115,0.0125,0.0085,0.0087,0.0168,0.0287,0.0199,0.0208,0.0215,0.0218,0.0086,0.0167,0.0289,0.0198,0.0209,0.0213,0.0218,0.0168,0.0291,0.0206,0.0215,0.0219,0.0222,0.0297,0.0244,0.0251,0.0253,0.0251,0.0278,0.0286,0.0269,0.0277,0.0047,0.0142,0.0149,0.0145,0.0152,0.0116,0.0057,-0.004,0.1658,0.6534,0.5181,0.5718,0.3835,0.3695,-0.0158,0.1592,0.65,0.5102,0.5672,0.3759,0.3658,0.1431,0.635,0.504,0.556,0.3715,0.3569,0.4922,0.4051,0.4436,0.2925,0.2727,0.7279,0.7677,0.5608,0.5505,0.0578,0.2825,0.2765,0.3302,0.324,-0.0167
Hmel210001o,9725001,9775000,9749995,49903,0.01,0.0089,0.009,0.0188,0.0042,0.0052,0.0034,0.0112,0.0114,0.0095,0.0097,0.0174,0.0286,0.021,0.0222,0.0216,0.0216,0.0086,0.0174,0.0286,0.0207,0.0217,0.0211,0.0212,0.0175,0.0287,0.021,0.0219,0.0216,0.0215,0.0316,0.0258,0.0269,0.0261,0.0259,0.026,0.027,0.0262,0.0262,0.0056,0.0124,0.0122,0.0127,0.0127,0.0108,0.0024,0.0086,0.1258,0.6179,0.4853,0.5516,0.3567,0.3528,-0.0201,0.1475,0.6426,0.5079,0.5724,0.3704,0.3668,0.148,0.6406,0.5095,0.5727,0.3769,0.3709,0.4969,0.4004,0.4514,0.2941,0.2868,0.7077,0.765,0.5626,0.5577,0.1326,0.2131,0.201,0.2826,0.2774,-0.0216
Hmel210001o,9750001,9800000,9774925,49678,0.0101,0.0086,0.0085,0.0183,0.0037,0.0047,0.0022,0.011,0.0115,0.0095,0.0095,0.0183,0.0313,0.0229,0.0231,0.0227,0.023,0.0084,0.0179,0.0313,0.0224,0.0225,0.0223,0.0225,0.0179,0.0314,0.0231,0.023,0.0227,0.023,0.0342,0.0269,0.0273,0.0269,0.0271,0.0273,0.028,0.0276,0.0277,0.006,0.0131,0.0122,0.0133,0.0125,0.0106,0.0066,0.0142,0.1551,0.6528,0.5271,0.5961,0.3817,0.3746,-0.0107,0.1765,0.6848,0.5579,0.6287,0.4044,0.3971,0.1791,0.6887,0.5711,0.6392,0.416,0.4087,0.5395,0.4323,0.4885,0.3172,0.3104,0.744,0.8186,0.5945,0.583,0.2841,0.261,0.2111,0.353,0.3062,-0.0325
Hmel210001o,9775001,9825000,9799998,49701,0.0075,0.008,0.0068,0.0176,0.003,0.0026,0.0018,0.0105,0.0148,0.0078,0.0072,0.02,0.0312,0.0266,0.0266,0.0266,0.027,0.0074,0.019,0.0312,0.0265,0.0265,0.0265,0.0269,0.0193,0.0313,0.027,0.027,0.027,0.0274,0.0334,0.029,0.0291,0.0292,0.0298,0.03,0.0303,0.0301,0.0308,0.0038,0.0126,0.0155,0.0127,0.0155,0.014,0.0022,0.0007,0.2601,0.7238,0.6926,0.7143,0.5107,0.4308,-0.0042,0.2281,0.7123,0.6795,0.701,0.4993,0.4206,0.26,0.7402,0.7152,0.7365,0.5307,0.449,0.5553,0.514,0.5315,0.372,0.3088,0.8367,0.8605,0.6484,0.567,0.2789,0.3286,0.294,0.3626,0.3155,0.0556
Hmel210001o,9800001,9850000,9824941,49696,0.0061,0.0085,0.0065,0.0187,0.0027,0.0023,0.0023,0.0063,0.0115,0.0074,0.0062,0.0206,0.0233,0.0231,0.0234,0.0248,0.025,0.0071,0.0195,0.0236,0.0235,0.0238,0.0252,0.0253,0.0199,0.0234,0.0233,0.0237,0.0252,0.0252,0.0272,0.0268,0.0271,0.0278,0.0282,0.025,0.0253,0.0254,0.026,0.0025,0.008,0.0119,0.0081,0.0118,0.0107,0.0025,-0.0102,0.287,0.696,0.7076,0.7091,0.614,0.496,-0.0329,0.2124,0.6314,0.6419,0.6443,0.5607,0.4501,0.2617,0.6846,0.6967,0.6988,0.6079,0.4903,0.4716,0.4741,0.4781,0.4095,0.3259,0.829,0.8292,0.7117,0.5873,0.0417,0.3161,0.2802,0.3156,0.2738,0.0963
Hmel210001o,9825001,9875000,9850023,49664,0.0076,0.0087,0.0073,0.0195,0.0028,0.0031,0.0038,0.009,0.0107,0.0084,0.0074,0.0221,0.0237,0.0187,0.0192,0.0219,0.0208,0.0076,0.0216,0.0241,0.0202,0.0209,0.0231,0.0218,0.0215,0.024,0.0195,0.02,0.0226,0.0213,0.0263,0.0271,0.0278,0.0283,0.028,0.0256,0.0258,0.0256,0.0251,0.0039,0.011,0.0111,0.011,0.011,0.01,0.0138,0.0009,0.2747,0.6565,0.5698,0.5594,0.4659,0.4031,-0.0291,0.2417,0.6304,0.5618,0.5546,0.4612,0.3986,0.2704,0.6688,0.5944,0.5836,0.4871,0.4212,0.4438,0.447,0.4445,0.358,0.3232,0.8034,0.786,0.6422,0.5922,0.0644,0.3041,0.2416,0.2782,0.2162,0.006
Hmel210001o,9850001,9900000,9874622,49138,0.0103,0.0096,0.0099,0.0202,0.0024,0.0044,0.0052,0.0137,0.0118,0.0108,0.0102,0.0268,0.0287,0.0205,0.0213,0.0243,0.0233,0.0095,0.0271,0.029,0.0214,0.0222,0.0247,0.0238,0.027,0.029,0.0211,0.0217,0.0245,0.0235,0.0308,0.0322,0.0331,0.0327,0.0326,0.0295,0.0299,0.029,0.0286,0.0062,0.0175,0.0159,0.0171,0.0158,0.0131,0.0469,0.007,0.3017,0.654,0.4902,0.484,0.3531,0.3716,-0.0145,0.3202,0.6733,0.5245,0.5183,0.3757,0.3972,0.3128,0.6653,0.5101,0.5004,0.3651,0.3832,0.4993,0.4791,0.4764,0.337,0.3642,0.8057,0.7878,0.583,0.6196,0.1381,0.3324,0.342,0.3032,0.315,0.0148
Hmel210001o,9875001,9925000,9899380,47032,0.0106,0.0096,0.0109,0.0236,0.004,0.0063,0.0056,0.0119,0.0094,0.0115,0.0111,0.0269,0.0274,0.0192,0.0198,0.0213,0.0213,0.0099,0.0272,0.0277,0.0191,0.0197,0.0213,0.0216,0.027,0.0277,0.0189,0.0192,0.0208,0.0208,0.0319,0.0294,0.0299,0.03,0.0298,0.0276,0.0279,0.0272,0.0275,0.0072,0.0156,0.0141,0.0152,0.014,0.0109,0.0671,0.0144,0.2528,0.5947,0.4051,0.4352,0.3234,0.3746,-0.0176,0.2754,0.6226,0.4296,0.4594,0.3454,0.4044,0.2516,0.5932,0.3907,0.4145,0.3062,0.3593,0.4333,0.3629,0.3813,0.2842,0.3188,0.7019,0.7211,0.5651,0.6247,0.1009,0.2792,0.2989,0.2851,0.3176,0.013
Hmel210001o,9900001,9950000,9925496,47632,0.0092,0.0091,0.0079,0.0232,0.0089,0.0067,0.0039,0.0098,0.0099,0.0106,0.0098,0.0259,0.0245,0.0168,0.0171,0.0182,0.0183,0.0082,0.0258,0.0246,0.018,0.018,0.0193,0.0194,0.0261,0.0244,0.0173,0.0172,0.0188,0.0188,0.0302,0.0243,0.0244,0.0252,0.0246,0.0249,0.0248,0.0266,0.0264,0.0061,0.0108,0.0103,0.0113,0.0109,0.0096,0.079,0.0749,0.2652,0.4774,0.3727,0.4624,0.3277,0.3264,-0.0161,0.2658,0.481,0.4045,0.488,0.3575,0.3582,0.2911,0.5053,0.423,0.5064,0.3744,0.3727,0.3385,0.2799,0.3335,0.2424,0.2295,0.5391,0.6076,0.4955,0.4913,0.0721,0.1379,0.1101,0.259,0.2379,-0.0161
Hmel210001o,9925001,9975000,9949965,49376,0.0105,0.0105,0.0092,0.0182,0.0068,0.0042,0.0029,0.0118,0.0121,0.0115,0.0108,0.0225,0.0253,0.0201,0.0204,0.0217,0.0218,0.0095,0.0221,0.0256,0.0219,0.0223,0.0233,0.0233,0.0227,0.0255,0.0217,0.0221,0.0233,0.0234,0.0297,0.0246,0.0252,0.0252,0.025,0.0255,0.026,0.027,0.0271,0.0042,0.0127,0.0124,0.0137,0.0133,0.0122,0.0473,0.0508,0.2453,0.5057,0.4803,0.5186,0.3355,0.3303,-0.018,0.2369,0.5104,0.5138,0.5528,0.3671,0.3606,0.2746,0.5395,0.5474,0.5853,0.3953,0.389,0.4337,0.4104,0.4455,0.2747,0.2639,0.6606,0.6981,0.5038,0.4977,0.0911,0.241,0.2172,0.3146,0.2881,0.0102
Hmel210001o,9950001,10000000,9975135,49536,0.0129,0.0127,0.0136,0.0181,0.0051,0.0044,0.0036,0.0142,0.0145,0.013,0.0134,0.0202,0.028,0.0215,0.022,0.0236,0.0239,0.0127,0.0197,0.0286,0.0227,0.0232,0.0247,0.0251,0.0199,0.0289,0.0236,0.0242,0.0251,0.0255,0.0307,0.0254,0.026,0.0262,0.0263,0.0278,0.0287,0.0282,0.0287,0.0047,0.0153,0.0155,0.0161,0.0162,0.0144,0.0083,0.0074,0.1507,0.5285,0.4436,0.4706,0.283,0.2847,-0.0203,0.1427,0.5406,0.47,0.4979,0.3086,0.3108,0.1293,0.5264,0.4647,0.4933,0.3007,0.3044,0.4799,0.4211,0.4466,0.2518,0.2496,0.7211,0.7494,0.5048,0.5069,0.0946,0.2579,0.2575,0.3023,0.2975,0.0021
Hmel210001o,9975001,10025000,10000006,49985,0.0133,0.0127,0.0135,0.0236,0.0044,0.0097,0.0055,0.0146,0.0152,0.0129,0.0135,0.0224,0.0309,0.0226,0.0235,0.0256,0.0266,0.0126,0.0223,0.0314,0.0231,0.0242,0.0264,0.0275,0.0221,0.0319,0.0242,0.0256,0.0273,0.0285,0.0338,0.0286,0.0292,0.0304,0.031,0.0318,0.0323,0.0309,0.0316,0.0102,0.019,0.02,0.0184,0.0195,0.0145,-0.0058,0.0032,0.1258,0.5702,0.3385,0.4445,0.3077,0.3154,-0.0204,0.1323,0.5871,0.3614,0.4699,0.333,0.3411,0.1142,0.5766,0.3662,0.4743,0.3347,0.3434,0.4501,0.2967,0.375,0.2514,0.2525,0.6512,0.748,0.5466,0.543,0.1532,0.2308,0.2448,0.3079,0.3203,-0.0148
Hmel210001o,10000001,10050000,10025000,50000,0.0142,0.0139,0.0142,0.0259,0.0032,0.0135,0.0086,0.0151,0.0161,0.0139,0.014,0.0243,0.0324,0.0224,0.0248,0.0287,0.0301,0.0138,0.0244,0.0326,0.0232,0.0261,0.0295,0.031,0.0239,0.0332,0.0238,0.0267,0.0302,0.0318,0.0359,0.031,0.0323,0.0341,0.0351,0.0339,0.0346,0.0331,0.0341,0.0143,0.0232,0.0245,0.0217,0.0228,0.0153,-0.0078,-0.0083,0.125,0.5923,0.2483,0.3862,0.3376,0.3449,-0.011,0.132,0.5991,0.2704,0.4124,0.3541,0.3627,0.1172,0.6008,0.2771,0.4172,0.3617,0.37,0.4607,0.251,0.3393,0.2733,0.2737,0.6203,0.721,0.5818,0.5747,0.136,0.2483,0.2598,0.3052,0.3116,-0.0106
Hmel210001o,10025001,10075000,10049700,49342,0.0154,0.0167,0.0165,0.0212,0.0048,0.0121,0.0079,0.0171,0.0183,0.0162,0.0161,0.0229,0.0354,0.0239,0.026,0.0301,0.0309,0.0166,0.024,0.0357,0.0252,0.0273,0.0313,0.0321,0.0228,0.0364,0.0257,0.0279,0.0315,0.0324,0.0366,0.0307,0.0315,0.0326,0.0335,0.0361,0.037,0.0365,0.0371,0.0117,0.0232,0.0242,0.0225,0.0232,0.0174,0.0063,0.006,0.1303,0.5721,0.284,0.397,0.3128,0.3084,-0.0006,0.132,0.5529,0.2854,0.3952,0.3117,0.3086,0.1116,0.5636,0.2993,0.4074,0.3188,0.3161,0.5047,0.3201,0.3978,0.2748,0.2716,0.6353,0.7204,0.554,0.5417,0.0853,0.2383,0.2404,0.2994,0.293,-0.0101
Hmel210001o,10050001,10100000,10075031,49327,0.0097,0.0114,0.0111,0.0216,0.005,0.008,0.0044,0.0148,0.0153,0.0107,0.0108,0.0214,0.0311,0.0267,0.0271,0.0287,0.0287,0.0112,0.022,0.0317,0.0278,0.0283,0.0301,0.0301,0.0218,0.0321,0.028,0.0285,0.03,0.0301,0.0327,0.0305,0.0303,0.0303,0.0305,0.032,0.0319,0.0319,0.0322,0.0069,0.0169,0.0173,0.0169,0.0173,0.0148,0.0058,0.0197,0.1904,0.6334,0.5187,0.6045,0.4185,0.4087,-0.0046,0.1723,0.6027,0.4987,0.5794,0.4085,0.3991,0.1728,0.613,0.507,0.5887,0.4131,0.4043,0.4539,0.3776,0.4365,0.2707,0.2643,0.6757,0.7557,0.542,0.5349,0.0598,0.2064,0.2049,0.2901,0.2877,-0.0087
Hmel210001o,10075001,10125000,10099939,49842,0.0084,0.0091,0.0102,0.021,0.0038,0.0056,0.0036,0.0135,0.0132,0.0092,0.0096,0.0216,0.0275,0.0252,0.0262,0.029,0.0291,0.0098,0.0214,0.0282,0.0262,0.0273,0.0303,0.0304,0.0217,0.0279,0.0254,0.0266,0.0296,0.0299,0.0297,0.0283,0.029,0.0291,0.0287,0.0293,0.0299,0.0297,0.0301,0.0065,0.0154,0.0153,0.0162,0.0161,0.0133,0.0244,0.0141,0.2277,0.6514,0.5809,0.6421,0.469,0.4747,0.0047,0.2087,0.6418,0.5762,0.6366,0.472,0.4779,0.1942,0.6136,0.5398,0.6021,0.4437,0.4516,0.4472,0.3946,0.4411,0.2776,0.276,0.7348,0.7898,0.5641,0.5741,0.1804,0.2465,0.2485,0.3217,0.3266,-0.0017
Hmel210001o,10100001,10150000,10125006,49857,0.0139,0.0153,0.0161,0.0199,0.0047,0.0079,0.0052,0.0164,0.0169,0.0159,0.0159,0.0252,0.032,0.0268,0.0284,0.031,0.031,0.0159,0.0238,0.0332,0.028,0.0297,0.0324,0.0323,0.0245,0.0329,0.0273,0.0291,0.0315,0.0316,0.0336,0.0295,0.0314,0.0309,0.0309,0.0337,0.035,0.0346,0.0354,0.0091,0.0195,0.0192,0.0201,0.0202,0.0167,0.0435,0.0315,0.2157,0.565,0.4374,0.5128,0.3588,0.3508,0.0067,0.165,0.5525,0.4303,0.5031,0.3587,0.3499,0.1666,0.5361,0.4062,0.4817,0.3351,0.3286,0.4928,0.389,0.4603,0.2751,0.2676,0.6994,0.7643,0.5492,0.5489,0.1732,0.2445,0.2288,0.3174,0.3085,0.0033
Hmel210001o,10125001,10175000,10149994,49979,0.0166,0.0172,0.0184,0.0202,0.005,0.0116,0.0087,0.017,0.0185,0.0177,0.0185,0.0263,0.0352,0.0264,0.0285,0.0306,0.0308,0.0177,0.0245,0.0357,0.0274,0.0297,0.0315,0.0317,0.0252,0.0363,0.0283,0.0308,0.0316,0.0319,0.0361,0.0301,0.032,0.0319,0.0323,0.036,0.037,0.0352,0.0368,0.0116,0.0216,0.0215,0.0215,0.0216,0.0176,0.023,0.0288,0.1912,0.5464,0.317,0.4011,0.3042,0.2878,-0.0036,0.1457,0.5411,0.324,0.408,0.3085,0.2925,0.1405,0.5287,0.3209,0.4049,0.295,0.2802,0.5098,0.3312,0.4054,0.2769,0.2629,0.6394,0.7021,0.5388,0.5324,0.0703,0.2136,0.1861,0.2634,0.2396,-0.0031
Hmel210001o,10150001,10200000,10174790,49444,0.0142,0.0146,0.0158,0.0209,0.0048,0.0112,0.0087,0.0145,0.0163,0.0144,0.0153,0.0227,0.0327,0.0211,0.0227,0.0273,0.028,0.015,0.022,0.0327,0.0217,0.0235,0.0278,0.0285,0.0221,0.0333,0.0226,0.0245,0.0281,0.029,0.0333,0.0256,0.0268,0.0292,0.0299,0.0336,0.0348,0.0319,0.0336,0.0107,0.0214,0.0213,0.0211,0.021,0.0153,-0.0001,0.0109,0.1471,0.5652,0.2602,0.3432,0.3244,0.3083,-0.0074,0.1263,0.5582,0.2675,0.3513,0.3267,0.3105,0.1092,0.5443,0.2665,0.349,0.3142,0.3017,0.4732,0.2576,0.319,0.2644,0.248,0.6307,0.689,0.5511,0.538,0.0404,0.2619,0.2263,0.303,0.2658,-0.0044
Hmel210001o,10175001,10225000,10199945,49032,0.0141,0.016,0.0164,0.0228,0.0051,0.01,0.0054,0.014,0.0157,0.0149,0.0151,0.0231,0.0316,0.0196,0.0208,0.0253,0.0259,0.0157,0.0229,0.031,0.0204,0.0218,0.0264,0.0267,0.0232,0.0317,0.0201,0.0213,0.026,0.0264,0.0323,0.0255,0.0264,0.0291,0.0296,0.0314,0.0321,0.0309,0.0314,0.01,0.0194,0.0196,0.0186,0.0196,0.0147,-0.0062,-0.0035,0.1374,0.5506,0.2522,0.3789,0.2999,0.2836,-0.0194,0.1005,0.5074,0.2332,0.3553,0.2868,0.2668,0.1025,0.5083,0.2179,0.3373,0.273,0.255,0.4303,0.2502,0.3442,0.2468,0.2315,0.627,0.7322,0.5423,0.5179,0.1383,0.2465,0.2187,0.3288,0.3157,-0.0076
Hmel210001o,10200001,10250000,10225105,49562,0.0163,0.0177,0.0177,0.0234,0.0064,0.0102,0.0069,0.0161,0.0183,0.0172,0.0176,0.0256,0.0333,0.0215,0.0219,0.0288,0.0295,0.0171,0.0249,0.0333,0.0224,0.0229,0.0305,0.0309,0.0246,0.0335,0.0225,0.023,0.03,0.0303,0.0344,0.0288,0.0295,0.032,0.0326,0.033,0.0338,0.0333,0.034,0.0113,0.0227,0.023,0.0225,0.0235,0.0173,0.0056,0.0169,0.1463,0.5088,0.2485,0.3233,0.2942,0.2749,-0.0193,0.1126,0.4843,0.2429,0.315,0.3004,0.2761,0.105,0.4868,0.2444,0.3166,0.2919,0.2664,0.428,0.2948,0.3573,0.2569,0.2359,0.6132,0.6861,0.5116,0.4839,0.1467,0.2797,0.2462,0.3377,0.3167,0.0047
Hmel210001o,10225001,10275000,10249967,49883,0.0178,0.0175,0.0181,0.0239,0.0069,0.01,0.0077,0.0171,0.0193,0.0197,0.0204,0.0282,0.035,0.0277,0.0287,0.033,0.0338,0.0179,0.0253,0.0355,0.028,0.0289,0.0345,0.0351,0.0245,0.0356,0.029,0.03,0.035,0.0354,0.0359,0.0325,0.0339,0.0346,0.0353,0.0344,0.0357,0.0351,0.0359,0.0106,0.0244,0.0247,0.0252,0.0256,0.0188,0.0606,0.0699,0.1686,0.4946,0.347,0.4012,0.3221,0.3055,0.0037,0.1194,0.5041,0.3572,0.4092,0.3467,0.327,0.0934,0.4966,0.3632,0.4149,0.3451,0.3229,0.4314,0.345,0.3969,0.2746,0.2563,0.6209,0.6749,0.506,0.481,0.0994,0.2996,0.2676,0.355,0.3247,0.0175
Hmel210001o,10250001,10300000,10274954,49749,0.0197,0.0192,0.0192,0.0235,0.0063,0.0117,0.0067,0.0174,0.018,0.0212,0.0219,0.0279,0.0358,0.033,0.0352,0.034,0.0346,0.0193,0.025,0.0357,0.0333,0.0355,0.035,0.0355,0.0243,0.0368,0.0348,0.0368,0.0366,0.0367,0.0352,0.0343,0.0362,0.0348,0.0354,0.0351,0.0363,0.036,0.0363,0.0113,0.0217,0.022,0.0222,0.0224,0.0183,0.0464,0.0634,0.14,0.4819,0.3699,0.4712,0.3065,0.3077,0.002,0.0918,0.4891,0.3812,0.4827,0.3276,0.326,0.0779,0.5005,0.3994,0.4961,0.3473,0.3417,0.4366,0.3472,0.4425,0.2776,0.2777,0.6062,0.7093,0.5195,0.5136,0.1084,0.2056,0.2025,0.3108,0.303,0.0176
Hmel210001o,10275001,10325000,10299876,49087,0.0202,0.0212,0.0194,0.0211,0.008,0.0126,0.01,0.0168,0.0178,0.0211,0.0206,0.0254,0.035,0.0286,0.0307,0.0318,0.0322,0.02,0.0249,0.0355,0.0288,0.0318,0.0331,0.0335,0.0251,0.0358,0.0302,0.0325,0.0339,0.034,0.0361,0.0299,0.0324,0.0337,0.0342,0.035,0.0362,0.0353,0.0363,0.0151,0.0234,0.0242,0.0228,0.0232,0.0177,0.0109,0.0225,0.109,0.4415,0.2847,0.3548,0.2774,0.2707,-0.009,0.0842,0.4319,0.2715,0.3555,0.2827,0.2766,0.1149,0.4625,0.3213,0.3921,0.3179,0.3063,0.4504,0.3015,0.3773,0.2951,0.2878,0.5605,0.616,0.4962,0.4905,0.1497,0.2395,0.2395,0.2714,0.2629,0.0134
Hmel210001o,10300001,10350000,10325264,49218,0.0181,0.019,0.0194,0.0225,0.0062,0.0092,0.0093,0.0167,0.0175,0.019,0.0188,0.0247,0.0336,0.0268,0.028,0.0293,0.0293,0.0189,0.0245,0.0348,0.0266,0.0291,0.0304,0.0307,0.025,0.0347,0.0279,0.0295,0.0306,0.0306,0.0363,0.0289,0.0307,0.0321,0.0323,0.0343,0.0352,0.0342,0.0346,0.0122,0.0225,0.0228,0.022,0.0223,0.0169,0.0131,0.0031,0.113,0.4852,0.3396,0.3573,0.2679,0.2577,-0.0096,0.0939,0.4836,0.3212,0.3592,0.2729,0.2669,0.0984,0.4765,0.3365,0.3601,0.27,0.2612,0.4632,0.3226,0.3475,0.2591,0.2516,0.6472,0.6528,0.5137,0.5066,0.1429,0.2805,0.2754,0.2684,0.2624,-0.0047
Hmel210001o,10325001,10375000,10349993,49955,0.0133,0.0146,0.0151,0.0222,0.0035,0.005,0.0049,0.0151,0.0147,0.0138,0.0144,0.0214,0.0311,0.0262,0.0268,0.027,0.0271,0.0144,0.0214,0.0314,0.0258,0.0267,0.0269,0.0272,0.0211,0.0316,0.0263,0.027,0.0268,0.0272,0.033,0.029,0.0296,0.0294,0.0298,0.0311,0.0316,0.0309,0.0311,0.0058,0.0169,0.017,0.0173,0.0177,0.0149,-0.0027,0.0068,0.1184,0.5913,0.5004,0.5092,0.3255,0.3323,-0.0166,0.0984,0.5699,0.4675,0.4812,0.3032,0.3137,0.0814,0.5614,0.4642,0.4749,0.2937,0.3046,0.4734,0.399,0.4065,0.2438,0.2547,0.7718,0.7759,0.5539,0.5621,0.0828,0.2677,0.2798,0.2806,0.2984,0.0017
Hmel210001o,10350001,10400000,10375011,49961,0.0091,0.0094,0.0089,0.02,0.002,0.0022,0.0022,0.0097,0.0096,0.0092,0.0094,0.0174,0.029,0.019,0.0194,0.02,0.0205,0.0088,0.0175,0.029,0.0189,0.0193,0.02,0.0208,0.0171,0.0286,0.0187,0.019,0.0197,0.0204,0.0314,0.0239,0.0242,0.0246,0.025,0.0281,0.0285,0.027,0.0275,0.0028,0.0118,0.0124,0.012,0.0128,0.01,-0.0059,0.0222,0.1267,0.6926,0.5585,0.5657,0.3768,0.3896,-0.0187,0.1235,0.6851,0.5476,0.5543,0.3686,0.3872,0.123,0.695,0.5603,0.5667,0.3747,0.3916,0.5151,0.4094,0.4156,0.2767,0.2863,0.8691,0.8716,0.6589,0.6666,0.1318,0.3461,0.3718,0.3533,0.3875,0.0219
Hmel210001o,10375001,10425000,10399759,49437,0.0082,0.0079,0.008,0.0176,0.0011,0.0018,0.0009,0.0067,0.0068,0.0077,0.0077,0.0159,0.0296,0.0103,0.0103,0.0124,0.0127,0.0074,0.0155,0.0301,0.0112,0.0112,0.013,0.0134,0.0155,0.0299,0.0106,0.0107,0.0128,0.0131,0.0323,0.0185,0.0187,0.0193,0.0195,0.0289,0.0294,0.0283,0.0285,0.0018,0.0081,0.0085,0.0082,0.0088,0.0069,-0.0237,-0.0257,0.1408,0.7423,0.3639,0.4049,0.2609,0.2723,-0.0368,0.1336,0.7524,0.4112,0.4511,0.2922,0.3077,0.1324,0.7478,0.385,0.4247,0.2804,0.2924,0.5805,0.363,0.3878,0.2635,0.2669,0.9121,0.9385,0.7688,0.7702,0.1463,0.324,0.3501,0.3788,0.4113,0.0103
Hmel210001o,10400001,10450000,10425041,49434,0.0077,0.0099,0.0099,0.0162,0.0025,0.0028,0.0011,0.0079,0.0087,0.0085,0.0085,0.0183,0.0274,0.0121,0.0122,0.0137,0.0143,0.0092,0.0173,0.0278,0.0131,0.0132,0.014,0.0145,0.0174,0.0278,0.0127,0.0129,0.0139,0.0143,0.0298,0.0207,0.0211,0.0204,0.0203,0.027,0.0275,0.0272,0.0271,0.0027,0.0079,0.0091,0.0085,0.0096,0.0084,-0.0202,-0.0221,0.2405,0.6985,0.4076,0.4834,0.2865,0.2826,-0.0422,0.1635,0.6487,0.36,0.4262,0.2337,0.2287,0.1663,0.6487,0.3474,0.416,0.2294,0.2242,0.5506,0.41,0.4587,0.2863,0.2666,0.8288,0.8831,0.6938,0.6728,0.1596,0.2059,0.2364,0.3208,0.3403,0.0107
Hmel210001o,10425001,10475000,10449981,49902,0.0072,0.0092,0.0088,0.0176,0.0036,0.0033,0.0013,0.0085,0.0097,0.0083,0.0082,0.0184,0.0245,0.0229,0.0239,0.0238,0.0245,0.0086,0.0176,0.0248,0.0237,0.0246,0.0242,0.0246,0.0174,0.0247,0.0236,0.0246,0.0241,0.0246,0.0271,0.0278,0.0286,0.0276,0.0275,0.027,0.0281,0.0275,0.0276,0.003,0.0094,0.0103,0.0102,0.0112,0.0093,0.0061,0.0113,0.231,0.6536,0.6441,0.711,0.5221,0.5036,-0.0242,0.1666,0.6045,0.5986,0.6614,0.4814,0.4608,0.17,0.6139,0.6076,0.6726,0.4893,0.47,0.4698,0.4869,0.5355,0.3851,0.3604,0.7844,0.846,0.6542,0.6261,0.1403,0.2417,0.2388,0.3667,0.3541,0.0111
Hmel210001o,10450001,10500000,10474913,49447,0.0099,0.0108,0.0101,0.0214,0.0053,0.0079,0.006,0.0111,0.0124,0.0102,0.0104,0.0192,0.0286,0.0255,0.0259,0.0269,0.0275,0.0103,0.019,0.0288,0.0257,0.0261,0.0273,0.0278,0.0185,0.0292,0.0258,0.0266,0.0273,0.0281,0.0322,0.0296,0.0299,0.0301,0.0308,0.0314,0.0324,0.0318,0.0322,0.008,0.0148,0.0148,0.0154,0.0155,0.0118,-0.008,0.0211,0.1368,0.596,0.4984,0.5469,0.4559,0.439,-0.0084,0.1135,0.5786,0.4813,0.5289,0.4441,0.4258,0.1159,0.5975,0.4982,0.551,0.4571,0.4432,0.4462,0.3686,0.4057,0.3249,0.3139,0.6681,0.7173,0.607,0.5843,0.0757,0.2308,0.1964,0.3005,0.2693,0.0053
Hmel210001o,10475001,10525000,10500120,49540,0.0142,0.0152,0.0135,0.0244,0.0062,0.0107,0.0093,0.014,0.0154,0.0143,0.0139,0.0224,0.0341,0.0221,0.0236,0.0249,0.0252,0.014,0.0223,0.0341,0.0222,0.024,0.0251,0.0254,0.0217,0.0345,0.0222,0.0249,0.0254,0.0259,0.0365,0.0285,0.0299,0.0297,0.0302,0.0339,0.0347,0.0341,0.0341,0.0129,0.0198,0.02,0.0192,0.0197,0.0147,-0.0139,0.0038,0.1021,0.5558,0.2917,0.3504,0.2899,0.2729,-0.0128,0.0855,0.5383,0.2763,0.3389,0.2766,0.2604,0.0972,0.5724,0.3077,0.3879,0.3108,0.2976,0.4424,0.2697,0.3134,0.2397,0.2289,0.6162,0.6506,0.5585,0.535,0.1324,0.2416,0.2212,0.2567,0.2397,-0.0005
Hmel210001o,10500001,10550000,10525000,49999,0.0138,0.013,0.0128,0.0245,0.004,0.0071,0.005,0.0131,0.0129,0.0131,0.013,0.0224,0.0357,0.0217,0.0238,0.0227,0.023,0.0125,0.0227,0.036,0.0221,0.0244,0.023,0.0233,0.0223,0.036,0.0215,0.0245,0.0231,0.0234,0.037,0.0273,0.0292,0.0274,0.0276,0.0357,0.0365,0.0353,0.0353,0.0084,0.0161,0.0171,0.0157,0.0168,0.0127,-0.0126,-0.0139,0.1052,0.6165,0.3638,0.4501,0.2688,0.2784,-0.0144,0.126,0.6335,0.388,0.4777,0.2889,0.2989,0.1209,0.6386,0.3832,0.4845,0.2964,0.3059,0.478,0.3056,0.369,0.2153,0.2214,0.7434,0.7928,0.6269,0.6305,0.1701,0.241,0.2747,0.2821,0.3213,-0.0093
Hmel210001o,10525001,10575000,10549389,48252,0.0097,0.0092,0.0092,0.0237,0.0022,0.0055,0.0015,0.0112,0.0094,0.0092,0.0095,0.0209,0.0348,0.0177,0.0182,0.0174,0.0176,0.009,0.0211,0.0352,0.0182,0.0188,0.018,0.0181,0.0213,0.0353,0.0177,0.0182,0.0176,0.0178,0.0374,0.0242,0.0249,0.024,0.0239,0.0342,0.0346,0.0339,0.0334,0.0039,0.0117,0.012,0.0114,0.0117,0.0105,-0.0153,0.005,0.1509,0.7212,0.4143,0.546,0.261,0.309,-0.0103,0.1653,0.7344,0.4402,0.5744,0.2894,0.336,0.1685,0.7349,0.4298,0.5635,0.2798,0.3288,0.5184,0.2922,0.3793,0.1893,0.2175,0.8078,0.9053,0.683,0.717,0.0686,0.1736,0.2446,0.2972,0.3799,0.0108
Hmel210001o,10550001,10600000,10574590,46665,0.0082,0.0089,0.0078,0.0195,0.0021,0.004,0.0019,0.0108,0.0094,0.0085,0.0083,0.0171,0.0321,0.0149,0.0151,0.0158,0.0158,0.0082,0.0169,0.0324,0.0155,0.0158,0.0163,0.0162,0.0172,0.0326,0.0153,0.0155,0.016,0.0159,0.0336,0.0212,0.0216,0.022,0.0219,0.0297,0.03,0.0305,0.0299,0.003,0.0112,0.0109,0.0108,0.0104,0.0103,-0.0024,0.0211,0.1433,0.7351,0.4348,0.5155,0.2597,0.2944,-0.0079,0.1254,0.7233,0.4287,0.5073,0.2602,0.2917,0.156,0.7488,0.4616,0.5403,0.2788,0.3125,0.5443,0.3311,0.3858,0.2116,0.2346,0.8241,0.883,0.6654,0.6902,0.0202,0.2177,0.251,0.2761,0.3093,0.0105
Hmel210001o,10575001,10625000,10600133,48411,0.0109,0.012,0.0106,0.0175,0.0033,0.003,0.004,0.0144,0.0132,0.0119,0.0113,0.017,0.0334,0.0204,0.021,0.0203,0.0207,0.0112,0.0166,0.0332,0.0208,0.0211,0.0205,0.0207,0.0163,0.033,0.0212,0.0212,0.0206,0.0208,0.0329,0.0239,0.024,0.0232,0.0236,0.03,0.0306,0.0305,0.0304,0.0041,0.0149,0.0151,0.0157,0.0159,0.0135,0.0182,0.0284,0.1146,0.6647,0.5085,0.4907,0.2455,0.2768,-0.0051,0.0785,0.6411,0.4843,0.4644,0.2275,0.256,0.1001,0.6686,0.5308,0.5039,0.2584,0.2864,0.5471,0.4361,0.4151,0.1997,0.2298,0.8205,0.7975,0.5677,0.5905,0.0802,0.275,0.3173,0.2731,0.3105,-0.0109
Hmel210001o,10600001,10650000,10625000,49996,0.0127,0.0138,0.0122,0.0194,0.0039,0.0044,0.0038,0.0155,0.0139,0.0138,0.013,0.0191,0.0332,0.0234,0.0241,0.0222,0.0228,0.0128,0.0184,0.0332,0.0246,0.0248,0.0227,0.0235,0.0178,0.0327,0.025,0.025,0.0229,0.0236,0.0333,0.0272,0.0274,0.025,0.0256,0.0321,0.0328,0.0313,0.0315,0.0052,0.0164,0.0162,0.0176,0.0173,0.0146,0.0197,0.0223,0.1086,0.6147,0.4807,0.5067,0.2337,0.2766,-0.009,0.0696,0.5937,0.4759,0.4935,0.2259,0.2704,0.0839,0.6185,0.5175,0.5319,0.2573,0.3017,0.5098,0.4269,0.4408,0.1932,0.2306,0.7818,0.8006,0.542,0.5752,0.1267,0.2583,0.2936,0.3054,0.3393,-0.0026
Hmel210001o,10625001,10675000,10650001,49996,0.012,0.0112,0.0111,0.0192,0.003,0.0051,0.0032,0.0109,0.0119,0.0118,0.0115,0.0178,0.029,0.0178,0.0184,0.0177,0.0182,0.0109,0.0174,0.0296,0.0203,0.0205,0.0192,0.0198,0.0173,0.0296,0.0206,0.0208,0.0195,0.02,0.0309,0.0238,0.0242,0.0227,0.0228,0.0291,0.0297,0.0281,0.0283,0.0052,0.0121,0.013,0.0126,0.0133,0.0116,0.0084,-0.0031,0.0907,0.6035,0.3667,0.4323,0.2236,0.218,-0.0143,0.0948,0.6276,0.443,0.4971,0.2812,0.2742,0.0927,0.63,0.4512,0.5055,0.2909,0.2818,0.5024,0.3606,0.4067,0.2264,0.211,0.7669,0.8207,0.6169,0.5986,0.1254,0.2126,0.2185,0.297,0.2906,0.0095
Hmel210001o,10650001,10700000,10675000,49997,0.0132,0.0122,0.0127,0.0193,0.0037,0.0068,0.0078,0.013,0.0142,0.0129,0.013,0.0182,0.0312,0.0201,0.0202,0.021,0.0217,0.012,0.018,0.0314,0.0215,0.0214,0.0224,0.0229,0.0183,0.032,0.0219,0.022,0.0228,0.0234,0.0322,0.0245,0.0244,0.025,0.0251,0.0297,0.0303,0.029,0.0293,0.009,0.0145,0.0157,0.0159,0.0171,0.0135,0.0085,0.0033,0.0767,0.5892,0.3503,0.3303,0.243,0.2391,-0.0182,0.0917,0.6126,0.4034,0.3793,0.2936,0.2825,0.0874,0.6076,0.3995,0.379,0.2921,0.2824,0.5038,0.3382,0.3169,0.2359,0.2174,0.7128,0.6953,0.569,0.5486,0.1146,0.1999,0.2102,0.2195,0.2286,-0.0048
Hmel210001o,10675001,10725000,10700000,49991,0.0179,0.0165,0.0168,0.0223,0.0034,0.0114,0.0103,0.0171,0.0158,0.0174,0.0176,0.0221,0.0321,0.0234,0.0222,0.0258,0.027,0.0162,0.0209,0.0325,0.0248,0.0232,0.0279,0.0288,0.0219,0.0331,0.0254,0.0238,0.028,0.0291,0.0336,0.0269,0.0257,0.0298,0.0303,0.032,0.0318,0.0323,0.0326,0.0132,0.021,0.0207,0.0233,0.0237,0.0165,0.0062,0.0066,0.0605,0.5172,0.2416,0.2333,0.2016,0.2421,-0.0149,0.0553,0.5469,0.2932,0.2806,0.2601,0.2956,0.0729,0.5475,0.299,0.2872,0.2571,0.2944,0.4808,0.2574,0.2544,0.2198,0.2472,0.6389,0.6588,0.5332,0.5611,0.1044,0.2019,0.2174,0.2706,0.3025,-0.0002
Hmel210001o,10700001,10750000,10725002,49992,0.017,0.016,0.016,0.0227,0.0019,0.0111,0.0074,0.0157,0.0138,0.0165,0.0166,0.022,0.0271,0.0223,0.0211,0.0252,0.0261,0.0156,0.0208,0.0282,0.024,0.0224,0.0275,0.0282,0.0217,0.028,0.024,0.0224,0.0271,0.0278,0.0298,0.0262,0.0253,0.0292,0.0297,0.0274,0.027,0.0287,0.0286,0.0105,0.019,0.0182,0.0206,0.0205,0.015,0.0019,0.0034,0.0676,0.4997,0.2377,0.2782,0.2226,0.2709,-0.0111,0.056,0.536,0.2917,0.3292,0.2818,0.3234,0.0765,0.5326,0.292,0.3275,0.2737,0.3171,0.4564,0.2456,0.291,0.2264,0.263,0.6325,0.72,0.547,0.5865,0.0648,0.1809,0.1988,0.2925,0.3319,0.0081
Hmel210001o,10725001,10775000,10749993,49975,0.0126,0.0128,0.012,0.0212,0.0022,0.0055,0.0033,0.0139,0.0117,0.0126,0.0123,0.0187,0.0252,0.0248,0.0254,0.0247,0.0265,0.0122,0.0183,0.0257,0.0252,0.0258,0.0253,0.0271,0.0183,0.0252,0.025,0.0256,0.025,0.0268,0.027,0.0276,0.028,0.0273,0.0285,0.0233,0.0239,0.0233,0.0236,0.0049,0.0139,0.0129,0.0146,0.0138,0.0127,-0.0047,0.0006,0.0779,0.5617,0.4815,0.5397,0.3166,0.3876,-0.0108,0.0631,0.564,0.4827,0.5412,0.3247,0.3935,0.0781,0.5743,0.4964,0.5553,0.3309,0.4023,0.4364,0.3849,0.4302,0.2403,0.2947,0.7279,0.8035,0.5031,0.5608,0.0585,0.1878,0.2129,0.2706,0.3109,-0.0028
Hmel210001o,10750001,10800000,10775005,49975,0.0134,0.014,0.0129,0.0212,0.0034,0.0077,0.0061,0.0154,0.0146,0.0136,0.013,0.0191,0.0296,0.0241,0.0262,0.0252,0.027,0.0132,0.0185,0.0299,0.0254,0.0275,0.0259,0.0279,0.0183,0.0294,0.025,0.027,0.0253,0.0274,0.0304,0.0274,0.0288,0.0273,0.0285,0.028,0.0292,0.0271,0.0283,0.0085,0.0164,0.0165,0.0165,0.0168,0.0149,-0.003,-0.004,0.0728,0.5731,0.4075,0.4746,0.2854,0.3302,-0.0079,0.0468,0.5644,0.4181,0.481,0.29,0.3367,0.0637,0.5816,0.4336,0.4965,0.2963,0.3456,0.4591,0.343,0.3911,0.2166,0.2477,0.6834,0.732,0.5005,0.5328,0.1104,0.1838,0.2027,0.2229,0.2486,-0.0055
Hmel210001o,10775001,10825000,10799999,49989,0.017,0.018,0.0178,0.0218,0.0054,0.0132,0.0115,0.0196,0.0197,0.0176,0.0175,0.0218,0.0348,0.0227,0.0242,0.0269,0.0278,0.0177,0.021,0.0354,0.0251,0.0266,0.0283,0.0294,0.0212,0.0352,0.025,0.0266,0.0278,0.0291,0.0348,0.0269,0.028,0.0287,0.0294,0.0337,0.035,0.0334,0.0339,0.0142,0.0229,0.0234,0.0233,0.0242,0.0192,0.0016,0.0026,0.0733,0.5294,0.2109,0.2715,0.1992,0.2171,-0.0062,0.0363,0.5189,0.2436,0.2985,0.2108,0.2305,0.0445,0.5203,0.2443,0.3016,0.2057,0.2283,0.4686,0.2337,0.2811,0.1718,0.183,0.5834,0.6264,0.4717,0.4771,0.0726,0.1728,0.1844,0.2094,0.228,-0.0113
Hmel210001o,10800001,10850000,10824979,49642,0.0211,0.023,0.0229,0.0229,0.0081,0.0136,0.0102,0.0205,0.0205,0.0232,0.0229,0.0248,0.0354,0.0252,0.0261,0.0281,0.0292,0.0226,0.0245,0.0359,0.0269,0.0277,0.0299,0.0311,0.0244,0.0358,0.0272,0.0283,0.03,0.0312,0.0351,0.0291,0.0298,0.0305,0.0314,0.0344,0.0356,0.0342,0.0344,0.0133,0.0242,0.0248,0.0244,0.0254,0.0201,0.0274,0.0218,0.0663,0.4311,0.1948,0.2624,0.1574,0.176,-0.008,0.034,0.4114,0.2005,0.2641,0.1669,0.1864,0.0324,0.4108,0.2077,0.2749,0.1689,0.1891,0.4166,0.2539,0.3166,0.1793,0.1932,0.5373,0.6072,0.4257,0.4276,0.0593,0.1825,0.1949,0.2389,0.2583,-0.0117
Hmel210001o,10825001,10875000,10850151,49651,0.0242,0.0252,0.0243,0.024,0.0077,0.0138,0.0102,0.0202,0.021,0.0263,0.0259,0.0268,0.0366,0.0274,0.0293,0.0295,0.0304,0.0245,0.0263,0.0366,0.0295,0.0308,0.0315,0.0325,0.0256,0.0364,0.0297,0.0312,0.0318,0.0325,0.035,0.032,0.033,0.032,0.0324,0.0377,0.0387,0.0361,0.0373,0.0138,0.0251,0.0258,0.0242,0.0254,0.0201,0.0327,0.0338,0.0545,0.4081,0.1912,0.272,0.149,0.1547,-0.0043,0.0318,0.3958,0.2153,0.2828,0.1714,0.1789,0.0298,0.4041,0.2302,0.3013,0.1851,0.1882,0.4072,0.2809,0.3453,0.1946,0.1913,0.5722,0.6387,0.4572,0.4606,0.0729,0.2012,0.2057,0.2389,0.25,-0.0124
Hmel210001o,10850001,10900000,10875001,49998,0.022,0.0215,0.0217,0.0222,0.0044,0.0149,0.0141,0.0204,0.0214,0.0222,0.0224,0.0243,0.0333,0.0253,0.0271,0.0295,0.0303,0.0218,0.0233,0.0335,0.027,0.0288,0.0304,0.0314,0.0239,0.0336,0.0278,0.0296,0.0315,0.0323,0.0315,0.0283,0.0297,0.0298,0.0304,0.034,0.0358,0.033,0.0344,0.016,0.0255,0.0263,0.0262,0.027,0.0203,0.0099,0.0112,0.0497,0.4472,0.1654,0.2109,0.1727,0.1736,0.0045,0.0354,0.4575,0.2053,0.2482,0.1943,0.1989,0.0439,0.4554,0.2164,0.2577,0.2095,0.2092,0.441,0.2283,0.2627,0.1762,0.1716,0.5741,0.6054,0.4705,0.4711,0.0532,0.1926,0.1932,0.2167,0.2184,-0.015
Hmel210001o,10875001,10925000,10899872,49474,0.0191,0.0192,0.0199,0.0222,0.0041,0.0159,0.0158,0.0202,0.0217,0.019,0.019,0.0224,0.0308,0.024,0.0246,0.0292,0.03,0.0194,0.0222,0.0316,0.0242,0.0254,0.0295,0.0305,0.0232,0.0313,0.0243,0.0253,0.03,0.0308,0.0309,0.0261,0.0267,0.0291,0.0298,0.0299,0.0321,0.0309,0.0318,0.0173,0.0248,0.0261,0.0264,0.0278,0.0205,-0.0041,-0.0135,0.0497,0.4693,0.1646,0.1794,0.2048,0.1996,-0.0042,0.0444,0.4787,0.1684,0.1951,0.2101,0.2067,0.0554,0.4621,0.1603,0.1818,0.2096,0.2038,0.4396,0.1748,0.1878,0.167,0.1587,0.5154,0.5441,0.4522,0.4388,0.0462,0.1656,0.1701,0.1989,0.2045,-0.0116
Hmel210001o,10900001,10950000,10925136,49464,0.0187,0.0198,0.0202,0.0236,0.0053,0.0146,0.0147,0.0199,0.0211,0.0191,0.0196,0.0233,0.0335,0.0253,0.0258,0.0287,0.0294,0.0198,0.0236,0.034,0.0256,0.0262,0.0295,0.0304,0.0245,0.0339,0.0257,0.0266,0.0297,0.0306,0.0338,0.0292,0.0297,0.0309,0.0314,0.0334,0.0349,0.0333,0.0345,0.0171,0.0239,0.0248,0.0253,0.0268,0.0202,-0.0042,0.0044,0.061,0.4892,0.2159,0.2251,0.2057,0.2027,-0.0054,0.0516,0.4769,0.2061,0.2162,0.205,0.2064,0.0657,0.4696,0.202,0.2186,0.203,0.2043,0.4365,0.2331,0.2403,0.1868,0.1803,0.5574,0.5716,0.4665,0.4637,0.0834,0.1707,0.1728,0.1972,0.2107,-0.0067
Hmel210001o,10925001,10975000,10950001,49970,0.0219,0.0221,0.0229,0.024,0.0058,0.0141,0.0118,0.0204,0.0209,0.0223,0.0229,0.0257,0.0348,0.0275,0.0288,0.0305,0.0306,0.0223,0.0252,0.0347,0.0283,0.0298,0.0313,0.0319,0.0262,0.0356,0.0291,0.0311,0.0323,0.0328,0.0344,0.0308,0.0323,0.0321,0.0323,0.0339,0.0358,0.034,0.0352,0.0153,0.0246,0.0244,0.0255,0.0257,0.0207,0.0069,0.0107,0.0629,0.4462,0.2186,0.2731,0.1895,0.1848,-0.0055,0.0498,0.4418,0.2301,0.2875,0.2011,0.205,0.0605,0.4416,0.2333,0.2966,0.2072,0.209,0.429,0.2597,0.3144,0.1955,0.1908,0.5616,0.6205,0.4598,0.4658,0.0865,0.1843,0.1733,0.2374,0.2329,-0.0003
Hmel210001o,10950001,11000000,10974706,48839,0.0217,0.0204,0.0209,0.0225,0.0061,0.0158,0.0081,0.0188,0.0201,0.0217,0.0216,0.0253,0.0342,0.0254,0.0273,0.0302,0.0303,0.0204,0.0235,0.0342,0.027,0.0291,0.0311,0.0315,0.0243,0.0348,0.027,0.0293,0.0317,0.032,0.0345,0.0293,0.0315,0.0316,0.0319,0.0326,0.0347,0.0331,0.0336,0.0156,0.0244,0.0244,0.0245,0.0242,0.0197,0.0172,0.009,0.0728,0.4394,0.1593,0.3087,0.2076,0.1932,-0.0049,0.0534,0.4581,0.2074,0.3588,0.2385,0.2283,0.0619,0.4579,0.2009,0.3543,0.2417,0.2298,0.445,0.2284,0.3774,0.222,0.2091,0.5138,0.6764,0.47,0.4551,0.1426,0.1787,0.1612,0.3055,0.276,0.0051
Hmel210001o,10975001,11025000,11000174,48586,0.0175,0.0179,0.0174,0.0204,0.0058,0.0132,0.0074,0.0158,0.0164,0.0181,0.0177,0.0224,0.0316,0.02,0.0214,0.0249,0.0252,0.0179,0.0212,0.0323,0.0219,0.0234,0.0265,0.0267,0.0216,0.0319,0.0207,0.0223,0.0258,0.026,0.0323,0.0254,0.0272,0.0276,0.0279,0.0308,0.0323,0.0305,0.031,0.0143,0.0209,0.021,0.0216,0.0215,0.0162,0.0126,0.009,0.0951,0.4782,0.141,0.2766,0.2083,0.2079,0.0074,0.0608,0.4799,0.1791,0.3112,0.2342,0.2295,0.0782,0.4826,0.1582,0.2967,0.2268,0.2231,0.4533,0.2261,0.3551,0.2231,0.2215,0.5453,0.6745,0.4925,0.4894,0.1716,0.1902,0.1835,0.314,0.3005,0.0033
Hmel210001o,11000001,11050000,11024849,49218,0.0172,0.0188,0.0183,0.0208,0.005,0.0131,0.0108,0.016,0.0154,0.018,0.018,0.0225,0.0299,0.0211,0.0204,0.0246,0.0246,0.0184,0.0218,0.0304,0.0221,0.0222,0.0261,0.0261,0.0223,0.0301,0.0214,0.0209,0.0255,0.0253,0.0299,0.0251,0.0249,0.0264,0.0262,0.028,0.0302,0.0295,0.0299,0.015,0.0208,0.0204,0.0222,0.0222,0.0154,-0.0015,0.0058,0.0963,0.4746,0.1735,0.195,0.2031,0.2126,-0.0035,0.0553,0.4538,0.1712,0.2104,0.2102,0.2179,0.075,0.4587,0.1625,0.1886,0.2065,0.2111,0.4304,0.2167,0.2511,0.1936,0.1984,0.5289,0.6019,0.4912,0.5075,0.1195,0.1863,0.1865,0.2584,0.2704,-0.0103
Hmel210001o,11025001,11075000,11050005,49221,0.0183,0.0196,0.0183,0.0219,0.0045,0.0158,0.0109,0.0177,0.0175,0.0189,0.0184,0.0232,0.0305,0.0233,0.0232,0.0277,0.0276,0.0185,0.0225,0.0309,0.0238,0.024,0.0282,0.0282,0.0228,0.0307,0.0239,0.0235,0.0283,0.0283,0.0302,0.026,0.0258,0.0277,0.0272,0.028,0.0301,0.0302,0.0299,0.017,0.0219,0.0216,0.0223,0.0223,0.0172,-0.0005,0.003,0.0831,0.4721,0.1631,0.2387,0.2239,0.2248,-0.0117,0.0474,0.4545,0.1564,0.2334,0.2136,0.2167,0.0743,0.4749,0.1777,0.245,0.2338,0.2359,0.4271,0.1782,0.2517,0.1795,0.1738,0.4849,0.6078,0.4777,0.4782,0.1264,0.1415,0.1376,0.2287,0.2326,-0.0141
Hmel210001o,11050001,11100000,11075044,49637,0.0194,0.0206,0.019,0.0223,0.0055,0.0149,0.0104,0.0182,0.0184,0.0197,0.019,0.023,0.028,0.0224,0.0236,0.0267,0.0271,0.0195,0.0229,0.0287,0.0227,0.0242,0.0271,0.0277,0.0229,0.0287,0.0234,0.0247,0.0274,0.0281,0.029,0.0256,0.0268,0.028,0.0282,0.0274,0.0283,0.0274,0.0278,0.0152,0.0207,0.021,0.0209,0.0216,0.0179,-0.0082,-0.0065,0.0583,0.398,0.1397,0.2361,0.1817,0.1867,-0.0083,0.0389,0.39,0.1306,0.2307,0.1744,0.1833,0.0622,0.4168,0.1682,0.2647,0.2013,0.2104,0.3887,0.1796,0.2716,0.1739,0.1746,0.4719,0.5757,0.4112,0.4136,0.0948,0.1167,0.1216,0.1969,0.2088,-0.0112
Hmel210001o,11075001,11125000,11099917,49552,0.0202,0.0203,0.0193,0.0248,0.0069,0.0152,0.014,0.0175,0.0184,0.0198,0.0194,0.0257,0.0287,0.023,0.024,0.0275,0.0278,0.0194,0.0252,0.0289,0.023,0.0244,0.0281,0.0286,0.0254,0.0294,0.0241,0.0255,0.029,0.0295,0.0312,0.0284,0.0298,0.0314,0.0319,0.0282,0.0302,0.0287,0.0292,0.0164,0.0217,0.0225,0.0234,0.0246,0.0178,-0.0115,-0.0082,0.0785,0.375,0.139,0.1778,0.1964,0.1913,-0.0106,0.0682,0.3764,0.1364,0.1837,0.2061,0.2046,0.0845,0.3989,0.1752,0.2202,0.2352,0.2317,0.3628,0.1983,0.2372,0.2138,0.2099,0.4537,0.5026,0.418,0.4114,0.0635,0.1474,0.1531,0.2048,0.2164,-0.0034
Hmel210001o,11100001,11150000,11125064,49644,0.0195,0.0191,0.0181,0.0249,0.0069,0.0142,0.0147,0.0171,0.0182,0.019,0.0186,0.0254,0.0302,0.0229,0.0236,0.0281,0.0285,0.018,0.0249,0.0305,0.0234,0.024,0.0293,0.0297,0.0246,0.0309,0.0236,0.0246,0.0297,0.0302,0.0325,0.0284,0.0291,0.0318,0.0319,0.0294,0.0319,0.0311,0.0313,0.0159,0.0229,0.0239,0.0251,0.0263,0.0174,-0.0083,-0.0075,0.0808,0.408,0.1611,0.1701,0.2227,0.2144,-0.0164,0.0766,0.4194,0.1791,0.1831,0.2479,0.2403,0.0853,0.4399,0.1975,0.21,0.2676,0.261,0.3793,0.2111,0.2164,0.2236,0.2111,0.4885,0.5112,0.4594,0.444,0.0523,0.1968,0.2007,0.2361,0.2426,-0.0073
Hmel210001o,11125001,11175000,11149997,49990,0.0176,0.0167,0.0183,0.0213,0.0044,0.0118,0.01,0.0162,0.0169,0.017,0.0176,0.0222,0.0294,0.0219,0.0228,0.0252,0.0257,0.0171,0.0215,0.0299,0.0226,0.0236,0.0267,0.0272,0.022,0.0302,0.0217,0.0222,0.0261,0.0267,0.0309,0.026,0.0264,0.0281,0.0285,0.0292,0.0307,0.0302,0.0304,0.0121,0.0198,0.02,0.0206,0.0211,0.0158,-0.0039,-0.0119,0.0786,0.4705,0.2073,0.2571,0.2079,0.2076,-0.0104,0.0768,0.4949,0.2402,0.2916,0.2503,0.2496,0.0625,0.4693,0.1905,0.2325,0.2145,0.2157,0.4473,0.2492,0.287,0.2179,0.2137,0.5812,0.6353,0.5083,0.4972,0.0588,0.1822,0.1752,0.2359,0.235,-0.0235
Hmel210001o,11150001,11200000,11174710,49235,0.0123,0.0116,0.0144,0.0192,0.0023,0.0087,0.0052,0.0108,0.0111,0.012,0.0129,0.0191,0.032,0.0162,0.0172,0.0178,0.0178,0.0127,0.0179,0.0321,0.017,0.0181,0.0187,0.0186,0.0189,0.0324,0.0164,0.0167,0.0184,0.0183,0.0332,0.0218,0.0221,0.0225,0.0226,0.0318,0.0321,0.0315,0.0315,0.0079,0.0131,0.0124,0.0127,0.0122,0.0104,0.0,-0.0194,0.1189,0.6437,0.2259,0.3393,0.2248,0.2188,-0.0125,0.1008,0.6572,0.2638,0.3791,0.2632,0.2539,0.0748,0.6051,0.1818,0.2733,0.1965,0.188,0.5415,0.2523,0.3283,0.2271,0.224,0.7176,0.8008,0.6697,0.6642,0.0643,0.1531,0.121,0.2373,0.2117,-0.026
Hmel210001o,11175001,11225000,11200026,49090,0.0117,0.0131,0.0134,0.0231,0.0029,0.0106,0.0052,0.012,0.011,0.0126,0.0126,0.02,0.034,0.0147,0.0154,0.0177,0.0173,0.0125,0.0195,0.034,0.0167,0.0175,0.0194,0.0189,0.0197,0.0341,0.0166,0.0173,0.019,0.0186,0.0356,0.0218,0.0221,0.0233,0.0228,0.0344,0.0343,0.0342,0.034,0.0095,0.0143,0.0132,0.0142,0.0125,0.0117,0.0065,0.0001,0.1029,0.6603,0.1456,0.303,0.2091,0.2187,-0.03,0.0672,0.6341,0.1802,0.3266,0.2258,0.2346,0.0665,0.628,0.1679,0.313,0.2093,0.2179,0.4994,0.1635,0.2679,0.1715,0.1778,0.6856,0.7989,0.6566,0.6754,0.0954,0.1249,0.1063,0.2571,0.226,0.0116
Hmel210001o,11200001,11250000,11224412,48400,0.0174,0.0186,0.0181,0.0246,0.0048,0.0161,0.0104,0.0193,0.0177,0.0184,0.0185,0.0236,0.0334,0.0225,0.0216,0.0276,0.0277,0.0179,0.0232,0.0337,0.0241,0.0231,0.0286,0.0286,0.0231,0.0337,0.0242,0.023,0.0284,0.0287,0.0343,0.0269,0.0257,0.0303,0.0302,0.0338,0.0345,0.0347,0.0346,0.017,0.0223,0.0215,0.0236,0.0228,0.019,0.0102,0.0235,0.0777,0.5168,0.1557,0.229,0.2125,0.235,-0.0141,0.0504,0.4999,0.1708,0.2405,0.2132,0.2349,0.0567,0.5088,0.182,0.2481,0.217,0.2438,0.4358,0.1617,0.2259,0.1761,0.1949,0.5437,0.6547,0.5012,0.5247,0.131,0.1228,0.1273,0.2413,0.2494,0.0156
Hmel210001o,11225001,11275000,11249657,47528,0.0183,0.0176,0.0178,0.0222,0.0058,0.017,0.0141,0.0186,0.0179,0.018,0.0187,0.0226,0.033,0.0251,0.0243,0.0292,0.0293,0.0176,0.0217,0.0335,0.025,0.024,0.029,0.0288,0.0219,0.0337,0.0257,0.0249,0.0297,0.0299,0.0338,0.0272,0.0261,0.0304,0.0302,0.0325,0.0341,0.0327,0.0329,0.0198,0.0226,0.0221,0.0244,0.0245,0.0186,0.0019,0.0178,0.0665,0.4812,0.1817,0.2095,0.2368,0.2469,-0.0019,0.057,0.4993,0.1913,0.2151,0.243,0.249,0.0584,0.4981,0.2014,0.23,0.2528,0.2649,0.4469,0.1783,0.2027,0.21,0.2162,0.4961,0.5645,0.4734,0.4862,0.1261,0.1255,0.1237,0.2081,0.22,0.0098
Hmel210001o,11250001,11300000,11275041,48884,0.0187,0.0182,0.0183,0.023,0.0051,0.0172,0.0151,0.0165,0.0173,0.0183,0.0184,0.023,0.0311,0.0241,0.024,0.0278,0.028,0.0179,0.0224,0.0321,0.0247,0.0248,0.0284,0.0285,0.0226,0.032,0.0247,0.0251,0.0288,0.029,0.0333,0.0272,0.0272,0.0296,0.0296,0.0316,0.0334,0.0313,0.0318,0.0184,0.0222,0.0218,0.0235,0.0233,0.0176,-0.0055,-0.0022,0.0622,0.4633,0.1538,0.1835,0.237,0.228,-0.0104,0.0544,0.4835,0.1727,0.2067,0.2538,0.2432,0.0581,0.4804,0.1718,0.2107,0.2578,0.2501,0.44,0.1675,0.1983,0.2174,0.2067,0.495,0.5522,0.5036,0.4956,0.0698,0.1452,0.1221,0.2073,0.189,0.0216
Hmel210001o,11275001,11325000,11300028,49858,0.0191,0.0187,0.0188,0.0242,0.0045,0.0164,0.0142,0.0166,0.0175,0.0188,0.0188,0.024,0.0298,0.022,0.0213,0.0265,0.0271,0.0183,0.0239,0.0305,0.0232,0.0223,0.0274,0.0281,0.024,0.0303,0.023,0.0221,0.0273,0.0281,0.0316,0.0267,0.0261,0.0294,0.03,0.0299,0.0315,0.0296,0.0302,0.0181,0.0225,0.0227,0.025,0.0256,0.0174,-0.0031,-0.0042,0.0656,0.4484,0.1121,0.1296,0.2056,0.203,-0.014,0.0698,0.4662,0.1469,0.1595,0.2289,0.2283,0.0706,0.4606,0.1391,0.1521,0.2244,0.2262,0.4144,0.1574,0.178,0.2023,0.1986,0.4978,0.5587,0.4919,0.4828,0.0889,0.1627,0.1529,0.2505,0.2475,0.0115
Hmel210001o,11300001,11350000,11324990,49890,0.0149,0.0137,0.0151,0.0215,0.0041,0.0102,0.0082,0.0131,0.0138,0.0142,0.0146,0.0246,0.0256,0.0213,0.0209,0.0241,0.0244,0.0141,0.0246,0.0261,0.0232,0.0224,0.0258,0.0261,0.0251,0.0264,0.0223,0.0214,0.0252,0.0255,0.03,0.0239,0.0235,0.0258,0.026,0.0277,0.0289,0.0279,0.028,0.0115,0.016,0.0167,0.0176,0.0187,0.013,-0.0032,-0.0137,0.1685,0.4755,0.2702,0.2999,0.2787,0.2722,-0.0129,0.1889,0.5081,0.3352,0.359,0.332,0.3248,0.1752,0.4839,0.2893,0.3091,0.2969,0.2911,0.4381,0.2333,0.2617,0.2213,0.2145,0.6054,0.6643,0.5466,0.5328,0.1173,0.1652,0.1732,0.2578,0.2731,-0.0167
Hmel210001o,11325001,11375000,11350006,49916,0.0117,0.0075,0.0108,0.0194,0.003,0.004,0.0032,0.0086,0.0086,0.0095,0.0105,0.0261,0.0214,0.0228,0.0232,0.0235,0.0235,0.0089,0.0262,0.0212,0.026,0.0265,0.0258,0.026,0.0265,0.0222,0.0236,0.0239,0.0243,0.0244,0.0294,0.0245,0.0249,0.0244,0.0244,0.0286,0.0293,0.0282,0.0285,0.0039,0.0106,0.0104,0.0106,0.0105,0.0086,-0.0055,-0.0379,0.278,0.5051,0.503,0.5317,0.4121,0.4136,-0.0139,0.3523,0.6181,0.6515,0.6799,0.5408,0.5432,0.2997,0.5418,0.5372,0.5635,0.4457,0.4468,0.4812,0.3922,0.4154,0.3011,0.3013,0.7908,0.819,0.6726,0.6756,0.0434,0.2645,0.2543,0.301,0.2937,0.0012
Hmel210001o,11350001,11400000,11375009,49975,0.0114,0.0072,0.0111,0.0204,0.0024,0.0053,0.0044,0.0097,0.0089,0.0094,0.0108,0.0234,0.0242,0.0214,0.0216,0.023,0.023,0.009,0.0238,0.024,0.024,0.0242,0.0252,0.0255,0.024,0.0244,0.0212,0.0213,0.0234,0.0236,0.0301,0.0259,0.0262,0.0256,0.0255,0.0294,0.0301,0.0283,0.0287,0.0053,0.0148,0.0141,0.0154,0.0148,0.0095,0.0102,-0.0189,0.2184,0.5729,0.4568,0.4818,0.3866,0.4044,-0.0072,0.3024,0.682,0.6036,0.6295,0.5151,0.537,0.235,0.5837,0.4596,0.4829,0.4012,0.4214,0.4859,0.3739,0.3953,0.2893,0.3013,0.7803,0.8075,0.6629,0.6848,0.045,0.3417,0.3455,0.3867,0.3949,0.0098
Hmel210001o,11375001,11425000,11399976,49810,0.0129,0.0117,0.0149,0.0218,0.004,0.0105,0.0075,0.0132,0.0122,0.0125,0.0139,0.0203,0.029,0.0213,0.0209,0.0261,0.0261,0.013,0.0207,0.0295,0.0221,0.0218,0.0269,0.0271,0.0212,0.0295,0.02,0.0192,0.0259,0.0261,0.0316,0.0258,0.0259,0.028,0.0279,0.0298,0.0307,0.0298,0.0298,0.0098,0.0209,0.021,0.0227,0.0228,0.0125,0.0104,0.0001,0.1047,0.5642,0.3038,0.3585,0.3471,0.3652,-0.0108,0.137,0.5959,0.3475,0.4046,0.3831,0.4037,0.094,0.5318,0.2362,0.2773,0.3104,0.3307,0.4556,0.2607,0.314,0.2546,0.2687,0.6233,0.6977,0.5675,0.5877,0.0449,0.2899,0.3105,0.3878,0.4117,-0.0105
Hmel210001o,11400001,11450000,11425071,49809,0.0109,0.0101,0.0124,0.0207,0.0042,0.008,0.0046,0.0119,0.0105,0.0106,0.0115,0.0186,0.0315,0.021,0.021,0.0243,0.0247,0.0109,0.0185,0.0315,0.0209,0.021,0.0238,0.0244,0.0192,0.0317,0.0193,0.0189,0.0232,0.0237,0.0332,0.0258,0.0261,0.0275,0.0279,0.0308,0.0312,0.0311,0.0315,0.0071,0.0164,0.0167,0.0175,0.0178,0.0111,0.0041,-0.0057,0.1111,0.6274,0.3941,0.4756,0.3759,0.4095,-0.019,0.1243,0.6446,0.4107,0.4963,0.3839,0.4205,0.0993,0.6,0.3223,0.395,0.3275,0.3618,0.4845,0.3175,0.3838,0.2808,0.3083,0.682,0.7628,0.6044,0.6352,0.064,0.2564,0.2978,0.3746,0.4185,-0.0037
Hmel210001o,11425001,11475000,11449989,49961,0.0102,0.0101,0.0112,0.0187,0.0037,0.0083,0.0056,0.0119,0.0103,0.0102,0.0106,0.0173,0.0308,0.0203,0.0222,0.0223,0.0229,0.0105,0.0171,0.0312,0.0209,0.0226,0.0227,0.0234,0.0176,0.0308,0.0192,0.0203,0.0214,0.0222,0.0321,0.0248,0.0262,0.0256,0.0261,0.0295,0.0302,0.03,0.0302,0.0079,0.0142,0.0144,0.014,0.0143,0.0112,0.0017,-0.0062,0.1205,0.6479,0.3884,0.4907,0.3504,0.3965,-0.0112,0.1163,0.6526,0.4024,0.4998,0.3608,0.4068,0.1079,0.6257,0.3389,0.4284,0.3097,0.3601,0.5125,0.3239,0.3994,0.2734,0.311,0.6758,0.7462,0.6027,0.6396,0.069,0.1751,0.2238,0.2399,0.2979,0.0039
Hmel210001o,11450001,11500000,11474810,47812,0.0139,0.0164,0.017,0.0218,0.0043,0.0147,0.0124,0.0177,0.0159,0.0148,0.0152,0.022,0.0302,0.0234,0.0252,0.0271,0.0277,0.0165,0.0221,0.0312,0.0251,0.0268,0.0284,0.029,0.0225,0.0311,0.0237,0.0245,0.027,0.0279,0.0321,0.0275,0.0291,0.0292,0.0296,0.0298,0.0312,0.0302,0.0306,0.0158,0.0206,0.021,0.0204,0.0207,0.0169,-0.0129,-0.0078,0.1279,0.5526,0.2533,0.3275,0.276,0.3128,-0.0073,0.0889,0.5182,0.2472,0.3159,0.2626,0.298,0.0888,0.5056,0.2087,0.2619,0.229,0.2699,0.4558,0.2234,0.2839,0.2077,0.2393,0.5334,0.5928,0.4819,0.519,0.0832,0.1273,0.1648,0.1596,0.1962,0.0036
Hmel210001o,11475001,11525000,11500924,47836,0.0116,0.0147,0.0161,0.0226,0.0034,0.012,0.0118,0.0172,0.0164,0.0128,0.0136,0.0256,0.0297,0.022,0.0229,0.0274,0.0276,0.0152,0.0246,0.03,0.0224,0.0235,0.0274,0.0278,0.0259,0.0306,0.0214,0.0224,0.0274,0.0279,0.0325,0.0273,0.0275,0.0284,0.028,0.0296,0.0304,0.0288,0.0295,0.0139,0.0217,0.022,0.0213,0.0217,0.0168,-0.0142,-0.0111,0.2287,0.6127,0.3152,0.3379,0.3247,0.342,-0.0068,0.1593,0.5517,0.2647,0.2926,0.2765,0.2967,0.1637,0.5325,0.2181,0.2433,0.2564,0.2774,0.4636,0.2518,0.2585,0.1919,0.1984,0.6027,0.6146,0.4891,0.5136,0.0807,0.2062,0.2272,0.2007,0.2237,0.0009
Hmel210001o,11500001,11550000,11524947,49813,0.0083,0.0108,0.0127,0.0209,0.0029,0.008,0.0067,0.0128,0.0127,0.0098,0.0107,0.0247,0.0327,0.0231,0.0255,0.0285,0.0279,0.0116,0.0224,0.0327,0.023,0.0251,0.0278,0.0274,0.0246,0.0324,0.0206,0.0224,0.0266,0.0262,0.0335,0.0282,0.0284,0.0291,0.0284,0.0318,0.032,0.0313,0.0309,0.0083,0.0172,0.017,0.0159,0.016,0.0128,0.0161,0.0137,0.2899,0.7221,0.4956,0.5615,0.4772,0.4705,-0.0058,0.2014,0.669,0.4356,0.4985,0.4202,0.415,0.2117,0.6282,0.3458,0.4099,0.367,0.3616,0.5084,0.3527,0.3782,0.2896,0.2795,0.7219,0.7516,0.6158,0.6137,0.0659,0.2582,0.2545,0.2525,0.256,0.0039
Hmel210001o,11525001,11575000,11550030,49827,0.0083,0.0088,0.0109,0.0198,0.0028,0.0068,0.003,0.0117,0.0101,0.0095,0.01,0.0215,0.0344,0.0222,0.0233,0.0249,0.0254,0.0098,0.0191,0.0351,0.0236,0.0251,0.0259,0.0264,0.021,0.0342,0.0204,0.0211,0.0234,0.024,0.0355,0.0286,0.0292,0.0294,0.03,0.0331,0.0331,0.0331,0.0328,0.0061,0.0143,0.0155,0.0128,0.0139,0.0114,0.0554,0.0206,0.2443,0.7369,0.5093,0.6249,0.4439,0.4852,-0.001,0.1799,0.7303,0.5186,0.6339,0.4488,0.4899,0.1841,0.6814,0.4103,0.5196,0.3637,0.4075,0.5464,0.3959,0.4723,0.3261,0.3597,0.7591,0.8478,0.657,0.6869,0.1108,0.2268,0.3076,0.2847,0.3745,0.0251
Hmel210001o,11550001,11600000,11574990,49974,0.0093,0.0084,0.0098,0.0194,0.0026,0.0086,0.0047,0.0115,0.0101,0.0095,0.0097,0.019,0.0313,0.0176,0.0186,0.0205,0.0218,0.0093,0.0176,0.0319,0.019,0.0207,0.022,0.0233,0.0191,0.0316,0.0172,0.0179,0.0206,0.0219,0.0346,0.0254,0.0264,0.0268,0.0279,0.0303,0.0307,0.0302,0.0308,0.0082,0.0144,0.0155,0.013,0.0146,0.0109,0.0359,0.0058,0.1707,0.6934,0.3405,0.4701,0.341,0.4002,0.0105,0.1554,0.7193,0.3991,0.5373,0.394,0.4486,0.1648,0.6861,0.3187,0.4417,0.3332,0.3926,0.5462,0.3196,0.4087,0.2929,0.3351,0.7017,0.7985,0.6369,0.6729,0.1156,0.189,0.263,0.2481,0.345,0.0077
Hmel210001o,11575001,11625000,11599637,48868,0.0139,0.0125,0.0136,0.0202,0.0029,0.0124,0.0093,0.0133,0.0142,0.013,0.0136,0.02,0.0309,0.0215,0.0235,0.025,0.0258,0.013,0.0192,0.0308,0.0222,0.0243,0.0259,0.0266,0.0202,0.031,0.0216,0.0228,0.0254,0.026,0.0332,0.0268,0.028,0.0287,0.0294,0.03,0.0305,0.0306,0.0307,0.0124,0.0171,0.017,0.0158,0.0165,0.0135,-0.0086,-0.0059,0.1005,0.587,0.2528,0.3526,0.309,0.3081,0.0006,0.1061,0.6156,0.2945,0.3959,0.3498,0.3479,0.1109,0.5951,0.2615,0.3468,0.3214,0.318,0.5152,0.267,0.3375,0.2842,0.2824,0.6081,0.6793,0.5963,0.5801,0.0716,0.1481,0.1311,0.175,0.1762,-0.0078
Hmel210001o,11600001,11650000,11625173,48824,0.0166,0.015,0.016,0.0204,0.0034,0.0121,0.0117,0.0151,0.0166,0.0157,0.0159,0.0215,0.0314,0.0236,0.0242,0.0267,0.027,0.0155,0.0211,0.0308,0.0235,0.0247,0.0273,0.0278,0.0208,0.0313,0.0245,0.0249,0.0278,0.0282,0.031,0.0281,0.0288,0.0295,0.03,0.0302,0.0309,0.0315,0.0315,0.0133,0.0196,0.0195,0.0191,0.0195,0.0156,-0.0026,-0.0137,0.0875,0.5326,0.2538,0.2752,0.266,0.2497,0.0009,0.1063,0.5571,0.2824,0.3137,0.3026,0.2901,0.0799,0.543,0.2819,0.2979,0.2958,0.2803,0.4801,0.2899,0.3083,0.2666,0.2519,0.6063,0.6228,0.5614,0.5347,0.0568,0.1891,0.1611,0.1864,0.1682,-0.0068
Hmel210001o,11625001,11675000,11650005,49889,0.0155,0.0145,0.0167,0.0191,0.0038,0.0093,0.0096,0.0143,0.0149,0.0151,0.0157,0.0211,0.0291,0.0215,0.0217,0.0235,0.0238,0.0157,0.0212,0.0288,0.0217,0.0219,0.0242,0.0246,0.021,0.0292,0.0215,0.0212,0.0238,0.0242,0.0289,0.0265,0.0263,0.0266,0.0268,0.0287,0.0293,0.0292,0.0297,0.0117,0.018,0.0183,0.0178,0.0184,0.0148,0.003,-0.0135,0.1133,0.5174,0.2816,0.2783,0.2367,0.2318,0.005,0.1331,0.5344,0.3049,0.3029,0.2665,0.265,0.0905,0.4966,0.2575,0.2455,0.2226,0.2208,0.4654,0.3294,0.3212,0.2457,0.2403,0.6418,0.6416,0.5425,0.5376,0.1123,0.2196,0.2158,0.2075,0.2115,0.0083
Hmel210001o,11650001,11700000,11675016,49940,0.0167,0.0162,0.0196,0.0202,0.0045,0.011,0.0122,0.0162,0.0162,0.0164,0.0178,0.0223,0.0299,0.0221,0.0219,0.0265,0.0271,0.0181,0.0223,0.0306,0.0233,0.0227,0.0272,0.0279,0.0232,0.0306,0.0217,0.021,0.0262,0.0269,0.031,0.027,0.0268,0.0284,0.0289,0.0302,0.0312,0.0302,0.0299,0.0134,0.0213,0.0218,0.0219,0.0226,0.0168,-0.0006,-0.0109,0.1079,0.4929,0.2416,0.2155,0.2463,0.257,0.0053,0.1164,0.5118,0.2749,0.2434,0.267,0.2778,0.0806,0.4513,0.1812,0.1461,0.1984,0.2106,0.4634,0.2936,0.2695,0.2342,0.2412,0.607,0.5939,0.5057,0.5018,0.0743,0.2325,0.2428,0.2241,0.2399,0.019
Hmel210001o,11675001,11725000,11700009,49981,0.0133,0.0139,0.0168,0.0227,0.0031,0.01,0.0135,0.0154,0.0163,0.0138,0.0149,0.0236,0.0316,0.0205,0.0178,0.0295,0.0301,0.0153,0.024,0.0327,0.0213,0.0184,0.0301,0.0306,0.0245,0.0328,0.0203,0.0178,0.0294,0.03,0.0331,0.0268,0.0267,0.0312,0.0317,0.0323,0.0336,0.0319,0.0321,0.0139,0.0241,0.0249,0.0272,0.028,0.0161,0.0074,-0.0063,0.1604,0.6024,0.2867,0.1483,0.3595,0.3549,-0.0008,0.1595,0.6023,0.2948,0.1535,0.3603,0.3538,0.124,0.5491,0.2147,0.0842,0.3056,0.3026,0.4747,0.2742,0.2169,0.2616,0.2568,0.6765,0.6181,0.5655,0.552,0.0876,0.3227,0.3222,0.3186,0.3188,0.0096
Hmel210001o,11700001,11750000,11725000,49998,0.0123,0.0115,0.0147,0.0218,0.0032,0.0112,0.0131,0.0144,0.0152,0.0124,0.0134,0.0221,0.0307,0.0212,0.019,0.0286,0.0294,0.013,0.0222,0.0316,0.0227,0.02,0.0304,0.0311,0.0228,0.0316,0.0213,0.0191,0.0287,0.0296,0.0316,0.0262,0.0261,0.0303,0.0309,0.0315,0.0325,0.0315,0.0329,0.014,0.0214,0.0224,0.0243,0.0252,0.0147,0.0222,-0.0034,0.1567,0.6125,0.3008,0.2077,0.3782,0.3789,-0.006,0.1746,0.6384,0.3487,0.2502,0.4188,0.4161,0.1323,0.5742,0.2543,0.1651,0.3404,0.3427,0.469,0.2562,0.222,0.2733,0.2709,0.6431,0.6134,0.5787,0.5799,0.0751,0.264,0.2716,0.2891,0.2931,-0.0029
Hmel210001o,11725001,11775000,11750001,49998,0.0081,0.007,0.0107,0.0171,0.0027,0.0084,0.013,0.0093,0.0099,0.0078,0.0093,0.0212,0.0247,0.0198,0.0172,0.0226,0.0232,0.0088,0.0211,0.0255,0.0211,0.0182,0.0241,0.0247,0.0212,0.0251,0.0193,0.0171,0.0221,0.0228,0.0261,0.0203,0.0219,0.0221,0.0224,0.0238,0.0251,0.0243,0.0254,0.0118,0.0121,0.0125,0.0155,0.0159,0.0095,0.0205,-0.0039,0.2853,0.6581,0.4296,0.2527,0.4605,0.4579,-0.004,0.3059,0.6952,0.4821,0.3043,0.5111,0.5058,0.2319,0.5955,0.3536,0.1901,0.3936,0.3933,0.4847,0.2584,0.2022,0.2782,0.274,0.6384,0.539,0.6205,0.6185,0.0518,0.1654,0.162,0.1723,0.1725,-0.0065
Hmel210001o,11750001,11800000,11775000,50000,0.0058,0.0065,0.0102,0.0159,0.0031,0.0047,0.0103,0.0082,0.0096,0.0063,0.0078,0.0228,0.0241,0.0206,0.017,0.0215,0.0221,0.0085,0.023,0.0247,0.021,0.0175,0.022,0.0227,0.0231,0.0247,0.0191,0.0162,0.0206,0.0213,0.0263,0.0205,0.0225,0.0204,0.0207,0.0235,0.0246,0.0232,0.024,0.0088,0.0108,0.0111,0.0143,0.0147,0.0088,0.0112,-0.0135,0.3844,0.701,0.6089,0.3697,0.5245,0.4983,0.011,0.3731,0.6898,0.5962,0.3657,0.5157,0.4923,0.2981,0.5919,0.456,0.2351,0.3977,0.3803,0.499,0.366,0.2838,0.284,0.2606,0.7285,0.5871,0.6238,0.5971,0.0819,0.2632,0.2263,0.2238,0.2025,-0.0077
Hmel210001o,11775001,11825000,11799981,49558,0.0114,0.0114,0.017,0.0221,0.0054,0.0075,0.0116,0.012,0.0128,0.0111,0.0139,0.0235,0.0287,0.0228,0.021,0.0225,0.023,0.0146,0.0237,0.029,0.0229,0.0212,0.0226,0.0232,0.0253,0.0291,0.0224,0.0212,0.023,0.0237,0.0319,0.0284,0.0281,0.0277,0.0279,0.0294,0.0296,0.0288,0.0294,0.0107,0.0149,0.0147,0.017,0.017,0.0121,-0.0125,-0.0123,0.1965,0.5617,0.4282,0.306,0.3298,0.3252,0.016,0.2021,0.5665,0.4309,0.3112,0.3321,0.3299,0.1436,0.4602,0.3067,0.2042,0.2377,0.2409,0.4304,0.3473,0.2768,0.2649,0.2563,0.6538,0.5696,0.5516,0.5436,0.0575,0.218,0.1924,0.1906,0.1738,-0.0126
Hmel210001o,11800001,11850000,11825204,49557,0.013,0.0118,0.0175,0.0238,0.0052,0.0079,0.014,0.0107,0.0101,0.0125,0.0152,0.0228,0.0273,0.0222,0.0209,0.022,0.0222,0.0149,0.023,0.0269,0.0236,0.0214,0.0233,0.0235,0.0243,0.0269,0.023,0.0217,0.0235,0.0238,0.0297,0.0285,0.0278,0.0284,0.0284,0.03,0.0291,0.0298,0.0301,0.0122,0.0126,0.0123,0.0155,0.0152,0.0101,0.0053,0.0005,0.1373,0.5163,0.3748,0.2285,0.3134,0.3291,0.0111,0.1617,0.5362,0.4273,0.2625,0.3634,0.3798,0.0996,0.4221,0.3025,0.1678,0.2629,0.2794,0.3816,0.3218,0.2161,0.2745,0.284,0.6548,0.5203,0.5932,0.6089,0.0588,0.1592,0.162,0.1206,0.1234,-0.0178
Hmel210001o,11825001,11875000,11849991,49980,0.0098,0.0099,0.012,0.02,0.0046,0.0069,0.0113,0.0101,0.0092,0.0103,0.0114,0.0194,0.0307,0.018,0.0174,0.0201,0.0203,0.0109,0.019,0.0303,0.0188,0.0177,0.0213,0.0216,0.0191,0.0305,0.017,0.0162,0.0203,0.0205,0.0318,0.0219,0.0221,0.024,0.0238,0.0335,0.0327,0.0325,0.0328,0.0101,0.0135,0.0135,0.0148,0.0146,0.0096,0.0276,0.0267,0.1651,0.6364,0.3814,0.2571,0.3533,0.3778,-0.0038,0.1535,0.6304,0.3972,0.2634,0.3763,0.4028,0.1136,0.5878,0.2979,0.1725,0.3083,0.332,0.4741,0.2768,0.1965,0.2575,0.2716,0.7194,0.6238,0.6461,0.6678,0.0508,0.2383,0.2641,0.1676,0.1849,-0.0026
Hmel210001o,11850001,11900000,11874921,49169,0.0088,0.0092,0.0102,0.0173,0.0033,0.007,0.0093,0.0116,0.0105,0.009,0.0097,0.0166,0.0323,0.0147,0.0145,0.0189,0.0187,0.0094,0.0156,0.0326,0.0143,0.0145,0.019,0.0188,0.0161,0.0325,0.0128,0.0128,0.0182,0.018,0.0336,0.0187,0.0187,0.0226,0.0222,0.0317,0.0323,0.0312,0.0315,0.0092,0.0155,0.0153,0.0162,0.0158,0.0116,0.0031,0.0129,0.1513,0.6991,0.3138,0.243,0.3134,0.3323,-0.0131,0.1136,0.6941,0.2919,0.2344,0.3076,0.3266,0.1069,0.6712,0.2055,0.1434,0.2643,0.2809,0.5585,0.2473,0.1984,0.2411,0.253,0.7341,0.689,0.631,0.6559,0.0636,0.2631,0.2827,0.2288,0.2411,0.0243
Hmel210001o,11875001,11925000,11900332,49141,0.0088,0.0089,0.0112,0.0157,0.0024,0.0059,0.0088,0.012,0.0117,0.009,0.01,0.0156,0.025,0.0172,0.0166,0.0201,0.0205,0.0099,0.0152,0.0256,0.0178,0.0174,0.0205,0.0208,0.0166,0.0256,0.0158,0.0154,0.0196,0.0199,0.0269,0.0204,0.0201,0.0222,0.0222,0.0236,0.0248,0.0239,0.0246,0.008,0.0146,0.0145,0.0161,0.0161,0.0121,0.008,0.0007,0.1483,0.6498,0.4161,0.3238,0.3337,0.3481,-0.0075,0.133,0.6541,0.4293,0.3417,0.3412,0.3534,0.1218,0.5959,0.3122,0.2261,0.2702,0.2828,0.5267,0.3394,0.2697,0.2475,0.2547,0.7141,0.6473,0.5539,0.5703,0.0454,0.2509,0.2584,0.2287,0.2346,0.0105
Hmel210001o,11900001,11950000,11925022,49949,0.0079,0.0077,0.0108,0.0159,0.0025,0.0055,0.0085,0.0109,0.0112,0.0079,0.0094,0.0155,0.023,0.0173,0.0167,0.0186,0.0192,0.0093,0.0157,0.0239,0.0183,0.0176,0.0195,0.0201,0.0161,0.0238,0.0162,0.016,0.0185,0.0192,0.0246,0.0202,0.0201,0.021,0.0212,0.022,0.0231,0.0219,0.0229,0.0074,0.0133,0.0135,0.0148,0.015,0.0109,0.003,0.0028,0.1628,0.6436,0.4559,0.3544,0.3414,0.3486,0.0038,0.1752,0.6616,0.4853,0.3852,0.3684,0.3749,0.1136,0.5766,0.3446,0.2574,0.2712,0.2821,0.4888,0.3413,0.272,0.2411,0.2398,0.7046,0.6284,0.5462,0.5525,0.0281,0.2465,0.247,0.2175,0.2142,-0.0108
Hmel210001o,11925001,11975000,11950002,49995,0.0074,0.0073,0.0099,0.0162,0.0023,0.0062,0.008,0.009,0.0086,0.0074,0.0085,0.0177,0.0261,0.0162,0.0163,0.0175,0.0177,0.0087,0.0176,0.0268,0.017,0.017,0.0183,0.0186,0.0177,0.0265,0.0155,0.0157,0.0174,0.0177,0.0268,0.019,0.0195,0.0198,0.0197,0.0245,0.026,0.0244,0.025,0.0077,0.0117,0.0117,0.0131,0.013,0.0088,0.0035,-0.0085,0.2328,0.7008,0.4272,0.3749,0.378,0.3929,0.0021,0.2316,0.7078,0.4464,0.3938,0.3998,0.4149,0.1735,0.6394,0.3289,0.2861,0.3088,0.3244,0.5177,0.2931,0.2624,0.2482,0.2541,0.7173,0.6835,0.6392,0.655,0.041,0.2256,0.2345,0.2267,0.2323,-0.0017
Hmel210001o,11950001,12000000,11975001,49999,0.0041,0.0062,0.007,0.0151,0.0022,0.0044,0.005,0.0048,0.0042,0.0054,0.0055,0.0175,0.0251,0.012,0.0125,0.0128,0.0131,0.0063,0.0169,0.0252,0.0122,0.0127,0.0128,0.0131,0.0174,0.0252,0.0113,0.0118,0.0126,0.0128,0.0266,0.016,0.0165,0.0151,0.0151,0.023,0.0242,0.0232,0.0234,0.0053,0.0085,0.0084,0.0092,0.0093,0.0046,0.0256,0.0011,0.333,0.7903,0.4962,0.4852,0.5048,0.536,-0.0204,0.2627,0.7286,0.4101,0.4035,0.418,0.4474,0.2552,0.7062,0.3459,0.3396,0.3802,0.4077,0.5398,0.2847,0.2807,0.2469,0.2626,0.7618,0.7534,0.7515,0.7705,0.0651,0.315,0.3365,0.322,0.3502,0.0171
Hmel210001o,11975001,12025000,12000000,50000,0.0026,0.0049,0.0054,0.014,0.0019,0.0035,0.0034,0.0036,0.0031,0.0038,0.0039,0.0156,0.0211,0.0093,0.0094,0.0103,0.0104,0.0048,0.015,0.0212,0.0095,0.0095,0.0102,0.0102,0.0154,0.0211,0.0088,0.0087,0.0101,0.0103,0.0243,0.0141,0.0141,0.013,0.013,0.02,0.0204,0.0202,0.0204,0.0041,0.0071,0.007,0.0075,0.0075,0.0034,0.0113,-0.0121,0.3469,0.8155,0.5205,0.5301,0.5499,0.5842,-0.0348,0.2644,0.7347,0.4005,0.4065,0.4249,0.452,0.2633,0.7185,0.3429,0.3446,0.4017,0.4307,0.5356,0.2776,0.2804,0.2383,0.254,0.7714,0.7802,0.7697,0.7899,0.0873,0.3443,0.3724,0.378,0.4104,0.007
Hmel210001o,12000001,12050000,12024997,49976,0.003,0.0036,0.0087,0.0137,0.0019,0.0044,0.005,0.0053,0.005,0.0032,0.0059,0.0194,0.0208,0.0148,0.0146,0.0167,0.0169,0.0061,0.0192,0.021,0.015,0.0148,0.0167,0.0168,0.0182,0.0206,0.0134,0.0131,0.0154,0.0155,0.0237,0.0175,0.0178,0.0175,0.0177,0.0195,0.0198,0.0201,0.0202,0.0049,0.0086,0.0084,0.0093,0.0091,0.0049,-0.0165,0.0047,0.4314,0.8,0.6138,0.5845,0.6166,0.63,-0.0007,0.4134,0.7826,0.5975,0.5678,0.5963,0.6087,0.2582,0.6068,0.3576,0.3274,0.3902,0.4001,0.5357,0.3527,0.3448,0.328,0.3389,0.7363,0.7191,0.7113,0.7212,0.0269,0.2946,0.2947,0.3045,0.3045,-0.0266
Hmel210001o,12025001,12075000,12050009,49976,0.0033,0.0036,0.0111,0.0154,0.0022,0.0074,0.0077,0.0065,0.0059,0.0039,0.0076,0.0226,0.0213,0.0207,0.0212,0.0248,0.0248,0.008,0.0229,0.0213,0.0209,0.0212,0.0247,0.0247,0.0214,0.0208,0.0183,0.0185,0.0218,0.0217,0.0241,0.0229,0.0238,0.0244,0.0246,0.0201,0.0207,0.0214,0.0214,0.0075,0.0102,0.01,0.0111,0.0109,0.0058,0.0614,0.0258,0.4491,0.7808,0.6031,0.6036,0.6828,0.7002,0.0407,0.4462,0.7685,0.5969,0.5934,0.6734,0.6908,0.2537,0.5303,0.3427,0.3413,0.4399,0.4534,0.4972,0.3614,0.3728,0.4069,0.4243,0.6284,0.6275,0.6746,0.6947,-0.0025,0.197,0.2131,0.2297,0.2457,-0.0315
Hmel210001o,12050001,12100000,12075000,50000,0.0037,0.0049,0.0092,0.0186,0.0032,0.0088,0.0087,0.0067,0.006,0.0053,0.0068,0.0177,0.0203,0.0195,0.02,0.0243,0.0241,0.0076,0.0184,0.0202,0.0197,0.0197,0.024,0.0239,0.0183,0.0199,0.0175,0.0176,0.0215,0.0213,0.0247,0.024,0.0249,0.0268,0.0267,0.0203,0.0212,0.0215,0.0215,0.0089,0.0097,0.0095,0.0107,0.0106,0.0061,0.1108,0.0293,0.2746,0.7216,0.5281,0.5396,0.6597,0.6778,0.0411,0.2646,0.679,0.4984,0.502,0.6248,0.6431,0.1681,0.5404,0.3343,0.3384,0.4744,0.4893,0.4257,0.3001,0.3184,0.3874,0.3997,0.5594,0.5774,0.6395,0.6618,0.006,0.1181,0.1311,0.1705,0.1889,-0.0242
Hmel210001o,12075001,12125000,12100000,50000,0.0036,0.004,0.0064,0.018,0.0035,0.0056,0.0078,0.008,0.0075,0.0047,0.0052,0.0138,0.0223,0.0188,0.017,0.0212,0.0209,0.0055,0.014,0.0222,0.0187,0.0167,0.0207,0.0205,0.0145,0.0221,0.0171,0.0154,0.0193,0.019,0.0257,0.0228,0.0225,0.0244,0.0242,0.0224,0.0231,0.0226,0.0227,0.0072,0.0093,0.009,0.0104,0.0103,0.0077,0.106,0.016,0.1781,0.7366,0.6217,0.5143,0.5861,0.595,0.0319,0.1744,0.7234,0.6066,0.4942,0.5679,0.5776,0.1295,0.6475,0.4955,0.3834,0.4733,0.4809,0.4438,0.3527,0.3018,0.3345,0.3404,0.6766,0.6226,0.6105,0.6253,0.0361,0.1646,0.1705,0.1456,0.1579,-0.0
Hmel210001o,12100001,12150000,12125000,50000,0.0036,0.0033,0.0052,0.0175,0.0028,0.0074,0.0075,0.0091,0.0102,0.0036,0.0044,0.0146,0.0252,0.0151,0.0143,0.0203,0.0198,0.0043,0.0146,0.0252,0.015,0.0142,0.0203,0.0198,0.015,0.0253,0.0143,0.0138,0.0197,0.0193,0.0278,0.0207,0.0206,0.0239,0.0234,0.0248,0.0256,0.0248,0.0247,0.0091,0.0134,0.0133,0.0136,0.0138,0.0106,0.0301,0.0053,0.215,0.7876,0.484,0.46,0.5404,0.4996,0.0116,0.2211,0.7948,0.4888,0.4658,0.5465,0.506,0.1846,0.7405,0.4036,0.3856,0.4839,0.4457,0.4972,0.2811,0.2768,0.3106,0.2799,0.6749,0.681,0.6286,0.5988,0.1076,0.2504,0.2146,0.2562,0.2279,0.0501
Hmel210001o,12125001,12175000,12150000,50000,0.0056,0.0058,0.0075,0.0176,0.0028,0.0117,0.0082,0.0098,0.0125,0.0056,0.0066,0.0173,0.0276,0.0139,0.0152,0.0226,0.0223,0.0065,0.0172,0.028,0.0143,0.0154,0.0228,0.0226,0.0173,0.0282,0.0142,0.0156,0.0227,0.0228,0.03,0.0208,0.0219,0.0256,0.0252,0.027,0.0287,0.0275,0.0275,0.0119,0.0172,0.0171,0.0175,0.0173,0.0132,-0.0143,0.0048,0.2396,0.7485,0.2454,0.3893,0.5059,0.4383,-0.0121,0.2324,0.746,0.2513,0.3903,0.5041,0.4389,0.1948,0.7052,0.2038,0.3459,0.4639,0.4051,0.5239,0.1958,0.2899,0.3274,0.2723,0.5932,0.6944,0.6428,0.5819,0.0949,0.2419,0.1813,0.334,0.2658,0.0883
Hmel210001o,12150001,12200000,12174996,49972,0.0095,0.0104,0.0114,0.0168,0.0035,0.0123,0.0101,0.0108,0.0126,0.0105,0.0114,0.0202,0.0268,0.0181,0.0191,0.024,0.0243,0.011,0.0196,0.0271,0.0189,0.0195,0.0245,0.0248,0.02,0.0273,0.0191,0.0201,0.0248,0.0254,0.0273,0.0226,0.0243,0.0251,0.0255,0.0264,0.0287,0.0269,0.0277,0.0129,0.017,0.0176,0.0178,0.0181,0.0134,0.0294,0.0438,0.2371,0.6246,0.2627,0.3365,0.4205,0.391,0.0046,0.2048,0.6083,0.263,0.325,0.411,0.3838,0.193,0.5865,0.2474,0.3178,0.3965,0.3734,0.4874,0.2355,0.3096,0.3105,0.2859,0.5556,0.6319,0.5943,0.5657,0.0751,0.201,0.1814,0.2731,0.2426,0.0726
Hmel210001o,12175001,12225000,12200008,49964,0.0109,0.0133,0.0132,0.0168,0.003,0.012,0.0124,0.0129,0.0146,0.0132,0.013,0.0206,0.0258,0.0172,0.0177,0.0242,0.0247,0.0135,0.0199,0.026,0.0174,0.0177,0.0246,0.0253,0.0201,0.0261,0.018,0.0187,0.0246,0.0255,0.0257,0.0219,0.0227,0.0251,0.0254,0.0256,0.0273,0.0255,0.0269,0.0134,0.0195,0.02,0.0204,0.0213,0.0142,0.046,0.0403,0.2171,0.5898,0.2095,0.216,0.3546,0.3326,0.0104,0.1526,0.5382,0.167,0.1652,0.3184,0.3013,0.1614,0.5422,0.1846,0.1957,0.3217,0.307,0.4782,0.2251,0.2345,0.2739,0.2489,0.5629,0.5747,0.5423,0.5218,0.0491,0.2333,0.2118,0.2457,0.2331,0.0164
Hmel210001o,12200001,12250000,12225002,49991,0.0119,0.0143,0.0156,0.0174,0.0039,0.0105,0.013,0.0148,0.0171,0.0133,0.0141,0.021,0.0295,0.0223,0.0216,0.0273,0.0284,0.0154,0.0207,0.0297,0.0223,0.0215,0.0273,0.0287,0.0202,0.0298,0.0225,0.0219,0.0271,0.0285,0.028,0.0243,0.0236,0.0272,0.0279,0.0291,0.0298,0.0288,0.03,0.0118,0.0201,0.0204,0.0213,0.0221,0.0161,0.0071,0.0134,0.1993,0.5922,0.3452,0.281,0.359,0.3394,0.0179,0.1458,0.5471,0.2988,0.2343,0.3197,0.3064,0.1093,0.5227,0.2783,0.22,0.2956,0.2844,0.4778,0.2921,0.2325,0.2688,0.2452,0.6168,0.5727,0.5252,0.4974,0.0033,0.2396,0.2041,0.2209,0.2002,0.0069
Hmel210001o,12225001,12275000,12249974,49849,0.0104,0.0109,0.0127,0.018,0.0046,0.0114,0.0124,0.0168,0.0172,0.0103,0.0118,0.0196,0.0314,0.0299,0.0294,0.0302,0.0323,0.0121,0.0195,0.0314,0.0301,0.0296,0.0302,0.0324,0.0193,0.0314,0.03,0.0294,0.0303,0.0326,0.0302,0.0304,0.0297,0.0303,0.032,0.0315,0.0323,0.0314,0.0326,0.0125,0.0188,0.0187,0.0199,0.0202,0.0172,-0.0196,0.0108,0.1856,0.629,0.4822,0.4566,0.3935,0.4162,0.0139,0.173,0.6192,0.4769,0.4505,0.3867,0.4107,0.1331,0.584,0.4448,0.4185,0.3607,0.3861,0.4836,0.3684,0.3416,0.281,0.3007,0.611,0.5987,0.5067,0.5137,0.0261,0.151,0.1413,0.1622,0.1612,0.0065
Hmel210001o,12250001,12300000,12275048,49845,0.0108,0.0094,0.0115,0.0198,0.0044,0.0137,0.0113,0.0193,0.017,0.0099,0.0111,0.0198,0.0304,0.0297,0.0306,0.0304,0.0319,0.0107,0.0201,0.0307,0.0294,0.0305,0.0308,0.0321,0.021,0.0307,0.03,0.0311,0.0307,0.0321,0.0326,0.0332,0.0337,0.0329,0.0344,0.0308,0.0319,0.031,0.0318,0.0138,0.0192,0.0182,0.0202,0.0199,0.0176,-0.0088,-0.0015,0.1565,0.6153,0.431,0.4848,0.3505,0.4076,0.0117,0.1913,0.6491,0.4522,0.5098,0.3803,0.4339,0.1724,0.6052,0.4245,0.4797,0.3459,0.4,0.4893,0.3481,0.3903,0.264,0.3167,0.5625,0.6211,0.4635,0.5132,0.0534,0.0804,0.0909,0.1457,0.1779,-0.016
Hmel210001o,12275001,12325000,12299989,49962,0.0146,0.0115,0.0131,0.0231,0.0048,0.009,0.0095,0.0168,0.015,0.0136,0.0143,0.0228,0.0293,0.0235,0.0241,0.0258,0.0262,0.0125,0.0236,0.0305,0.0232,0.0237,0.0266,0.0266,0.024,0.0306,0.0233,0.0238,0.026,0.0261,0.0328,0.0286,0.0291,0.0303,0.0309,0.0298,0.0306,0.0297,0.03,0.0104,0.0179,0.017,0.019,0.0186,0.0156,0.0198,0.0186,0.1188,0.5183,0.3456,0.3478,0.2546,0.2921,0.0101,0.185,0.5919,0.401,0.401,0.318,0.3501,0.1675,0.5636,0.3706,0.3712,0.2827,0.3148,0.4378,0.3141,0.3144,0.2236,0.2587,0.6377,0.6359,0.4816,0.5199,0.061,0.171,0.1828,0.1909,0.2173,-0.0119
Hmel210001o,12300001,12350000,12325003,49962,0.0181,0.0158,0.0159,0.0253,0.0045,0.0108,0.0113,0.0158,0.0162,0.0177,0.0173,0.0263,0.0327,0.0224,0.0232,0.0259,0.0266,0.0157,0.0274,0.0339,0.0237,0.0242,0.0272,0.0276,0.0265,0.034,0.0229,0.0234,0.0268,0.0273,0.0357,0.0278,0.0289,0.0308,0.031,0.0336,0.0344,0.0338,0.0339,0.0124,0.0195,0.0197,0.0204,0.0208,0.0166,0.023,0.0089,0.1139,0.5022,0.2283,0.2366,0.2188,0.2268,-0.0071,0.1654,0.5544,0.2951,0.2959,0.2766,0.2779,0.1492,0.5541,0.276,0.2779,0.2688,0.2721,0.4468,0.248,0.2575,0.2217,0.2195,0.6447,0.6419,0.5533,0.5477,0.0635,0.1997,0.1976,0.2132,0.2157,0.0182
Hmel210001o,12325001,12375000,12349997,49974,0.0196,0.019,0.0188,0.0247,0.0057,0.013,0.0137,0.0165,0.0178,0.0192,0.0189,0.0276,0.0341,0.0252,0.0262,0.0291,0.03,0.0184,0.0285,0.035,0.0273,0.0285,0.0312,0.0322,0.0285,0.0352,0.027,0.0281,0.0312,0.0322,0.0369,0.0292,0.0309,0.0314,0.0319,0.0352,0.0355,0.035,0.0353,0.0156,0.0209,0.0214,0.0218,0.0224,0.0178,-0.003,-0.01,0.1234,0.4747,0.2243,0.2347,0.2451,0.243,-0.0142,0.1473,0.4955,0.274,0.2847,0.2882,0.2859,0.1506,0.4999,0.2718,0.2806,0.2905,0.2884,0.4495,0.2438,0.2594,0.2279,0.218,0.596,0.5865,0.5343,0.5169,0.083,0.1819,0.1715,0.1913,0.1835,0.0175
Hmel210001o,12350001,12400000,12374998,49955,0.0183,0.0183,0.0178,0.0233,0.0067,0.0138,0.0135,0.0167,0.0172,0.0179,0.0177,0.0251,0.0322,0.0241,0.025,0.0282,0.0286,0.0172,0.0249,0.0325,0.0253,0.0262,0.0295,0.0301,0.0256,0.033,0.0257,0.0265,0.03,0.0304,0.0336,0.0273,0.0284,0.029,0.0289,0.0321,0.0329,0.032,0.0319,0.0155,0.0213,0.0209,0.0224,0.0222,0.017,-0.0106,-0.0093,0.1077,0.4561,0.2119,0.2342,0.2458,0.2457,-0.0236,0.104,0.4599,0.2351,0.2574,0.2679,0.2708,0.1252,0.4748,0.2521,0.2703,0.2829,0.2832,0.4147,0.2161,0.239,0.2019,0.1935,0.5321,0.5454,0.4796,0.4711,0.0679,0.1743,0.1575,0.203,0.1914,0.0025
Hmel210001o,12375001,12425000,12400002,49965,0.0182,0.0191,0.0186,0.0211,0.0057,0.0167,0.014,0.0167,0.0161,0.0186,0.0182,0.0238,0.0301,0.0225,0.0225,0.027,0.0272,0.0182,0.0231,0.0301,0.0229,0.0229,0.0271,0.0272,0.0235,0.0303,0.023,0.0227,0.0276,0.0276,0.0304,0.0258,0.0258,0.0287,0.0285,0.029,0.0298,0.0302,0.03,0.0163,0.0231,0.0231,0.0238,0.0239,0.0168,-0.0008,-0.0054,0.1053,0.4467,0.1341,0.1747,0.2251,0.2371,-0.0174,0.0775,0.4318,0.1298,0.1696,0.2146,0.225,0.0939,0.4435,0.14,0.1751,0.2316,0.2397,0.4202,0.1689,0.2122,0.2216,0.2255,0.4574,0.519,0.4751,0.4815,0.0324,0.171,0.1792,0.228,0.2383,0.0115
Hmel210001o,12400001,12450000,12424995,49953,0.0168,0.0178,0.0171,0.0217,0.0046,0.0148,0.013,0.0144,0.013,0.0172,0.0171,0.0243,0.0296,0.0211,0.0219,0.0277,0.0278,0.0171,0.0238,0.0301,0.0217,0.0222,0.0276,0.0278,0.0244,0.0303,0.0215,0.0219,0.028,0.028,0.0307,0.0258,0.0261,0.0289,0.0289,0.0291,0.0305,0.0304,0.0304,0.0156,0.0214,0.0214,0.0217,0.0215,0.0139,-0.0049,0.0064,0.1308,0.4856,0.1512,0.1998,0.2927,0.3169,-0.0114,0.1049,0.4734,0.1487,0.19,0.2751,0.3002,0.1286,0.4905,0.1572,0.1957,0.293,0.3161,0.4358,0.1907,0.2248,0.2519,0.2738,0.5163,0.568,0.5401,0.5676,0.0591,0.1998,0.2227,0.2366,0.259,0.0093
Hmel210001o,12425001,12475000,12450010,49964,0.0143,0.0146,0.0148,0.0219,0.0055,0.0122,0.0105,0.0123,0.0111,0.0142,0.0148,0.0236,0.0276,0.0197,0.0201,0.0256,0.0254,0.0144,0.0232,0.0278,0.0197,0.0197,0.0253,0.0254,0.0236,0.0283,0.0198,0.0201,0.0259,0.0258,0.0307,0.0249,0.0251,0.0258,0.0257,0.0278,0.0289,0.0281,0.0282,0.013,0.0183,0.0182,0.0183,0.0184,0.0118,-0.011,0.0064,0.1529,0.4881,0.2041,0.2471,0.3309,0.3483,-0.0119,0.1405,0.4849,0.1986,0.232,0.3193,0.3411,0.1444,0.488,0.198,0.237,0.3255,0.3446,0.4163,0.2129,0.2459,0.2294,0.246,0.5322,0.5816,0.535,0.5606,0.0711,0.2069,0.2286,0.2447,0.2717,0.0044
Hmel210001o,12450001,12500000,12474991,49976,0.0159,0.0142,0.0151,0.0211,0.0067,0.0101,0.0111,0.0148,0.0149,0.015,0.0156,0.0231,0.0293,0.0222,0.0209,0.0252,0.0253,0.0145,0.0225,0.0297,0.023,0.0213,0.0257,0.0257,0.0226,0.0298,0.0231,0.0216,0.0259,0.0259,0.0321,0.0268,0.0259,0.0265,0.0264,0.0292,0.0289,0.0288,0.0296,0.0114,0.019,0.0194,0.0193,0.02,0.0149,-0.0008,0.0043,0.1272,0.4601,0.2742,0.2265,0.2565,0.2552,-0.0048,0.1415,0.4957,0.3231,0.2672,0.292,0.2906,0.13,0.4812,0.3079,0.2571,0.2813,0.2802,0.4265,0.2922,0.2611,0.2113,0.208,0.5683,0.5452,0.4723,0.4808,0.0372,0.2184,0.2259,0.2069,0.2235,0.003
Hmel210001o,12475001,12525000,12499968,49768,0.0174,0.0144,0.0155,0.0216,0.0048,0.0091,0.015,0.0183,0.0182,0.0166,0.0169,0.0227,0.0337,0.0258,0.0241,0.0281,0.0286,0.0151,0.0229,0.0343,0.0282,0.0256,0.0298,0.0302,0.0231,0.0345,0.028,0.0256,0.0296,0.03,0.0342,0.0291,0.0283,0.0301,0.0303,0.0337,0.034,0.0329,0.0337,0.0131,0.0207,0.0215,0.0223,0.0234,0.0183,0.0231,0.0123,0.0892,0.5195,0.3343,0.206,0.2343,0.2442,0.0042,0.1418,0.5775,0.4261,0.2834,0.3058,0.3128,0.1278,0.5596,0.4039,0.2656,0.2856,0.2929,0.4735,0.3386,0.2337,0.2169,0.2204,0.671,0.5642,0.497,0.5074,0.0423,0.2135,0.2344,0.1543,0.1791,0.0023
Hmel210001o,12500001,12550000,12524719,49025,0.017,0.0169,0.0176,0.0213,0.0032,0.0125,0.0186,0.0193,0.0183,0.0175,0.0174,0.0228,0.0332,0.0261,0.0242,0.03,0.0306,0.017,0.024,0.0341,0.0274,0.025,0.0315,0.0323,0.0235,0.0341,0.027,0.025,0.0307,0.0315,0.0343,0.0283,0.0277,0.0314,0.0318,0.0334,0.0343,0.0329,0.0332,0.0173,0.023,0.0241,0.0252,0.026,0.0188,0.0167,0.0042,0.0996,0.5479,0.2907,0.1605,0.2586,0.2818,-0.008,0.1281,0.5604,0.3163,0.179,0.284,0.3089,0.1072,0.5488,0.2994,0.1702,0.2624,0.2873,0.5049,0.2763,0.1746,0.2263,0.2463,0.6345,0.5334,0.5065,0.5272,0.0563,0.1937,0.2316,0.1496,0.1798,-0.0005
Hmel210001o,12525001,12575000,12550021,49171,0.0155,0.0178,0.0177,0.0229,0.0038,0.0104,0.0172,0.0188,0.0182,0.0166,0.0166,0.0233,0.0338,0.0264,0.0238,0.0295,0.0295,0.0174,0.024,0.0344,0.0278,0.025,0.0305,0.0306,0.0233,0.0343,0.0275,0.025,0.0301,0.0302,0.0357,0.0312,0.0292,0.0328,0.0329,0.0337,0.0341,0.0334,0.0332,0.0161,0.0218,0.022,0.0245,0.0244,0.0181,-0.0005,0.0011,0.118,0.5724,0.3569,0.1962,0.2778,0.2859,-0.0094,0.0981,0.5388,0.3408,0.1851,0.263,0.2723,0.0846,0.539,0.338,0.1874,0.2569,0.2664,0.4895,0.3332,0.2032,0.2383,0.2462,0.6663,0.545,0.5118,0.5188,0.0808,0.2094,0.2238,0.1613,0.1673,-0.0114
Hmel210001o,12550001,12600000,12575006,49915,0.0114,0.0129,0.0131,0.0242,0.0058,0.005,0.0081,0.0136,0.0132,0.012,0.0122,0.0217,0.0357,0.0206,0.0195,0.0225,0.0222,0.0125,0.0216,0.0355,0.0221,0.0205,0.0231,0.0228,0.0215,0.0357,0.0221,0.0206,0.0233,0.023,0.0377,0.0277,0.0261,0.0279,0.0275,0.0355,0.0352,0.0347,0.0342,0.0078,0.0157,0.0153,0.0172,0.0167,0.0131,-0.0048,-0.0021,0.1331,0.6279,0.448,0.3487,0.3011,0.302,-0.0192,0.1064,0.5997,0.4401,0.3368,0.2857,0.2866,0.1001,0.5974,0.4346,0.335,0.2846,0.2869,0.4623,0.3516,0.2727,0.2193,0.2187,0.7493,0.6841,0.5801,0.5827,0.0925,0.2706,0.2687,0.2374,0.233,-0.0115
Hmel210001o,12575001,12625000,12600002,49971,0.0135,0.0149,0.0153,0.0221,0.0057,0.0074,0.0046,0.014,0.0142,0.0142,0.0141,0.0213,0.0337,0.0194,0.0208,0.0223,0.0224,0.0145,0.0206,0.0337,0.0201,0.0211,0.0224,0.0225,0.0208,0.0338,0.0205,0.0216,0.0226,0.0227,0.0351,0.0243,0.0247,0.0257,0.0257,0.033,0.0328,0.0325,0.0326,0.0067,0.017,0.0168,0.0167,0.0167,0.0138,-0.0008,-0.0086,0.1148,0.5724,0.313,0.4118,0.2492,0.2488,-0.0218,0.0741,0.5462,0.2993,0.3832,0.2254,0.2266,0.0742,0.5414,0.3006,0.3863,0.224,0.2239,0.4627,0.2829,0.3417,0.1967,0.1956,0.681,0.7409,0.549,0.5482,0.0572,0.2355,0.2287,0.2976,0.2942,-0.0108
Hmel210001o,12600001,12650000,12624967,49322,0.0176,0.0193,0.0197,0.0204,0.0039,0.0114,0.0102,0.0175,0.0179,0.0186,0.0185,0.0216,0.0305,0.0228,0.0237,0.0275,0.0279,0.0192,0.0212,0.0307,0.0239,0.0241,0.0282,0.0287,0.0216,0.0309,0.0244,0.0248,0.0285,0.0287,0.0312,0.0257,0.0256,0.0283,0.0286,0.0294,0.0297,0.0294,0.0297,0.0138,0.0223,0.0228,0.0233,0.0237,0.0176,0.0043,-0.0048,0.0744,0.4944,0.2329,0.2749,0.2319,0.2344,-0.0084,0.0374,0.4678,0.2288,0.2527,0.2225,0.226,0.0415,0.4624,0.2322,0.2602,0.2211,0.2207,0.4726,0.2614,0.2804,0.2111,0.2114,0.6008,0.6316,0.4819,0.4796,0.1291,0.2243,0.23,0.2678,0.2698,-0.0024
Hmel210001o,12625001,12675000,12649692,47735,0.017,0.0176,0.0185,0.0196,0.0046,0.0119,0.0116,0.0168,0.0167,0.0174,0.0177,0.0201,0.0294,0.0221,0.0217,0.0274,0.0279,0.0177,0.0199,0.0297,0.0235,0.0225,0.0287,0.0292,0.0204,0.0298,0.0232,0.0225,0.0285,0.0288,0.0296,0.0248,0.0238,0.0281,0.0283,0.0289,0.0297,0.0288,0.0292,0.0163,0.0222,0.0232,0.0239,0.0246,0.017,0.0025,-0.0012,0.0555,0.4782,0.2197,0.215,0.2493,0.2585,-0.0101,0.0415,0.472,0.2401,0.2236,0.2631,0.2736,0.0389,0.4569,0.2179,0.2068,0.2453,0.2536,0.4526,0.2475,0.2329,0.2266,0.2329,0.5716,0.5859,0.4735,0.4826,0.1688,0.2263,0.2489,0.2667,0.2833,0.0074
Hmel210001o,12650001,12700000,12675194,48106,0.018,0.0183,0.0203,0.0205,0.0056,0.0145,0.0115,0.0175,0.0178,0.0183,0.0194,0.0217,0.029,0.0224,0.0218,0.0279,0.0283,0.019,0.0214,0.0295,0.0232,0.023,0.0292,0.0298,0.0223,0.0297,0.0231,0.023,0.0291,0.0297,0.029,0.0251,0.0245,0.0285,0.0291,0.0289,0.0291,0.0282,0.0288,0.0168,0.0232,0.024,0.024,0.0247,0.0179,0.0061,0.0055,0.0699,0.4363,0.1687,0.2027,0.234,0.2371,-0.0085,0.0579,0.4388,0.1819,0.2258,0.253,0.2583,0.0473,0.4077,0.1491,0.1925,0.2228,0.2301,0.4123,0.1975,0.2369,0.2128,0.2194,0.4993,0.5608,0.4339,0.4383,0.1359,0.195,0.207,0.2594,0.268,0.0077
Hmel210001o,12675001,12725000,12700139,49699,0.0213,0.0211,0.022,0.0219,0.0057,0.0166,0.0146,0.0186,0.0191,0.0215,0.0218,0.0238,0.031,0.0227,0.0239,0.0286,0.0289,0.0214,0.0233,0.0317,0.0236,0.025,0.0302,0.0306,0.0238,0.032,0.0236,0.0252,0.0305,0.0309,0.0308,0.0259,0.0267,0.0295,0.03,0.0305,0.0313,0.0295,0.03,0.0194,0.0255,0.0259,0.0263,0.0266,0.0189,0.007,0.0047,0.051,0.4079,0.0959,0.1502,0.1873,0.1873,-0.0033,0.0449,0.4214,0.1179,0.1768,0.2188,0.2191,0.0415,0.4115,0.1056,0.167,0.2112,0.2122,0.4143,0.1633,0.2099,0.1997,0.2001,0.4796,0.5252,0.4327,0.4315,0.1139,0.194,0.1935,0.2378,0.2364,0.0023
Hmel210001o,12700001,12750000,12725000,49996,0.0228,0.0213,0.0213,0.0235,0.0059,0.0171,0.0169,0.0206,0.0212,0.0226,0.0224,0.0252,0.0336,0.0253,0.0267,0.0299,0.0305,0.0211,0.0239,0.0344,0.026,0.0273,0.0311,0.0317,0.0238,0.0348,0.026,0.0278,0.0314,0.032,0.0338,0.0289,0.0301,0.0318,0.0322,0.0338,0.0355,0.0329,0.034,0.0208,0.027,0.0274,0.0278,0.0283,0.0205,0.0123,0.0082,0.0466,0.4179,0.1256,0.1557,0.1683,0.1716,-0.0056,0.0392,0.4494,0.1578,0.1875,0.2044,0.2071,0.0366,0.4547,0.1601,0.1963,0.2094,0.2136,0.427,0.193,0.2147,0.1925,0.1905,0.5087,0.5314,0.4417,0.447,0.1076,0.1858,0.1862,0.2055,0.2061,-0.011
Hmel210001o,12725001,12775000,12749737,49102,0.0227,0.0208,0.0209,0.0257,0.006,0.0176,0.0184,0.0212,0.0217,0.0222,0.0221,0.0278,0.0359,0.0262,0.0265,0.0319,0.0326,0.0205,0.0265,0.0368,0.0269,0.0272,0.0333,0.0342,0.0265,0.0371,0.027,0.0276,0.0337,0.0346,0.037,0.031,0.0313,0.0346,0.0349,0.0362,0.0376,0.0351,0.0361,0.0219,0.0287,0.0295,0.0302,0.0306,0.0213,0.0125,0.0077,0.0787,0.4446,0.1385,0.1343,0.1949,0.2006,-0.0099,0.0778,0.4826,0.1755,0.1706,0.2388,0.2457,0.0755,0.4838,0.1766,0.176,0.2429,0.2488,0.4338,0.1975,0.1916,0.2052,0.2041,0.5236,0.5257,0.4567,0.4611,0.1024,0.2033,0.2098,0.2177,0.2184,-0.0049
Hmel210001o,12750001,12800000,12773793,40708,0.0203,0.0199,0.02,0.0263,0.0063,0.0143,0.0154,0.0196,0.0198,0.0201,0.0202,0.0276,0.0357,0.0241,0.0246,0.0311,0.0314,0.0196,0.0276,0.0364,0.0247,0.0254,0.0325,0.0332,0.0276,0.037,0.0251,0.0258,0.0333,0.0338,0.0369,0.0291,0.0294,0.0332,0.0331,0.0341,0.0354,0.0335,0.0336,0.0179,0.0277,0.0274,0.029,0.0286,0.0201,0.0011,0.0028,0.0998,0.4747,0.1728,0.1678,0.2295,0.2323,-0.0087,0.1054,0.4877,0.1919,0.1892,0.2557,0.2642,0.1032,0.4932,0.1991,0.1965,0.2662,0.2722,0.4219,0.2065,0.1964,0.1989,0.1967,0.553,0.547,0.4581,0.4584,0.0986,0.2513,0.2448,0.2586,0.2507,0.0098
Hmel210001o,12775001,12825000,12803610,41366,0.0172,0.0189,0.0182,0.024,0.0055,0.0128,0.0134,0.0196,0.02,0.0179,0.0181,0.0264,0.0342,0.0231,0.0232,0.0328,0.0331,0.0182,0.0261,0.0345,0.0233,0.0234,0.033,0.0336,0.0255,0.0349,0.0248,0.0237,0.0341,0.0348,0.035,0.0293,0.0294,0.0333,0.0335,0.0325,0.0345,0.0337,0.0339,0.0174,0.0281,0.0273,0.0296,0.0294,0.0196,-0.0064,0.0113,0.141,0.5172,0.2232,0.215,0.2941,0.293,-0.0104,0.1114,0.4938,0.2002,0.1926,0.2765,0.2786,0.1106,0.5093,0.2414,0.2107,0.3011,0.3035,0.4415,0.2563,0.2482,0.2235,0.2209,0.5774,0.586,0.4747,0.4689,0.1482,0.2819,0.2605,0.2974,0.2872,-0.0042
Hmel210001o,12800001,12850000,12825049,49597,0.0195,0.0193,0.0195,0.0249,0.0041,0.0136,0.0161,0.0189,0.0196,0.0192,0.0194,0.0273,0.0332,0.0243,0.0233,0.0337,0.034,0.0187,0.0263,0.0335,0.0238,0.0231,0.0339,0.0345,0.0263,0.0338,0.025,0.0234,0.0346,0.035,0.0347,0.0303,0.0298,0.0341,0.0345,0.0336,0.0345,0.0346,0.0345,0.0195,0.0278,0.0276,0.0301,0.0304,0.0194,-0.0044,-0.0027,0.118,0.4928,0.1997,0.1428,0.2882,0.284,-0.0199,0.1026,0.4984,0.1917,0.1402,0.2918,0.292,0.1,0.499,0.2149,0.1446,0.3007,0.2975,0.4476,0.2502,0.208,0.2355,0.2326,0.5992,0.5631,0.5174,0.5052,0.1428,0.2749,0.2622,0.2776,0.2737,0.0046
Hmel210001o,12825001,12875000,12850058,49832,0.0216,0.02,0.0204,0.0239,0.0053,0.0134,0.0159,0.0182,0.0195,0.0211,0.0211,0.0255,0.0328,0.0256,0.0242,0.0302,0.0312,0.0196,0.0243,0.0334,0.0255,0.0244,0.0305,0.0317,0.0247,0.0337,0.026,0.0249,0.0311,0.0322,0.034,0.0296,0.0284,0.0311,0.032,0.0326,0.033,0.0326,0.0333,0.0187,0.025,0.0254,0.027,0.0277,0.0196,0.007,0.0019,0.0652,0.4351,0.1979,0.1352,0.2165,0.2152,-0.0168,0.0625,0.4672,0.2193,0.1624,0.2419,0.2437,0.0651,0.4645,0.2232,0.1652,0.2469,0.2453,0.4345,0.2524,0.1976,0.21,0.2063,0.5702,0.5314,0.4881,0.4739,0.1279,0.2376,0.2236,0.2384,0.2318,0.0202
Hmel210001o,12850001,12900000,12874289,48371,0.0206,0.0202,0.0197,0.0223,0.0061,0.016,0.015,0.0177,0.0196,0.0206,0.0205,0.0248,0.0335,0.0254,0.0245,0.0293,0.0308,0.0197,0.024,0.0342,0.0259,0.0251,0.0302,0.0316,0.0238,0.0342,0.0262,0.025,0.0307,0.0321,0.0343,0.029,0.0286,0.0309,0.0322,0.0327,0.0338,0.0323,0.0337,0.0193,0.0246,0.0252,0.0272,0.0282,0.0191,0.0056,0.0098,0.0792,0.4464,0.1718,0.1671,0.2207,0.2221,-0.0083,0.0676,0.4603,0.1862,0.184,0.239,0.2383,0.072,0.4692,0.1979,0.1898,0.2547,0.2528,0.4467,0.2228,0.232,0.2297,0.2241,0.5106,0.5417,0.4784,0.4651,0.1151,0.1968,0.1816,0.2619,0.2516,0.0138
Hmel210001o,12875001,12925000,12900095,48109,0.02,0.0189,0.0192,0.0223,0.0048,0.021,0.016,0.0184,0.0202,0.0197,0.0198,0.0247,0.0367,0.0242,0.0261,0.032,0.0324,0.0186,0.0238,0.0367,0.0238,0.0268,0.0324,0.0328,0.0238,0.0373,0.0243,0.0269,0.0329,0.0333,0.0365,0.0277,0.0305,0.0337,0.0342,0.0348,0.0377,0.0357,0.0365,0.0228,0.0276,0.0274,0.0284,0.0282,0.0197,0.0073,0.0048,0.0858,0.5112,0.0882,0.1932,0.2616,0.2462,-0.0117,0.0836,0.5295,0.0933,0.2236,0.2828,0.2666,0.0772,0.5294,0.1,0.2193,0.2849,0.2703,0.4892,0.1296,0.2465,0.2608,0.2452,0.4748,0.5839,0.5252,0.5077,0.1095,0.1756,0.1503,0.2568,0.2305,0.0115
Hmel210001o,12900001,12950000,12925073,49609,0.021,0.019,0.0201,0.0224,0.0047,0.0201,0.0146,0.0198,0.021,0.0204,0.0205,0.0242,0.0363,0.0247,0.0278,0.0317,0.0316,0.0192,0.0231,0.0361,0.0245,0.0286,0.0323,0.0321,0.0234,0.037,0.0248,0.0287,0.0328,0.0326,0.036,0.0271,0.0299,0.0324,0.0322,0.0341,0.0371,0.0354,0.0359,0.0217,0.0266,0.0263,0.0264,0.026,0.0207,0.0105,-0.0012,0.0591,0.4924,0.0965,0.2302,0.2283,0.211,-0.01,0.0644,0.5202,0.1185,0.2709,0.2618,0.2434,0.0548,0.5138,0.112,0.2581,0.256,0.2388,0.484,0.1304,0.2566,0.2238,0.2037,0.4833,0.6022,0.5028,0.4885,0.1184,0.152,0.1299,0.2228,0.1971,0.0081
Hmel210001o,12925001,12975000,12950015,49776,0.0212,0.0209,0.0209,0.0223,0.0055,0.0176,0.0134,0.0198,0.0204,0.0208,0.0208,0.0238,0.0346,0.0269,0.0298,0.0319,0.0322,0.0208,0.0234,0.0349,0.0279,0.0307,0.0327,0.0331,0.0233,0.0354,0.0278,0.0306,0.033,0.0334,0.0341,0.0282,0.0305,0.0312,0.0314,0.0332,0.0354,0.0336,0.0343,0.0187,0.0244,0.0246,0.0253,0.0257,0.0201,-0.0062,-0.0065,0.0495,0.4583,0.1701,0.2784,0.2284,0.2258,-0.0034,0.0465,0.4672,0.1933,0.297,0.2454,0.2436,0.0435,0.4719,0.191,0.2949,0.2484,0.2472,0.4527,0.1878,0.2851,0.2067,0.2009,0.5004,0.5948,0.47,0.4678,0.0999,0.1416,0.1369,0.22,0.2188,0.0021
Hmel210001o,12950001,13000000,12975025,49904,0.0187,0.0199,0.019,0.0227,0.0059,0.0182,0.015,0.0189,0.0191,0.0189,0.0188,0.0235,0.0333,0.0266,0.0288,0.0318,0.0329,0.0194,0.0237,0.0338,0.0274,0.0297,0.0322,0.0333,0.0231,0.0335,0.0272,0.0294,0.0321,0.0332,0.0332,0.0288,0.0308,0.0314,0.0321,0.0329,0.0341,0.0325,0.0334,0.0191,0.024,0.0244,0.0244,0.025,0.0192,-0.0099,-0.0011,0.0754,0.477,0.1905,0.2742,0.2703,0.2834,-0.0015,0.0621,0.4639,0.1897,0.2722,0.2614,0.2747,0.0625,0.4755,0.1983,0.2798,0.2713,0.2845,0.4319,0.1842,0.2618,0.218,0.2245,0.4805,0.5467,0.4649,0.4712,0.0727,0.1355,0.1405,0.1888,0.1987,0.005
Hmel210001o,12975001,13025000,12998840,46873,0.0145,0.019,0.0147,0.0213,0.0035,0.014,0.0126,0.0154,0.0148,0.0167,0.0148,0.0278,0.0323,0.0273,0.0287,0.0314,0.032,0.0174,0.0272,0.0328,0.0278,0.0293,0.0317,0.0323,0.0275,0.032,0.0279,0.0296,0.032,0.0326,0.0337,0.0273,0.0282,0.0286,0.0291,0.0339,0.0343,0.0342,0.0349,0.0146,0.0192,0.019,0.0191,0.019,0.015,-0.0003,0.0064,0.2352,0.5791,0.3281,0.3735,0.37,0.3876,0.0172,0.1596,0.5067,0.2688,0.3145,0.3111,0.3286,0.2297,0.5739,0.3364,0.3849,0.376,0.3931,0.4947,0.2361,0.2741,0.2371,0.2532,0.6054,0.636,0.5837,0.601,0.0498,0.1418,0.1457,0.1648,0.1734,-0.0029
Hmel210001o,13000001,13050000,13025504,46861,0.0192,0.0216,0.0183,0.024,0.0034,0.0142,0.0131,0.0178,0.0167,0.0203,0.0189,0.0323,0.0355,0.03,0.0298,0.0334,0.0335,0.0201,0.0307,0.0363,0.0299,0.0297,0.0336,0.0339,0.0315,0.0355,0.0308,0.0311,0.0347,0.0351,0.0374,0.0303,0.0308,0.0314,0.0321,0.0365,0.037,0.0364,0.037,0.0161,0.0218,0.0222,0.0232,0.0236,0.017,-0.0031,0.0035,0.2133,0.5337,0.2983,0.3109,0.3014,0.3162,0.0032,0.1581,0.5036,0.2634,0.2759,0.2744,0.2916,0.2131,0.5467,0.3225,0.3427,0.3296,0.3488,0.4965,0.2508,0.2747,0.2192,0.2435,0.6264,0.6501,0.5654,0.5881,0.0878,0.1636,0.1887,0.2113,0.2372,-0.0058
Hmel210001o,13025001,13075000,13049994,49950,0.0232,0.0227,0.0223,0.0266,0.0067,0.0193,0.0159,0.0224,0.0215,0.0226,0.0231,0.0287,0.0375,0.0283,0.0278,0.0336,0.0338,0.0221,0.0284,0.0385,0.0282,0.0278,0.0342,0.0345,0.0282,0.0382,0.0293,0.0289,0.035,0.0353,0.0386,0.0324,0.033,0.0357,0.0361,0.0376,0.0377,0.0365,0.0371,0.0209,0.0274,0.0279,0.029,0.0292,0.022,-0.0072,0.0075,0.0811,0.4456,0.1496,0.1844,0.2026,0.2147,-0.0084,0.0823,0.4636,0.155,0.1909,0.2162,0.23,0.0809,0.465,0.179,0.2153,0.2319,0.2458,0.4296,0.1881,0.2413,0.1996,0.215,0.5021,0.555,0.4461,0.4647,0.0919,0.1442,0.1644,0.2153,0.2296,0.0013
Hmel210001o,13050001,13100000,13074142,47900,0.0198,0.02,0.0197,0.0244,0.0072,0.0193,0.0169,0.0221,0.0209,0.0201,0.0203,0.0251,0.0358,0.027,0.0272,0.0331,0.0332,0.0199,0.0258,0.0368,0.0282,0.0276,0.0342,0.0343,0.0254,0.0371,0.0287,0.0283,0.0344,0.0347,0.0375,0.0313,0.0312,0.0349,0.0349,0.0364,0.0372,0.0365,0.0372,0.0208,0.0263,0.026,0.0279,0.0273,0.0217,0.0048,0.0157,0.0778,0.4696,0.1699,0.2053,0.2364,0.2528,0.0004,0.0869,0.4769,0.1882,0.2084,0.2501,0.2658,0.0848,0.4846,0.2025,0.2262,0.2578,0.2755,0.4385,0.1931,0.2232,0.2125,0.227,0.4835,0.5269,0.4446,0.4687,0.0735,0.1271,0.1356,0.1877,0.1911,0.007
Hmel210001o,13075001,13125000,13100199,47894,0.0184,0.0204,0.0208,0.0247,0.0047,0.0157,0.017,0.0195,0.0194,0.02,0.0201,0.0277,0.0362,0.0307,0.0307,0.0352,0.0348,0.0202,0.0273,0.0364,0.0318,0.0308,0.0362,0.0357,0.0277,0.0367,0.0321,0.0308,0.0363,0.0358,0.0388,0.0345,0.0334,0.0367,0.0363,0.0375,0.0379,0.0378,0.0378,0.0194,0.0265,0.0261,0.0277,0.027,0.0204,0.0174,0.0124,0.1434,0.5327,0.2998,0.2808,0.3149,0.3095,-0.0102,0.1097,0.5036,0.2906,0.2572,0.304,0.2972,0.109,0.4999,0.2873,0.2508,0.3001,0.2937,0.4826,0.2836,0.2517,0.2652,0.2606,0.5879,0.5704,0.5315,0.5324,0.0895,0.2128,0.2055,0.2167,0.2036,0.0245
Hmel210001o,13100001,13150000,13124560,48523,0.0167,0.0177,0.0191,0.0241,0.0035,0.0149,0.0121,0.0174,0.0178,0.0177,0.0182,0.0302,0.0372,0.0299,0.0291,0.0349,0.0343,0.0182,0.0299,0.0371,0.0303,0.0295,0.0354,0.0348,0.0296,0.0377,0.0309,0.0295,0.0358,0.0352,0.0393,0.0352,0.0345,0.0361,0.0359,0.0378,0.0368,0.0374,0.0378,0.0164,0.0254,0.025,0.0258,0.0251,0.0181,0.0137,0.0081,0.2139,0.5882,0.3232,0.3532,0.3578,0.345,-0.008,0.1947,0.5696,0.3138,0.3425,0.3502,0.3387,0.172,0.5534,0.3045,0.3229,0.338,0.3261,0.512,0.3101,0.3389,0.2883,0.2809,0.6235,0.6645,0.5783,0.5753,0.104,0.2337,0.2198,0.2863,0.2671,0.0133
Hmel210001o,13125001,13175000,13150238,48407,0.0128,0.0121,0.0144,0.0219,0.0062,0.0099,0.0051,0.0153,0.0147,0.0126,0.0134,0.0263,0.0307,0.0255,0.0259,0.0301,0.0303,0.0132,0.0264,0.0304,0.0258,0.0262,0.0301,0.0306,0.0259,0.031,0.0263,0.0267,0.0304,0.0309,0.0338,0.0312,0.0319,0.0327,0.0328,0.0301,0.0303,0.0314,0.0318,0.0093,0.0206,0.0194,0.0218,0.0205,0.0149,0.0077,-0.0065,0.2314,0.5438,0.3992,0.5017,0.3775,0.3918,-0.0012,0.2436,0.5541,0.4175,0.5216,0.3886,0.4079,0.1975,0.5172,0.3825,0.4805,0.3571,0.3756,0.4449,0.3526,0.4381,0.293,0.3052,0.5934,0.6991,0.5051,0.5226,0.1126,0.2525,0.2348,0.3759,0.3627,-0.0023
Hmel210001o,13150001,13200000,13175034,49837,0.011,0.01,0.0098,0.0204,0.0059,0.0036,0.0029,0.0127,0.0126,0.0104,0.0103,0.0221,0.0257,0.0252,0.0267,0.0265,0.0268,0.0098,0.0216,0.0253,0.0253,0.0267,0.0265,0.027,0.022,0.0255,0.0256,0.027,0.0268,0.0272,0.0297,0.0297,0.0305,0.0305,0.0307,0.0249,0.0259,0.0265,0.027,0.0037,0.0149,0.0147,0.0157,0.0155,0.0129,-0.0054,-0.0064,0.1975,0.5216,0.5653,0.6021,0.3976,0.403,-0.0058,0.2044,0.5393,0.5924,0.6275,0.4173,0.4249,0.2175,0.5474,0.6007,0.6368,0.4251,0.4325,0.4192,0.4579,0.4825,0.319,0.3216,0.6936,0.7249,0.4973,0.5053,0.0729,0.3075,0.3016,0.352,0.3469,0.0102
Hmel210001o,13175001,13225000,13199998,49986,0.0083,0.0071,0.0044,0.0177,0.0026,0.002,0.002,0.0116,0.0117,0.0073,0.0065,0.0205,0.0246,0.026,0.0268,0.0257,0.026,0.0057,0.0203,0.0245,0.0261,0.0269,0.0259,0.0262,0.0212,0.0246,0.0263,0.0271,0.026,0.0263,0.029,0.0302,0.0307,0.0296,0.0302,0.0224,0.0229,0.023,0.0237,0.0021,0.011,0.0128,0.0114,0.0133,0.012,-0.0273,0.0124,0.2552,0.6526,0.6845,0.6913,0.4587,0.4611,-0.0038,0.2765,0.683,0.7158,0.7223,0.4856,0.488,0.3539,0.762,0.7928,0.7976,0.5453,0.5473,0.513,0.5391,0.544,0.358,0.3648,0.8235,0.8255,0.5452,0.553,0.0223,0.2497,0.3184,0.2652,0.3356,0.0181
Hmel210001o,13200001,13250000,13225002,49989,0.0065,0.006,0.0044,0.0175,0.002,0.002,0.0014,0.0099,0.0094,0.0059,0.0055,0.0198,0.023,0.0225,0.0232,0.0235,0.0241,0.0051,0.0201,0.0231,0.0225,0.0233,0.0238,0.0244,0.0205,0.0232,0.0224,0.0233,0.0238,0.0243,0.0274,0.026,0.0264,0.0255,0.0262,0.0207,0.021,0.0214,0.0219,0.0018,0.0105,0.0117,0.0109,0.0121,0.0108,-0.0352,0.0048,0.2809,0.6992,0.6959,0.7215,0.4992,0.5192,-0.0144,0.2979,0.7168,0.7126,0.7391,0.5163,0.537,0.3436,0.7673,0.7632,0.7892,0.5536,0.5736,0.5082,0.4902,0.5084,0.3259,0.3469,0.8325,0.8563,0.5797,0.602,0.0463,0.2923,0.3606,0.331,0.3981,0.0604
Hmel210001o,13225001,13275000,13250000,50000,0.0115,0.0104,0.0116,0.0227,0.0041,0.0094,0.0098,0.0119,0.0117,0.0108,0.0115,0.0227,0.026,0.0205,0.0213,0.0261,0.0269,0.0112,0.0227,0.0261,0.0207,0.0213,0.0263,0.0272,0.0226,0.0263,0.0206,0.0212,0.0266,0.0274,0.0298,0.0253,0.0257,0.0278,0.0284,0.0253,0.0257,0.0268,0.0272,0.01,0.0178,0.0183,0.0181,0.0182,0.0128,-0.0094,-0.0031,0.1719,0.5529,0.3391,0.3475,0.396,0.4135,0.0089,0.1914,0.5808,0.3678,0.3733,0.4209,0.4389,0.1694,0.5551,0.3408,0.3441,0.4024,0.4192,0.418,0.258,0.2591,0.2613,0.2735,0.594,0.5902,0.5558,0.5654,0.0225,0.2641,0.2829,0.2641,0.2714,0.0447
Hmel210001o,13250001,13300000,13274990,49967,0.0171,0.0155,0.0164,0.0255,0.007,0.0159,0.0166,0.0174,0.0178,0.017,0.0177,0.026,0.0331,0.0235,0.0233,0.0304,0.0317,0.0163,0.0252,0.0334,0.0229,0.0233,0.0305,0.0319,0.0254,0.0338,0.0228,0.0231,0.0311,0.0324,0.0361,0.0291,0.0295,0.0334,0.0346,0.0331,0.034,0.0346,0.0354,0.0168,0.0247,0.0252,0.0259,0.0261,0.0176,0.0221,0.0267,0.1202,0.4809,0.1825,0.168,0.2878,0.3036,0.0091,0.1273,0.511,0.1966,0.1926,0.3129,0.3278,0.1191,0.5003,0.1789,0.175,0.3089,0.3221,0.4116,0.1921,0.1883,0.2377,0.249,0.5007,0.4992,0.4939,0.4973,0.0181,0.2043,0.2086,0.2179,0.2164,0.0009
Hmel210001o,13275001,13325000,13300006,49965,0.0137,0.0116,0.0122,0.0208,0.0053,0.0088,0.0093,0.0144,0.0148,0.0137,0.014,0.0208,0.0313,0.0205,0.0198,0.0226,0.0231,0.0116,0.0201,0.0318,0.0198,0.0202,0.0237,0.0239,0.0201,0.0319,0.0196,0.0199,0.0235,0.0237,0.0331,0.0255,0.0253,0.0265,0.0269,0.031,0.0313,0.0315,0.0316,0.0095,0.0179,0.0177,0.0189,0.0189,0.0144,0.0428,0.0405,0.1148,0.5505,0.3049,0.2773,0.2462,0.2473,-0.0135,0.1367,0.5965,0.3347,0.3314,0.3053,0.3014,0.1255,0.5864,0.3172,0.313,0.2918,0.2876,0.4658,0.2962,0.2838,0.2226,0.2221,0.6438,0.6364,0.5412,0.5328,0.0244,0.2248,0.21,0.2412,0.2318,-0.0068
Hmel210001o,13300001,13350000,13325001,49998,0.0102,0.0079,0.0086,0.0203,0.0035,0.0036,0.0037,0.0104,0.0104,0.0099,0.0098,0.0192,0.0291,0.0165,0.017,0.0233,0.0232,0.0081,0.0191,0.0297,0.0165,0.0172,0.0242,0.0238,0.0189,0.0293,0.016,0.0168,0.0236,0.0233,0.0316,0.0233,0.0234,0.0272,0.0271,0.0286,0.0284,0.0283,0.0278,0.0045,0.0176,0.0176,0.0173,0.0175,0.0101,0.0463,0.0197,0.1455,0.6343,0.4264,0.4332,0.4004,0.399,-0.0079,0.1891,0.6932,0.5001,0.5116,0.4669,0.4613,0.1707,0.6723,0.4646,0.4778,0.4404,0.4362,0.4858,0.3659,0.3629,0.3053,0.3035,0.7923,0.7862,0.622,0.6162,0.1143,0.4469,0.4493,0.4362,0.4397,-0.0155
Hmel210001o,13325001,13375000,13349998,49986,0.0092,0.007,0.0076,0.0216,0.0035,0.0028,0.0041,0.0082,0.0075,0.0089,0.0084,0.0232,0.0239,0.02,0.0203,0.0266,0.0271,0.0074,0.023,0.0241,0.0201,0.0203,0.0269,0.0273,0.0234,0.0241,0.0196,0.02,0.0266,0.0271,0.029,0.0271,0.0267,0.0308,0.0312,0.027,0.0268,0.026,0.0266,0.0043,0.0144,0.0144,0.0149,0.0148,0.0076,0.049,-0.0013,0.2376,0.597,0.5558,0.523,0.5241,0.5464,0.0046,0.2715,0.6556,0.6234,0.5848,0.5751,0.5961,0.2698,0.6394,0.5956,0.5614,0.5575,0.5803,0.4331,0.4202,0.3894,0.3783,0.3948,0.8012,0.7624,0.6475,0.6714,0.1132,0.4647,0.491,0.4313,0.4526,-0.0137
Hmel210001o,13350001,13400000,13375005,49985,0.0086,0.0091,0.0089,0.0199,0.0037,0.0026,0.0045,0.008,0.0074,0.0097,0.0086,0.0239,0.0233,0.0201,0.0207,0.0202,0.0209,0.0092,0.0227,0.0231,0.0209,0.0213,0.0209,0.0216,0.0243,0.0232,0.0201,0.0207,0.0203,0.0209,0.0278,0.028,0.0275,0.0278,0.0283,0.0268,0.0269,0.0265,0.0271,0.0039,0.0081,0.0086,0.0089,0.0093,0.0076,0.0448,-0.0065,0.2851,0.5955,0.5781,0.5342,0.4342,0.4614,0.0121,0.2517,0.58,0.5761,0.5313,0.4356,0.4631,0.2875,0.5877,0.5707,0.5283,0.4295,0.4547,0.4403,0.4644,0.4209,0.3637,0.3806,0.7986,0.7467,0.653,0.6738,0.0525,0.2222,0.2784,0.1856,0.2291,-0.0077
Hmel210001o,13375001,13425000,13400000,49992,0.0128,0.0145,0.0135,0.022,0.0043,0.008,0.007,0.0135,0.0139,0.014,0.0132,0.0245,0.0314,0.0194,0.0207,0.0236,0.0247,0.0142,0.0232,0.0317,0.0202,0.0218,0.0248,0.0259,0.0243,0.0315,0.0198,0.0211,0.0241,0.0251,0.0336,0.0275,0.0278,0.0299,0.0304,0.0317,0.0327,0.0319,0.0328,0.0082,0.017,0.0181,0.018,0.0192,0.0133,0.0139,0.0033,0.1947,0.5897,0.3168,0.3696,0.299,0.3125,0.0081,0.1401,0.5595,0.2978,0.3531,0.2906,0.3057,0.1808,0.5765,0.3112,0.3623,0.2948,0.3072,0.4704,0.3278,0.3494,0.2777,0.28,0.6908,0.7202,0.5805,0.5822,0.0469,0.2362,0.2591,0.288,0.3088,-0.015
Hmel210001o,13400001,13450000,13425001,49983,0.018,0.0168,0.0169,0.0244,0.0045,0.0149,0.0134,0.0163,0.0179,0.0174,0.0178,0.0272,0.0342,0.0257,0.0261,0.0329,0.0337,0.017,0.0271,0.0351,0.0266,0.0267,0.0344,0.0353,0.0271,0.0349,0.0266,0.026,0.0336,0.0344,0.0364,0.031,0.0315,0.0347,0.0347,0.0342,0.0357,0.0349,0.0359,0.0157,0.0252,0.0257,0.0276,0.0278,0.0171,0.0011,0.0105,0.1423,0.5209,0.2318,0.2617,0.3295,0.3188,0.0047,0.1563,0.5492,0.2652,0.2907,0.3642,0.355,0.1556,0.5464,0.2639,0.2764,0.3526,0.3433,0.4653,0.2475,0.2762,0.2808,0.2604,0.5737,0.6147,0.5563,0.54,0.0563,0.2459,0.2314,0.3145,0.2941,0.0004
Hmel210001o,13425001,13475000,13450000,49954,0.0195,0.019,0.0204,0.0229,0.0058,0.015,0.0128,0.0181,0.0194,0.0194,0.0205,0.0293,0.0361,0.0276,0.0292,0.0335,0.0334,0.0198,0.0289,0.0371,0.0292,0.0299,0.0347,0.0351,0.0297,0.0374,0.029,0.0292,0.034,0.0344,0.0381,0.0328,0.0332,0.0348,0.0346,0.036,0.0373,0.0372,0.0379,0.0166,0.0263,0.0264,0.0275,0.0275,0.0188,0.0038,0.0124,0.1727,0.4964,0.2418,0.3003,0.2935,0.2766,0.0007,0.1719,0.5136,0.2756,0.319,0.3165,0.3057,0.167,0.496,0.2538,0.2878,0.2893,0.2795,0.4818,0.2892,0.3248,0.2748,0.2554,0.5672,0.6155,0.5294,0.5165,0.0941,0.2383,0.2213,0.2934,0.2737,0.0021
Hmel210001o,13450001,13500000,13474952,49699,0.0197,0.0204,0.0215,0.023,0.0063,0.0129,0.0112,0.0183,0.0187,0.02,0.0206,0.0291,0.0355,0.0267,0.0289,0.0311,0.0313,0.021,0.0287,0.037,0.0283,0.0304,0.0318,0.0325,0.0298,0.0372,0.029,0.0302,0.0321,0.0328,0.0369,0.032,0.0326,0.0323,0.0326,0.0363,0.0361,0.0361,0.0369,0.0176,0.0245,0.0248,0.0247,0.0255,0.0184,-0.001,0.0006,0.1646,0.4785,0.2528,0.3165,0.2532,0.2506,0.0015,0.1492,0.4856,0.2709,0.3304,0.2566,0.2605,0.1549,0.4724,0.2683,0.3102,0.2478,0.2528,0.4622,0.3057,0.3386,0.2364,0.234,0.5964,0.6234,0.5087,0.5093,0.1966,0.2343,0.2315,0.2653,0.2734,-0.0021
Hmel210001o,13475001,13525000,13500068,49731,0.0176,0.0174,0.0181,0.0248,0.0047,0.0162,0.0137,0.0167,0.0163,0.0177,0.0178,0.027,0.0311,0.0252,0.0251,0.0317,0.0317,0.0179,0.0271,0.0323,0.0261,0.0257,0.0319,0.0322,0.0276,0.0322,0.0264,0.0255,0.0325,0.0325,0.0326,0.03,0.0311,0.0317,0.0321,0.0331,0.032,0.0341,0.034,0.0221,0.0237,0.0232,0.0252,0.025,0.0167,0.0069,-0.0021,0.1405,0.4893,0.2086,0.2433,0.3122,0.3174,0.0052,0.1433,0.506,0.2273,0.258,0.3172,0.3264,0.1429,0.4937,0.2227,0.244,0.316,0.3223,0.4149,0.2095,0.2615,0.2285,0.2395,0.5356,0.5692,0.5381,0.5442,0.2014,0.1889,0.1852,0.2591,0.2625,0.0072
Hmel210001o,13500001,13550000,13524993,49977,0.0163,0.017,0.0167,0.0237,0.0055,0.0149,0.0118,0.0176,0.0168,0.0172,0.0168,0.0247,0.0311,0.0259,0.025,0.0312,0.0309,0.0165,0.0252,0.031,0.0263,0.0252,0.0305,0.0307,0.0249,0.0308,0.0261,0.0253,0.0307,0.0308,0.032,0.0295,0.0297,0.0316,0.0319,0.0317,0.0317,0.0323,0.0328,0.0166,0.0223,0.0217,0.0236,0.0229,0.0171,0.017,0.01,0.1245,0.4971,0.2593,0.2945,0.3091,0.3159,-0.0099,0.1266,0.4848,0.2585,0.2856,0.2893,0.3043,0.1237,0.4861,0.2573,0.2933,0.2967,0.3091,0.4098,0.2319,0.2814,0.2283,0.2428,0.5294,0.5874,0.4904,0.5088,0.116,0.1662,0.1646,0.2445,0.2439,-0.0039
Hmel210001o,13525001,13575000,13549854,49684,0.0184,0.018,0.0186,0.0234,0.0061,0.0103,0.0127,0.0184,0.0179,0.0184,0.0185,0.0254,0.0329,0.0291,0.0279,0.0313,0.0316,0.018,0.0257,0.0327,0.03,0.0284,0.0308,0.0317,0.0256,0.0329,0.03,0.0289,0.0312,0.032,0.0344,0.0319,0.0311,0.0326,0.033,0.0334,0.0333,0.0325,0.0334,0.0129,0.0211,0.0211,0.0226,0.0226,0.0179,0.0048,-0.0008,0.1126,0.4726,0.3528,0.2976,0.271,0.2838,-0.0087,0.1235,0.4777,0.3739,0.3124,0.2694,0.2903,0.1149,0.471,0.3653,0.3116,0.2688,0.2879,0.4321,0.3386,0.2916,0.235,0.2479,0.6195,0.575,0.4674,0.4881,0.0583,0.2007,0.2086,0.194,0.2046,-0.0069
Hmel210001o,13550001,13600000,13575002,49637,0.0189,0.0191,0.02,0.0241,0.0049,0.007,0.011,0.0192,0.0194,0.0188,0.0192,0.0264,0.0347,0.0303,0.0297,0.0318,0.0328,0.0197,0.026,0.0346,0.0309,0.03,0.0321,0.0332,0.0267,0.0352,0.0314,0.0308,0.0327,0.0337,0.0364,0.0328,0.0324,0.0332,0.034,0.0349,0.0351,0.0345,0.0355,0.0099,0.0224,0.023,0.0243,0.0249,0.019,-0.0052,-0.0048,0.1173,0.5054,0.4166,0.3454,0.2639,0.275,0.0046,0.1075,0.5018,0.4219,0.3462,0.2661,0.2797,0.1089,0.4942,0.4141,0.3456,0.2636,0.2759,0.4635,0.3899,0.326,0.2255,0.234,0.7211,0.6467,0.4989,0.5062,0.0489,0.2747,0.2825,0.2466,0.2549,-0.0071
Hmel210001o,13575001,13625000,13600033,49933,0.018,0.0188,0.0185,0.0248,0.0046,0.0045,0.0075,0.0182,0.0192,0.0184,0.0183,0.0255,0.0335,0.03,0.03,0.0296,0.0304,0.0186,0.0252,0.0333,0.0298,0.0298,0.0297,0.0305,0.0254,0.0335,0.0301,0.0301,0.0298,0.0306,0.035,0.032,0.0322,0.0315,0.032,0.0337,0.0342,0.0322,0.0334,0.0068,0.0217,0.022,0.0228,0.0231,0.0184,0.0009,0.0,0.1053,0.5107,0.4699,0.4202,0.2536,0.2526,0.0001,0.0879,0.4957,0.4533,0.4036,0.2439,0.2443,0.0966,0.5027,0.4616,0.4122,0.2501,0.2494,0.4435,0.4102,0.3669,0.206,0.2018,0.7714,0.7124,0.492,0.4904,0.0667,0.3263,0.3143,0.2934,0.282,-0.0095
Hmel210001o,13600001,13650000,13625001,49999,0.0152,0.0172,0.0172,0.0237,0.0045,0.006,0.0084,0.015,0.0161,0.0164,0.0162,0.0234,0.0294,0.0268,0.0272,0.0274,0.0276,0.0166,0.023,0.0296,0.0269,0.027,0.0275,0.0277,0.023,0.0298,0.0269,0.0269,0.0268,0.027,0.0314,0.0296,0.0297,0.0293,0.0296,0.0311,0.0321,0.0302,0.0308,0.0088,0.0187,0.0188,0.0197,0.0197,0.0155,0.0063,-0.0002,0.1143,0.5138,0.4479,0.4109,0.3023,0.2891,-0.0209,0.0768,0.4799,0.4123,0.3715,0.2733,0.262,0.0762,0.4818,0.4121,0.37,0.2619,0.2497,0.4182,0.369,0.3327,0.2273,0.2162,0.7247,0.681,0.5276,0.5154,0.1073,0.2929,0.2727,0.2664,0.2466,-0.0033
Hmel210001o,13625001,13675000,13649559,48810,0.0159,0.0192,0.0194,0.0238,0.0042,0.011,0.012,0.0171,0.0178,0.0178,0.0179,0.024,0.0298,0.0246,0.0246,0.0286,0.0286,0.0188,0.0239,0.0306,0.0255,0.0252,0.0294,0.0296,0.0238,0.0308,0.0257,0.0254,0.0287,0.0291,0.0316,0.0286,0.0284,0.0306,0.0308,0.0308,0.0329,0.0318,0.0321,0.014,0.0213,0.0214,0.0233,0.0238,0.0172,0.0068,0.0073,0.1165,0.5115,0.3056,0.2882,0.2804,0.2705,-0.0145,0.0649,0.4621,0.2685,0.2457,0.2472,0.2416,0.0604,0.4637,0.2694,0.2477,0.2342,0.2327,0.4243,0.2737,0.2554,0.2168,0.2101,0.6205,0.6202,0.514,0.5065,0.1045,0.216,0.2059,0.2415,0.2408,-0.0091
Hmel210001o,13650001,13700000,13675165,48800,0.0205,0.0214,0.023,0.0253,0.0056,0.016,0.0157,0.0224,0.0221,0.0212,0.0221,0.0276,0.033,0.0248,0.025,0.0312,0.0303,0.0221,0.0267,0.0333,0.0257,0.0259,0.032,0.0312,0.0268,0.0337,0.0264,0.0263,0.0322,0.0316,0.034,0.0297,0.0294,0.0333,0.0325,0.0325,0.0344,0.0335,0.0336,0.0187,0.028,0.0267,0.0299,0.029,0.0221,0.0071,0.0091,0.106,0.4502,0.1611,0.1692,0.1947,0.1842,-0.0024,0.078,0.4391,0.1655,0.1738,0.1974,0.1882,0.0587,0.4194,0.158,0.1609,0.1823,0.1764,0.4108,0.202,0.2014,0.1753,0.1682,0.5161,0.5424,0.4263,0.4314,0.0879,0.1955,0.1758,0.2325,0.2214,-0.0031
Hmel210001o,13675001,13725000,13699939,49836,0.0215,0.0221,0.0224,0.0248,0.0064,0.0174,0.0177,0.0212,0.0215,0.022,0.0224,0.0266,0.0331,0.0236,0.0253,0.0311,0.0308,0.0222,0.026,0.0336,0.0247,0.0261,0.0322,0.0316,0.0258,0.033,0.0253,0.0263,0.0324,0.0318,0.0335,0.0279,0.0288,0.0327,0.0324,0.0331,0.0337,0.0327,0.0323,0.021,0.029,0.0283,0.0299,0.0289,0.0216,0.0029,0.0097,0.0788,0.422,0.1024,0.1329,0.1963,0.188,-0.0014,0.059,0.4187,0.1177,0.1409,0.2064,0.1939,0.0516,0.4072,0.1261,0.142,0.2055,0.1936,0.3993,0.1582,0.1694,0.1875,0.1786,0.4859,0.488,0.422,0.4123,0.0954,0.2117,0.1948,0.2227,0.2026,0.0063
Hmel210001o,13700001,13750000,13725014,49846,0.0219,0.0229,0.0219,0.023,0.0059,0.0163,0.0186,0.02,0.0207,0.0226,0.0224,0.0248,0.0333,0.0231,0.0243,0.0293,0.0307,0.0222,0.0243,0.0342,0.0246,0.0257,0.031,0.0322,0.0239,0.0337,0.0244,0.0252,0.0307,0.0319,0.0335,0.0259,0.027,0.0307,0.0318,0.0333,0.0339,0.032,0.0325,0.0205,0.0268,0.0277,0.0275,0.0285,0.0202,0.0061,0.0116,0.0549,0.4275,0.1003,0.0972,0.1758,0.1911,-0.0051,0.031,0.4231,0.1206,0.1128,0.1921,0.2036,0.0362,0.4321,0.1296,0.1149,0.199,0.2106,0.43,0.1565,0.1432,0.1885,0.1957,0.5169,0.4848,0.4401,0.4352,0.0852,0.2037,0.2106,0.1861,0.1941,-0.0042
Hmel210001o,13725001,13775000,13749984,49868,0.0226,0.0231,0.0222,0.0225,0.0063,0.0178,0.0174,0.0211,0.0215,0.0231,0.0226,0.0257,0.0355,0.0251,0.0246,0.0314,0.033,0.0225,0.0251,0.0357,0.0257,0.0251,0.0325,0.0338,0.0249,0.0356,0.0252,0.0248,0.0324,0.0337,0.0354,0.0277,0.0278,0.0322,0.0335,0.0348,0.0365,0.0333,0.0341,0.0191,0.028,0.0294,0.0301,0.0316,0.021,0.0046,0.0042,0.0691,0.4381,0.1151,0.1103,0.1903,0.21,-0.0027,0.0495,0.433,0.1206,0.1122,0.2014,0.2161,0.0572,0.4449,0.1227,0.1186,0.21,0.2251,0.4534,0.1727,0.1799,0.2023,0.2176,0.5025,0.5271,0.4345,0.4379,0.0436,0.1906,0.2093,0.2308,0.2508,-0.0073
Hmel210001o,13750001,13800000,13775044,49813,0.0219,0.023,0.0213,0.0244,0.0064,0.0176,0.0169,0.0207,0.0217,0.0224,0.0218,0.0257,0.0366,0.0248,0.0243,0.0332,0.0335,0.022,0.0261,0.0365,0.0252,0.0245,0.0336,0.034,0.0251,0.0365,0.0248,0.0245,0.0334,0.034,0.0365,0.0283,0.0287,0.0345,0.0349,0.035,0.0366,0.0338,0.0343,0.0186,0.0297,0.03,0.0311,0.0316,0.0215,-0.0002,0.0059,0.061,0.4591,0.1201,0.1191,0.2291,0.2228,-0.0037,0.0524,0.441,0.1139,0.109,0.2215,0.2163,0.0558,0.466,0.1273,0.1315,0.2382,0.2364,0.439,0.1667,0.1839,0.222,0.2152,0.5057,0.5341,0.4426,0.434,0.0407,0.2256,0.2188,0.2578,0.2541,0.0061
Hmel210001o,13775001,13825000,13800021,49942,0.0211,0.0224,0.0225,0.0236,0.0052,0.0176,0.0176,0.0197,0.0205,0.0222,0.0224,0.0249,0.0337,0.0233,0.0238,0.0306,0.0308,0.0224,0.0248,0.0339,0.0237,0.0247,0.0312,0.0316,0.0246,0.0344,0.0243,0.0252,0.0311,0.0316,0.0332,0.0267,0.0278,0.0323,0.0324,0.0335,0.0347,0.0331,0.034,0.0201,0.0287,0.0287,0.0295,0.0294,0.0204,0.0111,0.014,0.0627,0.4543,0.0984,0.1101,0.212,0.204,-0.0027,0.0416,0.4361,0.0889,0.1104,0.2044,0.2014,0.0372,0.4412,0.1009,0.1216,0.2021,0.1997,0.429,0.1444,0.1651,0.2105,0.2021,0.5068,0.5206,0.4695,0.4672,0.0701,0.2228,0.2126,0.2368,0.225,0.0076
Hmel210001o,13800001,13850000,13824973,49740,0.0222,0.0222,0.0242,0.0221,0.0052,0.0201,0.018,0.0201,0.02,0.0228,0.0238,0.025,0.0317,0.0249,0.0257,0.0298,0.0304,0.0236,0.0242,0.0319,0.0253,0.0264,0.0305,0.0311,0.0252,0.0322,0.0265,0.0275,0.0308,0.0313,0.0312,0.0276,0.0282,0.0305,0.0307,0.031,0.0334,0.0312,0.032,0.0229,0.0276,0.0279,0.0294,0.0299,0.0203,0.0149,0.0147,0.062,0.4131,0.0856,0.1293,0.1801,0.1899,0.0086,0.0449,0.4154,0.0946,0.1432,0.1906,0.2013,0.0395,0.3879,0.0938,0.139,0.1732,0.1814,0.4246,0.1414,0.1829,0.1916,0.1966,0.4356,0.501,0.4395,0.4505,0.0982,0.1665,0.1724,0.2251,0.2343,0.0069
Hmel210001o,13825001,13875000,13850094,49544,0.0221,0.0214,0.0233,0.0236,0.0063,0.0156,0.0159,0.0203,0.0213,0.0219,0.0231,0.0256,0.0342,0.0236,0.0244,0.0305,0.0308,0.0226,0.0247,0.0336,0.0234,0.0246,0.0306,0.0311,0.0256,0.0345,0.0248,0.0255,0.0315,0.0322,0.0339,0.0277,0.0281,0.0314,0.0316,0.0317,0.0342,0.0322,0.033,0.0186,0.0266,0.0271,0.0291,0.0302,0.0216,0.0048,0.0103,0.0632,0.4301,0.1187,0.1331,0.1908,0.1825,0.0066,0.0547,0.4333,0.1245,0.1468,0.1993,0.1955,0.0481,0.4157,0.1278,0.1398,0.1919,0.1915,0.4213,0.1924,0.1958,0.1896,0.1799,0.5022,0.5265,0.4317,0.4261,0.0879,0.2047,0.2001,0.2459,0.2488,0.0187
Hmel210001o,13850001,13900000,13875066,49639,0.0207,0.0203,0.0211,0.0249,0.0061,0.0142,0.0153,0.0203,0.022,0.0208,0.0212,0.025,0.0347,0.0227,0.0231,0.0315,0.0319,0.0206,0.0247,0.0343,0.0222,0.0232,0.0314,0.032,0.025,0.0359,0.0235,0.0243,0.0326,0.0332,0.0347,0.0271,0.0278,0.0329,0.0333,0.0332,0.0343,0.0335,0.0345,0.0165,0.0276,0.0283,0.0301,0.0309,0.0217,0.0065,0.0098,0.0577,0.4594,0.1379,0.1323,0.2229,0.209,-0.0015,0.0567,0.46,0.131,0.1383,0.2255,0.215,0.0521,0.4669,0.1505,0.1514,0.2343,0.224,0.4167,0.1879,0.1847,0.199,0.1842,0.547,0.5405,0.4506,0.4369,0.0589,0.2418,0.2299,0.2691,0.259,0.0137
Hmel210001o,13875001,13925000,13899978,49056,0.0184,0.0183,0.0176,0.022,0.0054,0.0138,0.0142,0.0177,0.0193,0.0187,0.0182,0.022,0.0299,0.0212,0.0217,0.0276,0.0283,0.0178,0.0221,0.0307,0.0214,0.0222,0.0285,0.0295,0.0221,0.0311,0.0217,0.0228,0.029,0.0299,0.0311,0.0252,0.0257,0.0295,0.0302,0.0293,0.0301,0.0287,0.0299,0.0164,0.0241,0.0248,0.0259,0.0267,0.0186,0.0107,0.0078,0.0546,0.4472,0.1443,0.1499,0.2199,0.2112,-0.0026,0.0593,0.4611,0.1517,0.1641,0.2381,0.234,0.0675,0.4766,0.1701,0.1882,0.2555,0.2488,0.424,0.1922,0.1959,0.2104,0.199,0.5231,0.5246,0.4423,0.4312,0.0823,0.2187,0.2088,0.2477,0.2404,0.002
Hmel210001o,13900001,13950000,13924528,46302,0.0184,0.0184,0.0185,0.0219,0.0052,0.0128,0.0132,0.016,0.017,0.0185,0.0184,0.0223,0.0299,0.0198,0.0204,0.0255,0.0263,0.0183,0.0225,0.0308,0.0201,0.021,0.0266,0.0275,0.0226,0.0306,0.0204,0.0215,0.0269,0.0278,0.0311,0.0241,0.0245,0.0279,0.0283,0.0295,0.0305,0.028,0.029,0.0154,0.0221,0.0229,0.0235,0.0248,0.0167,0.0024,-0.0015,0.0603,0.4503,0.1255,0.135,0.2052,0.2059,-0.005,0.0641,0.4623,0.1346,0.1505,0.2252,0.2275,0.0654,0.4589,0.1406,0.1606,0.229,0.2317,0.4276,0.1882,0.1901,0.2077,0.2009,0.5496,0.5542,0.467,0.4633,0.0897,0.223,0.2223,0.2449,0.2552,0.0051
Hmel210001o,13925001,13975000,13950744,47034,0.0178,0.0186,0.0188,0.0227,0.0056,0.0133,0.0117,0.0175,0.0176,0.0179,0.0182,0.0219,0.0286,0.019,0.0193,0.0259,0.0264,0.0185,0.0223,0.0294,0.0195,0.0203,0.0268,0.0271,0.0223,0.0298,0.0196,0.0202,0.0268,0.0271,0.0301,0.0232,0.0236,0.0282,0.0283,0.0288,0.0299,0.0271,0.0281,0.0149,0.0231,0.0234,0.0244,0.0254,0.0175,-0.007,-0.0025,0.0527,0.4365,0.1055,0.1415,0.2007,0.2082,-0.0043,0.0502,0.4329,0.106,0.1536,0.2054,0.2109,0.0478,0.4344,0.1056,0.1475,0.2025,0.208,0.396,0.153,0.1873,0.184,0.1851,0.5212,0.5668,0.4181,0.4321,0.0923,0.2102,0.2148,0.2643,0.2827,-0.0001
Hmel210001o,13950001,14000000,13975013,49926,0.0186,0.02,0.019,0.0233,0.0055,0.0147,0.0104,0.019,0.0195,0.0193,0.0189,0.0236,0.0302,0.0221,0.0223,0.0278,0.0285,0.0195,0.0234,0.0308,0.0228,0.0233,0.0289,0.0296,0.0235,0.031,0.0227,0.0229,0.0284,0.0292,0.031,0.0264,0.0268,0.0302,0.0308,0.0298,0.0314,0.0293,0.0306,0.0153,0.0253,0.0257,0.0264,0.0272,0.0193,-0.0016,0.003,0.073,0.4446,0.1496,0.2223,0.2025,0.209,-0.0007,0.0491,0.4295,0.1442,0.2203,0.2044,0.2103,0.0656,0.4479,0.1556,0.229,0.2091,0.2163,0.4014,0.1873,0.2615,0.1915,0.1943,0.5095,0.6109,0.4251,0.4352,0.1057,0.2106,0.2122,0.2989,0.3044,0.0012
Hmel210001o,13975001,14025000,13998511,46558,0.02,0.0211,0.0199,0.0248,0.0041,0.0131,0.0092,0.0167,0.0184,0.0209,0.0204,0.028,0.0349,0.0281,0.0288,0.0314,0.032,0.0204,0.0272,0.035,0.0285,0.0291,0.0321,0.0327,0.0278,0.0354,0.0291,0.0297,0.0323,0.033,0.0347,0.0328,0.0335,0.0342,0.0348,0.0337,0.0355,0.0338,0.0345,0.013,0.0227,0.0238,0.0236,0.0247,0.0179,0.0091,0.0111,0.124,0.502,0.2712,0.3417,0.2744,0.262,-0.0038,0.0959,0.4856,0.2617,0.3286,0.2712,0.2594,0.1216,0.5084,0.2893,0.3569,0.2897,0.2782,0.4476,0.2935,0.3583,0.2651,0.2519,0.6079,0.697,0.5448,0.5244,0.0792,0.2181,0.2142,0.3039,0.2966,0.0106
Hmel210001o,14000001,14050000,14025317,46495,0.0162,0.0178,0.0182,0.029,0.0063,0.0074,0.0054,0.0131,0.0151,0.0171,0.0175,0.0356,0.0385,0.0338,0.0351,0.0368,0.0367,0.0178,0.0355,0.0382,0.034,0.0349,0.0371,0.0374,0.0349,0.0388,0.0347,0.0356,0.0377,0.0378,0.0426,0.0425,0.0427,0.0432,0.0434,0.0375,0.0382,0.0388,0.0388,0.0073,0.0171,0.0184,0.0175,0.0187,0.0146,0.0031,0.0093,0.2493,0.5642,0.499,0.5464,0.4471,0.4175,-0.0042,0.229,0.5371,0.4759,0.5183,0.4284,0.4054,0.217,0.5364,0.4773,0.5187,0.4297,0.404,0.4481,0.4337,0.4598,0.3723,0.3508,0.7046,0.747,0.616,0.5836,0.0667,0.2652,0.2518,0.3237,0.3062,0.0185
Hmel210001o,14025001,14075000,14049976,49711,0.0136,0.015,0.0154,0.0318,0.0085,0.0135,0.0055,0.0181,0.018,0.0142,0.0146,0.0322,0.0422,0.028,0.0303,0.0359,0.037,0.015,0.0319,0.0421,0.0283,0.0305,0.0366,0.0378,0.031,0.0419,0.0284,0.0301,0.0363,0.0374,0.0492,0.0392,0.0398,0.045,0.0457,0.0418,0.0422,0.0419,0.0434,0.0132,0.0243,0.0253,0.0226,0.0234,0.0185,-0.0032,0.0051,0.2088,0.6005,0.3638,0.5359,0.4037,0.4179,-0.0079,0.1868,0.5793,0.3456,0.5124,0.3926,0.4078,0.1691,0.5726,0.3404,0.5004,0.3847,0.3984,0.4503,0.2992,0.4009,0.3115,0.3191,0.6,0.728,0.535,0.5488,0.1721,0.2248,0.2454,0.3269,0.3455,0.0131
Hmel210001o,14050001,14100000,14074413,47015,0.0121,0.013,0.0127,0.0248,0.0062,0.0149,0.0095,0.0185,0.0176,0.0127,0.0126,0.0229,0.0414,0.0208,0.0224,0.0283,0.0291,0.0127,0.0221,0.0417,0.0215,0.0234,0.0289,0.0296,0.0225,0.0417,0.0216,0.0233,0.0287,0.0296,0.0448,0.0288,0.0298,0.0346,0.0352,0.0413,0.0418,0.0403,0.0411,0.016,0.0247,0.0248,0.0229,0.023,0.0185,0.0098,0.0088,0.142,0.6541,0.2252,0.3666,0.3121,0.3388,-0.0053,0.11,0.6419,0.2249,0.3672,0.3081,0.3329,0.1234,0.6463,0.2322,0.3702,0.3097,0.3377,0.5145,0.2098,0.3046,0.2486,0.2674,0.6098,0.6986,0.5481,0.5673,0.1443,0.2044,0.2205,0.2545,0.2719,0.0134
Hmel210001o,14075001,14125000,14100718,46940,0.0142,0.0168,0.0157,0.0229,0.0049,0.011,0.0092,0.0178,0.017,0.0158,0.0149,0.025,0.039,0.0264,0.0271,0.0286,0.029,0.0159,0.0249,0.0389,0.0269,0.0276,0.0288,0.0292,0.0255,0.0393,0.0271,0.028,0.0288,0.0293,0.0412,0.0314,0.0323,0.0329,0.0333,0.0379,0.0384,0.0372,0.0377,0.0137,0.0213,0.0213,0.0219,0.022,0.0178,0.0085,-0.0014,0.1719,0.6216,0.3693,0.4126,0.2949,0.3145,-0.0135,0.1304,0.5795,0.3326,0.3735,0.261,0.2799,0.1585,0.6001,0.3544,0.3987,0.2765,0.2965,0.5234,0.3276,0.3655,0.2513,0.2671,0.6683,0.703,0.5482,0.5653,0.1599,0.2026,0.2174,0.2486,0.2662,0.0107
Hmel210001o,14100001,14150000,14124960,49334,0.0167,0.0208,0.0189,0.0264,0.0048,0.0151,0.0067,0.02,0.0194,0.0197,0.0192,0.0305,0.0379,0.0349,0.0372,0.0376,0.0385,0.0196,0.0309,0.0378,0.0351,0.0367,0.0374,0.0383,0.0308,0.0381,0.0355,0.0373,0.0377,0.0386,0.0417,0.039,0.0414,0.0413,0.0422,0.0373,0.0386,0.0377,0.0384,0.0188,0.0256,0.0267,0.0231,0.0245,0.0203,0.026,0.0391,0.1938,0.5744,0.3896,0.5363,0.3585,0.3766,-0.009,0.1484,0.5098,0.337,0.4697,0.3083,0.3251,0.1708,0.5414,0.3671,0.5043,0.3331,0.3513,0.4883,0.3298,0.4596,0.2983,0.3139,0.5954,0.7532,0.5229,0.5373,0.2794,0.1973,0.2266,0.281,0.3194,0.0155
Hmel210001o,14125001,14175000,14150026,49379,0.0178,0.0192,0.018,0.0284,0.0048,0.0152,0.0109,0.0181,0.0181,0.0201,0.0204,0.0308,0.0364,0.0328,0.034,0.036,0.0364,0.0188,0.0305,0.0372,0.0349,0.0355,0.0378,0.0382,0.03,0.0371,0.035,0.0352,0.038,0.0385,0.0408,0.04,0.0409,0.0419,0.0422,0.0376,0.0386,0.0378,0.0376,0.0213,0.027,0.0274,0.0238,0.0243,0.0192,0.0445,0.0691,0.166,0.5413,0.3449,0.4205,0.3479,0.3532,0.0062,0.1439,0.5276,0.3539,0.4195,0.3532,0.3583,0.1508,0.545,0.3709,0.4331,0.37,0.3763,0.4568,0.3195,0.3806,0.3073,0.3107,0.5948,0.6747,0.5501,0.549,0.2506,0.248,0.2556,0.2533,0.264,0.0298
Hmel210001o,14150001,14200000,14174992,49280,0.0154,0.0164,0.0159,0.0247,0.0046,0.0141,0.0128,0.0163,0.0152,0.0165,0.0164,0.0242,0.0312,0.0258,0.0264,0.0294,0.0298,0.016,0.0244,0.0316,0.0264,0.0277,0.0307,0.0313,0.0239,0.0317,0.0268,0.0272,0.0306,0.0309,0.0345,0.0317,0.0321,0.034,0.0343,0.0321,0.0335,0.0324,0.0328,0.0176,0.0226,0.0223,0.0214,0.0209,0.0164,0.0188,0.0256,0.119,0.5306,0.2864,0.318,0.3137,0.3352,-0.0027,0.1069,0.5176,0.2815,0.3235,0.3189,0.3433,0.1054,0.5288,0.297,0.3232,0.3252,0.3455,0.4399,0.2661,0.2897,0.2699,0.2872,0.5651,0.6036,0.529,0.5525,0.1409,0.2062,0.2184,0.2023,0.2084,0.0208
Hmel210001o,14175001,14225000,14200173,49367,0.0141,0.016,0.0155,0.0245,0.0047,0.0157,0.0128,0.016,0.0161,0.0152,0.0148,0.0227,0.029,0.0208,0.0211,0.0265,0.0274,0.0155,0.0226,0.0291,0.0198,0.021,0.0267,0.0278,0.0223,0.0292,0.0207,0.021,0.0263,0.0272,0.032,0.0264,0.0274,0.0298,0.0305,0.0295,0.0313,0.0296,0.0307,0.0169,0.0219,0.0224,0.0216,0.0219,0.0162,0.0032,0.0011,0.1089,0.5275,0.1742,0.2332,0.2885,0.3025,-0.0094,0.0778,0.4917,0.1161,0.1952,0.262,0.2795,0.0791,0.5039,0.1482,0.2057,0.2638,0.2782,0.4117,0.1575,0.2197,0.2121,0.2223,0.5024,0.5803,0.4988,0.5099,0.0885,0.168,0.179,0.211,0.2151,0.0043
Hmel210001o,14200001,14250000,14225004,49808,0.0145,0.0141,0.0143,0.024,0.0044,0.0161,0.0133,0.0156,0.0167,0.0145,0.0148,0.0225,0.0285,0.0203,0.0225,0.0268,0.0274,0.014,0.0216,0.0289,0.0199,0.0224,0.0276,0.028,0.0216,0.0289,0.0206,0.0226,0.0271,0.0276,0.0312,0.0255,0.0276,0.0291,0.0296,0.0288,0.03,0.0289,0.0294,0.0165,0.0226,0.0234,0.0226,0.0235,0.0161,0.0063,0.016,0.1036,0.5181,0.1494,0.2467,0.2927,0.287,-0.0075,0.0886,0.5323,0.1453,0.252,0.3143,0.3043,0.0865,0.5283,0.1599,0.2546,0.3013,0.2939,0.4132,0.1397,0.219,0.2115,0.2039,0.4916,0.5605,0.5021,0.4895,0.0592,0.1831,0.1855,0.2309,0.2316,-0.0037
Hmel210001o,14225001,14275000,14250003,49936,0.0174,0.017,0.0175,0.0233,0.0045,0.017,0.0153,0.018,0.0187,0.0175,0.0179,0.0233,0.0298,0.0224,0.0252,0.0285,0.0288,0.0173,0.0231,0.0306,0.0225,0.0254,0.0292,0.0294,0.023,0.0305,0.0227,0.0252,0.0288,0.0291,0.0318,0.0264,0.0283,0.0305,0.0303,0.0304,0.0317,0.0302,0.0305,0.0187,0.0257,0.0264,0.0249,0.0255,0.0182,0.0095,0.0138,0.084,0.4793,0.1392,0.2245,0.2459,0.2424,0.0011,0.087,0.4976,0.1489,0.2345,0.2631,0.2571,0.0751,0.4873,0.1453,0.2226,0.2492,0.2455,0.428,0.1521,0.2114,0.2083,0.1961,0.4946,0.5416,0.4741,0.4659,0.0788,0.2006,0.2046,0.2105,0.2119,-0.0039
Hmel210001o,14250001,14300000,14275006,49973,0.0233,0.0244,0.0248,0.0263,0.0055,0.0178,0.0185,0.0223,0.0237,0.0243,0.0246,0.0279,0.036,0.0258,0.0262,0.0316,0.0318,0.0246,0.0283,0.0371,0.0263,0.0268,0.0322,0.0326,0.0285,0.037,0.0267,0.0272,0.0326,0.033,0.0367,0.0298,0.0304,0.034,0.0339,0.0365,0.0373,0.0345,0.035,0.0213,0.0301,0.0307,0.031,0.0313,0.0234,0.0106,0.0109,0.0674,0.4445,0.12,0.1195,0.1701,0.1581,0.0004,0.0607,0.4411,0.116,0.1173,0.168,0.1592,0.0588,0.4339,0.1194,0.1196,0.1693,0.1614,0.4295,0.1697,0.1711,0.1781,0.1613,0.5321,0.5294,0.441,0.4267,0.084,0.2115,0.2033,0.2175,0.2052,0.0097
Hmel210001o,14275001,14325000,14300005,49961,0.021,0.0206,0.0215,0.0255,0.0069,0.0176,0.018,0.0215,0.0219,0.0212,0.0216,0.0266,0.0358,0.0237,0.0246,0.0314,0.0319,0.021,0.0259,0.0362,0.0237,0.0248,0.0319,0.0326,0.0269,0.0365,0.0243,0.0257,0.0329,0.0338,0.0368,0.0286,0.0299,0.0338,0.0345,0.0356,0.0363,0.034,0.0345,0.02,0.0296,0.03,0.0303,0.0309,0.0227,0.0082,0.008,0.0787,0.4555,0.108,0.1206,0.203,0.2057,-0.002,0.0705,0.4654,0.1126,0.1299,0.2154,0.2215,0.0777,0.4549,0.1139,0.1375,0.2206,0.2283,0.4224,0.1608,0.1775,0.1939,0.198,0.5039,0.5047,0.4279,0.4271,0.0605,0.2149,0.2151,0.2218,0.226,0.0247
Hmel210001o,14300001,14350000,14324993,49920,0.0178,0.0167,0.0177,0.0235,0.0068,0.0159,0.014,0.0186,0.0176,0.0174,0.0177,0.0239,0.0325,0.0206,0.0217,0.0275,0.0285,0.0172,0.0236,0.0331,0.0211,0.0225,0.0286,0.0299,0.0241,0.0333,0.0214,0.023,0.029,0.0304,0.0346,0.0262,0.0276,0.0312,0.0318,0.0325,0.0333,0.0315,0.0323,0.0169,0.0253,0.0256,0.0253,0.0261,0.019,0.0035,-0.0022,0.0883,0.4664,0.1064,0.1618,0.2141,0.2456,0.001,0.0997,0.4918,0.1356,0.1983,0.2473,0.2827,0.0954,0.4775,0.1283,0.193,0.2416,0.2777,0.4223,0.1624,0.216,0.2093,0.2308,0.4978,0.5394,0.4399,0.4663,0.064,0.1988,0.2201,0.2272,0.2561,0.0255
Hmel210001o,14325001,14375000,14349998,49913,0.0207,0.0195,0.0208,0.0237,0.0053,0.0153,0.0144,0.0185,0.0184,0.0202,0.0206,0.025,0.0328,0.023,0.0236,0.0285,0.0294,0.0202,0.0249,0.0334,0.024,0.025,0.0297,0.031,0.0252,0.0336,0.0242,0.0251,0.0297,0.031,0.0345,0.0277,0.0283,0.0316,0.032,0.0323,0.0328,0.0312,0.0324,0.0174,0.0255,0.0259,0.0257,0.0266,0.0192,0.0023,-0.0045,0.0697,0.4484,0.1293,0.1567,0.1956,0.213,-0.0005,0.0837,0.4745,0.1677,0.2022,0.2307,0.2529,0.0712,0.4555,0.1538,0.1844,0.2131,0.2365,0.4426,0.196,0.2205,0.2145,0.2233,0.5328,0.5549,0.4636,0.481,0.0832,0.2137,0.223,0.23,0.2493,0.0215
Hmel210001o,14350001,14400000,14375011,49957,0.0207,0.0192,0.0203,0.0227,0.0042,0.0143,0.0156,0.0196,0.0197,0.02,0.0201,0.0238,0.0314,0.023,0.0232,0.0285,0.029,0.0197,0.0231,0.0317,0.0241,0.0238,0.0295,0.0303,0.0237,0.0321,0.0241,0.0236,0.0295,0.0304,0.0326,0.0267,0.0265,0.0305,0.0308,0.0301,0.0314,0.0295,0.0306,0.0185,0.0256,0.0262,0.0276,0.0282,0.02,0.0011,-0.0103,0.0533,0.4484,0.1438,0.1297,0.1817,0.1889,-0.0001,0.0594,0.4775,0.1889,0.1642,0.2175,0.2305,0.0557,0.4631,0.1725,0.1433,0.2039,0.2166,0.4509,0.2035,0.1806,0.1926,0.1969,0.546,0.5366,0.4409,0.4548,0.1111,0.2145,0.2239,0.2326,0.2424,0.0094
Hmel210001o,14375001,14425000,14399925,49756,0.0185,0.0173,0.0178,0.0219,0.0032,0.0144,0.0133,0.0175,0.0168,0.0178,0.018,0.0217,0.0285,0.0207,0.0208,0.0257,0.0259,0.0173,0.0207,0.0284,0.0217,0.0215,0.0266,0.027,0.0215,0.029,0.0221,0.0216,0.0271,0.0274,0.0298,0.0242,0.0241,0.0275,0.0275,0.0274,0.0291,0.0276,0.0283,0.0174,0.0222,0.0224,0.0245,0.0243,0.0175,-0.0044,-0.0037,0.0458,0.464,0.121,0.1409,0.185,0.1994,-0.0077,0.0399,0.4851,0.166,0.1764,0.2191,0.237,0.0522,0.4847,0.1664,0.1723,0.2227,0.2375,0.4445,0.1654,0.1793,0.1808,0.1906,0.5304,0.5725,0.4698,0.4939,0.1207,0.1736,0.1894,0.2393,0.2473,0.0107
Hmel210001o,14400001,14450000,14425043,49762,0.0172,0.0163,0.016,0.0209,0.0033,0.0115,0.012,0.0153,0.0148,0.0165,0.0167,0.0215,0.0272,0.0188,0.02,0.0249,0.0256,0.0157,0.0202,0.0271,0.0203,0.0213,0.0255,0.0262,0.0209,0.0273,0.0208,0.0216,0.0262,0.0269,0.0288,0.0235,0.0239,0.0266,0.0269,0.0269,0.0283,0.0274,0.0281,0.0153,0.0206,0.021,0.0216,0.0218,0.0155,-0.0082,0.0026,0.0735,0.4687,0.1435,0.1657,0.2212,0.2415,-0.0137,0.0575,0.4852,0.1993,0.2121,0.2482,0.2672,0.0788,0.4947,0.2151,0.2261,0.2654,0.2846,0.4461,0.2128,0.2101,0.2094,0.2215,0.5852,0.5897,0.5107,0.5283,0.1377,0.2248,0.2417,0.2377,0.2499,0.0143
Hmel210001o,14425001,14475000,14449998,49974,0.0177,0.0166,0.0165,0.0215,0.0051,0.0109,0.0135,0.0164,0.0172,0.017,0.0171,0.0225,0.0282,0.0201,0.0213,0.0269,0.028,0.0162,0.0216,0.0281,0.0215,0.0218,0.0273,0.0285,0.0219,0.028,0.0218,0.0223,0.0277,0.029,0.0298,0.0256,0.0254,0.029,0.0298,0.028,0.0289,0.0279,0.029,0.0155,0.0225,0.0236,0.0235,0.0244,0.017,-0.0037,0.0004,0.0821,0.4413,0.1781,0.1621,0.2369,0.2435,-0.0102,0.0772,0.4596,0.2296,0.1932,0.2584,0.2669,0.0865,0.461,0.2393,0.2056,0.2681,0.2778,0.4174,0.2521,0.2074,0.2265,0.2275,0.5706,0.5294,0.4602,0.4597,0.1259,0.2556,0.2654,0.233,0.2374,0.0072
Hmel210001o,14450001,14500000,14474981,49158,0.0185,0.0173,0.0167,0.0225,0.0062,0.0103,0.0097,0.0154,0.0173,0.0176,0.0178,0.0236,0.0306,0.0253,0.027,0.0295,0.0302,0.0168,0.0234,0.0307,0.0258,0.0273,0.0297,0.0306,0.0237,0.0303,0.0259,0.0274,0.0299,0.0308,0.0316,0.0286,0.0295,0.0309,0.0316,0.0302,0.0313,0.0302,0.0309,0.0121,0.0217,0.0225,0.0222,0.0228,0.0172,-0.0089,0.0069,0.0835,0.4417,0.2889,0.3279,0.2831,0.2691,-0.0065,0.0955,0.464,0.3176,0.3542,0.3027,0.292,0.1105,0.4675,0.3286,0.3635,0.3141,0.3023,0.4085,0.3003,0.324,0.2585,0.2438,0.587,0.6108,0.4888,0.4662,0.1021,0.2685,0.2512,0.2905,0.2691,0.0258
Hmel210001o,14475001,14525000,14500310,49029,0.0174,0.0171,0.0167,0.0231,0.0058,0.0103,0.0074,0.0165,0.0179,0.0173,0.0177,0.0244,0.0363,0.0306,0.0343,0.0353,0.0365,0.0167,0.0238,0.0364,0.0309,0.0344,0.0355,0.0369,0.0245,0.0361,0.0308,0.034,0.0355,0.0367,0.0367,0.0322,0.0354,0.0358,0.0369,0.0367,0.0379,0.037,0.0379,0.012,0.0233,0.0239,0.0225,0.0229,0.0184,0.0018,0.0212,0.1082,0.5315,0.391,0.4848,0.3658,0.3631,-0.006,0.1006,0.5377,0.3999,0.4903,0.373,0.3714,0.1204,0.5407,0.4053,0.4922,0.3782,0.3742,0.4652,0.3446,0.4272,0.3065,0.3013,0.6546,0.7163,0.5533,0.5398,0.1586,0.2829,0.2703,0.321,0.3017,0.0361
Hmel210001o,14500001,14550000,14524902,49538,0.0191,0.0193,0.0196,0.0245,0.0064,0.0137,0.0106,0.019,0.0192,0.0196,0.0199,0.028,0.0389,0.0285,0.0305,0.0368,0.0382,0.0193,0.0275,0.0388,0.0288,0.0305,0.0371,0.0386,0.0274,0.0394,0.0286,0.0298,0.0369,0.0385,0.0399,0.0326,0.0353,0.0364,0.0375,0.0393,0.0396,0.0387,0.04,0.0162,0.0274,0.0282,0.0275,0.0281,0.0198,0.011,0.0132,0.1388,0.5222,0.2819,0.3594,0.3316,0.3462,-0.0042,0.1287,0.5184,0.2858,0.3565,0.3335,0.3498,0.1206,0.5188,0.2764,0.3409,0.327,0.3436,0.4705,0.2866,0.363,0.2667,0.2793,0.6086,0.6602,0.5212,0.5304,0.1498,0.2653,0.2759,0.313,0.3198,0.0175
Hmel210001o,14525001,14575000,14550053,49686,0.0153,0.0153,0.0153,0.0224,0.0044,0.0118,0.0074,0.0141,0.0146,0.0154,0.0154,0.0276,0.0312,0.0224,0.0247,0.0292,0.0295,0.015,0.0278,0.0314,0.0225,0.025,0.0293,0.0298,0.0272,0.032,0.0225,0.0248,0.0293,0.0299,0.0367,0.0276,0.029,0.0291,0.0294,0.0324,0.033,0.0321,0.0322,0.0129,0.0214,0.0212,0.0209,0.0214,0.0154,0.0034,0.0034,0.2089,0.5376,0.2573,0.3858,0.3445,0.3426,-0.0104,0.2113,0.5394,0.261,0.3904,0.3462,0.3474,0.2003,0.5449,0.2597,0.3859,0.3453,0.348,0.4956,0.2608,0.3543,0.25,0.249,0.6151,0.71,0.5676,0.5607,0.1546,0.2576,0.2448,0.3338,0.3351,0.0381
Hmel210001o,14550001,14600000,14575000,49992,0.0104,0.0108,0.0108,0.0199,0.0025,0.0091,0.0066,0.0111,0.0115,0.0108,0.0107,0.0291,0.0265,0.0169,0.0189,0.0274,0.0278,0.0105,0.0288,0.0263,0.0174,0.0194,0.0274,0.0278,0.0288,0.0265,0.0173,0.0194,0.0275,0.0281,0.0354,0.0286,0.0296,0.0258,0.0258,0.0272,0.0278,0.0304,0.0305,0.0112,0.0215,0.0215,0.0216,0.0222,0.0124,0.0119,0.0064,0.3397,0.6227,0.279,0.3934,0.4526,0.4509,-0.0159,0.3293,0.6114,0.2866,0.3966,0.4456,0.4445,0.329,0.6139,0.2834,0.3951,0.4473,0.4473,0.5484,0.3549,0.4117,0.2752,0.2673,0.6613,0.7299,0.6494,0.6415,0.182,0.3755,0.3672,0.4355,0.436,0.0507
Hmel210001o,14575001,14625000,14600001,49977,0.0097,0.0094,0.011,0.02,0.0029,0.0086,0.0056,0.0111,0.0103,0.0096,0.0102,0.0261,0.0233,0.0203,0.0204,0.0315,0.0324,0.0101,0.0258,0.0232,0.0207,0.0207,0.0316,0.0325,0.0262,0.0231,0.0207,0.0207,0.0317,0.0327,0.0313,0.0318,0.0321,0.0302,0.0304,0.0273,0.0279,0.032,0.0325,0.009,0.0212,0.0218,0.0218,0.0223,0.0111,0.0038,-0.0068,0.3025,0.5903,0.3934,0.4705,0.5206,0.544,-0.0076,0.3021,0.5958,0.4089,0.4832,0.5272,0.5505,0.2827,0.553,0.3713,0.4427,0.4992,0.5245,0.4974,0.4057,0.4583,0.344,0.3587,0.6658,0.7469,0.6566,0.6762,0.1217,0.3807,0.4084,0.4611,0.4885,0.0201
Hmel210001o,14600001,14650000,14625004,49962,0.0108,0.0106,0.0134,0.0242,0.0026,0.0125,0.0083,0.011,0.013,0.0113,0.0124,0.0225,0.0275,0.0257,0.0253,0.0308,0.0316,0.0118,0.0217,0.0279,0.0252,0.0247,0.0311,0.0318,0.0224,0.0275,0.0253,0.0251,0.0308,0.0316,0.0326,0.0312,0.0301,0.0339,0.0343,0.0311,0.0318,0.0326,0.0329,0.0137,0.0218,0.0221,0.0194,0.0196,0.0125,0.0308,0.0133,0.1605,0.6233,0.3907,0.4676,0.494,0.4684,-0.0063,0.1476,0.6326,0.3861,0.4628,0.5015,0.4759,0.1168,0.564,0.3358,0.4123,0.4488,0.4263,0.4555,0.2857,0.3333,0.3452,0.3219,0.6228,0.7196,0.6692,0.6307,0.1446,0.3126,0.2799,0.3508,0.3087,0.022
Hmel210001o,14625001,14675000,14650002,49983,0.0132,0.0145,0.015,0.0257,0.0029,0.0163,0.0131,0.0143,0.0162,0.015,0.0149,0.0244,0.0328,0.0221,0.0206,0.0281,0.0283,0.0145,0.0241,0.0334,0.0218,0.0209,0.028,0.0282,0.0243,0.0333,0.0214,0.0207,0.0279,0.0281,0.0367,0.0293,0.0277,0.0325,0.0327,0.0317,0.0322,0.032,0.0319,0.0189,0.0263,0.0257,0.0238,0.0232,0.0157,0.0425,0.0285,0.1436,0.6223,0.2102,0.231,0.3576,0.3315,-0.0089,0.1192,0.6028,0.18,0.2135,0.3346,0.3093,0.1158,0.5934,0.1631,0.2009,0.3246,0.3008,0.4763,0.1864,0.2055,0.2627,0.242,0.5515,0.618,0.5922,0.5565,0.1319,0.2762,0.2373,0.2811,0.2373,0.0137
Hmel210001o,14650001,14700000,14674996,49986,0.0139,0.0154,0.0149,0.0221,0.0036,0.0152,0.0144,0.0153,0.0147,0.0151,0.0146,0.022,0.0298,0.0173,0.0178,0.0269,0.0271,0.0148,0.0225,0.0305,0.018,0.019,0.0265,0.0269,0.0226,0.0308,0.0173,0.0183,0.0266,0.0269,0.0319,0.0247,0.0246,0.0298,0.03,0.0297,0.0305,0.0302,0.0306,0.0165,0.0244,0.024,0.0236,0.0235,0.0151,0.0164,0.0064,0.1243,0.5599,0.0912,0.119,0.3096,0.3228,-0.013,0.1117,0.54,0.086,0.1272,0.2799,0.2949,0.1229,0.5537,0.0756,0.1161,0.2886,0.3043,0.4612,0.1602,0.1698,0.2489,0.261,0.5347,0.5585,0.5389,0.5547,0.0564,0.2422,0.2437,0.2398,0.2467,0.004
Hmel210001o,14675001,14725000,14699907,49526,0.0149,0.0167,0.0164,0.0207,0.0038,0.0129,0.016,0.0132,0.0141,0.0157,0.0156,0.0216,0.03,0.016,0.0171,0.0252,0.0259,0.0162,0.0217,0.0303,0.0174,0.0184,0.0252,0.0261,0.0222,0.0305,0.0168,0.0179,0.025,0.026,0.0309,0.0228,0.0228,0.027,0.0276,0.0306,0.0307,0.0295,0.0306,0.0156,0.0242,0.0246,0.024,0.0249,0.0139,-0.004,-0.0025,0.1157,0.5403,0.0754,0.0544,0.2968,0.2958,-0.0102,0.0868,0.5105,0.0867,0.0638,0.268,0.2708,0.1042,0.5187,0.0714,0.0542,0.2698,0.2747,0.4654,0.1735,0.1249,0.25,0.2467,0.586,0.529,0.568,0.5628,0.0398,0.3114,0.3044,0.2564,0.2589,0.0075
Hmel210001o,14700001,14750000,14725025,49304,0.0188,0.0203,0.0196,0.0228,0.0068,0.0113,0.0151,0.0173,0.0173,0.019,0.0193,0.0254,0.0359,0.0221,0.0222,0.0306,0.031,0.0198,0.0252,0.0348,0.0227,0.0226,0.0301,0.0304,0.0259,0.0347,0.0223,0.0223,0.0296,0.0302,0.0356,0.0263,0.0265,0.0309,0.0315,0.0348,0.035,0.0342,0.0348,0.0145,0.0274,0.0268,0.0279,0.0278,0.0174,-0.0143,0.0017,0.1128,0.4914,0.1997,0.1426,0.2707,0.277,-0.0034,0.088,0.4558,0.1876,0.1301,0.2438,0.248,0.1107,0.4659,0.1908,0.1325,0.2439,0.2547,0.4443,0.2421,0.1889,0.2303,0.2394,0.6026,0.5405,0.4954,0.5026,0.0494,0.3278,0.3176,0.278,0.2768,0.0041
Hmel210001o,14725001,14775000,14749660,48433,0.0207,0.0213,0.022,0.0306,0.0077,0.013,0.016,0.0208,0.0206,0.0207,0.0215,0.0316,0.0383,0.0274,0.0283,0.0369,0.0369,0.0214,0.0319,0.0373,0.0268,0.0274,0.0357,0.0356,0.0326,0.0374,0.0268,0.028,0.0357,0.0357,0.0409,0.0351,0.0358,0.0389,0.039,0.0358,0.0371,0.0381,0.0382,0.0152,0.0295,0.0278,0.03,0.0285,0.0208,-0.006,0.0053,0.1253,0.4755,0.2513,0.2252,0.2936,0.2953,-0.0056,0.1228,0.4567,0.2311,0.2015,0.2714,0.2725,0.1252,0.4478,0.2223,0.2017,0.2631,0.2651,0.3986,0.2674,0.2397,0.2245,0.2282,0.5685,0.5331,0.4719,0.4757,0.0262,0.284,0.2588,0.2526,0.2285,0.002
Hmel210001o,14750001,14800000,14775080,47994,0.0226,0.0245,0.0246,0.029,0.0063,0.0169,0.0201,0.0215,0.0216,0.0239,0.0236,0.0331,0.0379,0.0274,0.0281,0.0356,0.0353,0.024,0.0336,0.0387,0.0278,0.0282,0.0358,0.0359,0.0337,0.0389,0.028,0.0286,0.0362,0.0359,0.0414,0.0377,0.0376,0.0391,0.0389,0.0364,0.0375,0.0364,0.0366,0.0194,0.03,0.029,0.0311,0.0297,0.0218,0.0075,0.0011,0.1396,0.4649,0.1714,0.1442,0.247,0.2422,-0.0125,0.125,0.4456,0.1539,0.1227,0.2278,0.2283,0.1256,0.4483,0.1569,0.1309,0.2336,0.2286,0.4367,0.2682,0.2297,0.233,0.2298,0.5323,0.4954,0.4628,0.4634,0.025,0.2311,0.2127,0.2084,0.1847,0.0058
Hmel210001o,14775001,14825000,14800078,49303,0.0252,0.0256,0.0246,0.025,0.007,0.0177,0.0199,0.0223,0.0225,0.0258,0.0248,0.0301,0.0367,0.0266,0.0263,0.0316,0.0321,0.0247,0.0297,0.0378,0.0276,0.0269,0.0332,0.0338,0.0297,0.0378,0.027,0.0262,0.0327,0.0332,0.0374,0.0327,0.032,0.0347,0.0347,0.0365,0.0364,0.0346,0.0349,0.0222,0.0294,0.0296,0.0315,0.0316,0.0226,0.0074,-0.0019,0.0946,0.4055,0.1142,0.0803,0.1497,0.1563,-0.0087,0.0823,0.4124,0.1277,0.0875,0.1704,0.1773,0.0934,0.4256,0.1282,0.0857,0.1745,0.1781,0.4327,0.2285,0.1896,0.2007,0.197,0.5109,0.4761,0.4213,0.421,0.0877,0.2007,0.2001,0.2076,0.207,0.0047
Hmel210001o,14800001,14850000,14824585,48928,0.0246,0.0245,0.0229,0.0258,0.0072,0.0197,0.0208,0.0221,0.022,0.0249,0.0244,0.0281,0.0349,0.0263,0.026,0.0317,0.0326,0.0239,0.0274,0.0362,0.0268,0.0262,0.0329,0.0339,0.0271,0.0357,0.0265,0.0254,0.0324,0.0333,0.0353,0.0302,0.0293,0.0338,0.0342,0.0351,0.0354,0.0337,0.0344,0.0243,0.0296,0.0302,0.032,0.0327,0.0225,0.0078,0.0139,0.0592,0.3889,0.0916,0.072,0.1602,0.176,0.0045,0.0472,0.4058,0.1015,0.0768,0.1806,0.1969,0.0615,0.4211,0.1142,0.0801,0.19,0.2048,0.3958,0.1563,0.1266,0.1826,0.1891,0.4624,0.4491,0.4099,0.419,0.0963,0.1829,0.1933,0.2076,0.2194,0.0103
Hmel210001o,14825001,14875000,14850096,47943,0.0208,0.0215,0.0204,0.0257,0.0056,0.0167,0.018,0.0193,0.0174,0.0216,0.0217,0.0254,0.0301,0.0235,0.0239,0.0277,0.0284,0.0211,0.025,0.0309,0.0242,0.0245,0.0288,0.0297,0.0248,0.0308,0.0252,0.0247,0.0289,0.0299,0.0318,0.0278,0.0283,0.0307,0.0312,0.0298,0.0318,0.0293,0.0303,0.0201,0.025,0.0258,0.0271,0.0279,0.019,0.0105,0.0271,0.056,0.4057,0.1188,0.1098,0.169,0.2062,0.004,0.0408,0.4077,0.1245,0.1147,0.181,0.2212,0.0488,0.4231,0.1591,0.133,0.1958,0.2366,0.3796,0.1559,0.1487,0.1707,0.2037,0.4721,0.4755,0.4203,0.4679,0.0777,0.1703,0.2144,0.1937,0.2352,0.0202
Hmel210001o,14850001,14900000,14875487,48976,0.0168,0.0167,0.0165,0.0237,0.0051,0.0143,0.0128,0.0161,0.015,0.0171,0.0171,0.0232,0.0265,0.0195,0.0196,0.0238,0.0245,0.0163,0.0226,0.027,0.0202,0.0207,0.0247,0.0254,0.0229,0.027,0.0207,0.0207,0.0249,0.0256,0.03,0.0252,0.0258,0.0273,0.028,0.0266,0.0277,0.0264,0.0271,0.0157,0.0209,0.0216,0.0219,0.0226,0.0162,0.0093,0.0162,0.0876,0.432,0.1201,0.1479,0.1927,0.2232,-0.0107,0.0733,0.4402,0.1378,0.1759,0.2117,0.2419,0.0856,0.4452,0.1548,0.1827,0.2194,0.2503,0.3884,0.1651,0.1998,0.177,0.2048,0.4823,0.5285,0.443,0.4738,0.0813,0.1663,0.2025,0.216,0.25,0.0208
Hmel210001o,14875001,14925000,14900006,49971,0.0168,0.0154,0.014,0.0231,0.005,0.0141,0.014,0.0148,0.0148,0.0164,0.0158,0.0231,0.0282,0.0192,0.0202,0.0247,0.0254,0.0148,0.0228,0.0291,0.0193,0.0208,0.0255,0.0265,0.023,0.029,0.0187,0.0202,0.0257,0.0266,0.0312,0.0254,0.026,0.0285,0.029,0.0287,0.03,0.0285,0.0293,0.0165,0.0212,0.0222,0.0214,0.0219,0.0158,0.0104,0.016,0.0909,0.4589,0.1162,0.1437,0.2303,0.2455,0.004,0.1037,0.4968,0.1411,0.1801,0.2678,0.2867,0.1324,0.5238,0.1505,0.1903,0.295,0.3115,0.415,0.1782,0.1908,0.222,0.2313,0.5174,0.5355,0.4999,0.5104,0.0862,0.1991,0.2226,0.2053,0.2168,0.0346
Hmel210001o,14900001,14950000,14924986,49763,0.0191,0.017,0.0161,0.0245,0.0066,0.0149,0.0165,0.0168,0.0172,0.0183,0.0182,0.0243,0.0322,0.021,0.023,0.0266,0.0275,0.0168,0.0243,0.0331,0.0212,0.0235,0.0276,0.029,0.0248,0.0332,0.0208,0.0233,0.0279,0.0293,0.0339,0.0272,0.0286,0.0308,0.0313,0.033,0.0339,0.0321,0.0332,0.0185,0.0232,0.0243,0.0232,0.0237,0.0177,0.0054,0.0156,0.0691,0.4452,0.1109,0.1341,0.2039,0.2148,0.008,0.0984,0.4904,0.15,0.1778,0.2526,0.2701,0.1224,0.5057,0.1534,0.1862,0.2708,0.2876,0.4057,0.185,0.1863,0.2184,0.2196,0.5243,0.5087,0.4817,0.4887,0.0884,0.1976,0.2147,0.1752,0.1787,0.0227
Hmel210001o,14925001,14975000,14950091,49758,0.0198,0.0185,0.0193,0.0245,0.0092,0.018,0.0184,0.0196,0.02,0.0191,0.0199,0.0253,0.033,0.0225,0.0227,0.0284,0.0293,0.0188,0.0248,0.0333,0.0231,0.0228,0.029,0.0299,0.0254,0.0334,0.0235,0.0235,0.0288,0.03,0.0345,0.0277,0.0276,0.0316,0.0321,0.0333,0.0335,0.0327,0.0334,0.0206,0.0264,0.0271,0.0268,0.0273,0.0198,-0.0018,0.009,0.0778,0.4032,0.091,0.0911,0.1895,0.1999,-0.0023,0.0868,0.4279,0.1235,0.113,0.2169,0.2278,0.0887,0.4171,0.1212,0.1163,0.204,0.218,0.3728,0.1486,0.1427,0.1917,0.194,0.434,0.4319,0.4033,0.4066,0.0654,0.1773,0.1847,0.1788,0.1836,-0.002
Hmel210001o,14950001,15000000,14974710,49165,0.0174,0.0134,0.0164,0.0212,0.0054,0.0153,0.0145,0.0145,0.0144,0.016,0.0171,0.0227,0.0263,0.0208,0.0218,0.026,0.0268,0.0151,0.0238,0.0264,0.0213,0.0224,0.0273,0.028,0.024,0.0268,0.0211,0.0213,0.0256,0.0264,0.0288,0.0266,0.0276,0.0303,0.0309,0.0277,0.0294,0.0291,0.0297,0.0171,0.0215,0.0218,0.0205,0.0207,0.0143,0.0227,0.0045,0.0943,0.4098,0.1261,0.1643,0.2509,0.2681,0.0064,0.1824,0.4909,0.2064,0.2457,0.3378,0.3521,0.1377,0.4361,0.1492,0.1673,0.2588,0.275,0.4029,0.2049,0.2354,0.2785,0.2896,0.4722,0.5102,0.5048,0.5165,0.074,0.1912,0.2001,0.1803,0.1895,-0.0076
Hmel210001o,14975001,15025000,15000120,49176,0.0139,0.0079,0.0125,0.019,0.004,0.0112,0.0102,0.0103,0.0094,0.0117,0.0133,0.0205,0.0246,0.0182,0.0197,0.0224,0.023,0.011,0.0218,0.0254,0.0182,0.0201,0.0239,0.0245,0.0229,0.0253,0.0179,0.0186,0.0218,0.0222,0.0282,0.0251,0.0268,0.0279,0.0284,0.0259,0.0276,0.027,0.0276,0.0123,0.015,0.0143,0.0143,0.0139,0.01,0.0385,0.0028,0.1257,0.4826,0.1928,0.2518,0.3105,0.3432,0.0382,0.2704,0.6363,0.3264,0.3937,0.4635,0.495,0.2051,0.5251,0.215,0.2527,0.3268,0.3544,0.4546,0.2723,0.3197,0.3348,0.3603,0.5634,0.6068,0.5973,0.6271,0.0744,0.1719,0.1738,0.1727,0.184,0.0084
Hmel210001o,15000001,15050000,15024982,49927,0.0141,0.0112,0.0124,0.0203,0.0044,0.01,0.0098,0.0126,0.0125,0.0128,0.0134,0.0205,0.0292,0.0193,0.0195,0.0226,0.0224,0.0123,0.0207,0.0298,0.0192,0.0191,0.0231,0.0229,0.0212,0.03,0.0202,0.0201,0.0234,0.023,0.0324,0.0258,0.0262,0.0278,0.0278,0.0285,0.0292,0.0285,0.0288,0.0109,0.0166,0.0158,0.0173,0.0168,0.0129,0.0055,0.0036,0.1069,0.5347,0.2439,0.252,0.2689,0.2681,0.0193,0.1648,0.6005,0.301,0.3049,0.3336,0.3324,0.1524,0.5775,0.2991,0.3011,0.3175,0.3107,0.4794,0.2877,0.2994,0.2785,0.2798,0.6133,0.6252,0.557,0.5627,0.0506,0.2015,0.1789,0.2269,0.2124,0.0127
Hmel210001o,15025001,15075000,15050012,49933,0.0179,0.0178,0.0176,0.0245,0.005,0.0145,0.0141,0.0175,0.0182,0.0182,0.0179,0.0239,0.0334,0.022,0.0222,0.0277,0.0275,0.0177,0.024,0.0337,0.0218,0.0224,0.028,0.0277,0.0237,0.0347,0.0235,0.0237,0.0297,0.0292,0.0361,0.0284,0.0284,0.0322,0.0319,0.0326,0.0336,0.0328,0.0331,0.0161,0.0242,0.0244,0.0251,0.0248,0.0181,0.0113,0.0049,0.0789,0.5066,0.1606,0.1725,0.2315,0.2198,0.0008,0.0825,0.5111,0.1583,0.177,0.2395,0.224,0.0766,0.5246,0.1976,0.2086,0.2687,0.2518,0.4547,0.2103,0.2171,0.229,0.2156,0.5554,0.5733,0.5058,0.4983,0.0628,0.2147,0.2076,0.2396,0.2221,0.007
Hmel210001o,15050001,15100000,15074994,49785,0.0236,0.024,0.0241,0.027,0.008,0.0203,0.0195,0.023,0.0219,0.0242,0.0243,0.029,0.0373,0.0255,0.0259,0.0338,0.0345,0.0239,0.0286,0.0374,0.0254,0.0262,0.0341,0.0344,0.0284,0.038,0.0259,0.0264,0.0346,0.035,0.0381,0.0303,0.0303,0.0353,0.0354,0.0364,0.0383,0.0368,0.037,0.0237,0.0315,0.0322,0.0338,0.0339,0.0236,0.0074,0.0101,0.0772,0.4196,0.0795,0.0975,0.1931,0.215,-0.0042,0.0644,0.4161,0.0721,0.0983,0.194,0.2094,0.0602,0.4209,0.0823,0.1005,0.2008,0.2166,0.4028,0.1404,0.1495,0.1836,0.1972,0.4564,0.4871,0.4232,0.4393,0.0922,0.1965,0.2196,0.2401,0.2535,0.0258
Hmel210001o,15075001,15125000,15099728,48290,0.0234,0.0237,0.0232,0.0259,0.0088,0.0196,0.0191,0.0238,0.0228,0.0234,0.0236,0.0282,0.0368,0.0251,0.0255,0.0349,0.0352,0.023,0.0276,0.0367,0.0248,0.0255,0.0354,0.0354,0.0272,0.0363,0.0249,0.0256,0.0348,0.035,0.0365,0.029,0.029,0.0347,0.035,0.0361,0.0376,0.0357,0.0357,0.0229,0.0331,0.0331,0.0348,0.0351,0.0245,-0.004,0.0069,0.0743,0.4076,0.0814,0.0962,0.2027,0.2182,-0.0105,0.0598,0.4015,0.073,0.0935,0.2074,0.2178,0.0576,0.4037,0.0793,0.1011,0.2026,0.2177,0.3871,0.137,0.1435,0.1746,0.1901,0.452,0.4755,0.3878,0.4026,0.0904,0.2192,0.2311,0.2495,0.2654,0.0273
Hmel210001o,15100001,15150000,15125389,48418,0.0199,0.0202,0.0203,0.0265,0.0078,0.0167,0.0193,0.021,0.0209,0.0204,0.0202,0.0253,0.034,0.022,0.0218,0.0299,0.0301,0.0203,0.0254,0.0337,0.022,0.0221,0.0307,0.0312,0.025,0.0337,0.0227,0.0226,0.0305,0.031,0.0353,0.0274,0.0271,0.0327,0.0329,0.033,0.0347,0.0324,0.0332,0.0214,0.0276,0.0276,0.0294,0.0299,0.021,0.0092,0.0029,0.0597,0.438,0.0975,0.0561,0.197,0.2019,0.0018,0.0582,0.429,0.094,0.059,0.2076,0.2172,0.0475,0.4283,0.1076,0.0698,0.2033,0.2132,0.3801,0.1421,0.1004,0.1725,0.1776,0.4748,0.4542,0.4002,0.4126,0.0906,0.197,0.1993,0.1963,0.2062,0.0001
Hmel210001o,15125001,15175000,15150029,49891,0.0173,0.0173,0.0174,0.0228,0.0064,0.013,0.0156,0.0149,0.0156,0.0179,0.0177,0.0223,0.0286,0.0189,0.0187,0.0229,0.0235,0.0174,0.0221,0.0283,0.0193,0.0191,0.0236,0.0246,0.0217,0.0289,0.0198,0.0194,0.0242,0.0249,0.0302,0.024,0.0237,0.027,0.0274,0.0274,0.0288,0.0275,0.0284,0.0173,0.0195,0.02,0.0216,0.0225,0.0155,0.0175,0.0116,0.0683,0.4297,0.1164,0.0674,0.1823,0.186,0.0025,0.0635,0.4264,0.1269,0.0784,0.1986,0.2088,0.0526,0.4328,0.1385,0.0859,0.2086,0.2131,0.3835,0.1718,0.1259,0.1992,0.1957,0.4931,0.4644,0.4582,0.4579,0.0995,0.1747,0.1733,0.1802,0.1902,0.0083
Hmel210001o,15150001,15200000,15175004,49978,0.0163,0.0163,0.0166,0.0198,0.0047,0.0139,0.0144,0.0137,0.0142,0.0166,0.0169,0.0215,0.0273,0.0182,0.0182,0.0233,0.0243,0.0163,0.0205,0.0277,0.0189,0.0184,0.0243,0.0254,0.0207,0.0285,0.0193,0.019,0.0248,0.0259,0.0279,0.0228,0.0224,0.0252,0.0256,0.027,0.028,0.0276,0.0284,0.016,0.0199,0.0204,0.0213,0.0225,0.0146,0.0109,0.0147,0.1003,0.4613,0.0975,0.0926,0.227,0.2408,-0.0051,0.0749,0.4663,0.1182,0.0962,0.2476,0.2613,0.0744,0.4712,0.1226,0.1076,0.2528,0.2648,0.4237,0.1674,0.1516,0.2201,0.2202,0.5024,0.5081,0.5152,0.5169,0.0662,0.1883,0.1941,0.2167,0.2349,0.0212
Hmel210001o,15175001,15225000,15199975,49942,0.0167,0.0201,0.0189,0.0226,0.0041,0.0175,0.0155,0.0179,0.0173,0.0189,0.0182,0.025,0.0309,0.0215,0.022,0.028,0.0292,0.0193,0.0248,0.0319,0.0223,0.022,0.0288,0.0298,0.025,0.0329,0.0229,0.0233,0.0298,0.0311,0.0319,0.0273,0.0271,0.0297,0.0303,0.0311,0.032,0.031,0.0319,0.0182,0.0243,0.0251,0.025,0.0257,0.0181,0.0142,0.0128,0.1382,0.5127,0.1196,0.1634,0.2486,0.2762,-0.0059,0.0843,0.467,0.0892,0.1122,0.216,0.2408,0.1047,0.4993,0.1222,0.1596,0.2498,0.2766,0.4458,0.1687,0.1945,0.2055,0.2216,0.5001,0.548,0.4926,0.5132,0.0522,0.1663,0.1892,0.2105,0.233,0.0151
Hmel210001o,15200001,15250000,15224921,49742,0.017,0.0226,0.02,0.0247,0.0058,0.0172,0.0125,0.0199,0.0194,0.0207,0.0193,0.0268,0.0338,0.0258,0.0275,0.0306,0.0315,0.0211,0.027,0.0347,0.025,0.0258,0.0302,0.0308,0.0266,0.0347,0.0268,0.0286,0.0319,0.0329,0.0349,0.0307,0.0313,0.0332,0.0336,0.0336,0.0348,0.033,0.0341,0.0169,0.0255,0.0256,0.0254,0.0254,0.0205,0.0245,0.0231,0.1463,0.5117,0.2149,0.3153,0.2594,0.2795,-0.0068,0.0741,0.4348,0.1208,0.1992,0.1833,0.1987,0.1005,0.4728,0.191,0.2882,0.2426,0.2627,0.4265,0.2092,0.2822,0.2118,0.2235,0.5063,0.5982,0.455,0.4759,0.0686,0.1676,0.1754,0.2328,0.2394,0.0219
Hmel210001o,15225001,15275000,15249942,49576,0.0198,0.024,0.022,0.0261,0.0063,0.0186,0.0155,0.0219,0.0214,0.0227,0.0219,0.0276,0.0379,0.0283,0.0294,0.0331,0.034,0.0226,0.0278,0.0385,0.0275,0.028,0.033,0.0333,0.0274,0.0383,0.0298,0.0308,0.0347,0.0354,0.0389,0.0326,0.033,0.0358,0.0359,0.0379,0.0392,0.0377,0.0392,0.0202,0.0279,0.0279,0.0294,0.0298,0.0223,0.0176,0.0238,0.1081,0.5035,0.2013,0.2621,0.2381,0.2572,-0.0093,0.0579,0.45,0.135,0.1813,0.1882,0.1992,0.0763,0.4759,0.1993,0.2551,0.2364,0.252,0.4443,0.2057,0.251,0.2103,0.2176,0.5216,0.5806,0.4713,0.4931,0.0918,0.168,0.1743,0.2339,0.2475,0.016
Hmel210001o,15250001,15300000,15275006,49707,0.0226,0.0244,0.0234,0.0261,0.0066,0.0197,0.021,0.0234,0.0224,0.0242,0.0236,0.0277,0.039,0.0292,0.0282,0.0342,0.0352,0.0233,0.0278,0.0392,0.0283,0.027,0.0339,0.0342,0.0273,0.0396,0.03,0.0289,0.0352,0.0357,0.0407,0.0327,0.032,0.0362,0.0364,0.0404,0.0398,0.0393,0.0401,0.0236,0.0298,0.0296,0.0313,0.0316,0.023,0.015,0.0147,0.0743,0.4726,0.1691,0.1356,0.2065,0.2318,-0.0123,0.0549,0.4498,0.1305,0.0931,0.1823,0.197,0.0571,0.4676,0.173,0.1384,0.2128,0.2291,0.4593,0.1934,0.1672,0.1985,0.2126,0.5255,0.5024,0.4641,0.485,0.078,0.17,0.1781,0.179,0.1964,0.0009
Hmel210001o,15275001,15325000,15299985,49782,0.0238,0.0247,0.024,0.025,0.0069,0.02,0.0211,0.0228,0.0221,0.0247,0.0242,0.027,0.036,0.0284,0.0279,0.034,0.0345,0.0238,0.027,0.036,0.0269,0.0261,0.0326,0.0328,0.0266,0.0362,0.0276,0.0272,0.0336,0.0338,0.0361,0.0304,0.0304,0.0344,0.0346,0.037,0.0365,0.0359,0.0362,0.0236,0.0303,0.0298,0.0303,0.0302,0.0224,0.0106,0.0066,0.0552,0.4176,0.137,0.1146,0.1966,0.2116,-0.0122,0.0447,0.4065,0.0975,0.0697,0.1673,0.1774,0.0442,0.4176,0.1197,0.0987,0.1898,0.1988,0.4199,0.1635,0.1488,0.1915,0.2019,0.4832,0.4617,0.4317,0.4435,0.074,0.1824,0.1808,0.1683,0.1746,-0.001
Hmel210001o,15300001,15350000,15325048,49831,0.0227,0.0235,0.0227,0.0228,0.0067,0.0198,0.0189,0.0232,0.0228,0.0233,0.0231,0.0251,0.0341,0.024,0.0254,0.033,0.0335,0.0229,0.0248,0.0339,0.0235,0.0236,0.0323,0.0327,0.0247,0.0344,0.0238,0.0244,0.0329,0.0334,0.0324,0.0258,0.0268,0.0323,0.0324,0.0334,0.0341,0.0331,0.0335,0.0227,0.0314,0.0316,0.0315,0.0319,0.0232,0.0061,0.0096,0.052,0.4141,0.0635,0.106,0.1905,0.2019,-0.0033,0.0348,0.3992,0.0444,0.0573,0.1705,0.1807,0.0433,0.4169,0.06,0.0852,0.1882,0.1999,0.4071,0.1047,0.1374,0.175,0.181,0.4476,0.4701,0.3933,0.4047,0.0835,0.1975,0.2056,0.2088,0.2209,0.004
Hmel210001o,15325001,15375000,15350003,49971,0.0238,0.0251,0.0247,0.0235,0.0086,0.0209,0.0198,0.0251,0.0238,0.025,0.0252,0.0264,0.0344,0.026,0.0268,0.0342,0.0347,0.0249,0.0264,0.0345,0.0257,0.025,0.0344,0.0351,0.0264,0.0354,0.0262,0.0262,0.035,0.0359,0.034,0.028,0.0272,0.0335,0.0337,0.0341,0.0342,0.0335,0.0338,0.0238,0.034,0.0346,0.0339,0.0348,0.025,0.0126,0.0198,0.0563,0.3739,0.0798,0.1089,0.1752,0.1958,-0.0008,0.0395,0.3583,0.0578,0.0582,0.1658,0.1889,0.0455,0.3747,0.0725,0.0863,0.1781,0.2033,0.3886,0.1252,0.1267,0.164,0.1823,0.4104,0.4284,0.3452,0.3668,0.0823,0.2034,0.2258,0.2146,0.2417,0.0123
Hmel210001o,15350001,15400000,15374999,49959,0.0248,0.0247,0.0237,0.0231,0.0079,0.0209,0.0205,0.0249,0.0228,0.0253,0.025,0.027,0.0345,0.0272,0.0266,0.0337,0.0336,0.0243,0.0271,0.0348,0.0266,0.0255,0.0339,0.0343,0.0258,0.0355,0.0264,0.0259,0.0342,0.0345,0.0348,0.0293,0.0281,0.0341,0.034,0.0349,0.0338,0.0331,0.0335,0.0249,0.0336,0.0341,0.0326,0.0331,0.0246,0.0127,0.0164,0.0591,0.3706,0.0916,0.0844,0.1597,0.181,0.003,0.0633,0.3772,0.0831,0.0651,0.1638,0.1921,0.0498,0.3992,0.0884,0.0829,0.1784,0.2051,0.413,0.1515,0.1355,0.1769,0.2012,0.4319,0.424,0.3518,0.3877,0.0972,0.2002,0.2313,0.1891,0.2206,0.016
Hmel210001o,15375001,15425000,15400008,49953,0.0231,0.0226,0.0219,0.0217,0.0066,0.0183,0.0193,0.0232,0.0221,0.0232,0.023,0.0254,0.0337,0.0245,0.0241,0.0333,0.0332,0.0228,0.0256,0.0335,0.0245,0.0235,0.0336,0.0338,0.024,0.0337,0.0246,0.0235,0.0331,0.0334,0.0335,0.0266,0.0266,0.0337,0.0337,0.0339,0.0323,0.0325,0.0335,0.0231,0.0323,0.0327,0.0317,0.0318,0.0233,0.0073,0.0124,0.0616,0.4031,0.0896,0.0678,0.1888,0.2007,0.0118,0.0738,0.4077,0.0958,0.0601,0.1996,0.2135,0.0494,0.4208,0.1072,0.0701,0.2004,0.2171,0.436,0.1542,0.1406,0.2055,0.2199,0.478,0.4439,0.386,0.4149,0.1087,0.2292,0.2484,0.2081,0.2224,0.0149
Hmel210001o,15400001,15450000,15424981,49901,0.0228,0.024,0.0242,0.0237,0.0085,0.0197,0.0181,0.0209,0.021,0.0236,0.0241,0.0264,0.0318,0.0246,0.0242,0.0318,0.0318,0.0242,0.0265,0.0315,0.0251,0.0244,0.0327,0.0326,0.026,0.0312,0.0254,0.0236,0.0315,0.032,0.0323,0.0279,0.0277,0.0334,0.0339,0.0318,0.0305,0.0312,0.032,0.0232,0.0297,0.0298,0.0302,0.0305,0.0215,0.0042,0.0138,0.0662,0.3532,0.0775,0.0894,0.1948,0.1931,0.0018,0.0543,0.3326,0.0749,0.0783,0.1957,0.1928,0.0428,0.3266,0.0784,0.0594,0.1759,0.1821,0.3652,0.1371,0.1556,0.2113,0.2162,0.4006,0.4083,0.3751,0.384,0.1085,0.199,0.1987,0.2279,0.2303,0.014
Hmel210001o,15425001,15475000,15450016,49909,0.0235,0.0241,0.0243,0.0242,0.0085,0.0219,0.0182,0.0204,0.0193,0.0242,0.0242,0.0281,0.0318,0.0248,0.0249,0.0302,0.03,0.0241,0.0268,0.0317,0.0253,0.0253,0.0305,0.0302,0.0272,0.0319,0.0248,0.024,0.0302,0.0301,0.0329,0.0295,0.0291,0.0327,0.0326,0.0313,0.0318,0.0315,0.0318,0.0234,0.0278,0.0272,0.0293,0.0292,0.0203,0.0092,0.0075,0.0868,0.3462,0.0469,0.0938,0.1672,0.1778,-0.0024,0.0537,0.3356,0.0507,0.0942,0.1649,0.1737,0.0598,0.3357,0.0388,0.0644,0.1582,0.1691,0.3677,0.1314,0.1736,0.2023,0.2157,0.3621,0.4241,0.3863,0.4081,0.0819,0.1442,0.147,0.2162,0.2284,0.0112
Hmel210001o,15450001,15500000,15474992,49969,0.0238,0.0245,0.0236,0.0234,0.0062,0.0217,0.0207,0.022,0.0208,0.0244,0.0241,0.028,0.0334,0.0248,0.0248,0.0314,0.0313,0.024,0.0263,0.0341,0.0259,0.0255,0.0323,0.032,0.0268,0.0345,0.0258,0.025,0.0329,0.0325,0.0342,0.0292,0.0286,0.0336,0.0333,0.0329,0.0342,0.0337,0.0342,0.0231,0.0296,0.0294,0.0317,0.0317,0.022,0.005,0.0086,0.0873,0.3958,0.0456,0.0582,0.1655,0.1774,-0.0009,0.0458,0.3932,0.0592,0.0627,0.1707,0.1798,0.0672,0.4111,0.0686,0.0628,0.1901,0.1972,0.4278,0.1367,0.1395,0.2021,0.2127,0.4192,0.4509,0.4255,0.4492,0.0453,0.1593,0.1683,0.2043,0.2188,0.0126
Hmel210001o,15475001,15525000,15500001,49972,0.0205,0.0221,0.0203,0.0221,0.0064,0.0204,0.0202,0.0209,0.0206,0.021,0.0206,0.0271,0.033,0.0241,0.0229,0.0313,0.0319,0.0209,0.0256,0.0333,0.0255,0.024,0.0322,0.0328,0.0264,0.0337,0.0253,0.0237,0.0324,0.0329,0.035,0.0297,0.029,0.0339,0.0345,0.0325,0.0335,0.0325,0.0333,0.0212,0.0283,0.0289,0.0303,0.0311,0.0212,-0.0063,0.0041,0.1272,0.4379,0.0874,0.0619,0.214,0.2276,-0.007,0.0762,0.4174,0.0974,0.0675,0.2097,0.2231,0.1161,0.4484,0.1155,0.0817,0.2331,0.2453,0.4516,0.1754,0.1646,0.233,0.2455,0.4337,0.4469,0.4243,0.4395,0.0238,0.1646,0.1792,0.2015,0.2174,0.012
Hmel210001o,15500001,15550000,15524996,49983,0.018,0.0196,0.0191,0.0204,0.0057,0.0195,0.0187,0.0201,0.0194,0.0188,0.0187,0.0251,0.0335,0.0222,0.0208,0.0301,0.0307,0.019,0.0241,0.0333,0.023,0.0218,0.0305,0.0311,0.0251,0.0338,0.023,0.0215,0.0304,0.0309,0.0349,0.0278,0.0264,0.0325,0.033,0.0327,0.0339,0.0329,0.0336,0.0203,0.0268,0.0268,0.0294,0.0297,0.0202,-0.0013,0.0025,0.143,0.4925,0.0899,0.0651,0.2363,0.254,-0.0112,0.0988,0.4643,0.0864,0.069,0.2215,0.2409,0.1278,0.4782,0.0933,0.0671,0.2266,0.2445,0.4847,0.172,0.1599,0.2413,0.2584,0.4593,0.4871,0.4521,0.4723,0.0337,0.1582,0.1681,0.216,0.2299,0.0119
Hmel210001o,15525001,15575000,15550000,49985,0.0188,0.0193,0.0202,0.022,0.0064,0.0199,0.0179,0.022,0.021,0.0193,0.0197,0.0243,0.0358,0.0251,0.0239,0.0326,0.0327,0.0196,0.0231,0.0362,0.0258,0.0246,0.0332,0.0334,0.0239,0.0367,0.0263,0.0251,0.0336,0.0337,0.0369,0.0297,0.028,0.0353,0.0355,0.0361,0.0371,0.0361,0.0364,0.0216,0.0287,0.0283,0.0308,0.0308,0.0217,0.0049,0.0036,0.0985,0.4941,0.1369,0.1375,0.2416,0.2543,-0.0054,0.0655,0.4909,0.1433,0.1461,0.2455,0.2596,0.0684,0.4835,0.1435,0.1447,0.2411,0.2533,0.4724,0.1835,0.1818,0.2408,0.255,0.4823,0.5212,0.4511,0.4688,0.0701,0.1655,0.1706,0.2253,0.2368,0.0049
Hmel210001o,15550001,15600000,15575001,49998,0.0153,0.0152,0.0158,0.0206,0.0056,0.0141,0.0117,0.0182,0.0181,0.0154,0.0158,0.0213,0.0313,0.0242,0.0241,0.0292,0.0301,0.0155,0.0203,0.0323,0.0251,0.0249,0.0299,0.0309,0.0206,0.0327,0.0256,0.0257,0.0306,0.0316,0.033,0.0286,0.0287,0.0319,0.0328,0.0315,0.0325,0.0311,0.0321,0.0155,0.0236,0.0237,0.025,0.0248,0.0184,0.004,0.0087,0.1007,0.5158,0.2559,0.2941,0.2827,0.299,0.0002,0.0795,0.5292,0.2745,0.3101,0.2958,0.3125,0.0777,0.5246,0.2761,0.3168,0.2984,0.3156,0.4622,0.2645,0.3029,0.255,0.2696,0.5401,0.5952,0.4621,0.4775,0.0969,0.1974,0.2,0.2621,0.2606,0.0061
Hmel210001o,15575001,15625000,15599990,49930,0.0125,0.0117,0.0116,0.0185,0.0028,0.0089,0.0082,0.0142,0.0141,0.0124,0.0124,0.0192,0.0275,0.0187,0.0189,0.0228,0.023,0.0115,0.0186,0.0287,0.0197,0.0201,0.0238,0.0242,0.0184,0.0288,0.0199,0.0202,0.0237,0.0242,0.0292,0.0244,0.0248,0.0261,0.0263,0.0275,0.0283,0.0272,0.0282,0.0103,0.0188,0.0186,0.0196,0.0191,0.0147,0.0121,0.016,0.1281,0.5802,0.2839,0.305,0.273,0.2798,-0.0085,0.1276,0.6125,0.3272,0.3527,0.3079,0.3172,0.1251,0.6151,0.3344,0.3579,0.3085,0.3187,0.4987,0.3086,0.3303,0.2451,0.2513,0.6633,0.689,0.5396,0.5541,0.096,0.2485,0.2456,0.2854,0.2747,0.0202
Hmel210001o,15600001,15650000,15624958,49578,0.0148,0.014,0.0146,0.02,0.0031,0.0104,0.0116,0.0162,0.016,0.0148,0.0149,0.022,0.0303,0.0175,0.0179,0.023,0.0231,0.014,0.0219,0.0312,0.0194,0.0193,0.0244,0.0245,0.022,0.031,0.0193,0.0194,0.0241,0.0242,0.0322,0.0242,0.0232,0.0278,0.0273,0.031,0.0312,0.0298,0.0306,0.0137,0.0213,0.0213,0.0224,0.0221,0.0163,0.0148,0.0081,0.1347,0.561,0.1731,0.1616,0.2057,0.2113,-0.0113,0.1454,0.5847,0.2377,0.2134,0.2465,0.2527,0.1372,0.5723,0.2253,0.2062,0.2309,0.2364,0.5029,0.2558,0.2148,0.2248,0.2203,0.6566,0.6341,0.5264,0.5408,0.1167,0.2415,0.2468,0.247,0.243,0.0072
Hmel210001o,15625001,15675000,15650001,49132,0.0135,0.0134,0.015,0.0206,0.0031,0.0107,0.012,0.0158,0.0153,0.0136,0.0142,0.0205,0.03,0.0163,0.0158,0.0221,0.0226,0.0142,0.0209,0.0305,0.0175,0.0164,0.023,0.0234,0.0215,0.0304,0.0174,0.0169,0.023,0.0233,0.032,0.0227,0.0209,0.0269,0.0269,0.0306,0.0308,0.03,0.0307,0.0145,0.0204,0.0203,0.0221,0.0217,0.0158,0.0047,-0.0018,0.1138,0.583,0.1568,0.1119,0.2129,0.2325,-0.0014,0.1245,0.5891,0.1944,0.1348,0.234,0.2506,0.112,0.5576,0.1598,0.1174,0.2077,0.222,0.4922,0.2129,0.1492,0.2092,0.2155,0.6459,0.6209,0.5364,0.5535,0.1275,0.2222,0.2301,0.2382,0.2383,0.0069
Hmel210001o,15650001,15700000,15675149,49457,0.0137,0.0138,0.0153,0.0211,0.0032,0.0126,0.0128,0.0143,0.0141,0.0139,0.0145,0.0208,0.0307,0.0176,0.0161,0.0237,0.0247,0.0146,0.0208,0.0311,0.018,0.0166,0.0242,0.0253,0.0209,0.0312,0.0184,0.017,0.0244,0.0252,0.0317,0.0242,0.0232,0.0274,0.028,0.0308,0.0314,0.0305,0.0311,0.0149,0.0212,0.0218,0.0225,0.0233,0.0149,0.005,-0.0002,0.1103,0.5829,0.154,0.102,0.2688,0.2929,0.0016,0.1102,0.5857,0.1618,0.1155,0.2786,0.302,0.0868,0.5583,0.1464,0.1016,0.2566,0.2764,0.4787,0.2037,0.1798,0.2352,0.2491,0.6074,0.6087,0.5698,0.5813,0.0831,0.2358,0.253,0.2594,0.2807,0.0253
Hmel210001o,15675001,15725000,15699374,48627,0.016,0.0164,0.017,0.0214,0.0038,0.0144,0.0143,0.0144,0.0138,0.0162,0.0165,0.0236,0.0302,0.0187,0.0182,0.025,0.0258,0.0165,0.0234,0.0304,0.0187,0.0186,0.0256,0.0263,0.0232,0.0307,0.0195,0.019,0.0261,0.0266,0.0323,0.0253,0.0257,0.0286,0.0289,0.0302,0.0308,0.0296,0.0302,0.0163,0.0227,0.023,0.0236,0.0242,0.0149,0.0004,-0.0012,0.1327,0.522,0.108,0.0963,0.2568,0.2799,-0.0081,0.1218,0.5185,0.1034,0.1013,0.2616,0.2838,0.1078,0.5088,0.1146,0.1004,0.2606,0.2798,0.4725,0.1926,0.2018,0.2511,0.266,0.5529,0.5622,0.5467,0.5655,0.0683,0.236,0.2534,0.2565,0.2787,0.03
Hmel210001o,15700001,15750000,15725024,48463,0.0126,0.0125,0.0133,0.0204,0.0041,0.0112,0.0111,0.013,0.0114,0.0125,0.0128,0.021,0.0273,0.0168,0.017,0.0214,0.0213,0.0128,0.0207,0.0277,0.0173,0.018,0.0219,0.0219,0.0212,0.0279,0.0173,0.0177,0.0223,0.0221,0.0307,0.0229,0.024,0.0252,0.0251,0.0274,0.0278,0.0268,0.027,0.0126,0.0185,0.018,0.0189,0.0185,0.013,-0.0056,-0.0076,0.1446,0.5481,0.1789,0.1884,0.2616,0.2922,-0.004,0.1377,0.5547,0.1955,0.2171,0.2757,0.3057,0.1363,0.5419,0.1818,0.1943,0.2694,0.296,0.4635,0.2116,0.235,0.2242,0.2499,0.5801,0.5879,0.532,0.5712,0.0638,0.2189,0.242,0.2332,0.2559,0.032
Hmel210001o,15725001,15775000,15750065,49808,0.0101,0.0107,0.0101,0.0182,0.0027,0.008,0.0087,0.0105,0.0094,0.0103,0.0101,0.0191,0.0263,0.0148,0.0147,0.0189,0.019,0.0106,0.0192,0.0271,0.0157,0.0157,0.0196,0.0197,0.0195,0.0269,0.0157,0.0153,0.0199,0.02,0.0293,0.0205,0.0221,0.0216,0.0215,0.026,0.0266,0.0255,0.0257,0.0108,0.0151,0.0148,0.017,0.0169,0.0104,-0.0052,0.0015,0.1781,0.6247,0.2535,0.2311,0.3079,0.3381,0.0109,0.1661,0.6177,0.2647,0.2477,0.3112,0.3399,0.1871,0.6302,0.2832,0.2505,0.332,0.3593,0.5066,0.2525,0.2737,0.2279,0.2472,0.6737,0.6614,0.6034,0.635,0.1353,0.2515,0.2736,0.2918,0.3163,0.0231
Hmel210001o,15750001,15800000,15774640,49055,0.0107,0.0108,0.0091,0.0172,0.0036,0.0065,0.0085,0.0097,0.0092,0.0106,0.01,0.0202,0.0293,0.0121,0.0116,0.0183,0.0179,0.0099,0.02,0.03,0.0122,0.0116,0.019,0.0186,0.0203,0.0296,0.0122,0.0112,0.0195,0.0191,0.0318,0.02,0.0212,0.0196,0.0192,0.0293,0.0295,0.0287,0.0289,0.0104,0.016,0.0154,0.0178,0.0174,0.0097,-0.0091,0.0054,0.2054,0.6239,0.1763,0.0976,0.2981,0.3003,-0.0009,0.1974,0.6282,0.177,0.094,0.313,0.3134,0.2408,0.6626,0.2309,0.1265,0.365,0.3682,0.5342,0.2899,0.2714,0.2107,0.2115,0.7196,0.6743,0.6395,0.6529,0.1676,0.3407,0.3376,0.3368,0.3388,0.0103
Hmel210001o,15775001,15825000,15800121,48936,0.0134,0.0133,0.0116,0.0222,0.005,0.0113,0.0138,0.0155,0.0152,0.0132,0.0125,0.0224,0.0371,0.0152,0.0161,0.0258,0.0265,0.0122,0.0219,0.0374,0.0153,0.0162,0.0259,0.0264,0.0221,0.0372,0.015,0.0158,0.0263,0.027,0.0382,0.0244,0.0251,0.0276,0.0278,0.0375,0.0374,0.0368,0.0373,0.015,0.024,0.0239,0.0238,0.0239,0.0162,-0.0082,-0.0018,0.1389,0.6168,0.1081,0.0903,0.2942,0.3108,-0.012,0.1297,0.6218,0.1142,0.0938,0.2979,0.3122,0.163,0.6493,0.1382,0.1152,0.3334,0.3496,0.5034,0.2142,0.1884,0.2076,0.2156,0.6567,0.6147,0.5791,0.5888,0.0944,0.2959,0.2997,0.2493,0.2576,0.0289
Hmel210001o,15800001,15850000,15825005,49540,0.0184,0.0191,0.0176,0.0273,0.0055,0.0162,0.0177,0.0215,0.0203,0.0188,0.0178,0.0262,0.0383,0.0265,0.0265,0.0341,0.0349,0.0179,0.0254,0.0386,0.0274,0.0271,0.0341,0.0348,0.0257,0.0387,0.0269,0.0264,0.0341,0.0348,0.0397,0.0325,0.0326,0.0376,0.0378,0.0387,0.0385,0.0382,0.0384,0.0206,0.028,0.0283,0.0279,0.0284,0.0217,0.0003,-0.0062,0.0893,0.5403,0.2214,0.1994,0.2744,0.3005,-0.0126,0.0645,0.5326,0.2271,0.2011,0.2667,0.2906,0.0906,0.5564,0.239,0.2102,0.2847,0.3085,0.4489,0.2221,0.2058,0.2279,0.2444,0.5776,0.5534,0.4939,0.5137,0.1036,0.2061,0.2279,0.1855,0.21,0.021
Hmel210001o,15825001,15875000,15850105,49637,0.0199,0.0194,0.0202,0.0276,0.0059,0.0171,0.0149,0.0202,0.0182,0.0201,0.0198,0.0281,0.0404,0.0314,0.029,0.0337,0.034,0.0198,0.0269,0.0412,0.0325,0.0307,0.0341,0.0342,0.0274,0.0409,0.0313,0.0286,0.0337,0.0339,0.0415,0.0347,0.0339,0.0355,0.0359,0.0409,0.0407,0.0393,0.0398,0.0198,0.0248,0.0247,0.0259,0.0261,0.0198,0.0134,-0.0074,0.1021,0.5319,0.2708,0.2628,0.2656,0.2948,-0.0003,0.0876,0.5457,0.2944,0.2961,0.2782,0.3043,0.0859,0.531,0.2656,0.2513,0.2627,0.2887,0.4574,0.2398,0.2565,0.213,0.2423,0.5761,0.607,0.5165,0.5498,0.1121,0.1492,0.1758,0.2025,0.2348,0.0143
Hmel210001o,15850001,15900000,15874993,49953,0.0184,0.019,0.0201,0.0255,0.0045,0.0177,0.0158,0.0177,0.016,0.0191,0.0192,0.0264,0.0383,0.0272,0.0266,0.0311,0.0317,0.0194,0.0253,0.0394,0.0283,0.0279,0.0315,0.0321,0.0255,0.0387,0.0266,0.026,0.0305,0.0313,0.0392,0.03,0.0308,0.0315,0.032,0.0382,0.039,0.0373,0.0381,0.0196,0.023,0.023,0.0255,0.0258,0.0174,0.012,-0.0027,0.1102,0.5558,0.2132,0.2292,0.2786,0.3112,-0.003,0.0816,0.5571,0.224,0.2436,0.2772,0.3088,0.0686,0.5328,0.1781,0.1914,0.2469,0.2807,0.4797,0.182,0.2205,0.2059,0.2357,0.5649,0.6023,0.5573,0.5916,0.0811,0.1376,0.1628,0.2183,0.2483,0.0162
Hmel210001o,15875001,15925000,15900004,49976,0.0167,0.0182,0.0176,0.022,0.0044,0.0158,0.0162,0.0175,0.0169,0.0178,0.0174,0.0235,0.0339,0.0229,0.023,0.0284,0.0291,0.0177,0.0238,0.0347,0.0227,0.0228,0.029,0.0298,0.0234,0.0344,0.0225,0.0232,0.0286,0.0294,0.0339,0.0268,0.0277,0.0293,0.0297,0.0331,0.0344,0.0323,0.033,0.0183,0.0227,0.0226,0.0249,0.0251,0.0175,0.0081,0.0063,0.1124,0.5403,0.1786,0.1742,0.2601,0.2809,-0.0066,0.0967,0.5234,0.1512,0.1471,0.2499,0.2706,0.0961,0.5304,0.157,0.1644,0.2512,0.2735,0.4713,0.1918,0.2006,0.2105,0.225,0.5484,0.5543,0.5103,0.5275,0.0713,0.1626,0.1708,0.2025,0.2165,0.0108
Hmel210001o,15900001,15950000,15924993,49974,0.0174,0.0158,0.0157,0.0205,0.0059,0.0161,0.0145,0.0195,0.0191,0.017,0.017,0.022,0.0349,0.0204,0.0199,0.0278,0.0282,0.016,0.022,0.035,0.0195,0.0191,0.0287,0.029,0.0218,0.0349,0.0201,0.0195,0.0292,0.0295,0.0334,0.0246,0.0246,0.0294,0.0298,0.0341,0.035,0.0339,0.0339,0.0173,0.0253,0.0251,0.0267,0.0266,0.0194,0.0129,0.013,0.0848,0.5148,0.1025,0.1168,0.2136,0.2245,0.0078,0.1116,0.5436,0.1059,0.1232,0.2517,0.2611,0.1093,0.5436,0.1244,0.1346,0.2612,0.2713,0.4635,0.1617,0.1883,0.2007,0.212,0.528,0.5648,0.4715,0.478,0.0648,0.1842,0.1851,0.2329,0.2364,0.003
Hmel210001o,15925001,15975000,15949999,49950,0.0189,0.0172,0.0161,0.023,0.0054,0.0202,0.0146,0.0194,0.0189,0.0181,0.0179,0.0247,0.0338,0.0233,0.0205,0.029,0.0286,0.0168,0.0241,0.0341,0.0232,0.02,0.0303,0.0297,0.024,0.0339,0.0228,0.0194,0.0303,0.0298,0.0346,0.0276,0.0267,0.0318,0.0319,0.0331,0.0343,0.0345,0.0344,0.0207,0.0268,0.027,0.0284,0.0279,0.0192,0.0024,0.0112,0.0946,0.4866,0.0926,0.1079,0.2153,0.2144,0.0058,0.109,0.5179,0.1143,0.123,0.2594,0.2565,0.121,0.5332,0.1199,0.1228,0.2728,0.2722,0.4506,0.1336,0.1974,0.2135,0.221,0.4587,0.5641,0.4866,0.4934,0.0928,0.158,0.1695,0.2629,0.2616,-0.0003
Hmel210001o,15950001,16000000,15975004,49962,0.0167,0.0152,0.0132,0.0252,0.0041,0.0222,0.0132,0.0171,0.0163,0.0162,0.0154,0.03,0.0343,0.0272,0.0206,0.0313,0.031,0.0141,0.0302,0.0351,0.0275,0.0199,0.0321,0.0316,0.0294,0.0349,0.0268,0.0194,0.0317,0.0314,0.0358,0.0331,0.0328,0.0351,0.0351,0.0336,0.0355,0.0352,0.0354,0.0238,0.0281,0.028,0.028,0.0273,0.017,0.0101,0.017,0.1995,0.5514,0.1763,0.1666,0.3125,0.3196,-0.002,0.2241,0.5852,0.2023,0.176,0.3452,0.3504,0.2382,0.6187,0.2164,0.2007,0.3691,0.3765,0.4559,0.1772,0.2889,0.2679,0.279,0.4542,0.6232,0.5532,0.5692,0.1562,0.1863,0.1959,0.3111,0.3124,0.0108
Hmel210001o,15975001,16025000,15999800,48656,0.0171,0.0152,0.015,0.0238,0.0037,0.0184,0.0117,0.0175,0.0153,0.0172,0.0172,0.0304,0.0357,0.0262,0.0213,0.0324,0.0321,0.0149,0.0296,0.0363,0.0281,0.0223,0.0332,0.033,0.0298,0.0362,0.0284,0.0222,0.0332,0.0331,0.0349,0.0323,0.0334,0.0348,0.0354,0.0354,0.0362,0.0362,0.0362,0.0199,0.0275,0.0268,0.0271,0.0263,0.0171,0.0311,0.0345,0.2134,0.5648,0.2029,0.2038,0.3168,0.3439,-0.0085,0.2273,0.6026,0.2642,0.2585,0.3539,0.3834,0.2346,0.6048,0.2714,0.2618,0.3565,0.3873,0.4703,0.227,0.3328,0.2729,0.3101,0.5411,0.6649,0.5631,0.6009,0.1459,0.2207,0.2399,0.3135,0.3363,0.0233
Hmel210001o,16000001,16050000,16025446,48405,0.0176,0.0184,0.0183,0.0243,0.0043,0.0154,0.0148,0.0201,0.0177,0.0184,0.0185,0.0272,0.0343,0.0211,0.0207,0.0323,0.0324,0.0179,0.0266,0.0344,0.0238,0.0232,0.0331,0.0332,0.0273,0.0345,0.024,0.0229,0.0335,0.0335,0.0337,0.0284,0.0286,0.0335,0.0343,0.0338,0.0343,0.0336,0.0335,0.0174,0.0288,0.029,0.0298,0.0297,0.0197,0.0122,0.0157,0.1467,0.5322,0.1301,0.1274,0.2752,0.3073,-0.0114,0.1253,0.5215,0.1792,0.1757,0.2782,0.3096,0.1402,0.5226,0.1846,0.17,0.2835,0.3149,0.4404,0.1991,0.2106,0.2158,0.2574,0.5649,0.5797,0.4833,0.5218,0.0756,0.2495,0.2853,0.2731,0.3055,0.0222
Hmel210001o,16025001,16075000,16049220,47776,0.0175,0.0176,0.0177,0.0253,0.006,0.0169,0.0161,0.0209,0.0197,0.0173,0.0175,0.0266,0.0355,0.02,0.0201,0.0327,0.0334,0.0172,0.0262,0.0352,0.0208,0.0208,0.0328,0.0333,0.0262,0.0351,0.0207,0.0205,0.033,0.0334,0.0355,0.0271,0.0269,0.0337,0.0341,0.0337,0.0347,0.0338,0.0342,0.0185,0.03,0.0308,0.0306,0.0313,0.0207,-0.0072,-0.0024,0.1287,0.5198,0.0815,0.0948,0.2735,0.2988,-0.0138,0.1195,0.5139,0.0995,0.1104,0.2727,0.2961,0.1191,0.5114,0.0964,0.1033,0.2739,0.2962,0.423,0.1462,0.1547,0.2011,0.222,0.5094,0.5337,0.4467,0.4709,0.0622,0.2391,0.2677,0.2584,0.2859,0.0118
Hmel210001o,16050001,16100000,16075098,47408,0.0152,0.0164,0.0162,0.0254,0.0051,0.0166,0.0122,0.0177,0.017,0.016,0.0169,0.0257,0.0306,0.0183,0.0178,0.0294,0.0298,0.016,0.0247,0.031,0.0193,0.0173,0.0295,0.0298,0.0247,0.031,0.0203,0.0177,0.0302,0.0306,0.0339,0.027,0.0259,0.0318,0.0319,0.0291,0.0302,0.0308,0.0311,0.017,0.0256,0.026,0.0279,0.0285,0.0176,0.0087,0.0374,0.143,0.5176,0.0728,0.1362,0.2957,0.3119,-0.0086,0.1068,0.5015,0.0834,0.0994,0.2806,0.2965,0.1096,0.5039,0.1123,0.1161,0.2933,0.3101,0.4164,0.1473,0.1912,0.2117,0.2224,0.4716,0.5696,0.4752,0.4917,0.0877,0.2073,0.2259,0.3158,0.3368,0.0089
Hmel210001o,16075001,16125000,16100278,49365,0.0148,0.0181,0.0177,0.0262,0.0048,0.0172,0.0157,0.0198,0.0189,0.0167,0.0171,0.0282,0.0334,0.0228,0.0225,0.0328,0.0334,0.0174,0.0276,0.0342,0.0239,0.022,0.0327,0.0331,0.0276,0.034,0.0252,0.0228,0.0333,0.0342,0.0363,0.0318,0.0307,0.035,0.0351,0.0324,0.034,0.0334,0.0338,0.02,0.0276,0.0281,0.03,0.0301,0.0204,0.0073,0.0278,0.1854,0.5622,0.184,0.2031,0.3228,0.3439,-0.017,0.1304,0.5138,0.158,0.1385,0.2779,0.2966,0.134,0.5188,0.1905,0.1622,0.2922,0.3166,0.4387,0.2109,0.2133,0.224,0.2364,0.5086,0.5524,0.4774,0.4974,0.1013,0.2063,0.228,0.269,0.2834,0.0278
Hmel210001o,16100001,16150000,16125001,49997,0.0188,0.0166,0.0165,0.0256,0.0062,0.0191,0.0182,0.0214,0.0187,0.0186,0.0179,0.0322,0.0405,0.0287,0.0314,0.0391,0.0391,0.0161,0.0298,0.0408,0.03,0.0336,0.0412,0.0413,0.0303,0.0408,0.0304,0.0343,0.0416,0.0422,0.0422,0.038,0.0393,0.0424,0.0423,0.04,0.0412,0.0411,0.0415,0.0227,0.0298,0.0291,0.0274,0.0268,0.022,0.027,0.0079,0.2019,0.5451,0.2155,0.271,0.3352,0.3664,-0.0152,0.1928,0.5795,0.2662,0.3313,0.384,0.4161,0.2025,0.5806,0.2746,0.3427,0.3899,0.4267,0.4827,0.2774,0.3021,0.3011,0.3301,0.5371,0.5589,0.5139,0.5542,0.1051,0.2024,0.2243,0.1694,0.193,0.0496
Hmel210001o,16125001,16175000,16149996,49981,0.0126,0.0111,0.0102,0.0247,0.0048,0.0188,0.01,0.0145,0.0119,0.0129,0.012,0.0267,0.0358,0.0238,0.0266,0.0324,0.0322,0.0106,0.0247,0.0364,0.0254,0.0289,0.0348,0.0347,0.0252,0.0364,0.0252,0.0295,0.0348,0.035,0.0394,0.0336,0.0356,0.0376,0.0375,0.0344,0.0374,0.0376,0.0377,0.0183,0.0247,0.024,0.0208,0.0203,0.0141,0.0437,0.0257,0.208,0.6247,0.2159,0.4195,0.4268,0.4661,-0.0011,0.1938,0.656,0.272,0.4807,0.4774,0.5186,0.2178,0.6723,0.2832,0.5054,0.4927,0.5363,0.487,0.2312,0.3746,0.3376,0.3703,0.5054,0.6837,0.6075,0.6523,0.1269,0.2052,0.2306,0.271,0.3128,0.0357
Hmel210001o,16150001,16200000,16175005,49982,0.0093,0.012,0.0092,0.0242,0.0026,0.0167,0.0085,0.0111,0.0094,0.0114,0.0094,0.0217,0.0299,0.0243,0.0249,0.0284,0.0281,0.0117,0.0215,0.0305,0.0251,0.0257,0.029,0.0288,0.0228,0.0301,0.0248,0.0255,0.0286,0.0283,0.0346,0.0305,0.0316,0.0326,0.0323,0.0268,0.0313,0.0311,0.0309,0.0145,0.0203,0.0203,0.0179,0.0175,0.0103,0.0386,0.0101,0.1717,0.684,0.3169,0.4916,0.4878,0.5181,0.0532,0.1201,0.6307,0.2854,0.4469,0.4469,0.4753,0.1939,0.6868,0.3261,0.5004,0.4909,0.5208,0.4792,0.2179,0.3525,0.326,0.3485,0.4865,0.7141,0.6537,0.6905,0.0747,0.196,0.2282,0.3056,0.3401,0.0009
Hmel210001o,16175001,16225000,16200000,50000,0.012,0.0133,0.0114,0.0232,0.0021,0.0128,0.0103,0.013,0.0116,0.0137,0.012,0.0228,0.0286,0.0258,0.0261,0.029,0.0288,0.0135,0.0221,0.0287,0.0267,0.0271,0.0294,0.0295,0.0238,0.0285,0.0263,0.0262,0.0291,0.0289,0.0329,0.0309,0.0313,0.0324,0.0322,0.0264,0.0293,0.0294,0.0296,0.0123,0.0199,0.0196,0.0184,0.0181,0.0123,0.0416,0.0139,0.1586,0.6178,0.366,0.415,0.4129,0.4328,0.0464,0.124,0.5917,0.3579,0.4086,0.3969,0.421,0.1911,0.632,0.3858,0.4302,0.4251,0.446,0.4813,0.2903,0.3319,0.3081,0.325,0.5761,0.6645,0.6065,0.6377,0.0317,0.2253,0.2434,0.2366,0.2561,0.001
Hmel210001o,16200001,16250000,16224655,49289,0.0162,0.015,0.0154,0.0237,0.0043,0.012,0.0126,0.0167,0.0163,0.0156,0.0157,0.0241,0.0318,0.0257,0.0251,0.0297,0.0299,0.015,0.0234,0.0321,0.0265,0.0259,0.03,0.0306,0.0239,0.0321,0.0259,0.0253,0.0298,0.03,0.0345,0.0311,0.0301,0.0327,0.0326,0.0314,0.0324,0.0309,0.0312,0.0131,0.022,0.0218,0.0226,0.0226,0.0166,-0.0006,-0.0049,0.1153,0.5277,0.3045,0.282,0.2985,0.3083,-0.0073,0.1193,0.554,0.3389,0.3177,0.322,0.3363,0.124,0.547,0.3232,0.3012,0.3134,0.3228,0.4582,0.298,0.2746,0.2549,0.259,0.6029,0.6012,0.5079,0.5184,0.0345,0.2202,0.2234,0.2239,0.2307,0.0019
Hmel210001o,16225001,16275000,16250005,48929,0.016,0.0158,0.0141,0.0238,0.0057,0.011,0.0134,0.0161,0.0163,0.0153,0.0155,0.0249,0.031,0.0224,0.0201,0.03,0.0303,0.0149,0.0243,0.0314,0.023,0.0207,0.0305,0.0307,0.0252,0.0318,0.0231,0.021,0.0304,0.0305,0.0328,0.0305,0.0288,0.0327,0.0329,0.0305,0.0315,0.0301,0.0303,0.0139,0.0248,0.0248,0.0269,0.0273,0.0165,-0.0202,0.0154,0.132,0.4973,0.258,0.1629,0.3168,0.3172,-0.0004,0.1226,0.5057,0.2745,0.1824,0.3268,0.3271,0.1669,0.5427,0.3102,0.2212,0.3514,0.3493,0.4153,0.3026,0.2407,0.2629,0.2622,0.5855,0.5508,0.485,0.4837,0.0674,0.3066,0.3032,0.3056,0.3086,0.0116
Hmel210001o,16250001,16300000,16275107,48887,0.0162,0.0172,0.0151,0.0231,0.0056,0.0155,0.0155,0.0146,0.0155,0.0169,0.0165,0.026,0.0307,0.0208,0.0195,0.0297,0.0305,0.0163,0.0263,0.0308,0.0216,0.0194,0.0298,0.0305,0.0255,0.0312,0.0217,0.0208,0.0302,0.0308,0.0333,0.0289,0.0294,0.033,0.0339,0.0305,0.031,0.0309,0.0318,0.0175,0.0258,0.0265,0.0274,0.0281,0.0152,0.006,0.0295,0.1587,0.4919,0.1441,0.1089,0.3316,0.3311,0.0059,0.1502,0.4764,0.1479,0.0902,0.3191,0.3166,0.1664,0.5183,0.1829,0.161,0.3555,0.3518,0.4312,0.2204,0.228,0.2944,0.2948,0.5027,0.5087,0.5231,0.5181,0.0659,0.2769,0.2748,0.3039,0.3026,0.0057
Hmel210001o,16275001,16325000,16300316,49246,0.0212,0.0219,0.019,0.0269,0.0069,0.018,0.0181,0.0164,0.0167,0.0213,0.02,0.0288,0.0349,0.0259,0.0252,0.0322,0.0332,0.0206,0.0298,0.0355,0.0275,0.0256,0.0333,0.0342,0.0272,0.0353,0.0278,0.0271,0.0349,0.0361,0.037,0.0329,0.0333,0.0371,0.0377,0.0371,0.0368,0.0362,0.0373,0.0194,0.0253,0.0257,0.0266,0.0268,0.0164,-0.0073,-0.0041,0.104,0.4407,0.1452,0.1306,0.275,0.2863,0.0026,0.1128,0.4369,0.1668,0.1294,0.2829,0.2916,0.1029,0.4782,0.211,0.1971,0.3413,0.3529,0.4062,0.2091,0.2146,0.2855,0.2892,0.5135,0.5082,0.529,0.5348,0.0387,0.2002,0.2041,0.224,0.2242,-0.0059
Hmel210001o,16300001,16350000,16325001,49999,0.0175,0.0188,0.0181,0.032,0.0083,0.0108,0.0158,0.0191,0.0183,0.0174,0.0178,0.032,0.0361,0.0334,0.031,0.0368,0.0363,0.0184,0.0322,0.0364,0.034,0.0315,0.0377,0.0372,0.031,0.0362,0.0345,0.0318,0.0387,0.0387,0.0392,0.0399,0.0382,0.0416,0.0414,0.0373,0.0369,0.0361,0.037,0.0141,0.0231,0.0239,0.0249,0.0257,0.019,-0.0219,0.0006,0.1562,0.4884,0.4203,0.3136,0.3502,0.3532,-0.0002,0.1435,0.4729,0.4093,0.3043,0.3448,0.3482,0.1343,0.4812,0.4268,0.3186,0.3658,0.3746,0.3582,0.3373,0.259,0.2624,0.2682,0.6079,0.5227,0.4646,0.4859,0.0301,0.2243,0.2556,0.1849,0.212,0.0068
Hmel210001o,16325001,16375000,16349998,49994,0.0109,0.0121,0.013,0.0269,0.0071,0.0102,0.0146,0.017,0.0169,0.0115,0.0123,0.0284,0.0331,0.0281,0.0278,0.0331,0.0325,0.0123,0.0281,0.033,0.0281,0.0282,0.0331,0.0327,0.028,0.0332,0.0273,0.0277,0.0329,0.0327,0.0378,0.0339,0.0339,0.0361,0.036,0.0324,0.0328,0.0325,0.0329,0.0126,0.0198,0.0218,0.0208,0.0224,0.0176,0.0003,0.0159,0.2357,0.587,0.4702,0.3856,0.4213,0.4149,-0.0105,0.2142,0.5653,0.4483,0.3727,0.4045,0.4002,0.1991,0.5507,0.4194,0.3507,0.3892,0.3872,0.4132,0.3264,0.268,0.2658,0.2658,0.5953,0.5194,0.4744,0.4808,0.0083,0.1949,0.2445,0.1453,0.1837,0.0186
Hmel210001o,16350001,16400000,16374637,48288,0.0112,0.011,0.0106,0.0217,0.0055,0.0141,0.0149,0.0153,0.0151,0.0112,0.0111,0.0242,0.0307,0.0214,0.0214,0.0281,0.0277,0.0106,0.024,0.0309,0.0214,0.0217,0.0284,0.0283,0.024,0.0313,0.0216,0.0222,0.0286,0.0286,0.0341,0.0279,0.0277,0.03,0.0296,0.0289,0.0297,0.0308,0.0305,0.0148,0.0219,0.0226,0.0214,0.0219,0.0158,0.0045,0.0128,0.2208,0.5889,0.2698,0.2546,0.3745,0.3719,-0.0057,0.2214,0.595,0.2755,0.2648,0.3836,0.3844,0.2272,0.6075,0.2862,0.2827,0.3939,0.3962,0.4612,0.241,0.2239,0.2565,0.2535,0.5104,0.5041,0.5125,0.512,0.0097,0.2091,0.2268,0.1823,0.1965,0.0212
Hmel210001o,16375001,16425000,16400502,48212,0.0129,0.0131,0.0135,0.0231,0.0052,0.0141,0.0159,0.0155,0.0152,0.0134,0.0133,0.0241,0.0315,0.0207,0.0188,0.0259,0.0257,0.0135,0.0245,0.0319,0.021,0.0187,0.0266,0.0263,0.0244,0.0325,0.0217,0.0193,0.0267,0.0265,0.0331,0.0271,0.0259,0.0282,0.0277,0.0298,0.0301,0.0303,0.0299,0.0159,0.0222,0.022,0.0224,0.0225,0.0157,0.0171,0.0064,0.173,0.5699,0.221,0.1384,0.3052,0.3068,0.0068,0.176,0.5698,0.2229,0.1326,0.3148,0.3138,0.1688,0.571,0.2337,0.1439,0.3104,0.3121,0.4357,0.2101,0.1615,0.2084,0.2048,0.5275,0.4971,0.5092,0.5089,0.031,0.2108,0.2106,0.1856,0.1934,0.0115
Hmel210001o,16400001,16450000,16425013,49880,0.0134,0.0139,0.0147,0.0224,0.0053,0.0106,0.0157,0.0161,0.0155,0.0138,0.0143,0.0248,0.0336,0.0207,0.0171,0.0256,0.0259,0.0145,0.0253,0.0339,0.0216,0.0175,0.0264,0.0265,0.0245,0.0342,0.0219,0.0178,0.0262,0.0264,0.0353,0.0275,0.0258,0.0293,0.0293,0.0335,0.0335,0.0325,0.0323,0.0167,0.0209,0.0204,0.0225,0.0226,0.0158,0.0055,0.0093,0.1862,0.5807,0.2786,0.0852,0.2809,0.2981,0.0077,0.1877,0.5737,0.2893,0.0881,0.2882,0.2997,0.1601,0.5641,0.2813,0.0839,0.2713,0.2852,0.4684,0.2798,0.1703,0.2247,0.2355,0.6317,0.5391,0.5197,0.5292,0.1255,0.2317,0.232,0.1812,0.1933,0.0009
Hmel210001o,16425001,16475000,16449994,49901,0.0133,0.0131,0.0138,0.0207,0.0058,0.0109,0.0156,0.0175,0.0168,0.0131,0.014,0.0222,0.0338,0.0207,0.0168,0.0255,0.0258,0.0136,0.0221,0.0339,0.0213,0.0169,0.0257,0.0261,0.0214,0.0343,0.0215,0.0172,0.0258,0.0263,0.0361,0.026,0.0237,0.0286,0.0289,0.0341,0.0339,0.0332,0.0332,0.0167,0.0219,0.0215,0.023,0.0231,0.0174,-0.0037,0.0165,0.1549,0.5741,0.2763,0.0792,0.2601,0.2759,0.0083,0.1585,0.5797,0.2938,0.0861,0.2674,0.2849,0.13,0.5714,0.2837,0.0842,0.2589,0.2764,0.4902,0.2727,0.1488,0.2133,0.2271,0.6218,0.5353,0.4962,0.5065,0.1242,0.2269,0.2279,0.1728,0.1855,0.0087
Hmel210001o,16450001,16500000,16475013,49888,0.0097,0.0101,0.0098,0.019,0.0043,0.0112,0.0114,0.0136,0.0133,0.0099,0.0101,0.0181,0.0354,0.0146,0.0123,0.0213,0.0218,0.01,0.0179,0.0351,0.0148,0.0124,0.0212,0.022,0.0178,0.036,0.0148,0.0126,0.0218,0.0226,0.0362,0.0209,0.0195,0.0244,0.0248,0.0349,0.0354,0.0339,0.0346,0.0118,0.0187,0.0188,0.0192,0.0195,0.0138,0.0005,0.0158,0.1465,0.6837,0.1748,0.0809,0.3067,0.3226,-0.0002,0.1339,0.6745,0.1705,0.0769,0.2975,0.319,0.137,0.6854,0.1785,0.0918,0.3144,0.3357,0.539,0.1853,0.1493,0.2183,0.229,0.6513,0.6515,0.5984,0.6094,0.0233,0.2126,0.2195,0.2233,0.236,0.0112
Hmel210001o,16475001,16525000,16499817,49512,0.0133,0.0133,0.0125,0.0214,0.0041,0.0132,0.0131,0.0147,0.0141,0.0133,0.013,0.0223,0.0379,0.016,0.0144,0.0253,0.0262,0.0131,0.0224,0.0378,0.0168,0.0149,0.0258,0.0268,0.0223,0.038,0.0158,0.014,0.026,0.0269,0.0386,0.0238,0.0231,0.0287,0.0292,0.0364,0.0377,0.0366,0.038,0.0139,0.0214,0.0221,0.0239,0.0246,0.0142,0.0023,0.007,0.1492,0.6428,0.1011,0.0459,0.3012,0.3275,0.0106,0.1523,0.6416,0.1266,0.0633,0.3095,0.337,0.1638,0.6573,0.1107,0.0464,0.3275,0.3539,0.5328,0.1821,0.1692,0.2477,0.2651,0.6321,0.6432,0.607,0.6291,0.0289,0.2213,0.2482,0.2755,0.3006,-0.0083
Hmel210001o,16500001,16550000,16524576,48004,0.0191,0.0189,0.017,0.0279,0.0065,0.0169,0.0181,0.0194,0.0185,0.0193,0.0184,0.0288,0.0382,0.0208,0.0194,0.031,0.0309,0.0185,0.0287,0.0386,0.0215,0.0197,0.0321,0.0322,0.0285,0.0387,0.0203,0.0186,0.0324,0.0325,0.0409,0.0296,0.0286,0.0358,0.0362,0.0375,0.0376,0.0366,0.0378,0.019,0.0283,0.0286,0.0301,0.0305,0.019,0.0078,0.0079,0.1211,0.5138,0.0749,0.0211,0.2438,0.2551,0.0156,0.1229,0.5211,0.0957,0.0329,0.2643,0.277,0.1432,0.55,0.0936,0.0292,0.2937,0.3065,0.4413,0.1629,0.1307,0.2242,0.2398,0.5402,0.5237,0.4938,0.5191,0.0421,0.2283,0.2456,0.2443,0.2614,0.0008
Hmel210001o,16525001,16575000,16549703,46344,0.0209,0.0196,0.02,0.0288,0.008,0.0183,0.0213,0.0199,0.019,0.0202,0.0205,0.03,0.0405,0.0229,0.0224,0.0347,0.0336,0.0195,0.0292,0.041,0.0228,0.0222,0.0353,0.0346,0.03,0.0412,0.0234,0.0227,0.0361,0.0355,0.0418,0.0307,0.0305,0.0385,0.0385,0.04,0.0397,0.0383,0.0385,0.0207,0.0313,0.0307,0.032,0.0313,0.0199,-0.0011,-0.0002,0.1133,0.4906,0.082,0.032,0.2712,0.2684,-0.0082,0.1143,0.5128,0.0968,0.043,0.2947,0.2977,0.1224,0.509,0.1039,0.0494,0.3012,0.3044,0.4223,0.1542,0.1148,0.2453,0.2555,0.5213,0.4775,0.4817,0.4979,0.0238,0.2535,0.2562,0.2268,0.2276,0.0127
Hmel210001o,16550001,16600000,16575433,47903,0.0179,0.0171,0.0184,0.025,0.0073,0.0178,0.0219,0.02,0.0205,0.0172,0.0179,0.0259,0.0407,0.0217,0.0218,0.0373,0.0362,0.0171,0.0251,0.0412,0.0223,0.0219,0.0376,0.0367,0.0258,0.0412,0.0225,0.0221,0.0375,0.0365,0.0401,0.0281,0.0283,0.0379,0.0372,0.0403,0.0406,0.0406,0.0407,0.0208,0.0327,0.032,0.033,0.0325,0.0207,-0.0073,-0.0071,0.1126,0.5429,0.1036,0.0481,0.3411,0.3216,-0.0189,0.1084,0.5587,0.1279,0.0636,0.3541,0.3373,0.1044,0.5403,0.1144,0.05,0.3367,0.3196,0.454,0.1536,0.1035,0.2694,0.2555,0.5398,0.4868,0.5125,0.5068,0.0255,0.2793,0.263,0.2354,0.2215,0.0126
Hmel210001o,16575001,16625000,16599941,49293,0.0144,0.0148,0.0157,0.0205,0.0046,0.0149,0.0185,0.0188,0.0193,0.0144,0.0147,0.021,0.0372,0.0186,0.0183,0.0313,0.031,0.0148,0.0204,0.0374,0.0194,0.0187,0.0318,0.0315,0.0204,0.0376,0.0195,0.0188,0.0314,0.031,0.0364,0.0238,0.0236,0.0315,0.0316,0.0368,0.038,0.0368,0.0377,0.0178,0.0282,0.0281,0.0293,0.0294,0.0195,-0.0072,-0.0105,0.1119,0.6086,0.1271,0.0568,0.3201,0.3087,-0.0151,0.0913,0.6031,0.1414,0.0602,0.3216,0.31,0.0771,0.5915,0.129,0.0507,0.3045,0.2922,0.5157,0.165,0.1035,0.2434,0.2371,0.597,0.5489,0.5329,0.5339,0.0345,0.264,0.2557,0.2326,0.2282,0.0121
Hmel210001o,16600001,16650000,16625065,48665,0.0147,0.0145,0.0156,0.0207,0.005,0.0147,0.0161,0.0191,0.0185,0.0146,0.015,0.0215,0.036,0.0181,0.018,0.0317,0.0321,0.0147,0.021,0.0361,0.0184,0.0179,0.0327,0.0331,0.0211,0.0364,0.0189,0.0184,0.0325,0.0328,0.0359,0.024,0.0243,0.0338,0.0344,0.0354,0.0365,0.0345,0.0353,0.0165,0.0301,0.0303,0.0314,0.0316,0.0192,0.0002,-0.0053,0.1145,0.5854,0.1087,0.081,0.3192,0.3323,-0.014,0.1069,0.5897,0.1227,0.0807,0.3354,0.3483,0.0901,0.5739,0.1156,0.0769,0.3181,0.3291,0.5019,0.1716,0.1528,0.2706,0.2855,0.5806,0.5673,0.4997,0.5165,0.0365,0.2949,0.306,0.2957,0.305,0.0119
Hmel210001o,16625001,16675000,16650082,49356,0.0126,0.0126,0.0122,0.0206,0.0046,0.0111,0.0128,0.0147,0.0144,0.0126,0.0125,0.0205,0.0342,0.0181,0.0178,0.0296,0.0295,0.0121,0.02,0.0344,0.0187,0.0179,0.0307,0.0306,0.0201,0.0344,0.0188,0.018,0.0304,0.0302,0.0347,0.0246,0.0244,0.0329,0.0328,0.033,0.0336,0.0337,0.0333,0.0134,0.0232,0.0233,0.0251,0.0249,0.0149,0.0017,0.0025,0.131,0.6127,0.2188,0.1749,0.3836,0.3878,-0.0117,0.1197,0.616,0.2361,0.1803,0.3995,0.4048,0.1265,0.6222,0.2456,0.1886,0.401,0.4045,0.4972,0.2435,0.211,0.3192,0.3239,0.6309,0.6035,0.5698,0.5726,0.06,0.2987,0.3078,0.3043,0.3068,0.0115
Hmel210001o,16650001,16700000,16674890,49739,0.0095,0.0095,0.0088,0.0196,0.0025,0.0063,0.0072,0.0097,0.0086,0.0092,0.0089,0.0172,0.0342,0.0193,0.0187,0.0221,0.0219,0.009,0.0168,0.0345,0.0198,0.0189,0.0224,0.0222,0.0169,0.0344,0.0198,0.0189,0.0224,0.0221,0.0356,0.0239,0.0234,0.0259,0.0256,0.0321,0.0325,0.0327,0.0324,0.0076,0.0113,0.0112,0.013,0.0125,0.0092,-0.0154,-0.0155,0.118,0.7151,0.4352,0.3985,0.4118,0.431,-0.0098,0.1051,0.7162,0.4442,0.4026,0.4163,0.4359,0.1233,0.7303,0.4637,0.4197,0.4324,0.4517,0.5543,0.332,0.3051,0.3055,0.3198,0.7698,0.7522,0.7001,0.721,0.0622,0.1813,0.2112,0.2219,0.2382,0.0057
Hmel210001o,16675001,16725000,16699911,48815,0.0052,0.0046,0.0048,0.0208,0.0019,0.0039,0.004,0.007,0.0054,0.005,0.0049,0.0148,0.0309,0.0183,0.0173,0.0187,0.0184,0.0046,0.0143,0.0311,0.0183,0.0171,0.0187,0.0184,0.0146,0.0311,0.0186,0.0174,0.019,0.0187,0.0351,0.0239,0.023,0.0241,0.0237,0.0296,0.0296,0.0292,0.0291,0.0041,0.0086,0.0082,0.009,0.0086,0.0063,0.0071,-0.0173,0.1217,0.8025,0.6163,0.5954,0.5243,0.5666,-0.0123,0.1207,0.8201,0.6395,0.6158,0.5445,0.5886,0.1255,0.8147,0.6354,0.6122,0.5424,0.5863,0.5415,0.3602,0.3429,0.3054,0.3285,0.8296,0.8276,0.7477,0.7865,0.0162,0.2356,0.2884,0.2568,0.3053,0.0094
Hmel210001o,16700001,16750000,16725380,49030,0.0045,0.0036,0.0038,0.0195,0.0019,0.0032,0.0063,0.0087,0.0074,0.0042,0.0042,0.014,0.0281,0.0181,0.0157,0.0188,0.0185,0.0034,0.0134,0.0282,0.0182,0.0156,0.019,0.0187,0.0137,0.0285,0.0182,0.0157,0.0191,0.0188,0.0326,0.0241,0.0222,0.0245,0.0242,0.0292,0.0291,0.0279,0.0278,0.0052,0.0104,0.0102,0.0113,0.0111,0.0077,0.0141,0.0052,0.1353,0.8048,0.6628,0.5053,0.4954,0.5276,-0.0495,0.1407,0.8326,0.7013,0.5378,0.5277,0.5613,0.1438,0.8262,0.6905,0.5294,0.5213,0.5551,0.5386,0.4015,0.3045,0.3006,0.3191,0.8485,0.7659,0.695,0.7261,0.0485,0.2872,0.329,0.2147,0.2514,-0.0234
Hmel210001o,16725001,16775000,16749827,49409,0.0042,0.0041,0.0041,0.0192,0.0025,0.0028,0.0075,0.0079,0.0071,0.0039,0.004,0.0132,0.0263,0.0241,0.0207,0.0246,0.0246,0.0037,0.0131,0.0264,0.0246,0.0211,0.0251,0.0251,0.0132,0.0265,0.0246,0.021,0.0251,0.0251,0.0306,0.0282,0.0255,0.0283,0.0284,0.0317,0.0307,0.0305,0.0307,0.0058,0.0095,0.0093,0.0111,0.0111,0.0072,-0.0277,-0.0203,0.1208,0.7865,0.7589,0.5753,0.6199,0.6422,-0.0556,0.1222,0.7899,0.7671,0.5843,0.629,0.6506,0.1255,0.7898,0.7651,0.5821,0.6285,0.6499,0.5108,0.4743,0.3448,0.3817,0.3971,0.8554,0.7332,0.7223,0.7434,0.0626,0.2917,0.3228,0.1885,0.2159,-0.0213
Hmel210001o,16750001,16800000,16775042,49308,0.0036,0.0035,0.0033,0.0207,0.003,0.0054,0.008,0.0055,0.0044,0.0033,0.0034,0.0138,0.0276,0.0215,0.0202,0.0243,0.0246,0.0031,0.0136,0.0277,0.0222,0.0208,0.0249,0.0254,0.0135,0.0278,0.0223,0.0208,0.025,0.0255,0.0328,0.0278,0.0267,0.0297,0.0299,0.0328,0.0318,0.0324,0.0329,0.0068,0.009,0.0087,0.0098,0.0096,0.0052,-0.0274,-0.006,0.1297,0.7986,0.6689,0.5714,0.698,0.7327,-0.0398,0.1254,0.8026,0.6809,0.5838,0.708,0.7436,0.1272,0.8072,0.6875,0.5888,0.7137,0.7489,0.5016,0.3958,0.332,0.4196,0.4421,0.7838,0.7189,0.7792,0.8077,0.0063,0.2571,0.2878,0.1947,0.2236,0.021
Hmel210001o,16775001,16825000,16799989,49748,0.0057,0.0038,0.0037,0.0206,0.0025,0.008,0.0073,0.0074,0.0068,0.0048,0.0048,0.0147,0.0333,0.0129,0.013,0.0174,0.0173,0.0034,0.0143,0.0334,0.0137,0.0138,0.0182,0.0183,0.0142,0.0333,0.0138,0.0138,0.0182,0.0182,0.0368,0.0204,0.0205,0.0237,0.0237,0.0328,0.0328,0.0325,0.0327,0.0077,0.0108,0.0103,0.0107,0.0104,0.0072,0.0002,0.0102,0.1098,0.7909,0.3218,0.3449,0.4683,0.4864,-0.0477,0.1419,0.8369,0.4163,0.442,0.5454,0.5671,0.1408,0.8386,0.4216,0.4448,0.5474,0.5695,0.5525,0.2145,0.2305,0.2935,0.3048,0.738,0.7524,0.748,0.7639,0.0029,0.178,0.178,0.1932,0.2015,0.0085
Hmel210001o,16800001,16850000,16825041,49879,0.0102,0.0082,0.0061,0.0201,0.0024,0.0071,0.0095,0.0079,0.0081,0.0102,0.01,0.0194,0.0307,0.0153,0.014,0.0172,0.0169,0.0068,0.0205,0.0302,0.0189,0.0168,0.0201,0.0199,0.0213,0.0295,0.0198,0.0173,0.0211,0.0208,0.0349,0.0203,0.02,0.0203,0.0205,0.0313,0.031,0.0314,0.0315,0.0096,0.0107,0.0109,0.0133,0.0135,0.0084,0.054,0.1098,0.1534,0.6737,0.2882,0.1813,0.3223,0.3106,-0.0218,0.2202,0.7165,0.4397,0.3263,0.4435,0.4355,0.281,0.7621,0.5171,0.3946,0.5173,0.5087,0.5442,0.2368,0.1836,0.2213,0.2209,0.75,0.6937,0.7313,0.7278,0.0754,0.1845,0.1862,0.218,0.2215,0.0222
Hmel210001o,16825001,16875000,16849990,49958,0.0169,0.0143,0.0117,0.0213,0.0047,0.009,0.014,0.0131,0.0126,0.0172,0.0171,0.0262,0.0329,0.0222,0.0205,0.0235,0.0232,0.0127,0.0278,0.0317,0.0272,0.0243,0.0274,0.0271,0.0291,0.0309,0.0285,0.0249,0.0288,0.0285,0.0377,0.026,0.0257,0.0247,0.025,0.035,0.0342,0.0352,0.035,0.0132,0.0151,0.0155,0.0183,0.0184,0.0131,0.052,0.0935,0.1725,0.5228,0.2772,0.149,0.2335,0.2343,-0.012,0.241,0.5547,0.4155,0.2778,0.3488,0.3521,0.3006,0.5954,0.4827,0.3333,0.4137,0.4174,0.5158,0.2948,0.2075,0.2039,0.2176,0.6866,0.5867,0.6118,0.6197,0.0737,0.1632,0.1904,0.1574,0.1714,0.012
Hmel210001o,16850001,16900000,16874703,49100,0.0206,0.0184,0.0184,0.0222,0.0057,0.0094,0.015,0.0177,0.0169,0.0203,0.0207,0.028,0.0366,0.0245,0.0237,0.0278,0.0279,0.0178,0.0288,0.0355,0.0276,0.0261,0.0304,0.0301,0.0297,0.035,0.0287,0.0268,0.0309,0.0306,0.0385,0.0285,0.0276,0.0278,0.0281,0.0377,0.0371,0.0375,0.0372,0.0153,0.0207,0.0214,0.0219,0.0225,0.0177,0.0213,0.0311,0.1421,0.4864,0.2519,0.1497,0.1936,0.207,-0.0171,0.187,0.509,0.345,0.2304,0.2669,0.2742,0.203,0.5041,0.3635,0.2433,0.2749,0.2827,0.4964,0.3188,0.216,0.179,0.1962,0.6798,0.5789,0.5399,0.5498,0.1177,0.2197,0.2522,0.153,0.1793,0.0126
Hmel210001o,16875001,16925000,16900106,49091,0.0186,0.0198,0.0201,0.0235,0.0043,0.0087,0.0154,0.0181,0.017,0.0191,0.0194,0.0266,0.0356,0.0221,0.0217,0.0279,0.0285,0.0196,0.0269,0.0354,0.0232,0.0226,0.029,0.0291,0.0274,0.0352,0.0235,0.0231,0.0287,0.0289,0.0367,0.0282,0.0269,0.0294,0.0295,0.0352,0.0357,0.0357,0.0359,0.0157,0.0247,0.0251,0.0247,0.0254,0.0179,-0.0023,0.0007,0.1307,0.529,0.2481,0.1273,0.2165,0.2426,-0.0084,0.1191,0.5069,0.2502,0.1315,0.2202,0.237,0.1249,0.5011,0.2513,0.1378,0.2111,0.2304,0.4822,0.3072,0.181,0.1865,0.2047,0.7009,0.5818,0.5375,0.5581,0.139,0.3105,0.3362,0.2018,0.2315,0.0097
Hmel210001o,16900001,16950000,16925003,49949,0.0158,0.0167,0.0161,0.0242,0.0038,0.0121,0.0176,0.0185,0.0172,0.016,0.016,0.0245,0.0352,0.0244,0.0205,0.0293,0.0298,0.0164,0.0246,0.0355,0.0247,0.021,0.0304,0.0306,0.0242,0.0354,0.0245,0.0208,0.0299,0.0302,0.0363,0.0296,0.0272,0.0324,0.0325,0.0325,0.034,0.0336,0.0338,0.018,0.0262,0.0264,0.0278,0.0282,0.0179,-0.0073,0.0018,0.1229,0.5803,0.2845,0.1095,0.2731,0.3001,0.0003,0.1124,0.5688,0.277,0.1091,0.2792,0.3005,0.1129,0.5781,0.2839,0.1125,0.2806,0.3036,0.477,0.2687,0.1501,0.2208,0.2409,0.6225,0.5391,0.5177,0.5427,0.1031,0.2751,0.2989,0.2244,0.2499,0.0014
Hmel210001o,16925001,16975000,16950000,50000,0.0133,0.0134,0.0139,0.0225,0.0045,0.0125,0.0145,0.0153,0.0146,0.0131,0.0137,0.0216,0.0335,0.0232,0.0198,0.0255,0.0262,0.0135,0.0216,0.0338,0.0225,0.0193,0.0254,0.0261,0.0213,0.034,0.0234,0.0197,0.026,0.0266,0.0345,0.0272,0.0257,0.0287,0.0294,0.0311,0.0329,0.0314,0.0319,0.0156,0.0209,0.0213,0.0232,0.0241,0.0152,-0.0112,0.0021,0.1191,0.5957,0.2967,0.1849,0.2941,0.317,-0.0039,0.1183,0.5968,0.2812,0.1703,0.2907,0.3142,0.1031,0.5903,0.2931,0.1726,0.295,0.3155,0.47,0.2428,0.1849,0.2269,0.2477,0.5864,0.5682,0.538,0.5551,0.0761,0.2117,0.2337,0.2302,0.2579,0.0074
Hmel210001o,16950001,17000000,16975000,50000,0.0152,0.0158,0.0172,0.0246,0.0073,0.0148,0.0149,0.0177,0.017,0.0153,0.0162,0.024,0.0363,0.0213,0.0203,0.0308,0.0307,0.0164,0.0242,0.0362,0.0205,0.0196,0.0303,0.0303,0.0242,0.0367,0.0215,0.0204,0.0311,0.0311,0.0375,0.0271,0.0266,0.0325,0.0326,0.0356,0.0363,0.0342,0.0351,0.0163,0.0272,0.027,0.0284,0.0288,0.0176,-0.009,0.0005,0.1179,0.5427,0.1838,0.1553,0.3167,0.3247,-0.003,0.1129,0.5318,0.1531,0.129,0.3015,0.311,0.0929,0.5167,0.1565,0.1276,0.2956,0.3038,0.4351,0.1846,0.1723,0.2302,0.24,0.5435,0.5477,0.4818,0.5023,0.0511,0.2656,0.2713,0.2839,0.2999,0.0083
Hmel210001o,16975001,17025000,17000000,50000,0.0196,0.0203,0.0201,0.0283,0.0096,0.0204,0.0187,0.0217,0.0191,0.0194,0.0196,0.0289,0.0414,0.0229,0.0216,0.0389,0.0384,0.0198,0.029,0.0419,0.0222,0.0215,0.0393,0.0388,0.0291,0.0421,0.0229,0.0217,0.0397,0.0393,0.0425,0.0308,0.0305,0.0394,0.0389,0.0414,0.0414,0.0402,0.0404,0.0216,0.0387,0.0376,0.0386,0.0382,0.0208,-0.0136,-0.0066,0.1141,0.4949,0.0716,0.0649,0.3212,0.3451,-0.0108,0.1067,0.4898,0.0472,0.0526,0.3181,0.3415,0.1117,0.4948,0.0653,0.0592,0.3245,0.3492,0.4127,0.1362,0.1513,0.2397,0.2632,0.4834,0.5071,0.4546,0.4919,0.0529,0.3084,0.3257,0.3277,0.3538,0.0107
Hmel210001o,17000001,17050000,17024988,49963,0.0185,0.0199,0.0191,0.0262,0.0103,0.0183,0.0175,0.0201,0.0184,0.0187,0.0187,0.0292,0.0396,0.0207,0.0211,0.0356,0.036,0.019,0.0291,0.0402,0.0204,0.0208,0.0361,0.0362,0.029,0.0406,0.0213,0.0216,0.0365,0.0368,0.0395,0.0301,0.0303,0.0369,0.0372,0.0396,0.0399,0.04,0.04,0.0191,0.0347,0.0346,0.0348,0.0347,0.0204,-0.0142,-0.0045,0.1518,0.4826,0.0639,0.0851,0.3099,0.3368,-0.0154,0.1316,0.4701,0.0362,0.0559,0.2992,0.322,0.1405,0.4836,0.069,0.0869,0.3148,0.3394,0.3968,0.1698,0.1833,0.2455,0.2695,0.4864,0.4993,0.4645,0.4888,0.0358,0.3012,0.3216,0.3111,0.332,0.0311
Hmel210001o,17025001,17075000,17050003,49936,0.0184,0.0188,0.0178,0.0241,0.0089,0.0164,0.0177,0.0207,0.0207,0.0187,0.0186,0.0287,0.0376,0.0209,0.0207,0.0371,0.0373,0.0182,0.0274,0.0379,0.0217,0.0202,0.0374,0.0374,0.0281,0.0385,0.0218,0.0206,0.038,0.038,0.0378,0.0305,0.0294,0.0384,0.0385,0.038,0.0377,0.0394,0.0394,0.0188,0.0348,0.0345,0.0357,0.0355,0.0217,0.0045,0.0154,0.1654,0.4832,0.0959,0.0706,0.3238,0.3259,-0.0036,0.1366,0.4817,0.1109,0.0543,0.3238,0.3231,0.1627,0.5016,0.128,0.0787,0.3424,0.3423,0.4201,0.2228,0.1866,0.2762,0.2768,0.5177,0.4939,0.47,0.4695,0.0526,0.3196,0.315,0.3138,0.3106,0.0255
Hmel210001o,17050001,17100000,17075011,49973,0.0156,0.0151,0.0157,0.0231,0.0053,0.0145,0.0165,0.0168,0.016,0.0155,0.0163,0.0259,0.0328,0.0181,0.0171,0.0354,0.0352,0.0157,0.0242,0.0328,0.019,0.0172,0.0354,0.0352,0.0253,0.0332,0.0193,0.0171,0.0354,0.035,0.0352,0.0281,0.0264,0.0375,0.0373,0.0335,0.0327,0.0343,0.0344,0.0176,0.0332,0.0326,0.0326,0.0323,0.0166,0.0061,0.0236,0.1665,0.5331,0.0966,0.0351,0.3867,0.3961,0.01,0.1416,0.5417,0.1305,0.0441,0.3933,0.4032,0.1525,0.535,0.1291,0.0313,0.3848,0.3929,0.4579,0.2213,0.1623,0.3226,0.3326,0.5589,0.515,0.5272,0.5433,0.0667,0.3739,0.3786,0.3377,0.3456,0.0058
Hmel210001o,17075001,17125000,17100000,49998,0.0125,0.0118,0.0138,0.0228,0.0041,0.0116,0.0137,0.0141,0.0131,0.0125,0.0134,0.0233,0.0292,0.0139,0.0146,0.0295,0.0296,0.0131,0.0233,0.0296,0.0138,0.0142,0.0287,0.0288,0.0233,0.0296,0.0145,0.0145,0.0285,0.0285,0.0316,0.0245,0.0241,0.0328,0.0329,0.0294,0.0293,0.0299,0.0304,0.0152,0.0273,0.0273,0.0276,0.0276,0.0137,0.0163,0.0124,0.168,0.5727,0.0763,0.0571,0.3954,0.4127,0.0097,0.1764,0.591,0.0841,0.0541,0.3941,0.4112,0.1445,0.5506,0.0714,0.028,0.3588,0.374,0.439,0.2053,0.1638,0.3035,0.3177,0.5932,0.5484,0.5497,0.5743,0.0957,0.375,0.3925,0.3453,0.3619,0.0066
Hmel210001o,17100001,17150000,17125000,49980,0.015,0.0143,0.0149,0.0253,0.005,0.0128,0.0142,0.0164,0.0153,0.0155,0.0151,0.0263,0.0294,0.0181,0.0174,0.0292,0.0295,0.0146,0.0263,0.0304,0.0174,0.0164,0.0286,0.0287,0.0259,0.0297,0.0174,0.0164,0.0284,0.0287,0.0314,0.0277,0.0278,0.0329,0.0328,0.0294,0.03,0.0309,0.0312,0.0163,0.0255,0.0256,0.0283,0.0284,0.0162,0.0297,0.0069,0.1585,0.5095,0.1391,0.0936,0.3136,0.3359,0.0008,0.1687,0.5353,0.1331,0.0759,0.3149,0.335,0.1536,0.5156,0.1205,0.0636,0.3027,0.3249,0.3897,0.2142,0.1962,0.2458,0.2603,0.5518,0.5316,0.5022,0.5268,0.1,0.2836,0.3039,0.3114,0.3314,0.0122
Hmel210001o,17125001,17175000,17150009,49982,0.0082,0.0082,0.0093,0.0242,0.0059,0.0079,0.0084,0.013,0.0113,0.0086,0.009,0.0217,0.0222,0.0114,0.0104,0.024,0.0248,0.0088,0.0215,0.0225,0.0109,0.0097,0.024,0.0247,0.0214,0.0223,0.0112,0.0102,0.0238,0.0246,0.0274,0.0228,0.0229,0.0296,0.03,0.022,0.0226,0.0237,0.0243,0.0091,0.0218,0.0223,0.0232,0.0238,0.0127,0.0233,0.0191,0.1886,0.5365,0.1849,0.1233,0.4032,0.4526,0.0021,0.1843,0.5396,0.1586,0.0846,0.4027,0.4499,0.1636,0.5088,0.1401,0.078,0.3776,0.4266,0.3322,0.2166,0.2098,0.255,0.2866,0.5404,0.5376,0.4463,0.4955,0.0607,0.3665,0.4152,0.3849,0.432,0.0258
Hmel210001o,17150001,17200000,17175000,50000,0.0031,0.0038,0.0065,0.0211,0.0048,0.0047,0.005,0.0111,0.008,0.0038,0.0051,0.0196,0.019,0.0064,0.0059,0.0185,0.0197,0.0051,0.0197,0.0191,0.0063,0.0058,0.0186,0.0198,0.0192,0.0191,0.0071,0.0066,0.0188,0.0201,0.025,0.0189,0.0191,0.0258,0.0273,0.0192,0.0195,0.0193,0.0209,0.0052,0.019,0.0205,0.0191,0.0206,0.0105,0.0392,0.0275,0.2889,0.6694,0.2496,0.1877,0.4611,0.5756,-0.0047,0.276,0.6468,0.2036,0.1391,0.4442,0.5554,0.2091,0.5608,0.1216,0.0717,0.379,0.4874,0.3581,0.2393,0.2371,0.2609,0.3383,0.619,0.6133,0.4348,0.5474,0.0345,0.4297,0.5432,0.4239,0.536,0.0532
Hmel210001o,17175001,17225000,17199999,49994,0.0107,0.0112,0.0134,0.022,0.0057,0.0123,0.0117,0.0171,0.0142,0.0114,0.0124,0.0251,0.0305,0.015,0.0137,0.0249,0.0253,0.0123,0.0246,0.0305,0.0151,0.0138,0.0251,0.0253,0.0239,0.0302,0.0154,0.0143,0.0251,0.0255,0.0329,0.0245,0.0243,0.0301,0.031,0.0301,0.0306,0.0291,0.0299,0.0134,0.0244,0.0252,0.0258,0.0262,0.0167,0.0201,0.0133,0.2409,0.5909,0.1392,0.1035,0.2965,0.3546,-0.0021,0.2238,0.5817,0.1327,0.0976,0.2913,0.3469,0.1732,0.535,0.0952,0.0686,0.2562,0.3112,0.4395,0.2033,0.2091,0.2281,0.2847,0.556,0.5724,0.4531,0.5178,0.0577,0.2606,0.326,0.2959,0.3543,0.0355
Hmel210001o,17200001,17250000,17224997,49978,0.0194,0.0195,0.0203,0.0254,0.0083,0.017,0.0166,0.0213,0.0209,0.0195,0.0199,0.0281,0.0392,0.0254,0.022,0.0337,0.0341,0.0196,0.0276,0.0399,0.0256,0.0224,0.034,0.0344,0.0277,0.0396,0.0258,0.022,0.0344,0.0347,0.039,0.0312,0.03,0.0351,0.0354,0.038,0.0393,0.0376,0.0373,0.022,0.0288,0.0292,0.0325,0.0328,0.0217,0.003,0.0028,0.13,0.4936,0.1743,0.1061,0.26,0.2704,-0.0091,0.1191,0.4986,0.1773,0.1125,0.263,0.2727,0.1105,0.4841,0.1687,0.093,0.2581,0.2679,0.4268,0.2129,0.1979,0.2157,0.2243,0.5168,0.5336,0.4508,0.4535,0.1415,0.2129,0.2244,0.2762,0.2851,0.0172
Hmel210001o,17225001,17275000,17250003,49981,0.0198,0.0182,0.0187,0.0252,0.0054,0.0142,0.0165,0.0166,0.0153,0.0192,0.0197,0.0287,0.0354,0.0255,0.0235,0.0307,0.0318,0.0179,0.0288,0.035,0.0256,0.0238,0.0313,0.0322,0.0297,0.0352,0.0266,0.024,0.0325,0.0335,0.0377,0.0311,0.0311,0.0334,0.034,0.0347,0.0361,0.0353,0.0357,0.0203,0.0234,0.0242,0.0258,0.027,0.0164,0.0063,0.0125,0.136,0.4916,0.2103,0.1363,0.269,0.3021,-0.0177,0.1596,0.5127,0.2373,0.1661,0.2995,0.3304,0.1671,0.5068,0.2476,0.1621,0.3102,0.3406,0.4571,0.2512,0.2198,0.2516,0.2771,0.5768,0.5514,0.5418,0.5672,0.1478,0.218,0.2546,0.2299,0.2721,0.0159
Hmel210001o,17250001,17300000,17274957,49883,0.0159,0.0149,0.0143,0.0236,0.0045,0.012,0.0138,0.0145,0.0123,0.0156,0.0162,0.0274,0.035,0.0217,0.0194,0.0253,0.0262,0.0141,0.0275,0.034,0.0217,0.0198,0.0258,0.0267,0.0284,0.0341,0.0227,0.0204,0.0268,0.0275,0.0387,0.0288,0.0282,0.0315,0.0316,0.0339,0.0343,0.0343,0.0348,0.016,0.0204,0.0205,0.0214,0.0221,0.0143,0.0056,0.0386,0.1832,0.5638,0.2283,0.1405,0.2617,0.3151,-0.018,0.1999,0.5719,0.2463,0.1674,0.2873,0.3395,0.2236,0.5841,0.2799,0.1952,0.3138,0.3637,0.4985,0.266,0.2283,0.2689,0.3033,0.6244,0.5935,0.5814,0.627,0.1121,0.2231,0.2689,0.2146,0.2702,0.0354
Hmel210001o,17275001,17325000,17300013,49886,0.0092,0.0107,0.0102,0.0257,0.0055,0.0115,0.0124,0.0146,0.0136,0.01,0.0103,0.0284,0.038,0.0264,0.0216,0.0286,0.0294,0.0102,0.0283,0.0378,0.0263,0.0219,0.0285,0.0294,0.0286,0.038,0.0269,0.0222,0.0292,0.0299,0.0399,0.0328,0.0311,0.0343,0.0345,0.0354,0.0354,0.0344,0.0347,0.0143,0.0199,0.0204,0.0216,0.0222,0.015,0.005,0.0331,0.2752,0.6894,0.4522,0.3451,0.427,0.4561,-0.0124,0.2519,0.6628,0.4228,0.3242,0.4015,0.4307,0.2631,0.6725,0.4412,0.3403,0.4187,0.4466,0.4696,0.3064,0.2679,0.2842,0.2992,0.6289,0.6112,0.5638,0.5844,0.0934,0.2184,0.2489,0.2418,0.2731,0.0323
Hmel210001o,17300001,17350000,17324992,49977,0.0079,0.0113,0.0098,0.0287,0.0064,0.0121,0.0129,0.0143,0.0142,0.0104,0.0092,0.0305,0.0383,0.0265,0.0253,0.0313,0.0318,0.0107,0.0301,0.0382,0.0267,0.0248,0.0311,0.0315,0.0301,0.0388,0.0273,0.0256,0.0317,0.0323,0.0394,0.0343,0.0339,0.0362,0.0365,0.036,0.0366,0.0357,0.0359,0.0141,0.0204,0.0213,0.0215,0.0219,0.0148,0.0428,0.0192,0.2914,0.6992,0.4681,0.434,0.4936,0.5019,0.0083,0.2381,0.639,0.4064,0.3605,0.4337,0.4411,0.2587,0.668,0.4421,0.4016,0.4653,0.4744,0.4184,0.2857,0.2712,0.2832,0.2887,0.6056,0.5981,0.5664,0.5701,0.0638,0.2256,0.2489,0.2369,0.2487,0.0231
Hmel210001o,17325001,17375000,17349890,49249,0.0125,0.0141,0.0148,0.0263,0.0069,0.015,0.0151,0.0166,0.017,0.0136,0.0135,0.0284,0.0342,0.0209,0.0211,0.0306,0.0304,0.0146,0.0281,0.0343,0.0209,0.02,0.0309,0.0306,0.0282,0.0347,0.0217,0.0215,0.0307,0.0309,0.0361,0.031,0.0302,0.0356,0.0355,0.0347,0.0348,0.0369,0.0366,0.017,0.0248,0.0247,0.0255,0.025,0.0176,0.0111,-0.0039,0.22,0.5749,0.2181,0.2211,0.3696,0.3619,0.0055,0.1919,0.5469,0.1886,0.1656,0.3493,0.3395,0.1836,0.5394,0.1969,0.1903,0.3371,0.3341,0.4053,0.2274,0.2136,0.2693,0.2639,0.5369,0.5355,0.5322,0.5235,0.0647,0.2335,0.2254,0.2441,0.2296,0.0249
Hmel210001o,17350001,17400000,17375213,48866,0.0158,0.014,0.0167,0.023,0.0054,0.0163,0.0165,0.0177,0.0182,0.0149,0.0158,0.0263,0.0334,0.0187,0.0179,0.029,0.029,0.015,0.0261,0.0337,0.0192,0.0174,0.0301,0.0299,0.0265,0.0339,0.0196,0.0181,0.0297,0.0298,0.0358,0.0279,0.0272,0.032,0.0322,0.0346,0.0342,0.0356,0.0355,0.0179,0.0266,0.0265,0.0274,0.0275,0.0185,0.0026,-0.0129,0.1727,0.5347,0.0801,0.0555,0.281,0.2746,-0.0109,0.1967,0.5694,0.1244,0.0703,0.3236,0.315,0.1625,0.5243,0.0908,0.0472,0.2785,0.2755,0.4636,0.1924,0.1784,0.2394,0.2357,0.5379,0.5313,0.5258,0.5174,0.0475,0.2297,0.2225,0.2431,0.2394,0.0155
Hmel210001o,17375001,17425000,17398716,45167,0.0147,0.0149,0.0145,0.0228,0.0054,0.0144,0.0143,0.0202,0.0196,0.0152,0.0147,0.0248,0.0397,0.0166,0.016,0.0303,0.0307,0.0143,0.024,0.04,0.0176,0.0162,0.031,0.0313,0.0247,0.04,0.017,0.0157,0.0308,0.0311,0.0411,0.0253,0.0249,0.0329,0.0334,0.0394,0.0398,0.0373,0.0382,0.016,0.0286,0.029,0.0303,0.0308,0.0203,0.0129,0.0029,0.1607,0.6106,0.069,0.0506,0.282,0.2964,-0.0124,0.1424,0.6104,0.0982,0.0544,0.2907,0.3037,0.1639,0.6175,0.0869,0.0457,0.2942,0.3072,0.516,0.1765,0.1696,0.222,0.2362,0.6134,0.6179,0.5056,0.5227,0.0575,0.2583,0.2745,0.2879,0.304,0.0118
Hmel210001o,17400001,17450000,17425981,45570,0.0133,0.0141,0.0128,0.0244,0.0057,0.0123,0.0121,0.0189,0.0171,0.0147,0.0141,0.0234,0.0381,0.0154,0.0146,0.0276,0.0274,0.013,0.0226,0.0383,0.0163,0.0152,0.0279,0.0275,0.0229,0.0384,0.0157,0.0146,0.028,0.0275,0.04,0.0247,0.0247,0.0316,0.0314,0.0374,0.0381,0.036,0.0361,0.0147,0.0253,0.025,0.0279,0.0278,0.0182,0.0379,0.0388,0.1367,0.6154,0.0954,0.0708,0.2757,0.2984,-0.0181,0.1079,0.605,0.1116,0.0773,0.2705,0.2893,0.1332,0.6257,0.1179,0.0819,0.2903,0.3084,0.4833,0.1784,0.1802,0.2034,0.2231,0.626,0.635,0.5065,0.5353,0.0971,0.2484,0.2706,0.2983,0.3247,0.0059
Hmel210001o,17425001,17475000,17449997,49985,0.0147,0.0142,0.0143,0.0242,0.007,0.0132,0.0138,0.0164,0.0158,0.0154,0.0154,0.0235,0.0359,0.0174,0.0159,0.0244,0.0247,0.0138,0.0231,0.0361,0.0182,0.016,0.0246,0.0247,0.023,0.0363,0.0179,0.0159,0.025,0.025,0.0385,0.025,0.0248,0.0289,0.029,0.0346,0.0354,0.035,0.0352,0.0164,0.0234,0.0236,0.0249,0.0253,0.0161,0.0317,0.0322,0.119,0.5514,0.114,0.0595,0.2325,0.2476,-0.016,0.1187,0.5609,0.1473,0.0714,0.244,0.2569,0.1156,0.5623,0.1377,0.0665,0.2517,0.2623,0.4527,0.1727,0.1594,0.1961,0.2061,0.5633,0.5623,0.5152,0.5278,0.1034,0.2366,0.252,0.2586,0.2762,0.0002
Hmel210001o,17450001,17500000,17474594,46478,0.0148,0.0145,0.0155,0.0247,0.0082,0.0129,0.0152,0.0165,0.0168,0.0148,0.0153,0.0266,0.0345,0.0169,0.016,0.0267,0.0269,0.015,0.0265,0.0349,0.0183,0.0162,0.0272,0.0276,0.0262,0.0349,0.0182,0.0163,0.0275,0.0276,0.0389,0.0274,0.0271,0.0298,0.0298,0.0336,0.034,0.0345,0.035,0.0165,0.0259,0.0261,0.027,0.0273,0.0167,0.0063,0.0066,0.1729,0.5153,0.1065,0.0342,0.2724,0.2743,-0.0004,0.1741,0.5239,0.1505,0.0477,0.2866,0.2889,0.1556,0.5094,0.1314,0.0317,0.2763,0.2763,0.4338,0.2159,0.1765,0.2023,0.2007,0.5381,0.5036,0.4881,0.4898,0.0867,0.2876,0.2885,0.2735,0.2746,0.0024
Hmel210001o,17475001,17525000,17501480,46490,0.0108,0.0108,0.0119,0.0236,0.0059,0.0091,0.0108,0.0129,0.0128,0.0112,0.0117,0.0267,0.0312,0.0113,0.0113,0.0201,0.02,0.0116,0.0264,0.0316,0.0123,0.0115,0.0205,0.0205,0.0259,0.0315,0.0133,0.0119,0.0209,0.0208,0.0362,0.0267,0.0268,0.0264,0.0262,0.0314,0.0311,0.0309,0.0308,0.0116,0.019,0.0188,0.0199,0.0199,0.0128,0.017,0.016,0.2479,0.5939,0.0688,0.0237,0.2703,0.2718,0.0115,0.2414,0.5967,0.1111,0.0355,0.2797,0.2815,0.2157,0.5755,0.1238,0.0253,0.2684,0.2674,0.4519,0.2753,0.2507,0.2097,0.2085,0.6304,0.5928,0.5498,0.5502,0.082,0.2816,0.2781,0.2667,0.2676,-0.0035
Hmel210001o,17500001,17550000,17524993,49985,0.0059,0.0054,0.0064,0.0207,0.0039,0.0069,0.0059,0.0086,0.0076,0.0058,0.0063,0.019,0.0318,0.0069,0.0061,0.0155,0.0156,0.006,0.0188,0.0318,0.0069,0.006,0.0154,0.0156,0.0186,0.0319,0.0077,0.0063,0.0157,0.0159,0.0352,0.0196,0.0192,0.0231,0.0233,0.0317,0.0318,0.03,0.03,0.007,0.0146,0.0146,0.0153,0.0155,0.008,0.0139,0.0121,0.2237,0.7472,0.0406,0.0161,0.3798,0.4119,0.0105,0.2287,0.7582,0.0601,0.0312,0.3924,0.4267,0.2026,0.7359,0.0797,0.0173,0.3713,0.4031,0.5118,0.2155,0.2268,0.2585,0.28,0.7229,0.7462,0.6711,0.692,0.0451,0.3206,0.3499,0.3732,0.4069,-0.0064
Hmel210001o,17525001,17575000,17549945,49622,0.0065,0.0055,0.0068,0.0216,0.0043,0.007,0.0055,0.0084,0.0072,0.0062,0.0067,0.0179,0.0372,0.0087,0.0072,0.0163,0.0163,0.0061,0.0176,0.0369,0.0088,0.0074,0.0165,0.0166,0.0177,0.0371,0.0088,0.0075,0.0162,0.0163,0.04,0.0187,0.0183,0.0227,0.0228,0.0368,0.0374,0.0355,0.0356,0.0069,0.0133,0.0132,0.0149,0.015,0.0078,0.0156,0.0025,0.1677,0.7578,0.1317,0.0947,0.388,0.4222,-0.0062,0.183,0.7774,0.1829,0.1571,0.4234,0.4606,0.1588,0.7528,0.1323,0.1017,0.3777,0.4147,0.5383,0.1779,0.1996,0.2412,0.2637,0.7469,0.7791,0.7111,0.7341,0.0541,0.2797,0.3145,0.3788,0.4189,0.0001
Hmel210001o,17550001,17600000,17575107,49582,0.0092,0.0086,0.0089,0.0243,0.0046,0.0084,0.0092,0.0106,0.0101,0.0092,0.0096,0.0217,0.038,0.0122,0.0107,0.0168,0.0165,0.0088,0.0211,0.0376,0.0125,0.0111,0.0165,0.0164,0.0212,0.0377,0.0123,0.0113,0.0164,0.0162,0.0411,0.0221,0.0221,0.0241,0.0239,0.0366,0.0375,0.0367,0.0362,0.0101,0.0128,0.0127,0.0146,0.0145,0.0102,0.0165,0.0311,0.168,0.7066,0.1701,0.0822,0.2687,0.2738,0.0026,0.1665,0.7159,0.201,0.1197,0.2785,0.2874,0.1654,0.7114,0.1857,0.1187,0.266,0.2748,0.5101,0.1905,0.179,0.1941,0.1993,0.7121,0.7045,0.6718,0.6784,0.0703,0.1561,0.1666,0.2018,0.2123,-0.0077
Hmel210001o,17575001,17625000,17599990,49893,0.0097,0.01,0.008,0.0231,0.0036,0.0093,0.0112,0.0111,0.0105,0.0101,0.0102,0.0212,0.0362,0.0131,0.0119,0.0172,0.0167,0.0093,0.021,0.0364,0.0136,0.012,0.0172,0.0168,0.0212,0.0362,0.0136,0.0119,0.0172,0.0168,0.0395,0.0223,0.0219,0.0241,0.0237,0.0342,0.0353,0.0351,0.0341,0.0113,0.0138,0.0134,0.0156,0.0152,0.0107,0.0164,0.0732,0.1653,0.7024,0.1685,0.0682,0.2599,0.2575,0.0162,0.1558,0.6991,0.1804,0.0687,0.2532,0.255,0.1954,0.7347,0.233,0.1123,0.2998,0.3018,0.524,0.1972,0.1558,0.2019,0.2028,0.6962,0.6676,0.6681,0.6704,0.0542,0.1587,0.1591,0.1783,0.1778,-0.0046
Hmel210001o,17600001,17650000,17625008,49945,0.0087,0.0093,0.0079,0.0215,0.0031,0.0089,0.0105,0.0099,0.0102,0.0093,0.0094,0.0196,0.0315,0.0129,0.0112,0.0169,0.0167,0.0087,0.0197,0.0318,0.0133,0.011,0.017,0.0169,0.0198,0.0316,0.0134,0.0109,0.0172,0.017,0.035,0.0214,0.0205,0.0228,0.0224,0.0303,0.0312,0.0302,0.0297,0.0115,0.0135,0.0135,0.0156,0.0155,0.0104,0.0168,0.0625,0.17,0.699,0.1974,0.0821,0.3031,0.2897,0.0046,0.1609,0.6897,0.1972,0.0585,0.2916,0.2811,0.1872,0.7167,0.2399,0.0882,0.3301,0.3168,0.5123,0.2054,0.1574,0.2161,0.2044,0.6844,0.6589,0.6602,0.6496,0.0912,0.1885,0.1786,0.2206,0.2092,0.0174
Hmel210001o,17625001,17675000,17649930,49829,0.0094,0.0101,0.0104,0.0226,0.0031,0.0087,0.0109,0.0119,0.0124,0.0108,0.0111,0.0223,0.0273,0.0141,0.0124,0.0192,0.0189,0.01,0.022,0.028,0.0144,0.012,0.0191,0.019,0.0215,0.028,0.0141,0.012,0.0188,0.0189,0.0326,0.0228,0.0218,0.0244,0.0243,0.0268,0.0279,0.0266,0.0261,0.012,0.0155,0.0156,0.0172,0.0173,0.0125,0.0542,0.0589,0.2026,0.643,0.2315,0.1063,0.2993,0.2826,-0.0155,0.1833,0.6331,0.2239,0.0704,0.2807,0.2691,0.1653,0.6243,0.2008,0.0608,0.2654,0.2578,0.4697,0.2246,0.1653,0.1995,0.1904,0.6541,0.6131,0.5744,0.5582,0.1061,0.2107,0.2052,0.2136,0.2059,0.0159
Hmel210001o,17650001,17700000,17674994,49425,0.0108,0.0106,0.0124,0.0237,0.0041,0.008,0.0115,0.0133,0.0138,0.0117,0.0126,0.0246,0.0314,0.0164,0.0146,0.0198,0.0195,0.0112,0.0239,0.0324,0.0163,0.0137,0.0196,0.0195,0.0242,0.0325,0.0167,0.0145,0.0199,0.0198,0.0378,0.0249,0.0242,0.0262,0.0263,0.0311,0.0323,0.0311,0.0304,0.012,0.0152,0.0153,0.017,0.017,0.0134,0.0478,0.0471,0.2102,0.6309,0.2867,0.1416,0.2557,0.2392,-0.0139,0.1992,0.6451,0.2893,0.1144,0.2538,0.2431,0.1751,0.6107,0.254,0.1032,0.2258,0.2155,0.4931,0.2618,0.1896,0.1995,0.1936,0.6879,0.6255,0.5774,0.5605,0.1093,0.1863,0.1783,0.166,0.1544,-0.0065
Hmel210001o,17675001,17725000,17700001,49043,0.008,0.0076,0.0096,0.025,0.0041,0.0095,0.009,0.0126,0.0131,0.0083,0.0094,0.024,0.0316,0.0177,0.0167,0.0206,0.0207,0.0084,0.023,0.0317,0.0169,0.0157,0.0198,0.02,0.024,0.0317,0.0177,0.0168,0.0206,0.0206,0.0371,0.0265,0.0263,0.0274,0.0277,0.0304,0.0306,0.0295,0.0294,0.0114,0.015,0.0153,0.0153,0.0156,0.0126,0.0356,0.0329,0.2282,0.693,0.3539,0.3413,0.3489,0.3391,-0.0155,0.215,0.7013,0.3431,0.3217,0.3379,0.3299,0.2002,0.6585,0.3121,0.2992,0.3117,0.3014,0.4703,0.2493,0.2529,0.2154,0.2129,0.6495,0.6613,0.574,0.5627,0.1099,0.1611,0.1601,0.1828,0.1796,-0.0107
Hmel210001o,17700001,17750000,17725091,49430,0.0065,0.0072,0.0073,0.0246,0.0029,0.0107,0.0083,0.0134,0.0129,0.0077,0.0076,0.0236,0.0293,0.0184,0.02,0.0233,0.0239,0.007,0.0228,0.0291,0.018,0.0195,0.0227,0.0232,0.0231,0.0293,0.0182,0.0199,0.0229,0.0236,0.0333,0.0271,0.0274,0.0286,0.029,0.0275,0.027,0.0258,0.0261,0.0111,0.0181,0.0183,0.0168,0.0167,0.0136,0.0576,0.0518,0.25,0.7349,0.3781,0.4762,0.4157,0.4387,-0.0199,0.2215,0.7156,0.348,0.4464,0.3883,0.411,0.2275,0.7157,0.3517,0.4526,0.391,0.416,0.453,0.2437,0.287,0.228,0.2431,0.6183,0.6704,0.5347,0.5504,0.0846,0.2099,0.2278,0.2244,0.2354,0.0155
Hmel210001o,17725001,17775000,17749402,48728,0.0074,0.0086,0.0088,0.0222,0.0039,0.0102,0.0087,0.012,0.0111,0.0083,0.0096,0.0224,0.0289,0.0155,0.0159,0.0217,0.0224,0.0092,0.0218,0.0287,0.0155,0.016,0.0213,0.022,0.0223,0.0295,0.0168,0.0172,0.0222,0.0229,0.0324,0.0248,0.0248,0.0274,0.0276,0.0268,0.0269,0.0253,0.0254,0.0111,0.0171,0.0172,0.0173,0.0171,0.0119,0.0181,0.0902,0.2432,0.6854,0.2883,0.3408,0.3976,0.429,0.028,0.2105,0.6562,0.2552,0.3114,0.3637,0.395,0.2167,0.6607,0.2914,0.3414,0.3789,0.4083,0.4604,0.2417,0.2677,0.2582,0.2747,0.5987,0.6352,0.5374,0.559,0.0848,0.224,0.2445,0.2654,0.2778,0.0163
Hmel210001o,17750001,17800000,17774746,47114,0.0072,0.0092,0.009,0.0222,0.0042,0.0099,0.0074,0.0111,0.0106,0.0084,0.0101,0.0247,0.0278,0.0115,0.0131,0.0198,0.0199,0.0095,0.0245,0.0277,0.0118,0.0136,0.0198,0.02,0.0247,0.0283,0.0127,0.0145,0.0204,0.0206,0.0348,0.0255,0.0249,0.0267,0.0271,0.0266,0.0288,0.0278,0.028,0.0111,0.0167,0.0166,0.016,0.0161,0.0111,0.0159,0.119,0.2924,0.6758,0.1543,0.2978,0.3832,0.3977,0.0262,0.2535,0.6275,0.1107,0.2536,0.3367,0.3514,0.2604,0.638,0.1562,0.2907,0.3533,0.3688,0.4834,0.2597,0.2928,0.2614,0.275,0.5972,0.6802,0.5842,0.5976,0.1319,0.2372,0.2472,0.2808,0.2944,0.0081
Hmel210001o,17775001,17825000,17799843,46547,0.0064,0.0079,0.0068,0.0216,0.0034,0.0089,0.0059,0.0108,0.0105,0.008,0.0086,0.0261,0.0286,0.0117,0.0151,0.0191,0.0197,0.0071,0.0261,0.0285,0.0117,0.0152,0.0192,0.0197,0.0261,0.0286,0.0116,0.0153,0.0194,0.0198,0.0363,0.0256,0.0249,0.0256,0.0261,0.0282,0.0306,0.0302,0.0304,0.0099,0.0164,0.0167,0.0148,0.0154,0.011,0.064,0.1388,0.3376,0.7216,0.2208,0.4367,0.3942,0.4148,-0.0137,0.3123,0.6854,0.1766,0.3915,0.3615,0.3798,0.3313,0.712,0.2037,0.4276,0.3901,0.4068,0.5188,0.2851,0.3265,0.2531,0.2679,0.6575,0.7488,0.6346,0.6429,0.1543,0.2602,0.2786,0.2918,0.317,0.017
Hmel210001o,17800001,17850000,17825227,48177,0.0082,0.0074,0.0071,0.0209,0.0029,0.0082,0.0074,0.0092,0.0102,0.0086,0.009,0.0228,0.0309,0.0159,0.0151,0.0206,0.021,0.0069,0.0227,0.0306,0.0161,0.0152,0.0208,0.0213,0.0225,0.0306,0.0159,0.0151,0.0208,0.0211,0.035,0.0234,0.0227,0.0253,0.0254,0.0299,0.0304,0.0296,0.0293,0.0101,0.0145,0.0152,0.0159,0.0165,0.0103,0.052,0.0834,0.2555,0.7077,0.3326,0.3321,0.4213,0.4056,-0.0267,0.2704,0.725,0.361,0.3601,0.4464,0.4303,0.2711,0.7312,0.3632,0.366,0.4534,0.4337,0.5242,0.2685,0.27,0.2857,0.2707,0.6992,0.7221,0.6742,0.6488,0.1354,0.2595,0.2575,0.3253,0.3178,0.0288
Hmel210001o,17825001,17875000,17849974,49665,0.009,0.0067,0.007,0.0221,0.003,0.0061,0.006,0.009,0.01,0.0092,0.0092,0.0213,0.0299,0.0176,0.0162,0.0213,0.0207,0.0065,0.022,0.03,0.0189,0.0173,0.0226,0.022,0.0217,0.0297,0.0185,0.017,0.0224,0.0218,0.034,0.0229,0.0227,0.0252,0.0249,0.0299,0.0302,0.0302,0.0292,0.008,0.0133,0.0135,0.0148,0.0148,0.0103,0.0855,0.0733,0.1945,0.6806,0.4141,0.3817,0.4217,0.3862,-0.0252,0.2511,0.7349,0.5093,0.478,0.4992,0.4648,0.2391,0.7249,0.4924,0.4613,0.4883,0.4526,0.495,0.2806,0.2775,0.2706,0.2478,0.7481,0.7521,0.6828,0.651,0.143,0.2887,0.2617,0.34,0.3094,0.0415
Hmel210001o,17850001,17900000,17875094,49514,0.0075,0.0058,0.0059,0.0228,0.004,0.0052,0.0034,0.0103,0.0101,0.0079,0.0079,0.0208,0.0304,0.0197,0.0198,0.0201,0.0193,0.0055,0.0214,0.0306,0.0208,0.0208,0.0212,0.0202,0.0213,0.0302,0.0206,0.0207,0.0212,0.0202,0.0343,0.0241,0.0243,0.0247,0.0243,0.0303,0.0303,0.0305,0.0298,0.0052,0.0123,0.0124,0.0129,0.0129,0.0107,0.091,0.0842,0.2021,0.6966,0.529,0.5853,0.4022,0.3885,-0.0288,0.2471,0.7378,0.5975,0.6536,0.4655,0.4525,0.2407,0.7304,0.5898,0.646,0.4621,0.4468,0.4723,0.3095,0.3467,0.2309,0.2268,0.7492,0.7931,0.6344,0.6326,0.1004,0.2362,0.249,0.3178,0.3255,0.025
Hmel210001o,17875001,17925000,17899824,48793,0.0048,0.0049,0.0044,0.0232,0.0041,0.0052,0.0032,0.0107,0.0096,0.0046,0.0047,0.0196,0.0314,0.0192,0.0191,0.0194,0.0186,0.0043,0.0194,0.0316,0.0194,0.0192,0.0196,0.0189,0.0194,0.0314,0.0193,0.0192,0.0197,0.019,0.0353,0.0256,0.0255,0.0259,0.0255,0.0296,0.0297,0.0295,0.0292,0.005,0.012,0.012,0.0128,0.0126,0.01,-0.0255,0.0121,0.2189,0.7633,0.6012,0.665,0.4449,0.4581,-0.0407,0.2143,0.7629,0.602,0.6646,0.4475,0.4625,0.2239,0.7733,0.6173,0.6807,0.4624,0.4764,0.4757,0.3292,0.3632,0.2402,0.2515,0.7425,0.7915,0.615,0.6361,0.0931,0.2148,0.2514,0.3072,0.3391,-0.0062
Hmel210001o,17900001,17950000,17925322,48926,0.0031,0.003,0.0028,0.0232,0.0029,0.0044,0.004,0.0091,0.008,0.0029,0.0029,0.0181,0.0252,0.0166,0.0152,0.0172,0.0167,0.0027,0.018,0.0254,0.0167,0.0153,0.0173,0.0168,0.0181,0.0254,0.0167,0.0152,0.0173,0.0169,0.031,0.0242,0.0235,0.0244,0.0243,0.0239,0.0234,0.0242,0.0237,0.0048,0.0104,0.0098,0.0107,0.0101,0.008,-0.026,-0.0123,0.2217,0.7981,0.6466,0.6393,0.4949,0.519,-0.0497,0.2208,0.8021,0.6522,0.6431,0.4979,0.5233,0.2257,0.8059,0.6578,0.6481,0.5034,0.5296,0.4461,0.3202,0.3147,0.2407,0.257,0.7457,0.7547,0.6169,0.64,0.0659,0.2206,0.2373,0.2538,0.2695,-0.0368
Hmel210001o,17925001,17975000,17944983,39867,0.0043,0.0035,0.0035,0.0243,0.0043,0.0053,0.007,0.0101,0.0091,0.0037,0.0037,0.0186,0.0245,0.0168,0.014,0.0174,0.017,0.0031,0.0184,0.0246,0.0169,0.0139,0.0174,0.017,0.0185,0.0243,0.0168,0.0138,0.0173,0.0169,0.0307,0.0246,0.023,0.0248,0.0246,0.0236,0.0228,0.0235,0.023,0.0066,0.0107,0.01,0.0114,0.0108,0.0088,-0.0318,-0.031,0.1903,0.7138,0.57,0.441,0.4301,0.4484,-0.0716,0.2004,0.7373,0.6002,0.4685,0.4525,0.4727,0.2044,0.7352,0.599,0.4671,0.451,0.471,0.4036,0.294,0.2359,0.2165,0.2289,0.6744,0.6187,0.545,0.5631,0.0352,0.1704,0.1684,0.1527,0.153,-0.0471
