scaffold,start,end,mid,sites,pi_Hmel.mal.col,pi_Hmel.agl.per,pi_Hmel.ama.per,pi_Hmel.mel.gui,pi_Hnum.bsl.bra,pi_Htim.flo.per,pi_Htim.the.per,pi_Hcyd.chi.pan,pi_Hcyd.zel.col,dxy_Hmel.mal.col_Hmel.agl.per,dxy_Hmel.mal.col_Hmel.ama.per,dxy_Hmel.mal.col_Hmel.mel.gui,dxy_Hmel.mal.col_Hnum.bsl.bra,dxy_Hmel.mal.col_Htim.flo.per,dxy_Hmel.mal.col_Htim.the.per,dxy_Hmel.mal.col_Hcyd.chi.pan,dxy_Hmel.mal.col_Hcyd.zel.col,dxy_Hmel.agl.per_Hmel.ama.per,dxy_Hmel.agl.per_Hmel.mel.gui,dxy_Hmel.agl.per_Hnum.bsl.bra,dxy_Hmel.agl.per_Htim.flo.per,dxy_Hmel.agl.per_Htim.the.per,dxy_Hmel.agl.per_Hcyd.chi.pan,dxy_Hmel.agl.per_Hcyd.zel.col,dxy_Hmel.ama.per_Hmel.mel.gui,dxy_Hmel.ama.per_Hnum.bsl.bra,dxy_Hmel.ama.per_Htim.flo.per,dxy_Hmel.ama.per_Htim.the.per,dxy_Hmel.ama.per_Hcyd.chi.pan,dxy_Hmel.ama.per_Hcyd.zel.col,dxy_Hmel.mel.gui_Hnum.bsl.bra,dxy_Hmel.mel.gui_Htim.flo.per,dxy_Hmel.mel.gui_Htim.the.per,dxy_Hmel.mel.gui_Hcyd.chi.pan,dxy_Hmel.mel.gui_Hcyd.zel.col,dxy_Hnum.bsl.bra_Htim.flo.per,dxy_Hnum.bsl.bra_Htim.the.per,dxy_Hnum.bsl.bra_Hcyd.chi.pan,dxy_Hnum.bsl.bra_Hcyd.zel.col,dxy_Htim.flo.per_Htim.the.per,dxy_Htim.flo.per_Hcyd.chi.pan,dxy_Htim.flo.per_Hcyd.zel.col,dxy_Htim.the.per_Hcyd.chi.pan,dxy_Htim.the.per_Hcyd.zel.col,dxy_Hcyd.chi.pan_Hcyd.zel.col,Fst_Hmel.mal.col_Hmel.agl.per,Fst_Hmel.mal.col_Hmel.ama.per,Fst_Hmel.mal.col_Hmel.mel.gui,Fst_Hmel.mal.col_Hnum.bsl.bra,Fst_Hmel.mal.col_Htim.flo.per,Fst_Hmel.mal.col_Htim.the.per,Fst_Hmel.mal.col_Hcyd.chi.pan,Fst_Hmel.mal.col_Hcyd.zel.col,Fst_Hmel.agl.per_Hmel.ama.per,Fst_Hmel.agl.per_Hmel.mel.gui,Fst_Hmel.agl.per_Hnum.bsl.bra,Fst_Hmel.agl.per_Htim.flo.per,Fst_Hmel.agl.per_Htim.the.per,Fst_Hmel.agl.per_Hcyd.chi.pan,Fst_Hmel.agl.per_Hcyd.zel.col,Fst_Hmel.ama.per_Hmel.mel.gui,Fst_Hmel.ama.per_Hnum.bsl.bra,Fst_Hmel.ama.per_Htim.flo.per,Fst_Hmel.ama.per_Htim.the.per,Fst_Hmel.ama.per_Hcyd.chi.pan,Fst_Hmel.ama.per_Hcyd.zel.col,Fst_Hmel.mel.gui_Hnum.bsl.bra,Fst_Hmel.mel.gui_Htim.flo.per,Fst_Hmel.mel.gui_Htim.the.per,Fst_Hmel.mel.gui_Hcyd.chi.pan,Fst_Hmel.mel.gui_Hcyd.zel.col,Fst_Hnum.bsl.bra_Htim.flo.per,Fst_Hnum.bsl.bra_Htim.the.per,Fst_Hnum.bsl.bra_Hcyd.chi.pan,Fst_Hnum.bsl.bra_Hcyd.zel.col,Fst_Htim.flo.per_Htim.the.per,Fst_Htim.flo.per_Hcyd.chi.pan,Fst_Htim.flo.per_Hcyd.zel.col,Fst_Htim.the.per_Hcyd.chi.pan,Fst_Htim.the.per_Hcyd.zel.col,Fst_Hcyd.chi.pan_Hcyd.zel.col
Hmel201001o,1,50000,25237,49520,0.0069,0.0102,0.0093,0.0247,0.008,0.0045,0.0032,0.0084,0.0071,0.02,0.0211,0.0169,0.0222,0.0074,0.0067,0.023,0.0221,0.0089,0.0275,0.0213,0.0205,0.02,0.0268,0.026,0.0286,0.021,0.0209,0.0204,0.0273,0.0264,0.0292,0.0178,0.0171,0.03,0.0293,0.0223,0.0215,0.029,0.0282,0.0041,0.0225,0.0214,0.022,0.021,0.0076,0.418,0.4615,0.0909,0.5132,0.1366,0.1514,0.5174,0.5357,-0.0465,0.2581,0.4176,0.4895,0.5147,0.5021,0.5177,0.2896,0.431,0.5197,0.5467,0.526,0.5434,0.3179,0.1598,0.1705,0.324,0.3351,0.5769,0.601,0.5738,0.5935,0.026,0.5707,0.5904,0.5992,0.6217,-0.0086
Hmel201001o,25001,75000,49851,49343,0.0081,0.0082,0.0079,0.0229,0.0088,0.0053,0.0039,0.0103,0.009,0.014,0.0146,0.0169,0.0188,0.0096,0.0089,0.0284,0.0274,0.0074,0.0228,0.021,0.0144,0.0136,0.0283,0.0269,0.0236,0.021,0.0137,0.013,0.0281,0.0268,0.0258,0.019,0.0185,0.0329,0.0322,0.0189,0.018,0.0289,0.0279,0.0048,0.0279,0.0266,0.0272,0.0261,0.0096,0.277,0.3055,0.089,0.3943,0.1868,0.2064,0.5256,0.5392,-0.0465,0.2282,0.4401,0.3785,0.4027,0.5229,0.5317,0.2488,0.4472,0.3672,0.3953,0.5269,0.5368,0.2736,0.2011,0.2189,0.3559,0.3663,0.473,0.4962,0.518,0.5305,0.0256,0.5784,0.5919,0.6016,0.6191,-0.0044
Hmel201001o,50001,100000,75181,49007,0.0082,0.0073,0.0076,0.0225,0.0044,0.0045,0.0063,0.0122,0.0119,0.01,0.0117,0.0245,0.0205,0.0159,0.0171,0.0389,0.0379,0.0072,0.0272,0.0208,0.0162,0.017,0.0388,0.0377,0.0274,0.0211,0.0143,0.0154,0.0369,0.0357,0.0313,0.0243,0.0245,0.0341,0.0335,0.024,0.0251,0.0371,0.0362,0.006,0.029,0.0284,0.0271,0.0269,0.0123,0.1384,0.2038,0.268,0.5478,0.4449,0.4185,0.6015,0.5963,-0.0167,0.3284,0.5791,0.4831,0.4447,0.6154,0.6099,0.3261,0.5725,0.421,0.3903,0.5923,0.5859,0.4352,0.3307,0.2993,0.3512,0.3465,0.702,0.6634,0.6502,0.6474,0.0536,0.5695,0.5677,0.5075,0.5101,0.0107
Hmel201001o,75001,125000,100165,49664,0.0103,0.0096,0.0121,0.0232,0.0035,0.0076,0.0096,0.0123,0.0122,0.012,0.0125,0.0307,0.0255,0.019,0.0197,0.0311,0.0305,0.0108,0.0298,0.0262,0.021,0.0215,0.0318,0.0312,0.0293,0.0259,0.0189,0.0195,0.03,0.0294,0.0355,0.028,0.0283,0.0301,0.0297,0.0283,0.0296,0.0348,0.0345,0.0094,0.0212,0.0211,0.0202,0.0203,0.0126,0.0971,0.0606,0.3236,0.5896,0.3736,0.345,0.4831,0.4784,-0.0038,0.3209,0.6142,0.4337,0.3986,0.5031,0.4985,0.2756,0.5541,0.3296,0.3004,0.4377,0.4321,0.4877,0.3259,0.2993,0.2847,0.2803,0.6853,0.6528,0.6448,0.6445,0.0487,0.375,0.3759,0.3111,0.3154,0.0144
Hmel201001o,100001,150000,125000,49999,0.0115,0.0106,0.0144,0.0217,0.0033,0.0121,0.0079,0.0141,0.0135,0.0128,0.0132,0.0297,0.0255,0.019,0.022,0.0265,0.0268,0.0123,0.0292,0.026,0.0209,0.0235,0.0277,0.0279,0.0287,0.0265,0.0193,0.0211,0.026,0.0262,0.036,0.0275,0.0276,0.0271,0.0272,0.0297,0.0329,0.0334,0.0336,0.0123,0.0191,0.0192,0.0173,0.0174,0.0136,0.0762,0.0111,0.3081,0.5649,0.2436,0.404,0.3636,0.379,-0.0075,0.3159,0.5928,0.3095,0.4526,0.3996,0.4132,0.25,0.5145,0.195,0.3241,0.3066,0.3206,0.5152,0.2643,0.3365,0.2273,0.2378,0.6023,0.7219,0.6022,0.6155,0.1084,0.1962,0.2121,0.2348,0.2538,-0.0061
Hmel201001o,125001,175000,149639,47102,0.0111,0.0105,0.0152,0.0233,0.0027,0.0124,0.0065,0.0158,0.0147,0.0115,0.0137,0.0327,0.0252,0.0225,0.0273,0.0292,0.0295,0.0127,0.0331,0.0249,0.0235,0.0277,0.0298,0.0302,0.032,0.0264,0.0214,0.0243,0.0278,0.028,0.0392,0.0269,0.0272,0.0272,0.0273,0.0338,0.0382,0.0383,0.0386,0.0124,0.0195,0.0193,0.0178,0.0177,0.015,0.0363,0.0235,0.3392,0.5868,0.3278,0.5288,0.3854,0.409,-0.0081,0.3525,0.5966,0.3586,0.5454,0.4038,0.4268,0.2699,0.5097,0.2258,0.3966,0.2968,0.3179,0.5337,0.2294,0.3309,0.1846,0.2028,0.649,0.7957,0.6266,0.6481,0.1417,0.17,0.1849,0.2412,0.2625,-0.009
Hmel201001o,150001,200000,175957,46093,0.0109,0.0099,0.0146,0.0254,0.0037,0.0115,0.0083,0.0154,0.014,0.0112,0.0141,0.0315,0.0288,0.0256,0.0274,0.0296,0.0287,0.012,0.0312,0.0296,0.0261,0.0276,0.0296,0.0287,0.0311,0.0306,0.0241,0.0246,0.0282,0.0272,0.0387,0.0291,0.0298,0.0304,0.0299,0.0343,0.0366,0.0357,0.0354,0.0115,0.0176,0.0166,0.0186,0.0174,0.015,0.0393,0.0538,0.3004,0.611,0.407,0.4981,0.3998,0.4104,-0.01,0.3108,0.6415,0.4347,0.5204,0.4155,0.4273,0.2424,0.5556,0.311,0.3803,0.3181,0.3246,0.4881,0.2569,0.3158,0.2213,0.2328,0.6524,0.7321,0.593,0.6162,0.0824,0.1409,0.1388,0.2319,0.2325,0.0117
Hmel201001o,175001,225000,200286,48990,0.0117,0.0105,0.0148,0.0224,0.0054,0.0148,0.0111,0.0161,0.0148,0.0117,0.0142,0.031,0.0298,0.0267,0.0266,0.0311,0.0302,0.0126,0.0313,0.0304,0.027,0.0265,0.0313,0.0304,0.031,0.0308,0.0251,0.0239,0.0294,0.0283,0.0367,0.03,0.0305,0.0314,0.0306,0.0316,0.033,0.0327,0.0322,0.0147,0.0192,0.0187,0.0208,0.02,0.016,0.0264,0.0362,0.316,0.5685,0.3516,0.4155,0.3982,0.4045,0.0001,0.3399,0.6001,0.3777,0.4364,0.4203,0.4277,0.2703,0.5207,0.2713,0.3102,0.3256,0.3274,0.4807,0.2566,0.3187,0.2585,0.2649,0.5306,0.6141,0.5206,0.5369,0.0668,0.1163,0.1221,0.2199,0.2239,0.0198
Hmel201001o,200001,250000,224994,49985,0.0128,0.0135,0.0154,0.023,0.0053,0.0163,0.0158,0.0158,0.0152,0.0136,0.015,0.0365,0.0313,0.0276,0.0264,0.0357,0.0357,0.0148,0.0365,0.0314,0.0278,0.0265,0.0355,0.0354,0.0356,0.0323,0.0261,0.0239,0.0336,0.0333,0.0403,0.0311,0.0322,0.0298,0.0298,0.0337,0.0342,0.0367,0.0367,0.019,0.023,0.0228,0.0246,0.0242,0.0162,0.0187,0.032,0.364,0.5657,0.3224,0.3099,0.4425,0.4519,0.0121,0.3554,0.5551,0.3158,0.3006,0.4314,0.4398,0.3185,0.53,0.2564,0.2201,0.38,0.3858,0.5081,0.2441,0.2679,0.2311,0.24,0.5296,0.5436,0.5684,0.5795,0.0887,0.1867,0.1934,0.2279,0.2294,0.0228
Hmel201001o,225001,275000,250001,49985,0.0119,0.0164,0.0152,0.0254,0.0057,0.0175,0.0171,0.0152,0.0147,0.0149,0.0153,0.0377,0.0308,0.0243,0.0247,0.0363,0.0367,0.016,0.036,0.0319,0.024,0.0244,0.0344,0.0346,0.036,0.0326,0.0226,0.0222,0.0339,0.0341,0.0427,0.0329,0.033,0.03,0.0301,0.0339,0.0352,0.0395,0.04,0.0207,0.026,0.0259,0.0255,0.0252,0.0154,0.0257,0.0642,0.3643,0.5716,0.2577,0.2732,0.4717,0.4827,0.0061,0.2871,0.5025,0.1809,0.1973,0.3858,0.395,0.3013,0.5306,0.1696,0.1656,0.3956,0.4046,0.4963,0.2298,0.2384,0.2181,0.2252,0.5066,0.5276,0.5976,0.6093,0.0943,0.2395,0.245,0.236,0.2374,0.0168
Hmel201001o,250001,300000,275000,49991,0.0116,0.0143,0.0144,0.0234,0.0059,0.0134,0.0128,0.016,0.0146,0.0139,0.0149,0.0303,0.0333,0.0231,0.0224,0.0288,0.029,0.0148,0.0296,0.0341,0.0225,0.0216,0.0274,0.0272,0.0292,0.0345,0.0209,0.0208,0.0274,0.0274,0.0409,0.0311,0.03,0.03,0.03,0.0354,0.0365,0.0379,0.0389,0.0169,0.0221,0.0217,0.0217,0.0213,0.0159,0.0365,0.0708,0.2952,0.5997,0.3111,0.3078,0.3683,0.3932,0.0167,0.2442,0.5597,0.2485,0.2404,0.302,0.3209,0.237,0.5619,0.2113,0.2203,0.301,0.3218,0.5004,0.2804,0.2736,0.2279,0.247,0.5876,0.6089,0.5694,0.5999,0.134,0.2119,0.2279,0.2147,0.2281,0.0232
Hmel201001o,275001,325000,299999,49976,0.0125,0.0108,0.0141,0.022,0.0046,0.0125,0.0137,0.0166,0.0154,0.0127,0.0141,0.0285,0.0333,0.0261,0.0228,0.0302,0.0303,0.013,0.0295,0.0331,0.0255,0.0221,0.0307,0.0307,0.0289,0.0339,0.0237,0.0217,0.0301,0.0302,0.0406,0.0314,0.0303,0.03,0.0303,0.0363,0.0365,0.0389,0.0399,0.0167,0.0218,0.0218,0.0236,0.0233,0.0168,0.0456,0.0307,0.2707,0.6068,0.3656,0.282,0.3635,0.3849,0.0236,0.3135,0.6384,0.3877,0.2993,0.399,0.4186,0.2532,0.5843,0.2949,0.2309,0.3385,0.3583,0.5349,0.3155,0.2816,0.234,0.2573,0.6346,0.615,0.5882,0.6155,0.127,0.2091,0.2319,0.2283,0.2426,0.027
Hmel201001o,300001,350000,324866,49281,0.0103,0.0088,0.0121,0.0233,0.0043,0.0162,0.0146,0.0158,0.015,0.0103,0.0112,0.0311,0.0313,0.0208,0.0179,0.0355,0.0357,0.0104,0.032,0.031,0.021,0.018,0.0363,0.0368,0.032,0.0315,0.0201,0.0173,0.0354,0.0358,0.0395,0.0324,0.0323,0.03,0.0307,0.0333,0.0343,0.039,0.0394,0.0179,0.0282,0.0289,0.03,0.0305,0.016,0.0398,0.0013,0.3294,0.6373,0.2331,0.1904,0.4786,0.4932,-0.002,0.3629,0.6648,0.2652,0.2234,0.509,0.526,0.3145,0.6022,0.1825,0.1353,0.4506,0.4667,0.5127,0.2622,0.2835,0.2311,0.2538,0.5447,0.5838,0.6055,0.6214,0.079,0.2887,0.3116,0.3419,0.3608,0.0185
Hmel201001o,325001,375000,349963,48702,0.0092,0.0103,0.0113,0.0222,0.0042,0.0196,0.0141,0.0153,0.0145,0.0102,0.0111,0.0284,0.0312,0.0181,0.0168,0.0361,0.0358,0.0107,0.0281,0.0312,0.0179,0.0167,0.0355,0.0352,0.0283,0.0313,0.0181,0.0161,0.0349,0.0345,0.0369,0.0297,0.0305,0.0321,0.0327,0.0323,0.0338,0.0374,0.0375,0.0197,0.0295,0.0293,0.0304,0.0303,0.0148,0.0237,0.0422,0.3202,0.6609,0.1211,0.1892,0.5094,0.5186,-0.0055,0.2959,0.6365,0.0967,0.1618,0.4861,0.4944,0.2847,0.6188,0.0853,0.1263,0.4645,0.4727,0.5035,0.1866,0.2761,0.2828,0.3022,0.4782,0.5888,0.602,0.6162,0.0837,0.2706,0.2785,0.3625,0.3739,-0.0034
Hmel201001o,350001,400000,375044,49406,0.0113,0.0128,0.0131,0.0214,0.0043,0.0187,0.014,0.0159,0.0146,0.0126,0.0132,0.0231,0.0319,0.0193,0.0186,0.0324,0.0314,0.0129,0.0228,0.0323,0.0194,0.0187,0.0326,0.0316,0.0229,0.0317,0.0189,0.0177,0.0316,0.0305,0.0367,0.0251,0.0262,0.0325,0.0317,0.0332,0.0343,0.0371,0.0365,0.0189,0.0261,0.0252,0.0269,0.026,0.0149,0.0222,0.0413,0.2007,0.6223,0.1345,0.2026,0.4242,0.4321,-0.0037,0.1692,0.5963,0.1095,0.1732,0.4042,0.41,0.1641,0.5842,0.0917,0.1392,0.3847,0.3905,0.5104,0.1237,0.2163,0.2887,0.296,0.502,0.5944,0.5869,0.6043,0.0778,0.2136,0.2159,0.2996,0.3047,-0.0109
Hmel201001o,375001,425000,399996,49931,0.0131,0.0141,0.0146,0.0211,0.0052,0.0158,0.0128,0.0163,0.0146,0.0141,0.0143,0.0215,0.0331,0.0169,0.0159,0.0265,0.026,0.0143,0.0228,0.0335,0.0182,0.0167,0.0275,0.0271,0.0223,0.0332,0.0173,0.0157,0.0265,0.0261,0.0362,0.0233,0.0231,0.0294,0.0289,0.0342,0.0343,0.0361,0.0358,0.0161,0.0243,0.0236,0.0249,0.0244,0.0153,0.0199,0.017,0.137,0.5823,0.0808,0.1067,0.2993,0.3171,-0.0026,0.1488,0.5688,0.1033,0.1153,0.302,0.3207,0.1306,0.5583,0.0683,0.074,0.2778,0.2952,0.496,0.1321,0.1777,0.2386,0.255,0.5467,0.6005,0.5582,0.5824,0.064,0.2144,0.2271,0.2758,0.2928,-0.0054
Hmel201001o,400001,450000,424978,49807,0.0127,0.0132,0.0127,0.0209,0.0046,0.0147,0.0137,0.0162,0.0159,0.0133,0.0129,0.0207,0.0364,0.0161,0.0146,0.0239,0.0237,0.0128,0.0219,0.0363,0.0173,0.0152,0.0246,0.0244,0.0212,0.0368,0.0167,0.0148,0.0242,0.024,0.0377,0.023,0.022,0.0278,0.0276,0.0364,0.0365,0.0357,0.0355,0.0151,0.022,0.0218,0.0233,0.0234,0.0159,0.014,0.0099,0.1299,0.633,0.0865,0.0535,0.2589,0.2601,-0.0057,0.1477,0.6225,0.1116,0.0638,0.2635,0.2647,0.141,0.6355,0.1051,0.0599,0.2641,0.2661,0.5226,0.146,0.1417,0.2139,0.2166,0.5964,0.6152,0.5643,0.5679,0.0333,0.1828,0.184,0.23,0.2373,-0.0072
Hmel201001o,425001,475000,450010,49875,0.0093,0.0094,0.0089,0.0193,0.0043,0.0097,0.0092,0.0131,0.0128,0.0094,0.0092,0.0182,0.0339,0.0147,0.0138,0.0206,0.0206,0.0089,0.018,0.0337,0.0153,0.0143,0.0209,0.0211,0.0179,0.0342,0.0152,0.0141,0.0211,0.0212,0.0352,0.0207,0.0206,0.0244,0.0244,0.0328,0.0334,0.0318,0.0316,0.0098,0.0163,0.0163,0.0178,0.018,0.0133,0.0045,0.0079,0.1551,0.6802,0.2266,0.2092,0.3087,0.3165,-0.0159,0.1461,0.6757,0.2416,0.222,0.3132,0.3243,0.154,0.6909,0.2543,0.232,0.328,0.3384,0.5245,0.205,0.2137,0.2226,0.2273,0.6619,0.6774,0.5853,0.5901,0.017,0.1871,0.1934,0.241,0.2536,0.0156
Hmel201001o,450001,500000,474971,49889,0.0077,0.009,0.009,0.0182,0.0046,0.0072,0.0053,0.0106,0.0116,0.0089,0.0085,0.02,0.0336,0.0123,0.0129,0.0195,0.0205,0.0089,0.0193,0.0337,0.0133,0.0142,0.0192,0.0205,0.02,0.034,0.0129,0.0136,0.02,0.0211,0.0349,0.0215,0.0226,0.0236,0.0243,0.0325,0.0333,0.0324,0.0326,0.008,0.0155,0.0163,0.0179,0.0184,0.0122,0.0333,0.012,0.2482,0.7044,0.2576,0.3431,0.3754,0.3736,-0.003,0.205,0.6785,0.2553,0.3447,0.3385,0.3456,0.2225,0.6818,0.242,0.3252,0.3579,0.3576,0.533,0.2893,0.3522,0.2664,0.2605,0.7049,0.7529,0.6346,0.6163,0.1262,0.2806,0.2804,0.4005,0.3846,0.0499
Hmel201001o,475001,525000,499877,49524,0.0093,0.011,0.0096,0.0209,0.0049,0.0112,0.008,0.012,0.0136,0.011,0.0098,0.0229,0.0419,0.0127,0.0118,0.021,0.0218,0.0108,0.0217,0.0423,0.0133,0.0132,0.0209,0.0219,0.0224,0.0424,0.0128,0.0119,0.0215,0.0222,0.0417,0.0233,0.0242,0.0257,0.0268,0.0415,0.0426,0.0405,0.0409,0.0125,0.0189,0.0202,0.0219,0.0222,0.0137,0.0429,0.0171,0.2374,0.7237,0.1153,0.1623,0.3419,0.3258,0.0273,0.1806,0.6974,0.0951,0.1712,0.3031,0.2944,0.2212,0.7218,0.111,0.1595,0.3453,0.3294,0.5526,0.2117,0.2858,0.2433,0.2381,0.69,0.7501,0.6691,0.6471,0.1392,0.2517,0.2522,0.3873,0.3616,0.0376
Hmel201001o,500001,550000,525036,49634,0.0126,0.0133,0.0121,0.0265,0.0043,0.0117,0.0079,0.0134,0.0127,0.0131,0.0125,0.0237,0.0393,0.015,0.0127,0.019,0.0192,0.0125,0.0232,0.0405,0.0148,0.013,0.0203,0.0205,0.0237,0.0402,0.0148,0.0123,0.0205,0.0205,0.0424,0.0248,0.0246,0.0264,0.027,0.0395,0.0406,0.0388,0.0387,0.0113,0.0183,0.0188,0.0192,0.0194,0.0133,0.0046,0.0083,0.1302,0.6607,0.1105,0.1153,0.1965,0.2165,-0.0077,0.1103,0.6573,0.0904,0.1078,0.2171,0.2371,0.1367,0.6751,0.1132,0.1083,0.2432,0.2598,0.4983,0.1656,0.2209,0.1697,0.1923,0.6771,0.751,0.6426,0.655,0.0752,0.1957,0.2257,0.2983,0.3205,0.0116
Hmel201001o,525001,575000,549989,49965,0.0152,0.016,0.0161,0.0271,0.0047,0.0154,0.0114,0.0161,0.0147,0.0154,0.0158,0.0253,0.0396,0.0196,0.0174,0.0239,0.0239,0.0154,0.0251,0.0406,0.0199,0.0174,0.0245,0.0246,0.026,0.0405,0.0191,0.0171,0.0244,0.0244,0.0429,0.0277,0.027,0.029,0.0291,0.0395,0.0405,0.0391,0.0386,0.015,0.0208,0.0207,0.0218,0.0216,0.016,-0.0059,0.0047,0.1183,0.6147,0.1313,0.1405,0.2194,0.2413,-0.0212,0.1036,0.6096,0.1252,0.1269,0.2203,0.2432,0.12,0.6085,0.1028,0.1146,0.2164,0.2384,0.4921,0.16,0.2027,0.1721,0.1918,0.6112,0.6828,0.5963,0.614,0.059,0.1458,0.1655,0.2386,0.2591,0.0199
Hmel201001o,550001,600000,574943,49183,0.0165,0.0171,0.0167,0.023,0.0058,0.0195,0.0163,0.0178,0.0168,0.0173,0.017,0.0255,0.0383,0.0218,0.0194,0.029,0.0288,0.017,0.0252,0.0392,0.0225,0.0195,0.0291,0.0293,0.0255,0.0388,0.0213,0.0188,0.0284,0.0285,0.0395,0.027,0.026,0.0298,0.0296,0.0379,0.0384,0.038,0.0378,0.0196,0.024,0.0238,0.0264,0.0261,0.0182,0.0156,0.0131,0.1466,0.5649,0.1,0.0886,0.2695,0.2795,0.0018,0.1307,0.5629,0.107,0.0822,0.2632,0.2787,0.143,0.5656,0.0854,0.068,0.2569,0.2717,0.4945,0.1313,0.1578,0.2044,0.2134,0.5149,0.5685,0.5425,0.5553,0.0469,0.1326,0.1423,0.2263,0.2357,0.0284
Hmel201001o,575001,625000,600333,49216,0.0189,0.018,0.0176,0.0235,0.0049,0.0212,0.0166,0.021,0.0191,0.0191,0.0185,0.0277,0.0371,0.0211,0.0188,0.0303,0.0309,0.0179,0.0275,0.0379,0.0212,0.0182,0.0315,0.0323,0.0272,0.0369,0.021,0.0177,0.0307,0.0317,0.0372,0.0282,0.0273,0.0326,0.0331,0.0363,0.0366,0.0373,0.0373,0.0205,0.0285,0.0293,0.0303,0.031,0.0208,0.0175,0.0069,0.1466,0.53,0.0277,0.0313,0.216,0.25,0.0042,0.1561,0.5508,0.0423,0.028,0.2461,0.2833,0.1572,0.5487,0.0427,0.0205,0.2393,0.2789,0.4784,0.1253,0.1725,0.199,0.2311,0.4872,0.5619,0.5002,0.5277,0.0429,0.1574,0.1944,0.2462,0.2821,0.0185
Hmel201001o,600001,650000,624975,49935,0.02,0.0202,0.0201,0.0238,0.0052,0.0213,0.0192,0.0227,0.0206,0.0201,0.0203,0.0284,0.037,0.0219,0.0205,0.0313,0.0324,0.0197,0.0279,0.0371,0.0221,0.0203,0.0324,0.0336,0.0277,0.0367,0.0222,0.0202,0.0314,0.0328,0.0372,0.0289,0.0284,0.033,0.0339,0.0366,0.0369,0.0374,0.0377,0.0217,0.0303,0.0314,0.0315,0.0326,0.0222,-0.0011,0.0072,0.142,0.5067,0.0312,0.0243,0.1983,0.2407,-0.0099,0.13,0.5067,0.0331,0.0159,0.2153,0.258,0.1285,0.5029,0.0377,0.015,0.199,0.2473,0.4708,0.1333,0.153,0.1824,0.2216,0.4838,0.5188,0.4728,0.506,0.0361,0.1685,0.2099,0.2121,0.2541,0.0131
Hmel201001o,625001,675000,649837,49234,0.0203,0.0219,0.0211,0.0234,0.0057,0.0185,0.0225,0.0225,0.0208,0.0214,0.0217,0.0298,0.0365,0.023,0.0228,0.0327,0.0335,0.0212,0.0289,0.037,0.0238,0.0228,0.0335,0.0346,0.0292,0.0369,0.0237,0.0226,0.0328,0.034,0.0382,0.0302,0.0296,0.0325,0.0332,0.0371,0.0373,0.037,0.0377,0.0234,0.0303,0.0307,0.033,0.0337,0.0224,0.0083,0.027,0.1648,0.4913,0.0905,0.0347,0.2204,0.2527,-0.0073,0.1283,0.4728,0.0856,0.0141,0.2129,0.2496,0.145,0.4833,0.0962,0.0205,0.2118,0.2507,0.4785,0.1952,0.1329,0.1789,0.2123,0.5236,0.4681,0.4643,0.4962,0.0714,0.203,0.2316,0.1991,0.2301,0.0189
Hmel201001o,650001,700000,675031,48928,0.0195,0.021,0.0201,0.0242,0.0069,0.0171,0.0208,0.0209,0.0209,0.0208,0.0208,0.0289,0.0378,0.0229,0.022,0.0329,0.0327,0.0208,0.0279,0.0377,0.0237,0.0225,0.0339,0.0341,0.0294,0.0379,0.0231,0.0217,0.0337,0.0338,0.0388,0.03,0.0291,0.034,0.0343,0.0375,0.0374,0.0375,0.0376,0.022,0.03,0.0299,0.0324,0.0324,0.0219,0.0146,0.0261,0.1546,0.4986,0.1189,0.0477,0.2509,0.2493,0.0055,0.1158,0.4752,0.1152,0.0401,0.2481,0.2504,0.1538,0.4907,0.115,0.031,0.2552,0.2574,0.458,0.2046,0.1396,0.2153,0.22,0.531,0.4756,0.475,0.476,0.0795,0.2359,0.2345,0.2287,0.2282,0.0254
Hmel201001o,675001,725000,700021,49589,0.0181,0.0201,0.019,0.024,0.0065,0.0181,0.0182,0.0179,0.02,0.0197,0.0191,0.0265,0.0368,0.0206,0.0198,0.0311,0.0296,0.0197,0.0253,0.0362,0.0212,0.0208,0.0317,0.0302,0.0263,0.0362,0.0201,0.0196,0.0314,0.0296,0.0373,0.0267,0.0264,0.0328,0.0319,0.0354,0.0357,0.037,0.0362,0.0192,0.0293,0.0283,0.0302,0.0289,0.02,0.0176,0.0147,0.1314,0.5147,0.0699,0.0471,0.2799,0.2281,0.0032,0.0808,0.4782,0.056,0.0456,0.2633,0.213,0.1141,0.4943,0.0439,0.0289,0.272,0.2173,0.4502,0.1347,0.1273,0.2383,0.1976,0.5002,0.5016,0.5203,0.4808,0.0306,0.2513,0.2065,0.2647,0.2162,0.0291
Hmel201001o,700001,750000,725012,49956,0.018,0.02,0.019,0.0244,0.0039,0.0174,0.0188,0.0172,0.018,0.02,0.0189,0.0266,0.0334,0.0198,0.0195,0.0298,0.0288,0.0194,0.0262,0.0333,0.02,0.0203,0.0299,0.029,0.0258,0.0334,0.0196,0.0195,0.0296,0.0285,0.0355,0.0261,0.0264,0.0309,0.03,0.0326,0.0336,0.0346,0.0344,0.02,0.0282,0.0274,0.0298,0.0289,0.0186,0.0252,0.0117,0.1292,0.5215,0.059,0.0317,0.269,0.2417,-0.0037,0.0941,0.4879,0.0358,0.0235,0.244,0.2184,0.1007,0.5056,0.0407,0.0162,0.2529,0.2241,0.4659,0.1292,0.1157,0.2136,0.1891,0.5248,0.5116,0.5479,0.5338,0.0538,0.2515,0.2267,0.2585,0.2338,0.029
Hmel201001o,725001,775000,750001,49998,0.017,0.0189,0.0189,0.0232,0.0034,0.0153,0.0177,0.0149,0.0144,0.0186,0.0181,0.0253,0.03,0.0189,0.0182,0.0289,0.0294,0.0187,0.0254,0.0298,0.0193,0.0189,0.0293,0.03,0.0251,0.0304,0.0195,0.0185,0.0293,0.0301,0.0331,0.0257,0.0255,0.0295,0.0294,0.0298,0.0305,0.0322,0.0332,0.0189,0.0278,0.0285,0.0292,0.03,0.0156,0.0185,0.0053,0.132,0.5081,0.0842,0.0258,0.3006,0.317,-0.0053,0.1072,0.4719,0.0654,0.0167,0.2806,0.2991,0.1022,0.4802,0.0707,0.0065,0.2812,0.3006,0.464,0.1666,0.1265,0.2369,0.2426,0.54,0.5031,0.5735,0.5929,0.0736,0.3108,0.329,0.2976,0.3176,0.033
Hmel201001o,750001,800000,775000,49999,0.0155,0.0163,0.0169,0.021,0.0042,0.0151,0.0159,0.0146,0.014,0.0163,0.0165,0.0231,0.0298,0.018,0.017,0.0294,0.0306,0.0164,0.0228,0.0298,0.0182,0.0173,0.0295,0.0308,0.0225,0.0298,0.0181,0.0172,0.0295,0.0307,0.0321,0.0236,0.0233,0.0294,0.0298,0.0302,0.0302,0.0333,0.0343,0.0176,0.0281,0.0292,0.0288,0.03,0.015,0.0134,0.0083,0.1338,0.5196,0.0867,0.0432,0.3373,0.3651,-0.0083,0.1137,0.5037,0.0771,0.0393,0.3259,0.3553,0.0982,0.4922,0.0639,0.0235,0.3171,0.3449,0.4683,0.1504,0.1318,0.2648,0.2801,0.5306,0.5161,0.5749,0.596,0.0679,0.3215,0.3488,0.322,0.3504,0.0261
Hmel201001o,775001,825000,799999,49994,0.0152,0.0156,0.015,0.0204,0.0044,0.0153,0.0154,0.0159,0.0157,0.0158,0.0155,0.0216,0.0314,0.0172,0.0171,0.0279,0.0283,0.0149,0.0206,0.0315,0.0169,0.0171,0.0275,0.028,0.0206,0.0309,0.0162,0.0164,0.0274,0.0277,0.0328,0.0215,0.0218,0.0285,0.0285,0.0315,0.0312,0.0324,0.0325,0.0169,0.0258,0.0262,0.0261,0.0262,0.0162,0.0144,0.0144,0.112,0.5392,0.0658,0.0582,0.2985,0.3073,-0.013,0.0826,0.534,0.0496,0.0517,0.2852,0.2952,0.094,0.5376,0.0375,0.04,0.2933,0.299,0.4813,0.1092,0.1148,0.2378,0.2395,0.5396,0.5339,0.539,0.5427,0.0523,0.2596,0.2686,0.2636,0.2677,0.0126
Hmel201001o,800001,850000,824719,49281,0.0151,0.0158,0.0148,0.0205,0.0046,0.0137,0.0145,0.0165,0.0156,0.0163,0.0157,0.0213,0.0324,0.0163,0.0167,0.0266,0.0264,0.0152,0.0199,0.0323,0.016,0.0165,0.0265,0.0264,0.0204,0.032,0.0155,0.0158,0.0267,0.0265,0.0338,0.0213,0.0209,0.0286,0.0284,0.0315,0.0319,0.0317,0.0313,0.0159,0.0249,0.0248,0.0253,0.0249,0.0164,0.0295,0.0275,0.1062,0.5491,0.0672,0.0631,0.2679,0.2776,-0.0048,0.059,0.5341,0.0422,0.0444,0.2537,0.2657,0.0907,0.5505,0.0456,0.0381,0.2745,0.2844,0.4879,0.1314,0.1067,0.2298,0.2388,0.5651,0.5543,0.5168,0.5276,0.0629,0.2577,0.2689,0.2529,0.2586,0.0123
Hmel201001o,825001,875000,850072,49262,0.0146,0.0155,0.0158,0.0205,0.0047,0.0147,0.0146,0.0156,0.0142,0.0159,0.0159,0.0212,0.0316,0.0167,0.0167,0.0267,0.0274,0.0156,0.0202,0.0321,0.0164,0.0164,0.0267,0.0275,0.0206,0.032,0.0163,0.0164,0.0265,0.0272,0.0333,0.0217,0.0209,0.0287,0.029,0.0316,0.0316,0.0324,0.0329,0.0168,0.0247,0.0252,0.0254,0.0259,0.0155,0.029,0.0249,0.1124,0.5471,0.0674,0.0704,0.2902,0.324,-0.0024,0.074,0.5374,0.0438,0.0465,0.2774,0.3125,0.0783,0.5304,0.0374,0.039,0.2684,0.3025,0.4817,0.1241,0.1053,0.2449,0.2715,0.5456,0.5463,0.5383,0.5686,0.0723,0.2516,0.2834,0.2653,0.2985,0.0205
Hmel201001o,850001,900000,875001,49963,0.0153,0.0158,0.0165,0.0203,0.0049,0.0166,0.0153,0.0166,0.0166,0.0162,0.0166,0.0216,0.0327,0.0179,0.0175,0.0292,0.0301,0.0159,0.0207,0.0335,0.018,0.017,0.0284,0.0294,0.021,0.0333,0.018,0.0171,0.028,0.0289,0.0343,0.0226,0.0216,0.029,0.0295,0.033,0.0328,0.0343,0.0351,0.018,0.0269,0.0275,0.0272,0.0282,0.017,0.0203,0.0224,0.1125,0.5449,0.0604,0.0721,0.3064,0.3221,-0.0096,0.081,0.5441,0.0561,0.0487,0.2863,0.302,0.0774,0.5303,0.0439,0.0387,0.2692,0.2847,0.4925,0.1146,0.1122,0.2361,0.2442,0.5256,0.5462,0.5393,0.5484,0.0643,0.2487,0.2599,0.2732,0.2916,0.0125
Hmel201001o,875001,925000,899929,49805,0.0174,0.0176,0.0182,0.0217,0.0053,0.0174,0.0168,0.0213,0.0215,0.018,0.0186,0.0236,0.0376,0.0203,0.0195,0.0345,0.0348,0.0174,0.0223,0.0374,0.0203,0.0189,0.0329,0.0332,0.0227,0.0376,0.0203,0.0189,0.0332,0.0335,0.0382,0.0251,0.0237,0.0336,0.0342,0.037,0.038,0.0389,0.0387,0.0195,0.0322,0.0325,0.0332,0.0338,0.0218,0.0149,0.0231,0.108,0.5522,0.0815,0.0687,0.2944,0.2962,-0.0147,0.0755,0.5463,0.0784,0.0486,0.2685,0.2708,0.0755,0.5394,0.071,0.0398,0.2669,0.2688,0.5044,0.1373,0.1173,0.2269,0.233,0.5463,0.5639,0.5061,0.5015,0.0696,0.2613,0.2634,0.2834,0.2894,0.0088
Hmel201001o,900001,950000,925014,49807,0.0193,0.0192,0.0193,0.0227,0.0063,0.0182,0.0186,0.0216,0.0208,0.0199,0.0202,0.0261,0.0397,0.0234,0.0223,0.0351,0.0355,0.0191,0.0238,0.0391,0.0234,0.0223,0.0348,0.0354,0.0248,0.0392,0.0234,0.0222,0.035,0.0356,0.039,0.0285,0.0271,0.0364,0.0371,0.0384,0.0398,0.0397,0.0395,0.0207,0.0315,0.0318,0.0334,0.0335,0.0219,0.0175,0.024,0.1195,0.5285,0.117,0.0864,0.2764,0.2908,-0.0053,0.0755,0.5249,0.1192,0.0883,0.2733,0.2898,0.0948,0.5242,0.1168,0.0849,0.2755,0.2919,0.4875,0.1798,0.1491,0.2528,0.2719,0.5328,0.5404,0.4963,0.5055,0.0646,0.2364,0.2508,0.2613,0.2728,0.0174
Hmel201001o,925001,975000,949943,49846,0.015,0.0138,0.015,0.0219,0.0053,0.0133,0.0129,0.0163,0.0155,0.0152,0.0158,0.0237,0.04,0.0214,0.0206,0.0275,0.0279,0.0144,0.0217,0.0397,0.0214,0.0207,0.028,0.0284,0.0223,0.0399,0.0218,0.021,0.028,0.0285,0.0406,0.0278,0.0271,0.032,0.0325,0.0389,0.04,0.0392,0.0393,0.0143,0.0217,0.0216,0.023,0.0228,0.0164,0.0308,0.0285,0.1456,0.6102,0.2155,0.2026,0.2875,0.3067,0.0024,0.122,0.6277,0.2365,0.2278,0.3139,0.3339,0.1164,0.6097,0.2247,0.2127,0.2969,0.3161,0.5257,0.2494,0.2428,0.2702,0.2876,0.6296,0.6446,0.5831,0.5963,0.047,0.1995,0.2113,0.2355,0.2438,0.0146
Hmel201001o,950001,1000000,975011,49846,0.0134,0.0132,0.0139,0.0209,0.0053,0.0116,0.0118,0.0177,0.016,0.0138,0.0141,0.0204,0.0384,0.0193,0.0186,0.0266,0.0267,0.0134,0.0198,0.0381,0.0186,0.0185,0.0267,0.027,0.0195,0.0387,0.0187,0.0186,0.0268,0.0272,0.0393,0.0243,0.024,0.03,0.0303,0.0378,0.0387,0.0365,0.0362,0.0127,0.0226,0.0227,0.0232,0.0235,0.017,0.0179,0.0184,0.1095,0.6243,0.2237,0.2033,0.2739,0.3041,-0.0056,0.0985,0.6248,0.2088,0.2035,0.2788,0.3113,0.0795,0.6184,0.1978,0.1908,0.2695,0.3035,0.5277,0.2243,0.215,0.23,0.2589,0.649,0.6531,0.5369,0.562,0.0425,0.2235,0.2556,0.2333,0.2691,0.0043
Hmel201001o,975001,1025000,999813,49270,0.0138,0.0146,0.0148,0.02,0.0059,0.0103,0.0112,0.0168,0.0147,0.0143,0.0146,0.0197,0.0349,0.0184,0.0177,0.026,0.0256,0.0145,0.0197,0.0351,0.0185,0.0184,0.0265,0.0264,0.0199,0.0356,0.0177,0.0175,0.0258,0.0258,0.0364,0.0231,0.0227,0.0283,0.0283,0.0341,0.0347,0.0338,0.0336,0.012,0.0235,0.0234,0.0234,0.0235,0.016,0.0022,0.0097,0.0953,0.5739,0.2187,0.1811,0.2701,0.2966,-0.0076,0.0817,0.5638,0.2064,0.1838,0.2689,0.2993,0.0845,0.5655,0.1798,0.1552,0.2525,0.2859,0.5007,0.235,0.2104,0.2249,0.2563,0.6295,0.6181,0.5128,0.5458,0.0577,0.2806,0.3154,0.2636,0.3017,0.0082
Hmel201001o,1000001,1050000,1025174,49279,0.013,0.0083,0.012,0.0214,0.004,0.0056,0.0064,0.011,0.0108,0.0113,0.0125,0.0202,0.0322,0.0199,0.0195,0.0239,0.0236,0.0099,0.0182,0.032,0.0236,0.0225,0.0266,0.0264,0.0197,0.0323,0.0218,0.0211,0.0252,0.025,0.0358,0.0285,0.0279,0.0298,0.0296,0.033,0.0331,0.033,0.033,0.0069,0.0158,0.0152,0.0159,0.0154,0.0112,0.0307,-0.0014,0.1054,0.5965,0.377,0.349,0.345,0.3428,-0.0133,0.1427,0.691,0.56,0.5224,0.4835,0.4842,0.1114,0.6167,0.4399,0.4058,0.3871,0.3871,0.5067,0.3922,0.369,0.322,0.3218,0.757,0.7395,0.6445,0.6473,0.0683,0.326,0.3112,0.3059,0.2931,0.0123
Hmel201001o,1025001,1075000,1049607,47265,0.0162,0.0116,0.0153,0.0231,0.0036,0.0115,0.012,0.0121,0.012,0.016,0.0163,0.0237,0.034,0.0227,0.0223,0.0266,0.0266,0.013,0.0217,0.0334,0.0259,0.0246,0.0291,0.0293,0.0228,0.0336,0.0246,0.0234,0.0279,0.0281,0.0366,0.0309,0.0297,0.0318,0.0314,0.0348,0.0352,0.0343,0.0345,0.0126,0.018,0.0175,0.0185,0.0181,0.0124,0.0739,0.0189,0.1115,0.5652,0.254,0.2359,0.3183,0.321,-0.0195,0.1438,0.6447,0.3981,0.3678,0.436,0.4413,0.1071,0.5785,0.3089,0.2781,0.3563,0.3614,0.4976,0.3091,0.2842,0.312,0.3095,0.6595,0.6533,0.6423,0.6465,0.0381,0.2181,0.2071,0.2217,0.2143,0.0147
Hmel201001o,1050001,1100000,1076051,47262,0.0172,0.0166,0.0191,0.026,0.0029,0.016,0.0168,0.0139,0.0131,0.0191,0.0187,0.0285,0.0329,0.0274,0.0272,0.0315,0.0323,0.0178,0.0292,0.0323,0.0273,0.0267,0.0326,0.0337,0.0298,0.0335,0.026,0.0255,0.0311,0.0322,0.0362,0.0297,0.0294,0.0306,0.0304,0.0355,0.0359,0.0371,0.0386,0.0169,0.0207,0.0213,0.0222,0.023,0.0141,0.0651,0.0154,0.1591,0.5482,0.2572,0.2415,0.353,0.3773,-0.0009,0.1787,0.553,0.265,0.2423,0.3771,0.4049,0.1548,0.5215,0.2024,0.1826,0.3198,0.3479,0.4676,0.1958,0.1796,0.2371,0.2469,0.5953,0.5852,0.6454,0.6718,0.0141,0.1694,0.1983,0.19,0.2228,0.0227
Hmel201001o,1075001,1125000,1100001,49990,0.0194,0.0197,0.021,0.0284,0.0034,0.0181,0.0191,0.018,0.0169,0.0211,0.0207,0.0307,0.0332,0.0299,0.0291,0.0359,0.0368,0.0208,0.0317,0.0326,0.0306,0.0291,0.0368,0.0376,0.0321,0.0341,0.029,0.0276,0.0359,0.0368,0.0364,0.0325,0.0325,0.0343,0.0346,0.0355,0.0363,0.0385,0.0399,0.0211,0.0263,0.027,0.029,0.0295,0.0185,0.0402,0.0135,0.1447,0.5043,0.2407,0.2132,0.3287,0.3529,0.0119,0.1569,0.4918,0.2479,0.209,0.337,0.3595,0.1482,0.4893,0.204,0.1666,0.3105,0.3339,0.432,0.1886,0.1755,0.2156,0.2324,0.5507,0.5418,0.5806,0.6089,0.0662,0.1952,0.2231,0.2307,0.2544,0.0302
Hmel201001o,1100001,1150000,1125000,49988,0.015,0.0166,0.0166,0.0234,0.0036,0.0191,0.0163,0.015,0.0135,0.0168,0.0168,0.0289,0.0329,0.0249,0.0207,0.0326,0.033,0.0167,0.0289,0.0327,0.0251,0.0206,0.032,0.0322,0.028,0.033,0.0244,0.0199,0.0319,0.0322,0.0335,0.0275,0.0273,0.0288,0.029,0.031,0.0329,0.032,0.0324,0.0211,0.0253,0.0253,0.0294,0.0296,0.0152,0.0315,0.0328,0.2242,0.5741,0.1967,0.1472,0.3845,0.412,0.0053,0.2012,0.5438,0.1787,0.1202,0.3539,0.3791,0.1867,0.5475,0.1647,0.1012,0.3528,0.3791,0.4614,0.142,0.1785,0.2234,0.2487,0.4794,0.5517,0.5665,0.5981,0.093,0.2058,0.2274,0.3205,0.3446,0.0362
Hmel201001o,1125001,1175000,1150001,49987,0.0115,0.012,0.0145,0.0199,0.0034,0.0156,0.0112,0.0112,0.0102,0.0127,0.0134,0.0261,0.0317,0.0223,0.0178,0.0259,0.0265,0.0134,0.0271,0.0314,0.0228,0.0186,0.0269,0.0277,0.0246,0.0317,0.0217,0.0174,0.0254,0.026,0.0342,0.0247,0.0234,0.0236,0.0235,0.0295,0.0321,0.0299,0.0305,0.0162,0.0198,0.0199,0.021,0.0216,0.0111,0.0408,0.014,0.2731,0.6355,0.2572,0.233,0.4057,0.4339,0.0057,0.2822,0.6225,0.2592,0.2432,0.4139,0.4437,0.1935,0.5756,0.1912,0.1586,0.342,0.3699,0.5225,0.1799,0.2269,0.2319,0.2459,0.5302,0.6453,0.6246,0.6506,0.1013,0.2046,0.2233,0.3189,0.3511,0.0205
Hmel201001o,1150001,1200000,1174973,49931,0.0125,0.0127,0.017,0.0207,0.0042,0.0154,0.0126,0.0124,0.0116,0.0142,0.0151,0.0276,0.0317,0.0187,0.0171,0.0249,0.0252,0.0149,0.0285,0.0309,0.0189,0.0179,0.0265,0.0269,0.026,0.0318,0.0192,0.0178,0.0251,0.0253,0.037,0.0282,0.026,0.0245,0.0244,0.03,0.0328,0.0329,0.0334,0.0168,0.0243,0.0244,0.0219,0.0222,0.0125,0.0627,0.0123,0.2714,0.5976,0.1538,0.1614,0.347,0.3686,0.0016,0.2835,0.5858,0.1536,0.1822,0.3719,0.3919,0.1726,0.516,0.0909,0.0979,0.2737,0.2913,0.5241,0.2355,0.243,0.2178,0.2291,0.522,0.6083,0.6121,0.6324,0.0954,0.2838,0.3012,0.2873,0.308,0.0206
Hmel201001o,1175001,1225000,1199426,48777,0.0134,0.0147,0.0174,0.0215,0.0044,0.0185,0.0142,0.0147,0.0142,0.0153,0.016,0.0279,0.0315,0.018,0.0159,0.0287,0.0301,0.0159,0.0265,0.031,0.0181,0.0163,0.0291,0.0302,0.0268,0.0313,0.0192,0.0169,0.0292,0.0304,0.0353,0.0288,0.0269,0.0273,0.028,0.0302,0.0322,0.0327,0.0335,0.0188,0.0285,0.0296,0.0278,0.0288,0.0152,0.0458,0.0215,0.2529,0.5754,0.0641,0.0751,0.357,0.3863,-0.0059,0.2091,0.5453,0.0461,0.0629,0.3428,0.3679,0.1741,0.5007,0.0367,0.0358,0.3041,0.3302,0.495,0.194,0.2223,0.2217,0.2433,0.4675,0.567,0.563,0.5822,0.0737,0.2771,0.303,0.3289,0.3529,0.028
Hmel201001o,1200001,1250000,1224947,46250,0.0161,0.0174,0.0186,0.0223,0.0065,0.0195,0.0155,0.019,0.0182,0.0172,0.0177,0.0247,0.0341,0.0202,0.0177,0.0289,0.0307,0.0179,0.0239,0.034,0.0207,0.0182,0.0292,0.0309,0.0247,0.0345,0.0215,0.0186,0.0294,0.0311,0.0361,0.0269,0.0256,0.0291,0.0303,0.0328,0.0342,0.0346,0.0358,0.02,0.0282,0.0296,0.0294,0.031,0.0193,0.0143,0.0115,0.1429,0.5181,0.0674,0.0614,0.2568,0.2963,-0.0025,0.1059,0.4951,0.0595,0.0518,0.244,0.2813,0.1057,0.4827,0.063,0.0474,0.2318,0.2691,0.4586,0.1352,0.17,0.1815,0.2126,0.4471,0.5293,0.4775,0.503,0.0695,0.199,0.2326,0.2734,0.3089,0.0186
Hmel201001o,1225001,1275000,1251295,47410,0.0131,0.0123,0.0128,0.0207,0.0048,0.0114,0.0151,0.0144,0.0136,0.0129,0.0133,0.0257,0.031,0.0143,0.015,0.029,0.03,0.0126,0.026,0.0314,0.0133,0.0146,0.0298,0.0309,0.0258,0.0317,0.014,0.015,0.0297,0.0307,0.0347,0.0272,0.0258,0.0245,0.025,0.0305,0.0311,0.035,0.0357,0.0147,0.0293,0.0302,0.0284,0.0295,0.0142,0.0104,0.0136,0.2302,0.5688,0.0826,0.033,0.3733,0.4013,0.0001,0.2474,0.5878,0.0621,0.0332,0.3976,0.4256,0.2364,0.5815,0.0759,0.0383,0.3874,0.4146,0.4925,0.2836,0.1986,0.1858,0.2086,0.5961,0.5316,0.5864,0.6067,0.054,0.4042,0.4307,0.3321,0.3611,0.0089
Hmel201001o,1250001,1300000,1275000,49999,0.0161,0.0149,0.0153,0.0232,0.0046,0.0133,0.0184,0.0173,0.0159,0.0163,0.0166,0.028,0.0352,0.0168,0.0184,0.0324,0.0338,0.0151,0.0269,0.0352,0.0163,0.0177,0.033,0.0346,0.0276,0.0349,0.0165,0.0177,0.0333,0.0346,0.0375,0.0287,0.0277,0.029,0.0301,0.0345,0.0344,0.0377,0.0387,0.0181,0.0325,0.034,0.0315,0.033,0.0174,0.0274,0.0277,0.1957,0.5613,0.0693,0.0349,0.3336,0.372,-0.002,0.1929,0.5815,0.0773,0.0328,0.3591,0.3992,0.1984,0.5711,0.0766,0.0252,0.3568,0.393,0.4902,0.2476,0.1562,0.1956,0.2317,0.6038,0.5146,0.5659,0.5961,0.0692,0.3751,0.4142,0.2893,0.3291,0.0241
Hmel201001o,1275001,1325000,1300000,49998,0.0153,0.0144,0.0169,0.0229,0.0058,0.0155,0.0158,0.0185,0.0161,0.0156,0.0169,0.0268,0.0371,0.0168,0.0174,0.0301,0.0307,0.0154,0.0255,0.037,0.0173,0.017,0.0307,0.0315,0.0253,0.0372,0.0182,0.0178,0.03,0.0307,0.0396,0.0268,0.0272,0.029,0.0295,0.0358,0.0367,0.0383,0.0388,0.0182,0.0289,0.0294,0.0305,0.0312,0.018,0.0256,0.0253,0.1903,0.5736,0.0465,0.0609,0.2951,0.3383,-0.0082,0.1782,0.5867,0.0774,0.061,0.3146,0.3615,0.1361,0.5484,0.0612,0.0458,0.2704,0.3139,0.4973,0.1872,0.1891,0.1806,0.224,0.5584,0.5614,0.534,0.5756,0.0808,0.2724,0.3155,0.2932,0.3377,0.0201
Hmel201001o,1300001,1350000,1324869,49542,0.0118,0.0105,0.013,0.0189,0.003,0.0106,0.0118,0.0141,0.0122,0.0116,0.0125,0.023,0.034,0.0149,0.0139,0.0259,0.0257,0.0115,0.0224,0.0343,0.0152,0.0136,0.0252,0.0252,0.0219,0.0347,0.0159,0.0143,0.0251,0.0251,0.0377,0.0246,0.0236,0.0251,0.0249,0.0334,0.0338,0.0349,0.0348,0.0133,0.023,0.0231,0.0248,0.0247,0.0136,0.0219,0.0055,0.2212,0.6573,0.1495,0.0832,0.3468,0.3788,-0.0119,0.2333,0.6856,0.1918,0.1027,0.3577,0.3938,0.177,0.6408,0.1561,0.0757,0.3116,0.347,0.5754,0.2765,0.2332,0.2228,0.2529,0.6775,0.6552,0.6213,0.6575,0.0906,0.3155,0.3556,0.3266,0.3604,0.0181
Hmel201001o,1325001,1375000,1350096,49537,0.0133,0.0128,0.0136,0.0189,0.003,0.0114,0.014,0.0148,0.0136,0.0135,0.0134,0.0199,0.034,0.0188,0.0161,0.0231,0.0239,0.0128,0.019,0.0342,0.0187,0.0158,0.022,0.0229,0.0196,0.0344,0.0188,0.0161,0.0227,0.0236,0.0361,0.0231,0.0215,0.0261,0.0269,0.0339,0.0343,0.0327,0.0328,0.0152,0.0197,0.0208,0.0215,0.0226,0.0152,0.0184,0.0008,0.1273,0.6291,0.2181,0.0888,0.2568,0.2935,-0.0144,0.1118,0.6402,0.2272,0.0879,0.2398,0.2804,0.1122,0.6267,0.2133,0.0822,0.2432,0.2814,0.5617,0.233,0.149,0.2321,0.2649,0.6643,0.6171,0.5876,0.6105,0.0959,0.2122,0.2612,0.2076,0.2511,0.0359
Hmel201001o,1350001,1400000,1375000,49991,0.0129,0.0143,0.015,0.0214,0.0046,0.0149,0.0154,0.0164,0.016,0.0144,0.0141,0.0211,0.0334,0.0188,0.0167,0.0267,0.0279,0.0146,0.021,0.0337,0.0191,0.0169,0.0267,0.0278,0.0211,0.0336,0.0188,0.017,0.0264,0.0274,0.0352,0.0243,0.0234,0.0299,0.0307,0.0337,0.0346,0.0338,0.0342,0.0178,0.0229,0.0241,0.0247,0.0261,0.0167,0.0299,0.0073,0.1286,0.6004,0.1593,0.0862,0.305,0.3316,-0.0017,0.104,0.5777,0.1433,0.0688,0.2837,0.3081,0.0926,0.5634,0.1215,0.0595,0.2669,0.2907,0.4908,0.1653,0.1369,0.2417,0.2595,0.5667,0.5659,0.5418,0.5527,0.0857,0.1999,0.2308,0.2285,0.26,0.0177
Hmel201001o,1375001,1425000,1400000,49996,0.0153,0.0163,0.0167,0.0246,0.0048,0.0165,0.0171,0.0179,0.0171,0.0165,0.0159,0.0236,0.0339,0.0196,0.0189,0.0319,0.0326,0.0166,0.0239,0.0339,0.0209,0.0194,0.0322,0.0326,0.0239,0.0338,0.0203,0.0192,0.0319,0.0324,0.0352,0.0261,0.0261,0.0349,0.0351,0.0344,0.0351,0.036,0.0362,0.0193,0.0291,0.0297,0.0298,0.0305,0.0175,0.0249,-0.0028,0.1085,0.5587,0.1117,0.0807,0.3293,0.3499,0.0031,0.1009,0.5419,0.1272,0.0802,0.32,0.3375,0.0931,0.5334,0.1066,0.0681,0.3093,0.3281,0.446,0.1406,0.1311,0.2613,0.2736,0.5439,0.5413,0.5363,0.5515,0.073,0.2699,0.29,0.2725,0.2951,-0.0018
Hmel201001o,1400001,1450000,1424990,49971,0.015,0.0149,0.0146,0.0236,0.0033,0.015,0.0144,0.0147,0.0133,0.0152,0.0145,0.0223,0.0322,0.0176,0.0165,0.0249,0.0249,0.0146,0.0221,0.0326,0.019,0.0169,0.0258,0.0258,0.0228,0.0327,0.0183,0.0165,0.0256,0.0256,0.0334,0.0239,0.0237,0.0297,0.0296,0.0321,0.0337,0.0328,0.0332,0.0166,0.0249,0.0251,0.0244,0.0245,0.0139,0.0095,-0.0102,0.0963,0.5743,0.0851,0.0605,0.2657,0.2872,-0.006,0.0938,0.5809,0.1285,0.0763,0.2842,0.3062,0.1119,0.5861,0.1119,0.0694,0.2843,0.3077,0.463,0.1308,0.1367,0.2395,0.2574,0.5735,0.601,0.5858,0.616,0.0659,0.2664,0.2927,0.2653,0.2911,-0.0028
Hmel201001o,1425001,1475000,1450001,49965,0.0154,0.0142,0.0132,0.0216,0.0022,0.015,0.0132,0.0148,0.0136,0.0159,0.0156,0.0219,0.0315,0.0162,0.0151,0.0201,0.02,0.0134,0.0198,0.0324,0.0188,0.0169,0.0219,0.0216,0.02,0.0326,0.0182,0.0163,0.0217,0.0215,0.0337,0.0241,0.0228,0.0262,0.0262,0.0314,0.032,0.0307,0.0307,0.0153,0.0211,0.0208,0.0204,0.02,0.014,0.0391,0.0443,0.1029,0.5799,0.0346,0.0269,0.1507,0.1682,-0.0125,0.0731,0.6129,0.1334,0.1096,0.2143,0.2285,0.0939,0.6341,0.1341,0.1109,0.2277,0.2449,0.512,0.1568,0.159,0.2013,0.2181,0.5867,0.6277,0.5843,0.6075,0.0423,0.1812,0.1943,0.1977,0.2089,-0.0068
Hmel201001o,1450001,1500000,1475001,49992,0.0191,0.0177,0.0167,0.0226,0.0039,0.0161,0.0165,0.0179,0.0174,0.0197,0.0196,0.0253,0.0322,0.0192,0.019,0.0266,0.0265,0.0169,0.0228,0.0327,0.0213,0.0202,0.0273,0.0273,0.0223,0.0328,0.0211,0.02,0.0277,0.0278,0.0343,0.0258,0.0251,0.0299,0.0299,0.0325,0.0319,0.0324,0.032,0.0176,0.026,0.0255,0.0262,0.0256,0.0176,0.0349,0.0479,0.1078,0.4897,0.0452,0.0343,0.1879,0.193,-0.0081,0.0769,0.52,0.1217,0.0903,0.222,0.2286,0.0807,0.5395,0.1321,0.0997,0.2421,0.2513,0.4758,0.1612,0.1432,0.2074,0.2149,0.5459,0.5325,0.5116,0.5174,0.0401,0.2195,0.2176,0.219,0.2151,-0.0022
Hmel201001o,1475001,1525000,1500001,49999,0.0196,0.018,0.018,0.023,0.0066,0.0148,0.0178,0.0185,0.0185,0.0193,0.0191,0.0265,0.0337,0.0214,0.0209,0.0292,0.029,0.0177,0.0251,0.0339,0.0222,0.021,0.029,0.0293,0.0254,0.0338,0.0218,0.0207,0.0295,0.0298,0.0343,0.0257,0.0265,0.031,0.0309,0.033,0.0335,0.0341,0.0348,0.0182,0.0255,0.0262,0.0264,0.0268,0.0188,0.0137,0.01,0.1213,0.4569,0.1164,0.06,0.2218,0.2188,-0.0076,0.1165,0.4846,0.1582,0.0848,0.2398,0.2438,0.121,0.4834,0.1492,0.0769,0.2469,0.2524,0.4302,0.1762,0.145,0.2121,0.2117,0.5271,0.4828,0.4784,0.4863,0.0588,0.2208,0.2346,0.1948,0.2023,0.0068
Hmel201001o,1500001,1550000,1524999,49992,0.0113,0.0092,0.011,0.0205,0.0043,0.007,0.0102,0.0105,0.0105,0.0105,0.011,0.0207,0.033,0.0153,0.0145,0.018,0.0178,0.0099,0.0196,0.0332,0.0165,0.0155,0.0186,0.0186,0.0201,0.033,0.0155,0.0144,0.0182,0.0181,0.0345,0.0217,0.0222,0.0231,0.0232,0.0322,0.0325,0.0323,0.0327,0.0101,0.0134,0.0142,0.0141,0.0145,0.0107,0.0142,-0.0046,0.1601,0.6338,0.2655,0.157,0.2571,0.2524,-0.0088,0.1734,0.6768,0.3557,0.2417,0.3211,0.3201,0.1504,0.6389,0.2779,0.1609,0.2687,0.2671,0.5007,0.2639,0.2131,0.2255,0.2274,0.7158,0.6505,0.6426,0.6458,0.0849,0.2201,0.2507,0.1591,0.176,0.0062
Hmel201001o,1525001,1575000,1549990,49958,0.0092,0.0089,0.0104,0.0195,0.0027,0.0052,0.0076,0.0077,0.0073,0.0092,0.0096,0.0174,0.0332,0.0133,0.0125,0.0142,0.0144,0.0093,0.0171,0.0334,0.0139,0.0132,0.0149,0.015,0.0171,0.0329,0.0134,0.0127,0.0143,0.0144,0.0351,0.0195,0.0191,0.0197,0.0198,0.033,0.0324,0.0322,0.0319,0.0074,0.0103,0.0103,0.0107,0.0107,0.0077,0.0074,-0.0112,0.1308,0.7098,0.3082,0.2072,0.2678,0.2821,-0.0183,0.129,0.7187,0.3422,0.2411,0.2987,0.3117,0.0976,0.6827,0.2765,0.178,0.2361,0.2493,0.5487,0.2669,0.2072,0.2218,0.2302,0.797,0.7393,0.7361,0.7416,0.0743,0.2406,0.2547,0.1745,0.1877,0.0147
Hmel201001o,1550001,1600000,1575003,49964,0.0138,0.0142,0.0146,0.0231,0.0051,0.0096,0.0116,0.013,0.0118,0.0142,0.0141,0.0217,0.0326,0.0176,0.0168,0.0201,0.0202,0.0136,0.0214,0.033,0.0177,0.0169,0.0202,0.0203,0.0217,0.0327,0.0182,0.0174,0.0203,0.0204,0.0356,0.0235,0.0233,0.0249,0.0248,0.0325,0.0323,0.032,0.0318,0.0118,0.0164,0.0163,0.0167,0.0167,0.0128,0.0073,-0.0023,0.1064,0.5671,0.2124,0.1476,0.2099,0.2349,-0.0279,0.0939,0.5642,0.2066,0.1433,0.2064,0.2314,0.0939,0.5536,0.2134,0.1499,0.2032,0.225,0.4647,0.2144,0.1766,0.186,0.2031,0.6468,0.6051,0.5763,0.5959,0.056,0.1952,0.2177,0.1599,0.1846,0.0175
Hmel201001o,1575001,1625000,1599996,49972,0.0147,0.0135,0.0133,0.0248,0.0063,0.009,0.0092,0.0134,0.012,0.0144,0.0142,0.0228,0.0295,0.0188,0.0189,0.0217,0.0219,0.0131,0.0226,0.03,0.0199,0.02,0.0228,0.023,0.0225,0.0296,0.0201,0.0202,0.0228,0.0229,0.033,0.0249,0.025,0.0262,0.0264,0.0301,0.0303,0.0297,0.0293,0.0099,0.0169,0.017,0.0171,0.0173,0.0136,0.0114,0.0082,0.0983,0.4904,0.2381,0.2371,0.2248,0.2542,-0.0116,0.1133,0.52,0.2911,0.2891,0.2698,0.3004,0.1138,0.5186,0.2986,0.2987,0.2732,0.3009,0.3962,0.2304,0.2298,0.1861,0.2109,0.6104,0.6087,0.5177,0.5398,0.0434,0.2128,0.2488,0.2136,0.2528,0.036
Hmel201001o,1600001,1650000,1625005,49628,0.0169,0.0158,0.0149,0.024,0.0047,0.0097,0.0114,0.0151,0.0134,0.0166,0.0164,0.0249,0.0282,0.0224,0.0214,0.0251,0.0254,0.0153,0.0249,0.0285,0.0238,0.0222,0.0264,0.0267,0.0249,0.0282,0.0243,0.0226,0.0269,0.0272,0.0316,0.0277,0.0272,0.0285,0.0288,0.0295,0.0292,0.0299,0.0294,0.0128,0.0175,0.0178,0.0198,0.0203,0.0149,0.0086,0.0164,0.1174,0.4636,0.2681,0.215,0.2323,0.2658,-0.001,0.1337,0.4888,0.3167,0.2526,0.2741,0.3078,0.1472,0.5013,0.3426,0.2774,0.2976,0.3308,0.4146,0.2773,0.2431,0.2091,0.2386,0.6235,0.5849,0.5186,0.5463,0.1012,0.1794,0.2243,0.2092,0.2544,0.0239
Hmel201001o,1625001,1675000,1650171,49654,0.0148,0.0154,0.0149,0.0216,0.0031,0.0114,0.0157,0.0154,0.0134,0.0154,0.0154,0.0233,0.031,0.0227,0.0193,0.0257,0.0257,0.0152,0.0234,0.0308,0.0228,0.0192,0.0257,0.0257,0.0229,0.0311,0.0236,0.0199,0.0269,0.0268,0.0333,0.0275,0.0261,0.0294,0.0293,0.0312,0.0312,0.0319,0.032,0.0167,0.0178,0.0177,0.0218,0.0219,0.0143,0.0102,0.0197,0.1432,0.5679,0.2797,0.1231,0.2718,0.3038,0.0018,0.1351,0.5548,0.2714,0.1121,0.2631,0.2944,0.1313,0.566,0.2973,0.1361,0.2921,0.3215,0.4917,0.2766,0.1841,0.2461,0.2741,0.6379,0.5526,0.5675,0.6049,0.1096,0.1492,0.1857,0.1763,0.2103,-0.0019
Hmel201001o,1650001,1700000,1674997,49987,0.0086,0.0082,0.0093,0.0193,0.0023,0.0063,0.0083,0.0104,0.0093,0.0089,0.0094,0.0186,0.0362,0.0182,0.0165,0.0201,0.02,0.0088,0.0187,0.0363,0.0181,0.0168,0.02,0.0198,0.0181,0.0363,0.0174,0.0161,0.0202,0.02,0.0368,0.0228,0.0221,0.0244,0.0245,0.0341,0.0349,0.035,0.0353,0.0088,0.0145,0.0147,0.0162,0.0164,0.01,0.029,0.0244,0.1767,0.7504,0.4332,0.3363,0.372,0.3957,0.0017,0.1877,0.7587,0.4427,0.3556,0.3786,0.4003,0.1496,0.7375,0.3957,0.306,0.3586,0.3792,0.5743,0.3161,0.2635,0.2687,0.2913,0.7868,0.7482,0.7059,0.7299,0.0955,0.2816,0.3206,0.2792,0.3127,0.0041
Hmel201001o,1675001,1725000,1699907,49756,0.0068,0.0068,0.0077,0.0192,0.0024,0.0044,0.0042,0.0085,0.0078,0.0075,0.0082,0.0186,0.0388,0.0138,0.0139,0.0157,0.0158,0.0071,0.0186,0.0393,0.0141,0.0141,0.0162,0.0161,0.0184,0.0393,0.0132,0.0131,0.0161,0.0162,0.0394,0.0206,0.0205,0.0214,0.0217,0.0366,0.0371,0.0371,0.0373,0.0054,0.0119,0.0124,0.0121,0.0123,0.0083,0.0465,0.0634,0.2172,0.7985,0.4377,0.4501,0.3571,0.3825,-0.0122,0.216,0.8009,0.4459,0.455,0.3713,0.3923,0.1946,0.7843,0.386,0.3933,0.3456,0.3706,0.5951,0.315,0.3167,0.2462,0.2666,0.8396,0.8466,0.7564,0.7722,0.1204,0.3095,0.3546,0.3258,0.3628,0.0132
Hmel201001o,1700001,1750000,1725019,49769,0.0077,0.0073,0.0078,0.0205,0.0027,0.0064,0.006,0.0107,0.0089,0.008,0.0085,0.018,0.037,0.0113,0.0114,0.015,0.0154,0.0075,0.0174,0.0377,0.0121,0.0124,0.0157,0.0162,0.0173,0.0377,0.0115,0.0116,0.016,0.0165,0.0381,0.0202,0.02,0.022,0.0222,0.0365,0.0368,0.036,0.0361,0.0072,0.0137,0.0142,0.0137,0.0139,0.0099,0.0312,0.0522,0.1632,0.7658,0.2431,0.2618,0.2496,0.3146,-0.0026,0.156,0.7775,0.2928,0.3139,0.2843,0.3475,0.1436,0.7683,0.2505,0.2679,0.2795,0.3433,0.5613,0.2436,0.2453,0.1989,0.2368,0.7908,0.7996,0.6999,0.7366,0.0786,0.2451,0.3135,0.2525,0.3158,0.005
Hmel201001o,1725001,1775000,1749994,49940,0.0099,0.0081,0.0094,0.0208,0.0036,0.0088,0.0086,0.0112,0.0092,0.0091,0.0093,0.0189,0.0342,0.013,0.0123,0.0183,0.0185,0.0086,0.0185,0.035,0.0141,0.0133,0.0191,0.0194,0.0183,0.0347,0.0132,0.0125,0.019,0.0192,0.0358,0.0214,0.0209,0.0237,0.0239,0.034,0.0344,0.0341,0.0342,0.0099,0.016,0.0162,0.0172,0.0174,0.0102,0.0038,-0.0182,0.1361,0.6833,0.1731,0.1492,0.281,0.3315,-0.0045,0.1643,0.7271,0.2649,0.2392,0.3443,0.4001,0.1335,0.6984,0.1946,0.171,0.3106,0.3628,0.5211,0.2182,0.2096,0.2218,0.2606,0.7051,0.7111,0.6585,0.6984,0.065,0.2432,0.2995,0.2827,0.3367,-0.0019
Hmel201001o,1750001,1800000,1774707,49099,0.0152,0.0138,0.0144,0.0208,0.0043,0.0135,0.0133,0.0116,0.0109,0.0145,0.0144,0.0216,0.0341,0.0168,0.0154,0.0225,0.0227,0.0138,0.0213,0.034,0.0173,0.0151,0.0231,0.0234,0.0211,0.0341,0.0165,0.0147,0.0229,0.0231,0.0346,0.0235,0.0219,0.0261,0.0262,0.0342,0.0339,0.0331,0.0334,0.0153,0.0196,0.0196,0.0216,0.0216,0.0117,0.0021,-0.0145,0.1076,0.5708,0.0833,0.0423,0.2673,0.2826,-0.0111,0.1257,0.5951,0.1258,0.0581,0.3049,0.3228,0.1099,0.5841,0.0891,0.0298,0.2887,0.3054,0.497,0.1771,0.1466,0.2593,0.2733,0.6022,0.6029,0.6281,0.6436,0.0717,0.2308,0.2442,0.2814,0.2957,0.02
Hmel201001o,1775001,1825000,1800104,49144,0.0205,0.0214,0.0212,0.0236,0.0048,0.0176,0.019,0.0153,0.0157,0.0211,0.0211,0.0249,0.036,0.0217,0.0216,0.0272,0.0278,0.0207,0.0246,0.0356,0.0224,0.0218,0.0272,0.0278,0.0247,0.0366,0.0215,0.0206,0.0275,0.028,0.0358,0.0264,0.0255,0.0292,0.0293,0.0371,0.0371,0.0346,0.0351,0.0205,0.0256,0.0261,0.0266,0.027,0.0163,0.0027,0.0062,0.0702,0.4956,0.0691,0.047,0.2169,0.2211,-0.0174,0.0504,0.4767,0.0735,0.0399,0.2043,0.2088,0.0559,0.4915,0.0551,0.0118,0.2124,0.2151,0.4639,0.1407,0.1036,0.2217,0.2174,0.552,0.5297,0.5645,0.5627,0.0619,0.2281,0.2319,0.2272,0.2288,0.0265
Hmel201001o,1800001,1850000,1824739,48648,0.0233,0.0266,0.025,0.0262,0.0077,0.0204,0.0237,0.0216,0.0204,0.0253,0.0245,0.0317,0.0383,0.0249,0.0252,0.035,0.0346,0.0253,0.0316,0.0385,0.0261,0.0267,0.0345,0.0344,0.0313,0.039,0.0254,0.0251,0.0349,0.0346,0.0391,0.0321,0.0322,0.0347,0.0343,0.0392,0.0399,0.0387,0.0382,0.0245,0.0321,0.0322,0.0337,0.0335,0.0214,0.0069,0.0069,0.1331,0.4394,0.0699,0.0377,0.2291,0.2378,-0.0105,0.0926,0.3982,0.0549,0.0317,0.1855,0.1975,0.1066,0.4247,0.0595,0.0153,0.2094,0.2184,0.4273,0.1745,0.1356,0.1972,0.2073,0.4893,0.4503,0.4656,0.4776,0.0551,0.2204,0.2357,0.206,0.2166,0.0102
Hmel201001o,1825001,1875000,1850418,48629,0.0238,0.0268,0.0258,0.0273,0.0079,0.0223,0.024,0.0237,0.0231,0.0259,0.025,0.035,0.0386,0.0262,0.0261,0.0387,0.0377,0.0262,0.0349,0.0377,0.0277,0.0278,0.0383,0.0378,0.034,0.0379,0.0271,0.0269,0.038,0.0373,0.0403,0.0349,0.035,0.0373,0.0367,0.0389,0.0386,0.0395,0.0384,0.0255,0.0359,0.0356,0.0378,0.037,0.0236,0.0118,0.0038,0.1674,0.4333,0.067,0.0472,0.2509,0.2452,-0.0027,0.132,0.3849,0.0648,0.0474,0.2158,0.2155,0.1306,0.4009,0.064,0.0407,0.2218,0.2201,0.4242,0.1828,0.1652,0.1999,0.1988,0.4566,0.4315,0.4447,0.4416,0.0503,0.2304,0.2324,0.2373,0.2342,0.0041
Hmel201001o,1850001,1900000,1874115,47776,0.0238,0.0244,0.0253,0.0304,0.0073,0.0199,0.0227,0.022,0.0231,0.0248,0.0246,0.0332,0.0347,0.0252,0.0255,0.0341,0.0331,0.0242,0.0325,0.0328,0.0261,0.0264,0.0344,0.0337,0.0321,0.0335,0.0258,0.0257,0.0343,0.0335,0.0379,0.0327,0.0333,0.0363,0.0355,0.0345,0.034,0.0362,0.0347,0.0245,0.033,0.0326,0.0343,0.0333,0.0228,0.0147,0.0006,0.1171,0.3975,0.0764,0.0506,0.208,0.1811,-0.0141,0.0988,0.3637,0.0869,0.0608,0.2045,0.1819,0.082,0.3605,0.0702,0.0368,0.1937,0.1703,0.3739,0.1524,0.1296,0.1801,0.1574,0.4501,0.4035,0.4398,0.4073,0.0746,0.2353,0.2151,0.2223,0.1961,0.0065
Hmel201001o,1875001,1925000,1900201,47269,0.0256,0.0223,0.0216,0.0304,0.0064,0.0206,0.021,0.0237,0.0228,0.0256,0.0244,0.0325,0.0355,0.027,0.0256,0.033,0.0319,0.0212,0.0303,0.0345,0.0257,0.0267,0.0342,0.0332,0.0303,0.0342,0.0254,0.0249,0.034,0.0329,0.0391,0.0326,0.0322,0.0383,0.0379,0.0352,0.0337,0.0362,0.0357,0.0253,0.0339,0.0325,0.0321,0.0311,0.023,0.036,0.0175,0.0855,0.3936,0.0827,0.0498,0.1524,0.145,-0.0193,0.0863,0.4282,0.0968,0.1095,0.2059,0.2013,0.0947,0.4348,0.0969,0.0809,0.2109,0.2036,0.398,0.1424,0.1315,0.1875,0.192,0.4625,0.4377,0.4286,0.4357,0.1026,0.2199,0.2097,0.1886,0.1831,-0.0059
Hmel201001o,1900001,1950000,1924756,48069,0.0251,0.0243,0.0228,0.0274,0.0049,0.0227,0.0217,0.0241,0.0243,0.0263,0.0251,0.0313,0.0389,0.0278,0.0261,0.0371,0.0369,0.0231,0.0298,0.0388,0.027,0.027,0.0383,0.0382,0.0295,0.0388,0.0268,0.0259,0.0376,0.0374,0.0412,0.0323,0.0315,0.04,0.0402,0.0392,0.038,0.0394,0.0399,0.026,0.0363,0.0364,0.0358,0.0358,0.0239,0.0331,0.025,0.0945,0.46,0.0788,0.0588,0.213,0.2093,-0.0103,0.0791,0.4694,0.0736,0.0851,0.2372,0.2346,0.092,0.4906,0.0866,0.0809,0.243,0.2392,0.4709,0.1386,0.1393,0.2281,0.2288,0.4949,0.4982,0.4788,0.4815,0.0842,0.2273,0.2261,0.2321,0.2302,-0.0059
Hmel201001o,1925001,1975000,1950170,48093,0.0238,0.0241,0.0248,0.0253,0.0052,0.0195,0.0215,0.0242,0.0257,0.0249,0.0252,0.0298,0.038,0.0255,0.0248,0.0383,0.0379,0.0244,0.0286,0.0388,0.025,0.0241,0.039,0.0385,0.0284,0.0391,0.0257,0.0245,0.039,0.0387,0.0398,0.0304,0.0292,0.039,0.0394,0.0388,0.0386,0.0399,0.0399,0.0247,0.0364,0.0366,0.0385,0.0383,0.0256,0.0213,0.0197,0.1028,0.464,0.0857,0.0492,0.2418,0.2214,-0.0009,0.0788,0.4668,0.0716,0.0294,0.2466,0.2248,0.0664,0.4613,0.0777,0.0303,0.2404,0.2207,0.4771,0.1664,0.1216,0.2325,0.221,0.5316,0.5015,0.4775,0.457,0.0986,0.2615,0.248,0.2681,0.2497,0.0144
Hmel201001o,1950001,2000000,1974799,48269,0.0225,0.0226,0.025,0.0249,0.0063,0.02,0.02,0.0249,0.0246,0.0231,0.0254,0.0319,0.0389,0.025,0.0237,0.0385,0.0376,0.0239,0.0311,0.0397,0.0249,0.0233,0.0393,0.0383,0.0299,0.0396,0.0259,0.0252,0.039,0.038,0.0409,0.0326,0.0324,0.0385,0.0387,0.0398,0.04,0.0403,0.0402,0.0237,0.0378,0.0372,0.0384,0.0377,0.0261,0.0122,0.0356,0.157,0.476,0.0856,0.0567,0.2503,0.2415,0.0013,0.1431,0.4825,0.0823,0.0474,0.2592,0.2488,0.0944,0.4499,0.0745,0.0594,0.2316,0.2209,0.4777,0.1986,0.1953,0.2218,0.2274,0.5197,0.5205,0.4582,0.4599,0.0902,0.2677,0.2627,0.2742,0.2686,0.0281
Hmel201001o,1975001,2025000,1999995,48288,0.0228,0.0247,0.0252,0.0269,0.0071,0.0218,0.0216,0.0244,0.0237,0.0239,0.0252,0.0323,0.0409,0.0271,0.0263,0.0391,0.0395,0.0247,0.0321,0.0409,0.0286,0.0269,0.0401,0.0402,0.0307,0.041,0.0295,0.029,0.0398,0.0403,0.0424,0.0356,0.036,0.0404,0.0408,0.0404,0.0415,0.0408,0.0415,0.0249,0.0362,0.0369,0.0365,0.0372,0.0252,0.0026,0.0258,0.1414,0.4806,0.1039,0.0899,0.2595,0.272,-0.0052,0.1159,0.4556,0.1083,0.0786,0.2523,0.2604,0.0886,0.4509,0.1203,0.1136,0.2439,0.257,0.4584,0.202,0.209,0.2338,0.246,0.4897,0.5028,0.4584,0.4747,0.0733,0.2326,0.2493,0.2376,0.2549,0.0237
Hmel201001o,2000001,2050000,2025015,49502,0.024,0.0246,0.0236,0.0289,0.0083,0.0202,0.0206,0.0234,0.0238,0.0241,0.0241,0.0312,0.0408,0.0269,0.0266,0.0382,0.0387,0.0239,0.0309,0.0405,0.028,0.0258,0.0389,0.0392,0.0302,0.0406,0.0288,0.0269,0.0396,0.0402,0.0416,0.0345,0.0337,0.0411,0.0416,0.0404,0.0413,0.0394,0.0401,0.0247,0.0355,0.0359,0.0362,0.0368,0.0241,-0.005,0.0062,0.094,0.448,0.1044,0.0926,0.2466,0.2474,-0.0041,0.0821,0.4378,0.1174,0.0709,0.2486,0.249,0.0823,0.4522,0.1437,0.1042,0.2688,0.2713,0.4141,0.1877,0.1718,0.2375,0.2378,0.4942,0.4983,0.442,0.4443,0.1023,0.2522,0.2519,0.2561,0.2596,0.0108
Hmel201001o,2025001,2075000,2049922,49727,0.0225,0.0226,0.0228,0.0291,0.0094,0.0207,0.0198,0.0219,0.0227,0.0225,0.0234,0.0325,0.0414,0.026,0.025,0.0399,0.0399,0.0226,0.033,0.0411,0.0267,0.0236,0.0401,0.0403,0.0311,0.0409,0.0264,0.0243,0.0398,0.0398,0.042,0.0333,0.0336,0.0418,0.0422,0.0411,0.0421,0.0396,0.04,0.025,0.0383,0.0382,0.0382,0.0382,0.0231,-0.001,0.0178,0.1303,0.4599,0.0984,0.0898,0.2986,0.2906,-0.0012,0.137,0.4553,0.1109,0.0574,0.3003,0.2947,0.1054,0.4501,0.1008,0.0703,0.2943,0.2852,0.4028,0.1636,0.1785,0.26,0.2562,0.4791,0.501,0.4495,0.4431,0.1111,0.298,0.2891,0.3086,0.2993,0.0189
Hmel201001o,2050001,2100000,2075059,49727,0.0224,0.0234,0.0236,0.0317,0.0081,0.022,0.0196,0.0204,0.0193,0.0232,0.0244,0.0333,0.0393,0.0275,0.027,0.0377,0.0379,0.024,0.0333,0.0384,0.0276,0.0259,0.0371,0.0373,0.0327,0.0386,0.0278,0.027,0.037,0.0371,0.0401,0.0334,0.0349,0.04,0.0402,0.0378,0.0387,0.0384,0.0386,0.0261,0.0341,0.0344,0.034,0.0342,0.0207,0.0078,0.0324,0.1238,0.4579,0.1131,0.1321,0.2892,0.3036,0.0109,0.1121,0.4349,0.1034,0.0977,0.2705,0.285,0.1002,0.4339,0.1044,0.1168,0.2663,0.2795,0.374,0.1281,0.1776,0.2341,0.2469,0.446,0.4896,0.4752,0.4923,0.1198,0.2448,0.261,0.2719,0.2868,0.021
Hmel201001o,2075001,2125000,2099995,49962,0.0194,0.0201,0.0203,0.0285,0.005,0.0135,0.0116,0.0154,0.0142,0.0208,0.0219,0.0286,0.0304,0.0314,0.0318,0.0349,0.0351,0.0211,0.0284,0.0296,0.028,0.0279,0.0319,0.0319,0.0285,0.0299,0.0292,0.0288,0.0322,0.0322,0.0328,0.0353,0.0362,0.0377,0.0375,0.0351,0.0356,0.0356,0.0358,0.0161,0.0224,0.0224,0.0219,0.0218,0.0151,0.0292,0.0522,0.1096,0.4447,0.3267,0.3589,0.3492,0.3673,0.0242,0.0972,0.4211,0.262,0.2884,0.2986,0.3141,0.0966,0.4224,0.2792,0.2998,0.3,0.3169,0.3673,0.2833,0.3181,0.2889,0.3018,0.599,0.6372,0.571,0.5935,0.1307,0.2274,0.2467,0.2474,0.2689,0.0092
Hmel201001o,2100001,2150000,2124728,47992,0.0099,0.0144,0.0147,0.0253,0.0026,0.0034,0.0038,0.0088,0.009,0.0132,0.0137,0.0238,0.0253,0.0388,0.0397,0.0386,0.0391,0.0145,0.0256,0.0258,0.0324,0.0328,0.0334,0.0335,0.0251,0.026,0.0328,0.033,0.0332,0.0334,0.0322,0.0433,0.0437,0.0428,0.0429,0.0384,0.0392,0.0383,0.0384,0.0038,0.0105,0.0106,0.0101,0.0104,0.0089,0.0439,0.057,0.1891,0.6206,0.7209,0.7191,0.6256,0.6258,-0.0026,0.1533,0.5221,0.5857,0.5826,0.5013,0.4983,0.1401,0.5179,0.5841,0.5789,0.4941,0.4926,0.4368,0.5328,0.5306,0.458,0.4563,0.8643,0.8584,0.7542,0.7509,0.0264,0.2774,0.2775,0.247,0.2509,0.003
Hmel201001o,2125001,2175000,2150737,47998,0.0049,0.0104,0.0107,0.0244,0.0018,0.0025,0.0029,0.0058,0.0062,0.0077,0.0077,0.0195,0.0292,0.0284,0.0299,0.0303,0.0303,0.0097,0.0212,0.0304,0.025,0.0262,0.0274,0.0273,0.0219,0.0304,0.0251,0.0261,0.0274,0.0272,0.0368,0.0359,0.0369,0.0373,0.0371,0.0381,0.0388,0.0386,0.0385,0.003,0.0093,0.0086,0.0087,0.008,0.0062,0.0026,-0.0068,0.1977,0.8058,0.7824,0.7813,0.715,0.7048,-0.0461,0.1354,0.6793,0.6051,0.6093,0.5598,0.5485,0.1477,0.6741,0.6002,0.6028,0.5543,0.5434,0.5096,0.4906,0.4943,0.4555,0.4481,0.8998,0.8918,0.8307,0.8216,0.0571,0.3998,0.3438,0.3505,0.2863,0.0155
Hmel201001o,2150001,2200000,2175010,49949,0.0066,0.0086,0.0084,0.0218,0.0022,0.0046,0.0033,0.0051,0.005,0.0076,0.0078,0.0181,0.0358,0.0159,0.0176,0.0183,0.018,0.0081,0.0192,0.0365,0.0148,0.0158,0.0172,0.0168,0.0201,0.0362,0.0146,0.0156,0.017,0.0167,0.0399,0.0243,0.0253,0.0259,0.0257,0.0375,0.0377,0.0377,0.0376,0.0055,0.0094,0.0087,0.0078,0.0068,0.0058,0.0035,0.0217,0.1702,0.7934,0.4968,0.5786,0.5345,0.5306,-0.0256,0.1586,0.7558,0.3995,0.4706,0.4473,0.4407,0.1814,0.7561,0.3976,0.4699,0.4471,0.4419,0.5677,0.3384,0.3808,0.3575,0.3546,0.8422,0.8724,0.8338,0.8349,0.1754,0.3347,0.298,0.3159,0.2577,0.0705
Hmel201001o,2175001,2225000,2200005,49978,0.011,0.0106,0.0095,0.0196,0.0025,0.0091,0.0044,0.0088,0.0087,0.0106,0.0108,0.0201,0.0387,0.016,0.0178,0.0192,0.0195,0.0096,0.0214,0.0383,0.0152,0.0154,0.018,0.0181,0.0224,0.0385,0.0148,0.0155,0.0182,0.0183,0.0398,0.0224,0.024,0.0238,0.0244,0.0386,0.0384,0.0374,0.0372,0.0097,0.0134,0.0134,0.0116,0.0111,0.0096,-0.0072,0.0298,0.163,0.7162,0.2398,0.4126,0.3335,0.343,-0.0225,0.2011,0.7218,0.2255,0.3606,0.3145,0.3208,0.2429,0.7426,0.2396,0.3959,0.3453,0.3515,0.5911,0.2508,0.3728,0.2829,0.296,0.7513,0.8439,0.7488,0.7509,0.1904,0.209,0.213,0.2883,0.2737,0.0463
Hmel201001o,2200001,2250000,2225001,49997,0.0121,0.0103,0.0094,0.0202,0.0019,0.008,0.0073,0.0107,0.0099,0.0112,0.011,0.0214,0.0328,0.0139,0.0152,0.0222,0.0223,0.0095,0.0222,0.0327,0.0128,0.0133,0.0218,0.0219,0.0228,0.033,0.0125,0.0133,0.022,0.0221,0.0344,0.0224,0.0235,0.0247,0.0254,0.0333,0.033,0.0318,0.0318,0.0101,0.0196,0.0196,0.0186,0.0182,0.0108,-0.0014,0.0096,0.1648,0.662,0.1675,0.2297,0.3338,0.3524,-0.0191,0.2171,0.699,0.1747,0.2135,0.3641,0.3826,0.2441,0.7198,0.1881,0.2407,0.3864,0.4057,0.545,0.262,0.2971,0.2577,0.284,0.7519,0.7655,0.6819,0.6989,0.1442,0.3688,0.3868,0.3613,0.3702,0.0226
Hmel201001o,2225001,2275000,2249994,49987,0.0108,0.0089,0.01,0.0222,0.0026,0.0081,0.0102,0.0118,0.0105,0.01,0.0103,0.0233,0.0281,0.011,0.0122,0.0217,0.0216,0.0092,0.0234,0.0288,0.0101,0.0114,0.0223,0.0222,0.0232,0.0286,0.0104,0.0116,0.0224,0.0223,0.0317,0.0236,0.0234,0.0263,0.0266,0.0283,0.0285,0.0279,0.0282,0.011,0.0218,0.0216,0.0208,0.0206,0.0116,0.0084,-0.0043,0.204,0.6304,0.0798,0.0802,0.3306,0.3536,-0.0147,0.2384,0.68,0.092,0.0917,0.3808,0.4056,0.2139,0.6536,0.0747,0.0739,0.3612,0.3846,0.474,0.2559,0.2154,0.2432,0.2699,0.6953,0.6467,0.6062,0.6369,0.0968,0.3891,0.4127,0.3211,0.3434,0.0208
Hmel201001o,2250001,2300000,2274712,49153,0.0173,0.0156,0.0173,0.0243,0.0046,0.014,0.016,0.0191,0.0185,0.0167,0.0176,0.0258,0.0305,0.0177,0.0191,0.0276,0.0278,0.0159,0.0254,0.0309,0.017,0.0179,0.0282,0.0281,0.0252,0.0307,0.0178,0.0182,0.0284,0.0285,0.0332,0.0266,0.0263,0.031,0.0312,0.0298,0.0304,0.0299,0.0302,0.0175,0.0264,0.0265,0.0265,0.0265,0.0189,0.0085,0.0081,0.1259,0.4883,0.0662,0.0732,0.2146,0.2268,-0.0176,0.1424,0.5229,0.0722,0.067,0.2489,0.2564,0.1141,0.4915,0.068,0.0486,0.2308,0.2409,0.43,0.1897,0.1554,0.1916,0.2029,0.5416,0.5107,0.4484,0.4634,0.0815,0.2415,0.2511,0.2136,0.2229,0.0038
Hmel201001o,2275001,2325000,2300134,49159,0.0216,0.0215,0.0214,0.0239,0.0073,0.0163,0.0209,0.0236,0.0229,0.0217,0.0221,0.0248,0.035,0.0208,0.0227,0.0323,0.0326,0.021,0.0242,0.0354,0.0212,0.0221,0.033,0.033,0.0244,0.0356,0.0214,0.0215,0.0329,0.0332,0.0348,0.0249,0.0251,0.0326,0.0323,0.0338,0.0351,0.0338,0.0345,0.0212,0.0306,0.0308,0.032,0.0321,0.0229,0.0039,0.0145,0.0495,0.432,0.0482,0.0358,0.1864,0.1995,-0.0098,0.039,0.4382,0.0601,0.0214,0.1984,0.2065,0.0439,0.4413,0.0666,0.0076,0.1975,0.2097,0.4118,0.1265,0.0653,0.1643,0.1671,0.4971,0.4416,0.3874,0.4054,0.0678,0.2222,0.2318,0.1892,0.1987,-0.0076
Hmel201001o,2300001,2350000,2324978,49923,0.0202,0.0213,0.0213,0.0247,0.0069,0.0143,0.0189,0.0208,0.0207,0.021,0.0208,0.0247,0.0348,0.0203,0.0222,0.0291,0.0298,0.021,0.0244,0.0355,0.0216,0.0223,0.0298,0.0302,0.0244,0.0358,0.0214,0.0216,0.0297,0.0302,0.0355,0.0256,0.0259,0.0315,0.0314,0.0348,0.0361,0.0349,0.0353,0.0186,0.0268,0.0271,0.0282,0.0287,0.0205,0.007,0.001,0.0601,0.4551,0.0863,0.0662,0.1823,0.1966,-0.0071,0.0388,0.4468,0.1022,0.054,0.1821,0.1903,0.0392,0.4514,0.0989,0.0367,0.1799,0.1898,0.4167,0.1629,0.1016,0.1749,0.1745,0.5493,0.4887,0.4484,0.4536,0.0591,0.2209,0.2274,0.1838,0.1924,-0.0071
Hmel201001o,2325001,2375000,2349992,49882,0.0223,0.0243,0.0245,0.0263,0.0041,0.0181,0.0198,0.0186,0.0203,0.0241,0.023,0.0276,0.0337,0.024,0.0238,0.0297,0.0305,0.0238,0.0267,0.0347,0.0252,0.0255,0.0302,0.0308,0.0272,0.0347,0.0245,0.024,0.0304,0.0309,0.0355,0.0299,0.0294,0.0323,0.0326,0.0344,0.0349,0.0352,0.0356,0.0207,0.027,0.0276,0.0287,0.029,0.019,0.0165,-0.0096,0.0747,0.4517,0.09,0.0656,0.1933,0.1875,-0.0134,0.0319,0.4343,0.0914,0.0781,0.178,0.1685,0.0403,0.4311,0.0748,0.0426,0.1788,0.169,0.4385,0.1686,0.1393,0.2002,0.1826,0.5277,0.5064,0.5274,0.5059,0.0467,0.2007,0.1896,0.2102,0.1939,-0.0106
Hmel201001o,2350001,2400000,2374997,49924,0.0219,0.0229,0.0233,0.0256,0.0049,0.0194,0.0204,0.0188,0.0204,0.0228,0.0224,0.0272,0.0312,0.0229,0.0226,0.0311,0.0317,0.0225,0.0271,0.0321,0.0231,0.0235,0.0311,0.0317,0.0277,0.0321,0.0227,0.0224,0.0313,0.0319,0.0335,0.0292,0.029,0.0327,0.0328,0.0317,0.032,0.0323,0.033,0.0213,0.0294,0.03,0.0309,0.0311,0.0192,0.009,-0.0048,0.0771,0.4135,0.0551,0.0362,0.2198,0.2103,-0.0137,0.0618,0.4103,0.0475,0.0422,0.2064,0.1977,0.0701,0.4055,0.0326,0.0128,0.2068,0.1973,0.4118,0.1464,0.1289,0.2081,0.1908,0.4618,0.449,0.4791,0.4618,0.0376,0.2234,0.2135,0.2349,0.2181,-0.0119
Hmel201001o,2375001,2425000,2400004,49958,0.0221,0.0225,0.022,0.0246,0.0078,0.0203,0.0207,0.0207,0.0213,0.0224,0.0223,0.0269,0.033,0.0236,0.0244,0.031,0.0313,0.0224,0.028,0.0334,0.0237,0.0233,0.0317,0.032,0.027,0.0338,0.0238,0.0243,0.0323,0.0327,0.0346,0.0291,0.0298,0.0332,0.0333,0.0328,0.0337,0.033,0.0329,0.0227,0.0301,0.0307,0.0305,0.0307,0.0209,0.003,0.0072,0.0792,0.3923,0.058,0.0714,0.1932,0.1919,0.0032,0.0948,0.3909,0.0556,0.042,0.2001,0.1971,0.0815,0.4029,0.0632,0.0695,0.2139,0.2131,0.3943,0.1417,0.1491,0.2012,0.1955,0.4161,0.422,0.412,0.4011,0.0554,0.1995,0.2024,0.2016,0.1983,-0.0035
Hmel201001o,2400001,2450000,2424861,49367,0.0228,0.0248,0.0235,0.0271,0.0069,0.0236,0.0195,0.0169,0.0178,0.0238,0.0238,0.0289,0.031,0.0254,0.0241,0.0302,0.0303,0.024,0.0301,0.0321,0.0266,0.0246,0.0316,0.0315,0.0284,0.0331,0.0259,0.0262,0.0316,0.0317,0.0356,0.0305,0.0314,0.0337,0.0338,0.0324,0.031,0.0343,0.034,0.0254,0.0277,0.0282,0.0318,0.0319,0.0175,-0.0003,0.0164,0.0857,0.3677,0.0494,0.0709,0.2175,0.2087,-0.0036,0.0817,0.3537,0.0499,0.0568,0.2159,0.2035,0.0677,0.3858,0.0511,0.1043,0.2312,0.2223,0.3904,0.1023,0.1679,0.2339,0.2231,0.3747,0.4186,0.5006,0.4821,0.0883,0.1633,0.1614,0.2852,0.2752,0.0054
Hmel201001o,2425001,2475000,2450163,49357,0.0213,0.0232,0.0216,0.0293,0.0054,0.0231,0.0175,0.018,0.0176,0.0221,0.0217,0.028,0.0316,0.0245,0.0208,0.0333,0.0333,0.0213,0.0291,0.0332,0.0249,0.022,0.0343,0.0338,0.0279,0.0337,0.0243,0.0222,0.0336,0.0334,0.0375,0.0301,0.0291,0.0372,0.0369,0.0341,0.0319,0.0359,0.0361,0.024,0.0301,0.0295,0.0355,0.0351,0.0179,-0.002,0.007,0.0678,0.4233,0.0532,0.0391,0.2704,0.276,-0.0274,0.0656,0.4142,0.04,0.0426,0.2619,0.2601,0.0627,0.4441,0.0438,0.0681,0.2708,0.2722,0.4069,0.0833,0.1358,0.2463,0.2465,0.4274,0.4887,0.5254,0.5337,0.0895,0.199,0.1934,0.3488,0.348,0.0036
Hmel201001o,2450001,2500000,2474997,49949,0.0247,0.0251,0.0238,0.0297,0.0086,0.0252,0.0215,0.0271,0.0259,0.0254,0.0246,0.0299,0.0429,0.0271,0.0256,0.0394,0.04,0.0237,0.0293,0.043,0.0272,0.0253,0.0406,0.0408,0.0288,0.0425,0.0268,0.0248,0.04,0.0402,0.0445,0.0319,0.0302,0.0423,0.0426,0.0421,0.0438,0.0418,0.0422,0.0257,0.0372,0.0371,0.0397,0.0398,0.0266,0.0106,0.0063,0.0581,0.456,0.0435,0.0541,0.2178,0.2357,-0.018,0.0429,0.4527,0.0412,0.0443,0.2286,0.2425,0.0486,0.4629,0.0474,0.0488,0.2337,0.2468,0.4287,0.0853,0.1005,0.2069,0.2217,0.4425,0.5043,0.4173,0.4344,0.0521,0.1844,0.1939,0.2526,0.2656,0.0011
Hmel201001o,2475001,2525000,2499492,48683,0.0254,0.0254,0.0246,0.0291,0.0086,0.025,0.0242,0.0271,0.0263,0.0261,0.0259,0.0305,0.0435,0.0271,0.0269,0.0385,0.0393,0.0247,0.0293,0.0436,0.0277,0.0268,0.04,0.0407,0.029,0.0431,0.027,0.0265,0.0395,0.0401,0.0445,0.0313,0.031,0.041,0.0417,0.0424,0.0444,0.0419,0.042,0.0258,0.0373,0.0382,0.039,0.0395,0.0266,0.015,0.0188,0.065,0.4543,0.0394,0.044,0.1999,0.218,-0.0061,0.0444,0.4546,0.0514,0.0403,0.2191,0.235,0.0481,0.4599,0.0455,0.0435,0.2205,0.2351,0.435,0.0835,0.0863,0.1962,0.2126,0.4492,0.4759,0.4186,0.429,0.0254,0.1873,0.2076,0.2166,0.2306,-0.0011
Hmel201001o,2500001,2550000,2525148,48708,0.0252,0.0239,0.0233,0.0282,0.0059,0.02,0.0249,0.0251,0.0236,0.0252,0.0252,0.0299,0.0421,0.0266,0.0264,0.0381,0.039,0.0235,0.029,0.0429,0.0265,0.0249,0.0386,0.0393,0.029,0.043,0.0268,0.0253,0.0393,0.0399,0.0424,0.0305,0.0305,0.0399,0.0398,0.042,0.0428,0.0409,0.0413,0.0249,0.0369,0.0376,0.0379,0.0386,0.0244,0.0134,0.0203,0.0646,0.4761,0.0865,0.0282,0.2151,0.2416,-0.0017,0.0626,0.4999,0.0988,0.0105,0.2348,0.2584,0.0703,0.5089,0.1125,0.0257,0.2494,0.2718,0.4588,0.1364,0.0776,0.2099,0.225,0.5444,0.487,0.4652,0.4893,0.0565,0.2538,0.2795,0.2165,0.2404,0.0
Hmel201001o,2525001,2575000,2549921,49836,0.0273,0.0264,0.0274,0.0303,0.006,0.0206,0.0254,0.0265,0.0245,0.0271,0.0279,0.0322,0.0428,0.0279,0.028,0.0388,0.0392,0.0266,0.0312,0.0433,0.0272,0.0262,0.0393,0.0396,0.032,0.0441,0.0287,0.0274,0.0403,0.0402,0.0433,0.0327,0.0322,0.041,0.0407,0.0416,0.0428,0.0417,0.0419,0.0261,0.0377,0.0378,0.0386,0.0389,0.0255,0.0052,0.0111,0.0636,0.4557,0.0799,0.0309,0.1913,0.2143,-0.0057,0.0569,0.4724,0.0774,0.0071,0.2067,0.2284,0.0592,0.4671,0.0955,0.0207,0.2095,0.2269,0.4448,0.1462,0.0841,0.1936,0.2093,0.5327,0.4797,0.4559,0.4822,0.068,0.2428,0.2654,0.2066,0.2288,-0.0002
Hmel201001o,2550001,2600000,2574999,49829,0.0239,0.0249,0.0256,0.0285,0.0064,0.0219,0.0227,0.024,0.0235,0.0244,0.0251,0.0292,0.0411,0.0253,0.0249,0.037,0.0371,0.0251,0.0288,0.0411,0.0254,0.0246,0.0379,0.038,0.0294,0.0415,0.0262,0.0251,0.0379,0.0379,0.042,0.0305,0.0294,0.0389,0.0392,0.041,0.0406,0.0403,0.0407,0.0246,0.0366,0.0368,0.0368,0.0368,0.0239,0.0004,0.008,0.0642,0.4773,0.0528,0.0348,0.2248,0.2323,-0.0036,0.0471,0.4652,0.043,0.0183,0.2261,0.2335,0.0489,0.4603,0.0524,0.0204,0.2194,0.2259,0.446,0.1113,0.0812,0.2068,0.2161,0.5036,0.4882,0.4686,0.4796,0.0521,0.2408,0.2496,0.2338,0.241,0.0039
Hmel201001o,2575001,2625000,2599803,48750,0.0214,0.0226,0.0228,0.0318,0.0078,0.0191,0.0186,0.02,0.0205,0.0226,0.023,0.031,0.037,0.0241,0.0235,0.0345,0.0348,0.0229,0.0307,0.0374,0.0254,0.0237,0.0357,0.0363,0.0309,0.0372,0.0254,0.0236,0.0353,0.0359,0.0403,0.0315,0.0301,0.0387,0.0393,0.0368,0.0365,0.0365,0.037,0.0228,0.0349,0.0354,0.0343,0.0347,0.0205,0.0141,0.0197,0.0968,0.4498,0.0917,0.0855,0.2611,0.2603,0.0037,0.0791,0.438,0.1036,0.0733,0.2646,0.2668,0.0796,0.433,0.1009,0.0693,0.2566,0.2592,0.3786,0.1315,0.1147,0.2203,0.2234,0.4802,0.4853,0.4643,0.4633,0.1003,0.2937,0.2949,0.2926,0.2928,0.0068
Hmel201001o,2600001,2650000,2625430,48736,0.0203,0.0211,0.0231,0.0319,0.0066,0.0176,0.0182,0.0188,0.0197,0.0214,0.0222,0.0313,0.0352,0.0229,0.0243,0.033,0.0333,0.0221,0.0311,0.0357,0.024,0.0244,0.0345,0.035,0.0313,0.0361,0.0249,0.0256,0.035,0.0354,0.0388,0.0321,0.0319,0.038,0.0386,0.0342,0.0355,0.0364,0.0368,0.0224,0.0333,0.034,0.0324,0.0324,0.0192,0.0191,0.0129,0.1142,0.4643,0.102,0.1242,0.2693,0.2619,0.0006,0.1013,0.458,0.1149,0.1157,0.2805,0.2765,0.0824,0.4336,0.1076,0.1138,0.2645,0.2588,0.3764,0.1579,0.1484,0.2249,0.2219,0.4943,0.4987,0.4996,0.4892,0.1195,0.3077,0.3047,0.2859,0.2751,-0.0015
Hmel201001o,2625001,2675000,2649987,49934,0.0196,0.0205,0.0215,0.0252,0.0041,0.0171,0.0187,0.0211,0.021,0.0205,0.0205,0.0254,0.0355,0.021,0.022,0.0343,0.0349,0.0208,0.0259,0.0359,0.0218,0.0227,0.0355,0.0363,0.026,0.0363,0.0219,0.0231,0.036,0.0367,0.0356,0.0277,0.0275,0.0354,0.036,0.0364,0.0365,0.0361,0.0368,0.0207,0.0341,0.035,0.0333,0.0336,0.0208,0.0119,-0.0017,0.0778,0.5156,0.0708,0.0744,0.2676,0.2774,-0.0044,0.0755,0.5058,0.0799,0.0776,0.2743,0.2855,0.0625,0.4944,0.0664,0.0742,0.2689,0.2795,0.4529,0.1563,0.129,0.2234,0.2326,0.5654,0.5406,0.4989,0.5084,0.0786,0.2961,0.3093,0.265,0.2696,-0.0056
Hmel201001o,2650001,2700000,2674443,46604,0.0246,0.0246,0.0246,0.0253,0.0046,0.0212,0.0219,0.0239,0.0227,0.0253,0.0249,0.0276,0.0377,0.0258,0.0256,0.0362,0.0365,0.0243,0.0273,0.0377,0.0255,0.0253,0.0374,0.0378,0.027,0.0378,0.0251,0.0246,0.0372,0.0376,0.036,0.0289,0.0284,0.0363,0.0363,0.0384,0.0384,0.0373,0.0375,0.0237,0.0365,0.0367,0.0363,0.0363,0.023,0.0151,0.0062,0.0541,0.4575,0.0633,0.0507,0.2088,0.225,-0.0063,0.0477,0.4589,0.0578,0.0453,0.2255,0.2415,0.0428,0.4588,0.0482,0.0309,0.2222,0.2395,0.4486,0.12,0.1036,0.2019,0.2148,0.5131,0.5042,0.4643,0.4835,0.0497,0.2482,0.2632,0.2392,0.2508,-0.0053
Hmel201001o,2675001,2725000,2700990,45416,0.0264,0.0274,0.0271,0.0274,0.0061,0.0252,0.0214,0.0257,0.026,0.0272,0.0272,0.0299,0.0378,0.0276,0.0289,0.0366,0.0367,0.027,0.0294,0.0385,0.0275,0.0285,0.0374,0.0374,0.0292,0.0385,0.0276,0.028,0.0378,0.0383,0.0375,0.0304,0.0309,0.0376,0.0375,0.0375,0.038,0.0385,0.0386,0.0263,0.036,0.0363,0.0367,0.0365,0.0258,0.0058,0.0095,0.0578,0.4148,0.0355,0.1004,0.1773,0.1775,-0.0045,0.037,0.4094,0.0238,0.0834,0.1787,0.1769,0.0368,0.4124,0.0279,0.0769,0.1873,0.1911,0.418,0.079,0.134,0.1811,0.1766,0.4268,0.4849,0.4303,0.4286,0.0656,0.1802,0.1832,0.2292,0.2247,-0.001
Hmel201001o,2700001,2750000,2725347,48524,0.0238,0.0256,0.0244,0.0264,0.006,0.0215,0.016,0.0213,0.0237,0.0246,0.0245,0.0283,0.0359,0.0242,0.025,0.0332,0.0332,0.0248,0.0281,0.0368,0.0253,0.0265,0.0341,0.0341,0.0282,0.0366,0.0248,0.0254,0.0342,0.0346,0.0369,0.0294,0.0296,0.0364,0.036,0.0363,0.0364,0.0349,0.0357,0.0241,0.0315,0.0317,0.0324,0.0324,0.0227,-0.0021,0.0093,0.0666,0.4298,0.0346,0.1203,0.2007,0.1753,-0.0042,0.042,0.4145,0.0373,0.1273,0.1948,0.1704,0.0579,0.4295,0.042,0.1209,0.209,0.19,0.4241,0.1145,0.1889,0.222,0.1904,0.4674,0.5514,0.4533,0.4293,0.1324,0.2003,0.178,0.282,0.2527,0.0059
Hmel201001o,2725001,2775000,2750024,49560,0.0229,0.0218,0.0223,0.0253,0.0052,0.0203,0.0161,0.0197,0.0203,0.0224,0.023,0.0269,0.0352,0.0239,0.0229,0.0319,0.0314,0.0217,0.0255,0.0343,0.0232,0.0233,0.0319,0.0316,0.0266,0.0351,0.0235,0.0229,0.0321,0.0318,0.0355,0.0286,0.0277,0.0343,0.0337,0.0358,0.0351,0.0339,0.0339,0.0225,0.0302,0.0298,0.03,0.0297,0.0202,0.0016,0.0108,0.063,0.4453,0.0542,0.0847,0.2094,0.1947,-0.0078,0.0482,0.4516,0.0528,0.1089,0.2224,0.2099,0.0641,0.4536,0.0533,0.0936,0.2198,0.2074,0.4341,0.1265,0.1678,0.2238,0.2072,0.4917,0.5507,0.479,0.4694,0.1128,0.2143,0.2005,0.2651,0.2514,0.0054
Hmel201001o,2750001,2800000,2775015,49778,0.0247,0.0237,0.0249,0.0252,0.0064,0.0224,0.0183,0.0226,0.0229,0.0244,0.0251,0.0279,0.0371,0.0267,0.0258,0.0355,0.0351,0.0239,0.0266,0.0361,0.0263,0.0251,0.0352,0.0348,0.0276,0.0371,0.0268,0.0255,0.0361,0.0352,0.037,0.0298,0.028,0.0355,0.035,0.0365,0.0365,0.0363,0.0356,0.0234,0.0335,0.0332,0.0333,0.0329,0.0229,0.0056,0.0069,0.0592,0.4254,0.0672,0.0953,0.2111,0.2024,-0.0087,0.0471,0.4279,0.07,0.0934,0.2167,0.2076,0.0502,0.4222,0.0654,0.0873,0.2161,0.2012,0.4341,0.1212,0.144,0.2067,0.196,0.4508,0.5105,0.4449,0.4327,0.0732,0.2061,0.199,0.2501,0.2414,0.0024
Hmel201001o,2775001,2825000,2800000,49962,0.0264,0.0255,0.026,0.0229,0.0063,0.022,0.0187,0.0231,0.0242,0.027,0.0271,0.0281,0.0386,0.027,0.0278,0.036,0.0356,0.0252,0.0262,0.0385,0.0269,0.0264,0.0371,0.0368,0.0267,0.0392,0.0273,0.0263,0.0375,0.0371,0.0377,0.0286,0.0278,0.0364,0.0358,0.0374,0.0386,0.0364,0.0364,0.0241,0.0347,0.0341,0.0356,0.0354,0.0236,0.0205,0.0171,0.0612,0.4201,0.0577,0.1098,0.1936,0.1773,-0.0115,0.0367,0.4322,0.0664,0.0934,0.2194,0.2043,0.0401,0.4329,0.068,0.0875,0.2199,0.2032,0.4719,0.1277,0.1576,0.2322,0.2124,0.4682,0.5273,0.4402,0.4252,0.0897,0.2228,0.2026,0.2722,0.2569,-0.0007
Hmel201001o,2800001,2850000,2824984,49937,0.0272,0.0246,0.0248,0.0246,0.0062,0.0209,0.0209,0.0247,0.025,0.0271,0.0272,0.0291,0.0362,0.0265,0.0272,0.0339,0.0337,0.0246,0.0266,0.0373,0.0258,0.0254,0.0365,0.036,0.027,0.0374,0.0261,0.0253,0.0371,0.0368,0.0365,0.0287,0.0284,0.0368,0.0358,0.0355,0.0364,0.035,0.0349,0.0241,0.0348,0.0346,0.0347,0.0342,0.0245,0.0239,0.0231,0.056,0.3834,0.0506,0.0656,0.1404,0.1339,-0.0017,0.0415,0.4318,0.0672,0.059,0.2041,0.1948,0.0469,0.4299,0.071,0.055,0.2106,0.2033,0.4391,0.1285,0.1212,0.204,0.1882,0.4635,0.4738,0.4028,0.3979,0.077,0.2186,0.2137,0.2175,0.2074,-0.0069
Hmel201001o,2825001,2875000,2849926,49733,0.0294,0.0269,0.0268,0.0261,0.0062,0.0228,0.0232,0.0255,0.0262,0.0299,0.0299,0.0312,0.0376,0.0291,0.0294,0.0347,0.0346,0.0269,0.0291,0.0392,0.0287,0.0291,0.0374,0.037,0.0286,0.0388,0.0287,0.0294,0.038,0.0377,0.0378,0.0309,0.0312,0.0364,0.0361,0.0368,0.0378,0.0372,0.0373,0.0272,0.0353,0.0355,0.0342,0.034,0.0259,0.0319,0.033,0.0557,0.3731,0.058,0.0604,0.1246,0.116,0.0004,0.0477,0.4226,0.0769,0.0797,0.1861,0.1737,0.0401,0.4193,0.0782,0.0858,0.1947,0.184,0.4352,0.128,0.1272,0.178,0.1657,0.4512,0.457,0.4188,0.4098,0.0898,0.1984,0.1933,0.1779,0.1671,0.0013
Hmel201001o,2850001,2900000,2875020,49657,0.0273,0.0274,0.0275,0.0249,0.0061,0.0239,0.0213,0.0249,0.0256,0.029,0.0293,0.0293,0.0376,0.0285,0.0288,0.0346,0.0344,0.027,0.0285,0.0385,0.0289,0.0298,0.0361,0.0359,0.0276,0.0387,0.0295,0.0304,0.0368,0.037,0.0372,0.0302,0.0309,0.0344,0.0349,0.0374,0.0389,0.0373,0.0381,0.0269,0.0345,0.0345,0.0348,0.0349,0.0255,0.0318,0.0352,0.0562,0.3993,0.0574,0.0893,0.1478,0.1381,-0.0095,0.0401,0.4089,0.0628,0.1076,0.1692,0.1595,0.0218,0.4092,0.0739,0.1162,0.1774,0.1733,0.444,0.1136,0.1567,0.1669,0.1659,0.4431,0.495,0.4281,0.4279,0.0916,0.181,0.1746,0.2121,0.2077,0.0052
Hmel201001o,2875001,2925000,2899588,48922,0.0235,0.0248,0.0244,0.0266,0.0068,0.0226,0.0204,0.0242,0.0242,0.0245,0.0244,0.0279,0.0374,0.0256,0.0243,0.0334,0.0332,0.0241,0.0277,0.0376,0.0266,0.0254,0.0342,0.0342,0.0274,0.0377,0.0271,0.0253,0.0345,0.0346,0.0371,0.0297,0.0288,0.0348,0.0349,0.037,0.0383,0.0375,0.038,0.0239,0.033,0.0332,0.0341,0.0341,0.0246,0.0078,0.0093,0.0625,0.4395,0.0551,0.0543,0.1753,0.1722,-0.0098,0.0428,0.4252,0.0619,0.0623,0.1745,0.1741,0.0421,0.4305,0.0747,0.0652,0.182,0.1837,0.4144,0.1052,0.1174,0.1658,0.1678,0.4483,0.4925,0.4303,0.4369,0.0568,0.1789,0.1819,0.2204,0.2198,0.0083
Hmel201001o,2900001,2950000,2924706,47395,0.0225,0.0234,0.0234,0.0268,0.008,0.021,0.0205,0.0232,0.0235,0.0231,0.023,0.0279,0.0379,0.0248,0.0244,0.0331,0.0328,0.0231,0.0273,0.0381,0.0255,0.0253,0.0338,0.0339,0.0275,0.0383,0.0255,0.0249,0.0335,0.0335,0.0381,0.029,0.029,0.0349,0.035,0.0376,0.0386,0.0381,0.0383,0.0231,0.0315,0.0317,0.0323,0.0324,0.0239,0.0044,0.0014,0.0734,0.4424,0.0694,0.0681,0.1926,0.185,-0.0067,0.0498,0.4317,0.0737,0.0746,0.1932,0.1918,0.0545,0.4341,0.0739,0.0671,0.1891,0.1859,0.4048,0.1105,0.1175,0.1766,0.1749,0.4592,0.4774,0.4347,0.4339,0.0565,0.1851,0.1847,0.2042,0.2015,0.0127
Hmel201001o,2925001,2975000,2950349,47356,0.0227,0.0237,0.0229,0.0246,0.0077,0.0201,0.0213,0.0227,0.0228,0.024,0.0239,0.0276,0.0365,0.0266,0.0269,0.0339,0.0337,0.0231,0.0269,0.0369,0.0266,0.027,0.034,0.0339,0.0266,0.0372,0.027,0.0271,0.0339,0.0336,0.0364,0.0296,0.03,0.0343,0.0341,0.0368,0.0375,0.0363,0.0367,0.0236,0.0307,0.0308,0.0315,0.0314,0.0228,0.0187,0.0236,0.0835,0.4268,0.1136,0.1051,0.2075,0.2033,-0.0049,0.0579,0.4189,0.1029,0.0961,0.1995,0.196,0.0628,0.4321,0.1189,0.1077,0.2065,0.2007,0.4169,0.1529,0.1444,0.1936,0.1893,0.4669,0.458,0.4258,0.4289,0.0707,0.1886,0.1883,0.1871,0.1849,0.0025
Hmel201001o,2950001,3000000,2975289,48927,0.0246,0.0261,0.0242,0.0243,0.0073,0.0237,0.0224,0.0229,0.0247,0.0265,0.0257,0.0294,0.0372,0.0285,0.0283,0.0357,0.0358,0.025,0.0281,0.0376,0.0287,0.0274,0.0362,0.0363,0.0278,0.0378,0.0287,0.0282,0.0361,0.036,0.036,0.031,0.0307,0.0357,0.0353,0.0369,0.0374,0.0363,0.0367,0.027,0.0327,0.0327,0.0342,0.0342,0.0241,0.0247,0.0288,0.0952,0.4157,0.0868,0.0981,0.2127,0.1955,-0.0019,0.0538,0.4012,0.0757,0.0647,0.204,0.1868,0.071,0.4285,0.0953,0.1012,0.2223,0.2013,0.4224,0.1328,0.1452,0.2134,0.1874,0.4243,0.4481,0.4289,0.4095,0.083,0.177,0.1571,0.2148,0.1946,0.0064
Hmel201001o,2975001,3025000,3000031,49907,0.0257,0.0264,0.0257,0.0254,0.0068,0.0236,0.0228,0.0235,0.0263,0.0265,0.026,0.0292,0.0368,0.0272,0.0273,0.0356,0.0353,0.0258,0.028,0.0365,0.0273,0.0259,0.0361,0.0358,0.028,0.037,0.0269,0.0269,0.0361,0.0358,0.0355,0.0291,0.0295,0.0361,0.0355,0.0361,0.0368,0.0359,0.0364,0.0265,0.0334,0.0332,0.0352,0.0349,0.0253,0.0097,0.0067,0.0686,0.4025,0.0521,0.0622,0.1932,0.1604,-0.005,0.0391,0.3914,0.0473,0.0274,0.1927,0.1613,0.0471,0.4049,0.0462,0.0547,0.1996,0.1677,0.4096,0.0918,0.1093,0.2022,0.1619,0.4229,0.4424,0.4234,0.3916,0.07,0.1823,0.1492,0.218,0.1844,0.0093
Hmel201001o,3000001,3050000,3024244,48143,0.0257,0.0248,0.0248,0.0251,0.0064,0.0218,0.0227,0.0234,0.0249,0.0253,0.0251,0.0277,0.0352,0.0265,0.0264,0.0347,0.0342,0.0243,0.0274,0.0351,0.0267,0.0244,0.0352,0.0347,0.027,0.0353,0.0267,0.0259,0.0351,0.0348,0.035,0.0289,0.029,0.0354,0.035,0.0348,0.035,0.0346,0.0348,0.0252,0.0335,0.0331,0.0342,0.0338,0.0245,0.0021,-0.0021,0.0446,0.3887,0.0591,0.0465,0.181,0.1584,-0.01,0.0485,0.3996,0.0719,0.015,0.1972,0.1736,0.0419,0.4027,0.0734,0.0475,0.1954,0.1763,0.413,0.1144,0.1054,0.1959,0.1728,0.4386,0.4286,0.4127,0.3941,0.0665,0.2042,0.1814,0.2048,0.1836,0.0076
Hmel201001o,3025001,3075000,3050202,48094,0.0253,0.0255,0.0243,0.0239,0.0051,0.0201,0.0216,0.0224,0.0244,0.0253,0.0249,0.0273,0.0352,0.0266,0.0262,0.0352,0.0349,0.0245,0.0282,0.0359,0.0271,0.0248,0.036,0.0358,0.0275,0.0362,0.0277,0.0261,0.0364,0.0363,0.0352,0.0297,0.0293,0.0355,0.0352,0.0345,0.0352,0.0344,0.0348,0.0251,0.0338,0.0338,0.0349,0.0348,0.0236,-0.0017,0.0032,0.0517,0.4128,0.0829,0.0589,0.2027,0.178,-0.0079,0.0669,0.4176,0.0908,0.0283,0.2112,0.1883,0.0689,0.4374,0.1152,0.0687,0.2294,0.2073,0.4503,0.1616,0.1364,0.2199,0.1932,0.4797,0.4657,0.4438,0.4195,0.0976,0.2386,0.2165,0.2386,0.2151,0.0037
Hmel201001o,3050001,3100000,3075019,49912,0.025,0.025,0.0236,0.0238,0.0039,0.0189,0.0191,0.0233,0.024,0.0248,0.0244,0.0268,0.0361,0.0254,0.025,0.0353,0.035,0.0238,0.0271,0.0361,0.0245,0.0234,0.0355,0.0353,0.0269,0.0364,0.0249,0.0239,0.0363,0.0359,0.035,0.0276,0.0274,0.0354,0.0349,0.0351,0.036,0.0347,0.0351,0.0226,0.0337,0.0337,0.0348,0.0344,0.0234,-0.0039,0.0019,0.0463,0.4449,0.0781,0.0675,0.1979,0.1868,-0.0112,0.053,0.4447,0.0593,0.0328,0.201,0.1905,0.0662,0.4688,0.0838,0.0617,0.2266,0.2142,0.4674,0.142,0.1365,0.2094,0.1937,0.5262,0.5324,0.4531,0.4479,0.0919,0.2412,0.2333,0.2561,0.2418,-0.0063
Hmel201001o,3075001,3125000,3100003,49960,0.0261,0.0261,0.0246,0.0254,0.0052,0.0197,0.0194,0.0252,0.0251,0.0261,0.0254,0.0277,0.0366,0.026,0.0261,0.0364,0.037,0.0252,0.0276,0.0365,0.0251,0.0245,0.0363,0.0367,0.0271,0.0368,0.0256,0.0258,0.0373,0.0378,0.036,0.0279,0.0288,0.037,0.0373,0.0365,0.0371,0.0359,0.0363,0.0231,0.0353,0.0357,0.0359,0.036,0.0248,-0.0002,0.0014,0.0373,0.4166,0.0668,0.0741,0.1828,0.192,-0.0036,0.0359,0.4154,0.0482,0.0401,0.1816,0.1885,0.0433,0.4383,0.0752,0.0846,0.2097,0.2181,0.4386,0.1216,0.1423,0.1952,0.2009,0.5065,0.5186,0.4214,0.4274,0.0881,0.2334,0.24,0.2464,0.2491,-0.0066
Hmel201001o,3100001,3150000,3124980,49917,0.027,0.0279,0.0264,0.0271,0.006,0.0225,0.0233,0.0267,0.0263,0.0274,0.027,0.0291,0.0371,0.0285,0.0285,0.0376,0.0382,0.0275,0.0289,0.0377,0.0284,0.0275,0.0382,0.0385,0.0282,0.038,0.0294,0.0297,0.0395,0.0399,0.0371,0.0305,0.0313,0.0384,0.039,0.0374,0.0381,0.0376,0.0383,0.0263,0.0355,0.0356,0.0373,0.0374,0.0263,-0.0017,0.0062,0.0372,0.399,0.0748,0.0652,0.1752,0.1882,0.0057,0.0244,0.394,0.0639,0.0369,0.1746,0.1826,0.0282,0.4176,0.0968,0.0942,0.2057,0.2149,0.4183,0.1162,0.1198,0.1836,0.1953,0.464,0.4608,0.4085,0.4223,0.0733,0.1913,0.1974,0.2087,0.2134,-0.0046
Hmel201001o,3125001,3175000,3150014,49924,0.0266,0.0267,0.0261,0.0237,0.0061,0.0255,0.0215,0.0258,0.025,0.0269,0.0269,0.0277,0.0369,0.029,0.0287,0.0364,0.0368,0.0265,0.0266,0.0378,0.0285,0.0271,0.0371,0.0376,0.027,0.0377,0.0293,0.0294,0.0376,0.0382,0.0361,0.0298,0.0293,0.0361,0.0364,0.0362,0.0374,0.0368,0.0373,0.0279,0.0332,0.0334,0.0357,0.0356,0.0253,0.0051,0.0126,0.0444,0.4017,0.0574,0.0935,0.1715,0.1864,0.0022,0.0215,0.4091,0.0472,0.0622,0.1805,0.1957,0.0372,0.4178,0.0687,0.1133,0.1931,0.2092,0.4474,0.096,0.1396,0.1906,0.2047,0.4075,0.4767,0.4101,0.4277,0.0916,0.1364,0.1473,0.2142,0.2208,-0.0028
Hmel201001o,3150001,3200000,3174998,49983,0.0258,0.024,0.025,0.0226,0.0062,0.0234,0.0198,0.0234,0.0229,0.0255,0.0258,0.0269,0.0355,0.0269,0.0264,0.0331,0.0337,0.0245,0.0256,0.0365,0.0265,0.0245,0.0339,0.0351,0.0263,0.0358,0.027,0.026,0.034,0.0351,0.0355,0.0287,0.0274,0.0346,0.0355,0.0344,0.0351,0.034,0.0341,0.0259,0.0308,0.0313,0.0324,0.0326,0.0232,0.0133,0.0094,0.0497,0.3942,0.0487,0.0788,0.1563,0.1707,0.0001,0.0461,0.4309,0.0602,0.0599,0.1873,0.2099,0.0474,0.4079,0.0586,0.0788,0.1777,0.1988,0.4529,0.114,0.1376,0.2072,0.2258,0.4146,0.4747,0.409,0.4166,0.0954,0.1457,0.1586,0.2107,0.2185,0.0007
Hmel201001o,3175001,3225000,3200001,49980,0.025,0.0228,0.0248,0.0254,0.005,0.022,0.0216,0.0213,0.0207,0.024,0.025,0.0278,0.0367,0.0263,0.0259,0.0332,0.0332,0.0235,0.0263,0.037,0.0261,0.0249,0.0343,0.0346,0.027,0.0365,0.0271,0.025,0.0343,0.0342,0.0368,0.0301,0.0285,0.0357,0.036,0.036,0.0359,0.0351,0.0354,0.0245,0.0309,0.0309,0.0313,0.0311,0.0213,0.0026,0.0028,0.0511,0.435,0.06,0.0556,0.1871,0.1948,-0.0063,0.0504,0.4695,0.0802,0.0604,0.2279,0.2391,0.0394,0.4369,0.078,0.0389,0.2069,0.2115,0.4507,0.1306,0.1071,0.2224,0.2338,0.4706,0.475,0.4715,0.483,0.0625,0.1858,0.1926,0.1971,0.2002,0.0071
Hmel201001o,3200001,3250000,3225001,49994,0.0249,0.0231,0.0234,0.0262,0.0048,0.0175,0.0188,0.0202,0.0205,0.024,0.0245,0.0276,0.0367,0.0274,0.0281,0.0339,0.0337,0.023,0.0259,0.0367,0.028,0.0287,0.0349,0.0346,0.0268,0.0367,0.0284,0.0282,0.0349,0.0343,0.0372,0.0317,0.0316,0.0364,0.0357,0.0366,0.0366,0.0363,0.0362,0.021,0.0295,0.0294,0.0294,0.029,0.0208,-0.0011,0.0071,0.0416,0.439,0.1337,0.1317,0.2109,0.2051,-0.0056,0.0319,0.4641,0.1679,0.164,0.2463,0.2388,0.0453,0.4602,0.1716,0.1504,0.2421,0.2306,0.4462,0.2046,0.1868,0.2368,0.2256,0.5489,0.5277,0.5038,0.4988,0.0765,0.2309,0.2268,0.2122,0.2023,0.0121
Hmel201001o,3225001,3275000,3249944,49883,0.0224,0.0193,0.0174,0.0237,0.0042,0.0124,0.015,0.0172,0.0176,0.021,0.0205,0.0256,0.0341,0.0271,0.0274,0.0307,0.0308,0.0189,0.0239,0.0342,0.0291,0.0289,0.0326,0.0327,0.0256,0.0346,0.0296,0.0297,0.0332,0.0336,0.0343,0.0305,0.0308,0.0328,0.0325,0.0351,0.0351,0.0342,0.0342,0.0152,0.0222,0.0223,0.0229,0.0228,0.0176,0.0043,0.016,0.0573,0.4543,0.2287,0.2001,0.2269,0.2229,0.0149,0.0653,0.5042,0.3083,0.269,0.2953,0.2905,0.1259,0.5404,0.344,0.3091,0.329,0.3284,0.4553,0.2825,0.2513,0.2492,0.2395,0.6318,0.5871,0.539,0.5319,0.0563,0.21,0.2038,0.1849,0.1759,0.0052
Hmel201001o,3250001,3300000,3274818,49388,0.0188,0.0154,0.0145,0.0237,0.0032,0.0129,0.0152,0.0131,0.0144,0.0173,0.0169,0.0265,0.0339,0.0263,0.0246,0.0311,0.0313,0.0158,0.0248,0.0339,0.0285,0.026,0.0332,0.0336,0.0267,0.0342,0.0293,0.0272,0.0336,0.0343,0.0344,0.03,0.0293,0.0337,0.0337,0.0355,0.0353,0.0347,0.0358,0.0148,0.02,0.0206,0.0236,0.0239,0.0136,0.0061,0.0067,0.1233,0.5256,0.2603,0.194,0.3368,0.322,0.0287,0.1403,0.5849,0.3517,0.2727,0.4157,0.4012,0.1901,0.6042,0.3784,0.3082,0.4344,0.4227,0.4733,0.2687,0.2238,0.3186,0.3005,0.6452,0.6028,0.6352,0.6212,0.0296,0.2253,0.2147,0.2635,0.2484,-0.0061
Hmel201001o,3275001,3325000,3300015,49380,0.0226,0.0204,0.021,0.0289,0.0056,0.0192,0.0209,0.0196,0.0213,0.0218,0.0219,0.0303,0.0396,0.0277,0.0276,0.0355,0.0358,0.0213,0.029,0.0394,0.0289,0.0283,0.0368,0.0373,0.03,0.0397,0.0294,0.0287,0.0365,0.0369,0.0416,0.0331,0.0334,0.0395,0.0395,0.0408,0.0409,0.0405,0.0409,0.0227,0.0307,0.0314,0.0349,0.0357,0.0204,0.0062,0.0023,0.0949,0.4912,0.1474,0.1248,0.267,0.2516,0.0149,0.0997,0.5207,0.1968,0.1652,0.3088,0.2961,0.1089,0.5142,0.1975,0.1652,0.2981,0.2836,0.4487,0.18,0.1639,0.2595,0.2397,0.5503,0.5276,0.5413,0.5213,0.0652,0.236,0.2258,0.2783,0.269,-0.0011
Hmel201001o,3300001,3350000,3325006,49845,0.0227,0.0221,0.0223,0.0271,0.0072,0.0228,0.0212,0.0252,0.0263,0.0223,0.023,0.0277,0.041,0.0258,0.0256,0.0343,0.0343,0.0223,0.0267,0.0407,0.0262,0.0254,0.0356,0.0355,0.0274,0.041,0.0273,0.0261,0.0356,0.0358,0.0417,0.031,0.0302,0.0376,0.0371,0.0402,0.0415,0.0404,0.0399,0.0253,0.0341,0.0343,0.036,0.0362,0.0255,-0.0032,0.0114,0.0634,0.4809,0.0668,0.081,0.1858,0.175,0.0032,0.0534,0.4863,0.0815,0.0844,0.2119,0.1993,0.0647,0.4868,0.1006,0.0976,0.2101,0.2008,0.4489,0.1196,0.1264,0.1889,0.1705,0.4727,0.5069,0.443,0.4231,0.0738,0.1825,0.1745,0.227,0.2189,-0.0058
Hmel201001o,3325001,3375000,3350010,49970,0.0222,0.0209,0.0216,0.0265,0.0054,0.022,0.0188,0.0228,0.024,0.0211,0.0219,0.0284,0.0391,0.0231,0.0218,0.0331,0.0325,0.0208,0.0274,0.039,0.0238,0.0211,0.0343,0.0334,0.0278,0.0392,0.0243,0.0218,0.0344,0.0337,0.0402,0.0311,0.0289,0.0354,0.0344,0.0381,0.0392,0.0388,0.0382,0.0222,0.0337,0.0334,0.0339,0.0333,0.0233,-0.0121,0.0008,0.0874,0.4936,0.0228,0.0321,0.2002,0.1782,-0.0118,0.0858,0.5115,0.0542,0.0333,0.2332,0.2074,0.0847,0.504,0.0575,0.0415,0.2274,0.2045,0.4649,0.1368,0.1404,0.1906,0.1636,0.4868,0.5448,0.4831,0.4606,0.0445,0.2114,0.1937,0.2518,0.2299,-0.0028
Hmel201001o,3350001,3400000,3374854,48710,0.0229,0.0217,0.0219,0.0271,0.004,0.0204,0.0203,0.0208,0.0205,0.0223,0.0227,0.0288,0.0375,0.0231,0.023,0.0301,0.0295,0.0216,0.0281,0.0381,0.0237,0.0225,0.0309,0.0305,0.028,0.0381,0.0232,0.0225,0.0311,0.0303,0.0399,0.0309,0.0294,0.0321,0.0317,0.0376,0.0389,0.0376,0.0374,0.0218,0.0309,0.0301,0.0311,0.0305,0.0208,-0.0003,0.0064,0.0826,0.4886,0.0344,0.0344,0.1684,0.1624,-0.0052,0.0835,0.511,0.0618,0.0368,0.1957,0.1911,0.0784,0.5084,0.0491,0.0328,0.1957,0.1864,0.4734,0.1468,0.1242,0.1617,0.1588,0.5248,0.5397,0.5207,0.5222,0.0355,0.2109,0.2004,0.2157,0.2088,0.0059
Hmel201001o,3375001,3425000,3400516,48700,0.0171,0.0176,0.0174,0.023,0.0043,0.0161,0.0185,0.0189,0.0184,0.0177,0.0181,0.0232,0.0366,0.0189,0.0227,0.0269,0.0267,0.0175,0.0225,0.0367,0.0192,0.0223,0.0277,0.0277,0.0227,0.0369,0.0186,0.0225,0.028,0.0278,0.0378,0.0245,0.0259,0.0306,0.0304,0.0365,0.0371,0.0358,0.0364,0.0212,0.0266,0.0261,0.0277,0.0274,0.0188,0.0112,0.0243,0.0902,0.5634,0.0665,0.1289,0.208,0.2123,0.0017,0.0662,0.5568,0.0673,0.1112,0.2155,0.2236,0.0754,0.5623,0.0566,0.1202,0.2246,0.2292,0.5011,0.1316,0.1242,0.201,0.2055,0.5791,0.5475,0.527,0.5419,0.1083,0.2174,0.2147,0.2055,0.2066,0.0063
Hmel201001o,3400001,3450000,3424706,49048,0.0181,0.0168,0.0169,0.0226,0.0041,0.0146,0.0181,0.0177,0.0183,0.0177,0.0181,0.0239,0.0364,0.0182,0.023,0.0297,0.0296,0.0167,0.023,0.0357,0.0176,0.0214,0.0312,0.0314,0.0234,0.0363,0.018,0.0223,0.0309,0.0311,0.0372,0.0249,0.0268,0.0331,0.0331,0.0362,0.0353,0.035,0.0355,0.0204,0.0307,0.0306,0.0305,0.0305,0.0185,0.0075,0.016,0.0936,0.5471,0.0557,0.1249,0.2595,0.25,-0.005,0.0938,0.5617,0.0576,0.1078,0.3013,0.2943,0.0999,0.566,0.0699,0.1286,0.2955,0.2891,0.5014,0.167,0.1511,0.2592,0.2499,0.6031,0.5371,0.5406,0.5352,0.1157,0.3234,0.3134,0.2728,0.2645,0.013
Hmel201001o,3425001,3475000,3450181,49057,0.0235,0.0205,0.0218,0.0257,0.0061,0.0155,0.0215,0.0219,0.0215,0.0225,0.0228,0.028,0.0365,0.0239,0.0248,0.0324,0.0325,0.0209,0.0268,0.0366,0.0237,0.0235,0.0343,0.0343,0.0269,0.0373,0.0243,0.024,0.0338,0.0341,0.0389,0.0305,0.0294,0.036,0.036,0.0369,0.036,0.036,0.0356,0.0213,0.0327,0.0326,0.0328,0.033,0.0223,0.0111,0.0022,0.0702,0.4375,0.106,0.0521,0.1851,0.1905,-0.0061,0.0884,0.4831,0.1454,0.0598,0.2483,0.2525,0.0732,0.4705,0.1378,0.0538,0.2253,0.2341,0.4507,0.2177,0.1221,0.2156,0.2211,0.5623,0.4619,0.4546,0.4567,0.0738,0.2845,0.2886,0.2134,0.2223,0.014
Hmel201001o,3450001,3500000,3474995,49742,0.0246,0.0228,0.0253,0.0277,0.0087,0.0192,0.0228,0.0263,0.0254,0.0241,0.0247,0.0293,0.0392,0.0271,0.0265,0.0345,0.0353,0.0238,0.028,0.0399,0.0281,0.0267,0.0357,0.0362,0.0288,0.0405,0.0286,0.0266,0.0358,0.0369,0.0412,0.0325,0.0309,0.0377,0.0386,0.0399,0.0392,0.0391,0.039,0.0251,0.0324,0.0329,0.0341,0.0345,0.0258,0.0108,-0.0057,0.0651,0.4197,0.1137,0.059,0.1596,0.1802,-0.0048,0.0643,0.4502,0.1528,0.0839,0.195,0.2109,0.0478,0.4242,0.1324,0.0539,0.1713,0.1949,0.4187,0.1826,0.1135,0.1743,0.1946,0.4987,0.4424,0.3971,0.4076,0.094,0.1861,0.2027,0.1723,0.1873,-0.0002
Hmel201001o,3475001,3525000,3500121,49718,0.0242,0.0232,0.0246,0.027,0.0082,0.0245,0.0179,0.0253,0.0257,0.0239,0.0245,0.0286,0.0424,0.0278,0.0244,0.0366,0.0377,0.0236,0.0281,0.0424,0.0275,0.0244,0.0372,0.0381,0.0286,0.0425,0.0286,0.0245,0.0377,0.0388,0.043,0.0319,0.0294,0.0391,0.0406,0.0412,0.0427,0.0404,0.0413,0.0273,0.0323,0.0333,0.0373,0.0379,0.0251,0.0049,0.003,0.0636,0.4631,0.0709,0.0776,0.2038,0.2143,-0.0058,0.0655,0.4751,0.0751,0.0914,0.2213,0.2298,0.0585,0.4591,0.0804,0.0746,0.2133,0.2239,0.4488,0.1154,0.1551,0.2077,0.2215,0.4477,0.5473,0.4287,0.4333,0.1329,0.1362,0.1486,0.2789,0.2817,-0.0092
Hmel201001o,3500001,3550000,3524994,49918,0.0254,0.0245,0.0244,0.0267,0.0073,0.0247,0.0177,0.0252,0.0258,0.0249,0.0254,0.0297,0.0417,0.0277,0.0243,0.0384,0.0386,0.0241,0.0292,0.0412,0.0274,0.0242,0.0389,0.0392,0.029,0.0414,0.0281,0.0247,0.0389,0.0392,0.0414,0.0319,0.0299,0.039,0.0394,0.0404,0.0423,0.0401,0.0404,0.0257,0.0344,0.0348,0.0388,0.0388,0.0256,-0.0016,0.0098,0.0715,0.4533,0.0534,0.0641,0.2164,0.213,-0.0094,0.0729,0.4586,0.0581,0.0726,0.2313,0.2283,0.0696,0.4625,0.0723,0.0835,0.2315,0.2306,0.4495,0.1165,0.1696,0.21,0.2091,0.4493,0.5598,0.4395,0.435,0.1026,0.1688,0.168,0.3009,0.295,0.0022
Hmel201001o,3525001,3575000,3550008,49921,0.0272,0.0257,0.0249,0.0278,0.0062,0.0223,0.0214,0.0262,0.0263,0.0264,0.0264,0.03,0.0404,0.0268,0.0268,0.0377,0.0378,0.025,0.0299,0.04,0.0262,0.0257,0.039,0.0388,0.0292,0.0403,0.0264,0.0259,0.0383,0.0386,0.0393,0.0305,0.0308,0.038,0.0383,0.0402,0.0408,0.0403,0.0398,0.0245,0.0374,0.0374,0.0382,0.038,0.0267,-0.0002,0.0064,0.0466,0.4309,0.0426,0.0528,0.1794,0.1812,-0.0051,0.0619,0.447,0.0476,0.0466,0.2113,0.2091,0.0589,0.459,0.0609,0.0607,0.2096,0.2131,0.4308,0.1117,0.1275,0.1771,0.1808,0.4937,0.5113,0.4415,0.4362,0.062,0.2246,0.2243,0.2439,0.241,0.008
Hmel201001o,3550001,3600000,3574977,49895,0.0278,0.0264,0.0256,0.0306,0.0076,0.0251,0.0208,0.0261,0.0263,0.0271,0.027,0.0311,0.0409,0.0279,0.0276,0.0369,0.0374,0.0257,0.0312,0.0407,0.0271,0.0255,0.0381,0.0382,0.0308,0.0409,0.0277,0.0261,0.038,0.0382,0.0421,0.0323,0.0312,0.0387,0.0389,0.0408,0.0418,0.0402,0.0399,0.0262,0.0369,0.037,0.0381,0.0381,0.0263,-0.0005,0.0057,0.0381,0.412,0.0284,0.0681,0.1644,0.1692,-0.0055,0.0551,0.4272,0.028,0.0398,0.1943,0.1933,0.0575,0.4386,0.0466,0.063,0.2009,0.2019,0.4118,0.0856,0.1177,0.1664,0.168,0.4439,0.509,0.4249,0.4199,0.0695,0.1903,0.1891,0.2491,0.2469,0.0031
Hmel201001o,3575001,3625000,3599941,49613,0.026,0.026,0.0264,0.0297,0.009,0.0252,0.0216,0.0247,0.0258,0.0259,0.0261,0.03,0.0396,0.0266,0.0273,0.0374,0.038,0.0259,0.0301,0.0397,0.0266,0.0259,0.0381,0.0382,0.0305,0.0401,0.0279,0.0272,0.038,0.0383,0.0422,0.0315,0.0307,0.0388,0.0387,0.0395,0.0404,0.0381,0.0379,0.0267,0.0366,0.0368,0.0373,0.0375,0.0252,-0.0021,-0.0026,0.0448,0.4032,0.0206,0.0733,0.2028,0.1998,-0.0069,0.0467,0.4042,0.0203,0.0455,0.2117,0.2027,0.0483,0.403,0.0405,0.0668,0.2061,0.1996,0.4036,0.0786,0.1082,0.1884,0.1769,0.4117,0.4678,0.4032,0.3865,0.0708,0.1991,0.1912,0.2462,0.2381,-0.0007
Hmel201001o,3600001,3650000,3625082,49695,0.0258,0.0263,0.027,0.0275,0.0091,0.0233,0.0228,0.0262,0.0266,0.0259,0.026,0.0296,0.0394,0.0257,0.0277,0.0385,0.0389,0.0264,0.0293,0.0399,0.0263,0.0268,0.0388,0.0391,0.0295,0.0405,0.0271,0.0282,0.0387,0.0389,0.0404,0.0304,0.0306,0.0397,0.0397,0.0396,0.0404,0.0393,0.0391,0.0264,0.0375,0.0378,0.0386,0.039,0.0264,-0.0025,-0.0084,0.0583,0.402,0.0246,0.0704,0.2038,0.2053,-0.0057,0.0471,0.4006,0.0309,0.0468,0.203,0.2035,0.0434,0.3996,0.0397,0.0664,0.1948,0.1941,0.4076,0.1019,0.1099,0.2014,0.1982,0.4357,0.4505,0.3956,0.3893,0.0731,0.2159,0.2167,0.2346,0.2365,-0.0003
Hmel201001o,3625001,3675000,3648967,47549,0.0276,0.0271,0.0267,0.0288,0.0088,0.023,0.0233,0.0273,0.0274,0.0271,0.027,0.0314,0.039,0.0272,0.0279,0.0382,0.0385,0.0264,0.0308,0.039,0.0269,0.0267,0.038,0.0386,0.0307,0.0399,0.0274,0.0276,0.0383,0.0384,0.0401,0.0318,0.0314,0.0398,0.0399,0.0397,0.0401,0.0398,0.0399,0.0262,0.0376,0.038,0.0385,0.0393,0.0274,-0.005,-0.0028,0.0575,0.3787,0.0391,0.0496,0.1734,0.1757,-0.0091,0.0544,0.3852,0.0385,0.032,0.1748,0.1825,0.057,0.4006,0.0529,0.0541,0.183,0.1836,0.3953,0.1167,0.1071,0.1818,0.1827,0.4448,0.4449,0.3926,0.3917,0.0663,0.2094,0.2142,0.2189,0.2273,0.0021
Hmel201001o,3650001,3700000,3675115,47154,0.025,0.0245,0.0251,0.0286,0.0061,0.0208,0.0212,0.0253,0.0255,0.0249,0.0249,0.0313,0.0405,0.0256,0.0254,0.0367,0.0366,0.0245,0.0308,0.0401,0.0259,0.0248,0.0373,0.0377,0.0311,0.0412,0.0258,0.0256,0.0368,0.0367,0.0422,0.033,0.0311,0.0389,0.0391,0.04,0.0408,0.0401,0.0397,0.0258,0.0357,0.0355,0.0358,0.0363,0.0257,0.0023,-0.0032,0.0876,0.4613,0.0594,0.0507,0.1972,0.1926,-0.0077,0.0842,0.464,0.0715,0.0428,0.2102,0.2124,0.0825,0.467,0.0623,0.0533,0.1971,0.1932,0.4509,0.1619,0.1281,0.1932,0.193,0.513,0.5146,0.4538,0.4457,0.1088,0.2259,0.2208,0.2232,0.2281,0.0055
Hmel201001o,3675001,3725000,3700059,49587,0.0237,0.0234,0.0262,0.027,0.0054,0.0213,0.0211,0.025,0.0246,0.0239,0.0246,0.0299,0.0416,0.026,0.0253,0.0377,0.0373,0.0242,0.0295,0.0419,0.0279,0.0253,0.0396,0.0396,0.0303,0.0424,0.0276,0.0265,0.0383,0.0378,0.0428,0.0332,0.0308,0.0401,0.0401,0.0412,0.0419,0.0408,0.0403,0.0263,0.0367,0.0362,0.0377,0.0378,0.025,0.008,-0.0066,0.0915,0.498,0.0762,0.0652,0.227,0.2252,-0.0133,0.0881,0.5039,0.1173,0.068,0.2535,0.2565,0.069,0.4732,0.0805,0.061,0.2097,0.2067,0.4822,0.1721,0.1387,0.2244,0.2273,0.5255,0.5353,0.4728,0.4728,0.1131,0.2381,0.2347,0.2528,0.2579,0.0035
Hmel201001o,3700001,3750000,3724989,49891,0.025,0.0251,0.0277,0.0266,0.0063,0.0214,0.0238,0.0255,0.0252,0.0253,0.0266,0.0285,0.0413,0.0275,0.0267,0.0402,0.0401,0.0254,0.0281,0.0416,0.029,0.0269,0.0411,0.0413,0.0293,0.0414,0.03,0.0279,0.0406,0.0403,0.0407,0.0318,0.0303,0.0406,0.0407,0.0414,0.0419,0.0402,0.0398,0.0269,0.0387,0.0385,0.0403,0.0402,0.0258,0.0051,0.005,0.0551,0.466,0.0892,0.0485,0.2407,0.2421,-0.0209,0.0471,0.4683,0.1163,0.0508,0.2506,0.2559,0.0369,0.4336,0.1042,0.0421,0.2193,0.219,0.4565,0.153,0.1014,0.2282,0.2322,0.5143,0.4874,0.4499,0.4497,0.0921,0.2578,0.2581,0.2533,0.2559,0.0099
Hmel201001o,3725001,3775000,3749818,49239,0.0246,0.0254,0.0274,0.0287,0.0083,0.0223,0.0241,0.0268,0.0255,0.0255,0.027,0.0301,0.0405,0.0265,0.0273,0.0394,0.039,0.0258,0.0292,0.0398,0.0276,0.0269,0.0393,0.0393,0.0304,0.0399,0.0289,0.0277,0.0395,0.0392,0.0405,0.0329,0.0315,0.0404,0.0401,0.0399,0.0405,0.039,0.0387,0.0271,0.0382,0.0377,0.0389,0.0383,0.0269,0.0105,0.02,0.0711,0.4371,0.0649,0.0599,0.2209,0.2282,-0.0129,0.0465,0.4201,0.0773,0.0439,0.2117,0.2248,0.045,0.3972,0.0795,0.0388,0.1959,0.2044,0.4062,0.1425,0.0991,0.1952,0.2052,0.4616,0.4447,0.395,0.4078,0.0816,0.229,0.236,0.2196,0.2255,0.0147
Hmel201001o,3750001,3800000,3774912,48618,0.0232,0.023,0.0241,0.0306,0.009,0.0246,0.0212,0.0285,0.0258,0.0237,0.0243,0.032,0.0392,0.0259,0.0262,0.0372,0.0365,0.0232,0.0309,0.0386,0.0267,0.0257,0.0374,0.0369,0.0317,0.0389,0.0269,0.026,0.0373,0.0367,0.0419,0.0344,0.0331,0.0399,0.0392,0.039,0.0396,0.0389,0.0386,0.0264,0.0374,0.0364,0.0376,0.0365,0.0272,0.0143,0.0148,0.1036,0.4341,0.0428,0.0876,0.1906,0.2068,-0.0078,0.0884,0.4297,0.0615,0.0805,0.1947,0.2144,0.0878,0.4188,0.0528,0.073,0.1825,0.2005,0.3917,0.1231,0.1415,0.1579,0.176,0.4137,0.463,0.3648,0.394,0.0751,0.1796,0.192,0.2141,0.2271,0.0009
Hmel201001o,3775001,3825000,3799993,48295,0.0214,0.0219,0.0209,0.0329,0.008,0.0217,0.0175,0.0267,0.0247,0.0215,0.0212,0.0316,0.0375,0.0239,0.023,0.0372,0.0361,0.0211,0.0313,0.0378,0.0247,0.0232,0.0379,0.0367,0.0311,0.0379,0.0243,0.0232,0.0381,0.037,0.0417,0.0331,0.0323,0.041,0.0402,0.0393,0.0394,0.0399,0.0393,0.0248,0.0375,0.0363,0.0383,0.0372,0.0258,-0.0026,0.0005,0.0977,0.4525,0.0552,0.0889,0.2263,0.231,-0.0066,0.0876,0.4492,0.0664,0.0861,0.2308,0.2352,0.0961,0.4643,0.0715,0.1,0.243,0.2497,0.3787,0.1175,0.1527,0.1726,0.1811,0.4679,0.5257,0.4095,0.4267,0.1239,0.2273,0.2314,0.281,0.2879,0.0012
Hmel201001o,3800001,3850000,3825271,48704,0.0228,0.0239,0.0218,0.0351,0.008,0.0199,0.0217,0.0265,0.026,0.0231,0.0222,0.0315,0.0395,0.0252,0.0242,0.0379,0.0363,0.0228,0.0314,0.0401,0.0268,0.025,0.0387,0.0371,0.0308,0.0401,0.0262,0.0247,0.0394,0.0381,0.0432,0.034,0.0334,0.0424,0.0414,0.0413,0.0417,0.0422,0.0412,0.0259,0.0363,0.0352,0.0386,0.0373,0.0266,-0.0051,-0.0023,0.0658,0.456,0.0887,0.0452,0.2224,0.2056,0.0001,0.0514,0.4477,0.1069,0.0491,0.2226,0.2055,0.0648,0.4755,0.1206,0.0681,0.2525,0.2402,0.3736,0.1334,0.1061,0.1757,0.1679,0.5116,0.4915,0.4361,0.4311,0.116,0.2319,0.2212,0.242,0.231,0.0064
Hmel201001o,3825001,3875000,3849858,48192,0.0273,0.0262,0.0248,0.0368,0.0084,0.0247,0.0265,0.0308,0.03,0.0266,0.0256,0.0344,0.0425,0.029,0.0285,0.0406,0.0388,0.0254,0.0336,0.0425,0.0297,0.0286,0.0412,0.0394,0.0333,0.0422,0.0294,0.0285,0.0412,0.0397,0.0451,0.0369,0.0365,0.0446,0.0434,0.043,0.0439,0.0443,0.0434,0.029,0.0386,0.0374,0.0407,0.0392,0.0302,-0.0032,-0.0086,0.0531,0.425,0.0588,0.031,0.1752,0.1595,-0.0034,0.0505,0.4374,0.0808,0.043,0.1919,0.1759,0.0594,0.4509,0.0904,0.055,0.2042,0.1923,0.3717,0.113,0.0894,0.1508,0.1437,0.4607,0.448,0.4022,0.4022,0.0662,0.1732,0.1638,0.1828,0.1704,-0.0033
Hmel201001o,3850001,3900000,3875439,48241,0.0276,0.0267,0.0262,0.0331,0.0087,0.0254,0.0243,0.0297,0.0298,0.0267,0.0265,0.0328,0.0425,0.0284,0.0276,0.0411,0.0399,0.0262,0.0324,0.0427,0.0286,0.0275,0.0415,0.0405,0.0322,0.0426,0.0288,0.028,0.0411,0.04,0.0435,0.0345,0.0334,0.0433,0.0423,0.0427,0.043,0.0437,0.0433,0.0278,0.0398,0.0391,0.0401,0.039,0.0296,-0.0085,-0.0086,0.0492,0.4167,0.036,0.034,0.1879,0.1724,-0.005,0.0518,0.4289,0.0481,0.0403,0.2003,0.1866,0.0543,0.4335,0.0565,0.0557,0.2005,0.1858,0.3858,0.0968,0.0937,0.169,0.1568,0.4445,0.4614,0.4044,0.3985,0.059,0.1917,0.1806,0.2053,0.1901,-0.0039
Hmel201001o,3875001,3925000,3900006,49404,0.0257,0.0251,0.0252,0.0293,0.0094,0.0209,0.0213,0.0286,0.0276,0.025,0.0252,0.0307,0.0398,0.0268,0.0266,0.0391,0.0379,0.0248,0.0302,0.0397,0.028,0.0278,0.0399,0.039,0.0307,0.0398,0.0275,0.0276,0.0395,0.0383,0.0408,0.0332,0.0329,0.0409,0.0401,0.0403,0.0407,0.0406,0.0408,0.0243,0.0371,0.0358,0.0366,0.0351,0.028,-0.0068,-0.0044,0.0638,0.4027,0.0746,0.0664,0.1903,0.1841,-0.0062,0.0622,0.4096,0.1043,0.0951,0.2066,0.2043,0.0687,0.4088,0.0928,0.0892,0.2002,0.1931,0.3891,0.1584,0.1476,0.1785,0.1786,0.469,0.4669,0.3778,0.391,0.0742,0.2103,0.2021,0.1993,0.1879,-0.0021
Hmel201001o,3900001,3950000,3925160,49442,0.0246,0.0232,0.0232,0.0296,0.0084,0.0172,0.0173,0.0283,0.0252,0.024,0.024,0.0307,0.0381,0.0249,0.0266,0.0362,0.0353,0.0227,0.0299,0.0381,0.0258,0.0278,0.0371,0.0364,0.0301,0.0379,0.0254,0.0274,0.0369,0.0359,0.0406,0.0335,0.0343,0.0397,0.0392,0.0386,0.0395,0.0394,0.0396,0.0203,0.0333,0.0322,0.0333,0.0319,0.0266,0.0017,0.0012,0.0738,0.4107,0.0922,0.1252,0.1648,0.1821,-0.0119,0.0752,0.4279,0.1286,0.1645,0.1899,0.2123,0.0792,0.4262,0.1218,0.1579,0.1873,0.2044,0.3953,0.2041,0.2127,0.1639,0.1898,0.5182,0.5244,0.3788,0.4192,0.0851,0.1992,0.2175,0.1964,0.2113,-0.0037
Hmel201001o,3925001,3975000,3950101,49783,0.0192,0.0181,0.0186,0.0283,0.0055,0.013,0.0144,0.0196,0.019,0.0184,0.019,0.0262,0.0347,0.0196,0.0225,0.0319,0.0315,0.0178,0.0257,0.0347,0.0197,0.0224,0.0322,0.0319,0.026,0.0354,0.0208,0.0239,0.0334,0.0329,0.0383,0.0283,0.0303,0.0359,0.0359,0.0347,0.0353,0.0349,0.0349,0.017,0.0294,0.029,0.0282,0.0277,0.0192,-0.0069,0.0033,0.0699,0.4903,0.1031,0.1516,0.256,0.2569,-0.0154,0.0751,0.5091,0.1236,0.1694,0.2744,0.2771,0.0736,0.5072,0.1423,0.191,0.2844,0.2853,0.425,0.1904,0.2028,0.2205,0.2259,0.5941,0.5752,0.4868,0.4956,0.1139,0.299,0.3012,0.2597,0.2592,-0.0036
Hmel201001o,3950001,4000000,3974997,49979,0.0162,0.0131,0.0139,0.0254,0.0041,0.0107,0.0121,0.0163,0.0176,0.0143,0.0152,0.0246,0.0339,0.0155,0.018,0.0301,0.0301,0.0131,0.0243,0.0345,0.0142,0.0161,0.0312,0.0312,0.0252,0.0348,0.0153,0.0172,0.0324,0.0325,0.0371,0.0256,0.0279,0.0348,0.0349,0.0343,0.0347,0.0336,0.0337,0.0145,0.0301,0.0302,0.0286,0.0288,0.0167,-0.0146,0.0069,0.1082,0.556,0.0768,0.1261,0.3116,0.2946,-0.0153,0.146,0.6158,0.0929,0.1293,0.3736,0.3557,0.1517,0.6053,0.1144,0.1477,0.3787,0.3631,0.4661,0.2094,0.2274,0.272,0.2571,0.6599,0.6373,0.5502,0.5296,0.126,0.3948,0.3772,0.3507,0.3342,-0.0074
Hmel201001o,3975001,4025000,3998940,47430,0.0134,0.0095,0.0099,0.0227,0.0057,0.0085,0.0084,0.0153,0.0161,0.0113,0.0118,0.0265,0.0368,0.0117,0.0125,0.0265,0.027,0.0096,0.0263,0.0374,0.0102,0.0105,0.0277,0.0283,0.0267,0.0372,0.0103,0.0105,0.0279,0.0286,0.0367,0.0266,0.0274,0.033,0.033,0.0368,0.0374,0.0372,0.0367,0.0098,0.0276,0.0283,0.0275,0.0281,0.0155,-0.0081,0.0063,0.2138,0.6027,0.036,0.076,0.3119,0.3069,-0.0093,0.2732,0.6757,0.0636,0.0844,0.3969,0.3921,0.273,0.6665,0.0569,0.0736,0.3928,0.3897,0.4711,0.2948,0.3101,0.289,0.2778,0.6888,0.6969,0.5749,0.5576,0.0788,0.4132,0.4098,0.4154,0.4094,-0.0043
Hmel201001o,4000001,4050000,4025274,47444,0.0103,0.0073,0.0089,0.0196,0.0048,0.0105,0.0089,0.0135,0.0145,0.0089,0.0095,0.0208,0.0342,0.012,0.0102,0.0239,0.0234,0.008,0.0202,0.0339,0.011,0.009,0.0245,0.0242,0.0204,0.034,0.0112,0.0094,0.0241,0.0238,0.033,0.0222,0.0209,0.0291,0.0285,0.034,0.0339,0.0345,0.0346,0.0107,0.0231,0.0229,0.0236,0.0231,0.0137,0.0047,-0.0023,0.1932,0.6529,0.0752,0.0352,0.3489,0.3216,-0.0089,0.2389,0.7098,0.1129,0.0561,0.4187,0.3936,0.2125,0.6786,0.0748,0.0299,0.3806,0.3554,0.4895,0.2203,0.2231,0.2938,0.2692,0.6464,0.6774,0.5955,0.5792,0.0506,0.3302,0.3063,0.3712,0.3423,-0.0128
Hmel201001o,4025001,4075000,4050003,49992,0.0101,0.0082,0.009,0.0182,0.0026,0.0131,0.0103,0.0134,0.0149,0.0094,0.0097,0.0167,0.0339,0.0142,0.0122,0.0223,0.0214,0.0085,0.0163,0.0339,0.0136,0.0111,0.0226,0.0219,0.0167,0.0339,0.0136,0.0117,0.0223,0.0215,0.0342,0.0194,0.0179,0.0259,0.0253,0.034,0.0335,0.0332,0.0337,0.0137,0.0201,0.0195,0.021,0.0203,0.0137,0.0141,0.0087,0.1125,0.6986,0.1088,0.0956,0.3245,0.2771,-0.005,0.1415,0.7374,0.1293,0.0964,0.3675,0.324,0.1374,0.7205,0.11,0.1018,0.3459,0.2999,0.5617,0.1259,0.142,0.2594,0.224,0.6403,0.69,0.6263,0.6038,0.0833,0.2163,0.1735,0.2912,0.2458,-0.0192
Hmel201001o,4050001,4100000,4074996,49977,0.0142,0.0119,0.0127,0.0192,0.0052,0.0138,0.0118,0.0167,0.0179,0.0134,0.0138,0.0196,0.0362,0.0165,0.0165,0.0245,0.0235,0.0125,0.0186,0.0365,0.016,0.0153,0.0248,0.0238,0.0196,0.0364,0.0157,0.0155,0.0249,0.0239,0.0366,0.0211,0.0215,0.0269,0.026,0.0358,0.0362,0.0349,0.0353,0.0151,0.0216,0.0208,0.0236,0.0227,0.0174,0.013,0.014,0.0954,0.5926,0.0884,0.1243,0.2372,0.1977,0.009,0.1149,0.6364,0.1165,0.1358,0.2824,0.2429,0.1252,0.621,0.0927,0.1247,0.2711,0.2298,0.5254,0.1412,0.1859,0.2125,0.1761,0.5965,0.6344,0.5378,0.5223,0.0891,0.1813,0.1444,0.2579,0.2193,0.0018
Hmel201001o,4075001,4125000,4100007,49978,0.0167,0.0154,0.0168,0.0197,0.0058,0.0142,0.0125,0.0203,0.0217,0.0168,0.0174,0.0214,0.033,0.0189,0.0202,0.0285,0.0272,0.0162,0.0202,0.0332,0.018,0.0184,0.0288,0.0275,0.021,0.0336,0.0181,0.0187,0.0296,0.0283,0.0323,0.0223,0.024,0.0292,0.0279,0.0324,0.0341,0.0322,0.0323,0.0162,0.0262,0.025,0.0275,0.0267,0.0214,0.024,0.0185,0.0905,0.5069,0.1072,0.1692,0.2236,0.1812,0.0053,0.0863,0.5321,0.1034,0.1473,0.2478,0.2053,0.0799,0.5125,0.083,0.1283,0.2419,0.1996,0.4623,0.1559,0.219,0.1929,0.1489,0.544,0.5918,0.4391,0.4183,0.1024,0.2169,0.1739,0.2652,0.2295,0.0097
Hmel201001o,4100001,4150000,4125000,49999,0.0174,0.0176,0.0183,0.0203,0.0048,0.0153,0.0152,0.0196,0.0216,0.0183,0.0184,0.0217,0.0336,0.0204,0.0223,0.0304,0.0292,0.0179,0.0213,0.0334,0.0197,0.0209,0.0298,0.0292,0.0218,0.0342,0.0199,0.0214,0.0309,0.0301,0.0328,0.0233,0.0255,0.0302,0.0293,0.0328,0.034,0.0321,0.0323,0.0184,0.0284,0.0276,0.028,0.0278,0.0208,0.025,0.016,0.0817,0.5196,0.1178,0.1643,0.2569,0.2103,-0.0013,0.0688,0.5132,0.0965,0.1269,0.2428,0.2057,0.0678,0.5103,0.0898,0.1292,0.2519,0.2123,0.4769,0.1509,0.1979,0.2136,0.1695,0.5474,0.5617,0.4656,0.4347,0.1002,0.2513,0.2089,0.2469,0.2148,0.0055
Hmel201001o,4125001,4175000,4148773,46552,0.0181,0.0182,0.0194,0.0202,0.0068,0.0164,0.0173,0.0207,0.0225,0.0188,0.0193,0.0235,0.0372,0.0213,0.0224,0.0315,0.0312,0.0189,0.0229,0.0369,0.0213,0.0223,0.0313,0.0315,0.0232,0.0377,0.0217,0.0225,0.0322,0.0324,0.0363,0.0248,0.0264,0.0317,0.0314,0.0357,0.0371,0.0356,0.0367,0.019,0.029,0.0291,0.0296,0.0301,0.0218,0.0175,0.015,0.1126,0.515,0.1124,0.1247,0.2499,0.2231,0.0021,0.096,0.5094,0.1096,0.1188,0.2444,0.225,0.0827,0.4995,0.1001,0.1067,0.2446,0.2251,0.4834,0.1644,0.1813,0.2222,0.1928,0.5251,0.5252,0.4587,0.4451,0.0631,0.2315,0.2086,0.2295,0.2141,0.0047
Hmel201001o,4150001,4200000,4175618,46534,0.0142,0.014,0.014,0.0276,0.0117,0.0205,0.0204,0.0211,0.0245,0.0144,0.0145,0.0274,0.0393,0.0292,0.0277,0.0354,0.0341,0.014,0.0269,0.039,0.0296,0.0277,0.0356,0.0341,0.0266,0.0396,0.0298,0.0278,0.0361,0.0348,0.0425,0.036,0.0356,0.0403,0.0385,0.041,0.0422,0.0413,0.0411,0.0212,0.028,0.0294,0.0309,0.0311,0.026,0.0099,0.0136,0.1657,0.5216,0.2677,0.2432,0.3494,0.2892,0.0001,0.1597,0.5205,0.2749,0.244,0.3548,0.2911,0.1536,0.5257,0.2781,0.2462,0.3608,0.3014,0.3957,0.2168,0.2125,0.264,0.2048,0.453,0.4656,0.4489,0.4045,0.0201,0.1568,0.14,0.2079,0.17,0.0701
Hmel201001o,4175001,4225000,4200000,49965,0.0172,0.0184,0.0151,0.032,0.0097,0.0195,0.0233,0.0204,0.0229,0.0184,0.0169,0.0301,0.0401,0.0302,0.0301,0.0396,0.0378,0.0165,0.0307,0.0395,0.0312,0.0302,0.0389,0.037,0.03,0.0398,0.0291,0.029,0.039,0.0371,0.0433,0.0381,0.038,0.0439,0.0422,0.0427,0.0434,0.0421,0.0416,0.0219,0.0341,0.0346,0.0364,0.0358,0.0243,0.018,0.0232,0.1308,0.5151,0.2565,0.2066,0.371,0.3214,-0.0079,0.1263,0.493,0.257,0.1943,0.3489,0.2976,0.1545,0.5418,0.2659,0.2142,0.3896,0.3367,0.3841,0.2163,0.1751,0.2743,0.2305,0.5067,0.4656,0.4905,0.4539,0.0129,0.2743,0.2518,0.2626,0.2269,0.0615
Hmel201001o,4200001,4250000,4225004,49981,0.0223,0.0235,0.0212,0.0296,0.0078,0.0168,0.0224,0.0218,0.0216,0.024,0.0227,0.0302,0.0382,0.0264,0.0265,0.0356,0.0358,0.0222,0.0303,0.0375,0.0268,0.0264,0.0356,0.0356,0.0301,0.0378,0.0246,0.0252,0.0355,0.0354,0.0394,0.0325,0.032,0.0382,0.0385,0.0383,0.0391,0.0377,0.0383,0.0219,0.0355,0.0349,0.0359,0.0358,0.0218,0.0244,0.0225,0.0915,0.4499,0.156,0.0894,0.2456,0.2514,-0.0034,0.079,0.4258,0.1495,0.0738,0.2321,0.2351,0.1045,0.4622,0.1366,0.0767,0.2573,0.2586,0.3914,0.1943,0.1199,0.2126,0.2195,0.5294,0.4593,0.4516,0.4617,0.0585,0.3089,0.304,0.2491,0.2508,0.0012
Hmel201001o,4225001,4275000,4250001,49996,0.0229,0.0198,0.0205,0.0254,0.0105,0.0173,0.0212,0.0221,0.0224,0.0226,0.0223,0.0284,0.0346,0.0261,0.0245,0.0303,0.0313,0.0203,0.0279,0.0339,0.0243,0.0234,0.0314,0.0323,0.0278,0.0335,0.024,0.0236,0.0308,0.0319,0.0352,0.0312,0.0295,0.0331,0.034,0.034,0.0345,0.0328,0.034,0.0225,0.0289,0.0292,0.0298,0.0303,0.0222,0.0296,0.014,0.0881,0.3628,0.1373,0.0565,0.155,0.168,0.0035,0.1203,0.3979,0.1417,0.0699,0.2104,0.2199,0.1076,0.3823,0.1256,0.0654,0.1923,0.206,0.3541,0.2079,0.1298,0.1756,0.1844,0.4345,0.3852,0.3503,0.3619,0.0816,0.1995,0.2001,0.1666,0.1726,-0.0006
Hmel201001o,4250001,4300000,4275001,49999,0.0204,0.0166,0.0177,0.024,0.0085,0.0161,0.0182,0.0184,0.0186,0.0191,0.0191,0.026,0.0339,0.0223,0.021,0.0279,0.0289,0.017,0.0258,0.0333,0.0205,0.0198,0.0284,0.0293,0.0253,0.0332,0.0205,0.0199,0.0282,0.0294,0.0347,0.0275,0.0266,0.0308,0.0316,0.0332,0.0334,0.032,0.0334,0.0198,0.0259,0.0267,0.0262,0.0271,0.0182,0.0172,0.0034,0.0892,0.4183,0.1048,0.0458,0.1892,0.204,-0.0039,0.1386,0.4672,0.1178,0.0684,0.2494,0.261,0.1149,0.4501,0.1027,0.0564,0.2322,0.2482,0.3918,0.1769,0.1311,0.2005,0.2097,0.4747,0.445,0.4236,0.4379,0.0763,0.2112,0.2229,0.1871,0.2009,-0.0084
Hmel201001o,4275001,4325000,4300000,50000,0.0184,0.016,0.0156,0.0239,0.007,0.0163,0.0146,0.0164,0.0157,0.0169,0.0171,0.0242,0.0337,0.0201,0.018,0.0283,0.0283,0.0154,0.0237,0.0335,0.0198,0.0167,0.0287,0.0282,0.0241,0.0339,0.0193,0.0161,0.0285,0.0281,0.0352,0.0255,0.0245,0.0307,0.0308,0.033,0.0332,0.0329,0.0335,0.0185,0.0268,0.0267,0.0272,0.0271,0.0161,-0.0085,0.0051,0.0827,0.469,0.0784,0.0461,0.2514,0.2615,-0.0137,0.1075,0.5046,0.1073,0.0472,0.2911,0.2941,0.1218,0.517,0.1011,0.0356,0.2946,0.2988,0.4229,0.1386,0.1466,0.2278,0.24,0.4946,0.5257,0.4919,0.5101,0.0963,0.2537,0.2633,0.2871,0.2968,0.0008
Hmel201001o,4300001,4350000,4325000,50000,0.0222,0.0205,0.0187,0.025,0.0057,0.0207,0.018,0.0212,0.019,0.0214,0.0214,0.0263,0.0366,0.0242,0.0218,0.0319,0.0323,0.0191,0.0261,0.0369,0.0245,0.0203,0.0323,0.0322,0.0264,0.0371,0.0235,0.0194,0.0316,0.0315,0.0366,0.0286,0.0269,0.0329,0.033,0.0356,0.0363,0.0369,0.0371,0.0223,0.0292,0.029,0.0309,0.0308,0.0201,-0.0007,0.0231,0.0612,0.4631,0.0634,0.0436,0.2001,0.2319,-0.0149,0.0806,0.4913,0.0919,0.0291,0.226,0.2518,0.1117,0.5214,0.0937,0.0303,0.2371,0.2645,0.4427,0.1247,0.1311,0.1877,0.218,0.4752,0.5247,0.4815,0.517,0.0762,0.1737,0.1979,0.2348,0.2622,0.0007
Hmel201001o,4325001,4375000,4349931,49833,0.0264,0.026,0.0244,0.0268,0.0066,0.0241,0.0251,0.025,0.0232,0.0261,0.0263,0.0301,0.0402,0.0295,0.029,0.0348,0.0356,0.0245,0.0305,0.0404,0.0297,0.0278,0.0352,0.036,0.0302,0.0408,0.0289,0.0275,0.0346,0.0353,0.0392,0.0316,0.0313,0.0356,0.0361,0.0396,0.0404,0.0406,0.0411,0.0274,0.0321,0.0323,0.0331,0.0336,0.0243,-0.0008,0.0202,0.0655,0.434,0.084,0.0624,0.1595,0.188,-0.0135,0.0767,0.4404,0.0907,0.0445,0.1689,0.1985,0.0919,0.4655,0.0939,0.0562,0.1757,0.2055,0.4353,0.1178,0.1005,0.1665,0.1945,0.4573,0.4519,0.4549,0.4831,0.0579,0.1417,0.1632,0.1457,0.172,0.0027
Hmel201001o,4350001,4400000,4374969,48863,0.0257,0.0273,0.0244,0.0273,0.0087,0.0198,0.022,0.0247,0.0236,0.027,0.0265,0.0304,0.0391,0.0287,0.0294,0.0329,0.0331,0.0255,0.0304,0.0397,0.0286,0.0284,0.0339,0.0343,0.0298,0.0396,0.0283,0.0284,0.0337,0.0341,0.0384,0.0308,0.0314,0.0342,0.0347,0.039,0.0393,0.0382,0.0377,0.0237,0.0316,0.0313,0.032,0.0319,0.0245,0.0106,0.0296,0.0736,0.4051,0.122,0.109,0.1401,0.1551,-0.0059,0.0572,0.3924,0.1033,0.0747,0.1393,0.1565,0.0793,0.4268,0.1301,0.1068,0.1668,0.1835,0.3948,0.1513,0.133,0.1454,0.1665,0.4813,0.4538,0.4077,0.4164,0.0665,0.1832,0.1917,0.1649,0.1753,0.0074
Hmel201001o,4375001,4425000,4400438,48984,0.0251,0.0263,0.0236,0.0274,0.0096,0.0173,0.0176,0.0247,0.0243,0.0269,0.0259,0.0295,0.0378,0.0277,0.028,0.0336,0.0342,0.0253,0.0292,0.0387,0.0262,0.0267,0.0339,0.0343,0.0296,0.0386,0.0268,0.0268,0.0348,0.0358,0.0378,0.03,0.0302,0.0339,0.0344,0.0378,0.0382,0.0372,0.037,0.0209,0.0331,0.0334,0.033,0.0334,0.0245,0.0248,0.0336,0.0658,0.3858,0.1404,0.1431,0.1567,0.1702,0.0079,0.0451,0.3802,0.0967,0.1026,0.1486,0.1592,0.0851,0.4142,0.1429,0.1383,0.1905,0.209,0.3749,0.1698,0.1697,0.1406,0.1521,0.4909,0.4913,0.383,0.3861,0.0948,0.2348,0.2448,0.2304,0.2407,0.0005
Hmel201001o,4400001,4450000,4425012,49926,0.0261,0.025,0.0258,0.0256,0.0096,0.0181,0.0179,0.0234,0.0247,0.0266,0.0268,0.0305,0.0364,0.0289,0.0287,0.0354,0.0353,0.0258,0.0297,0.0365,0.028,0.0284,0.0354,0.0353,0.031,0.0367,0.0287,0.0288,0.0361,0.0367,0.0372,0.0316,0.0315,0.0361,0.0357,0.0356,0.0367,0.0359,0.0363,0.022,0.0335,0.0339,0.0339,0.0345,0.0242,0.0204,0.0174,0.085,0.357,0.1408,0.1388,0.1864,0.1725,0.0077,0.0847,0.3717,0.137,0.1463,0.1979,0.1826,0.0974,0.3648,0.1407,0.1441,0.1996,0.1939,0.3878,0.2016,0.2018,0.2008,0.1811,0.4552,0.4709,0.3853,0.3732,0.106,0.2465,0.2373,0.2544,0.2476,0.0034
Hmel201001o,4425001,4475000,4449994,49921,0.0261,0.025,0.0264,0.0264,0.0068,0.014,0.0128,0.0212,0.0212,0.0266,0.0267,0.0336,0.0368,0.0307,0.0304,0.034,0.0332,0.0252,0.0322,0.0363,0.0321,0.0317,0.0357,0.0352,0.0328,0.0365,0.0317,0.0315,0.0351,0.0346,0.0393,0.037,0.0371,0.0389,0.0386,0.0352,0.036,0.0363,0.0358,0.016,0.0323,0.0318,0.0332,0.0329,0.0214,0.022,0.0087,0.128,0.3973,0.22,0.2303,0.189,0.1779,-0.0105,0.1194,0.4068,0.2565,0.2647,0.2255,0.2188,0.1117,0.3895,0.2327,0.2442,0.2011,0.1944,0.4378,0.3193,0.3346,0.2551,0.2523,0.56,0.5873,0.4595,0.4539,0.0931,0.3075,0.3006,0.3373,0.333,0.0062
Hmel201001o,4450001,4500000,4474999,49909,0.0225,0.0201,0.0207,0.0267,0.0068,0.0085,0.0096,0.0193,0.0181,0.022,0.0222,0.033,0.0392,0.0281,0.0269,0.0327,0.0323,0.02,0.0313,0.0391,0.0286,0.0268,0.0342,0.034,0.0317,0.0392,0.0289,0.0267,0.0339,0.0337,0.0421,0.0383,0.037,0.0389,0.0391,0.039,0.0388,0.039,0.0383,0.0128,0.0299,0.0295,0.0316,0.0314,0.0191,0.0161,0.0144,0.1586,0.4721,0.3027,0.2652,0.2314,0.2401,-0.0102,0.1612,0.5039,0.3476,0.3006,0.2827,0.2943,0.1589,0.4968,0.3433,0.2892,0.2713,0.2822,0.4612,0.4025,0.373,0.2749,0.2915,0.6872,0.6659,0.5153,0.5263,0.183,0.3812,0.3943,0.3886,0.403,0.0124
Hmel201001o,4475001,4525000,4499907,49154,0.018,0.0189,0.0172,0.0265,0.0064,0.0116,0.0149,0.0201,0.0188,0.019,0.0182,0.031,0.0397,0.0266,0.0242,0.0335,0.0333,0.018,0.0302,0.0397,0.0275,0.0242,0.0346,0.0344,0.0306,0.0399,0.0275,0.0241,0.0345,0.0342,0.0443,0.0386,0.0337,0.039,0.0389,0.0396,0.0406,0.0391,0.0386,0.0191,0.0272,0.0264,0.0305,0.0302,0.0197,0.0144,0.0169,0.1851,0.5463,0.2977,0.2011,0.2891,0.302,-0.0031,0.1607,0.533,0.2982,0.1884,0.2927,0.3046,0.1883,0.5592,0.3257,0.2104,0.3123,0.3232,0.4889,0.3669,0.2656,0.2687,0.2829,0.6448,0.6012,0.5112,0.5247,0.1901,0.2762,0.2821,0.2845,0.2969,0.0073
Hmel201001o,4500001,4550000,4525151,48736,0.0139,0.0179,0.0159,0.0308,0.0055,0.0171,0.0161,0.0203,0.0197,0.0167,0.0147,0.0305,0.0365,0.0273,0.0228,0.0301,0.0311,0.0168,0.0295,0.0359,0.0275,0.0231,0.0313,0.0315,0.03,0.0358,0.027,0.0232,0.0306,0.031,0.0428,0.0364,0.0325,0.0382,0.0378,0.0347,0.0364,0.0361,0.0344,0.0206,0.0293,0.0268,0.03,0.0288,0.0222,0.0261,-0.0068,0.1889,0.5955,0.2888,0.2177,0.2886,0.3114,-0.005,0.1223,0.5242,0.2332,0.1618,0.2534,0.2647,0.1555,0.5551,0.2523,0.1921,0.2689,0.2823,0.4404,0.2329,0.1913,0.2192,0.2212,0.524,0.5581,0.489,0.4782,0.1143,0.2306,0.1943,0.2566,0.2452,0.0532
Hmel201001o,4525001,4575000,4550076,49533,0.0163,0.0185,0.0184,0.0307,0.0075,0.0203,0.0157,0.0206,0.0192,0.018,0.0177,0.0292,0.0364,0.0272,0.0253,0.0288,0.0298,0.0187,0.028,0.0361,0.0259,0.0242,0.0286,0.0293,0.0285,0.0357,0.0266,0.0251,0.0287,0.0294,0.0393,0.0325,0.0321,0.035,0.0349,0.0353,0.0356,0.0357,0.0341,0.0199,0.0288,0.0271,0.0284,0.0276,0.0221,0.0169,0.0084,0.1379,0.5238,0.2053,0.2357,0.2297,0.2657,0.0058,0.0906,0.4874,0.1519,0.1807,0.1994,0.2287,0.0997,0.4833,0.1662,0.1999,0.2013,0.2315,0.3836,0.1435,0.1913,0.1755,0.1908,0.4512,0.5251,0.4523,0.4542,0.0542,0.1787,0.1661,0.2318,0.2366,0.0567
Hmel201001o,4550001,4600000,4575002,49988,0.0166,0.0158,0.0144,0.0244,0.0058,0.0156,0.0103,0.0172,0.0161,0.0165,0.0165,0.0265,0.0326,0.0255,0.0268,0.0282,0.0279,0.0152,0.0272,0.0325,0.0247,0.0252,0.028,0.0278,0.0277,0.0322,0.0249,0.0257,0.0282,0.0278,0.0351,0.0303,0.0314,0.0292,0.0296,0.0316,0.0318,0.0322,0.0319,0.0146,0.0222,0.0216,0.023,0.0229,0.0168,0.0096,0.0321,0.1485,0.505,0.2369,0.3454,0.2634,0.2743,0.0036,0.1719,0.516,0.2319,0.3316,0.271,0.2829,0.201,0.5382,0.259,0.3654,0.2951,0.3048,0.4314,0.2265,0.3188,0.1876,0.2093,0.5085,0.6106,0.4893,0.5044,0.0605,0.1588,0.1602,0.2647,0.2819,0.005
Hmel201001o,4575001,4625000,4599772,48320,0.0162,0.0146,0.0138,0.0226,0.0035,0.0101,0.0062,0.0166,0.016,0.0168,0.0163,0.0262,0.0326,0.027,0.0276,0.0291,0.0288,0.0143,0.0265,0.032,0.0256,0.0258,0.0293,0.0288,0.027,0.0321,0.0266,0.0268,0.0301,0.0293,0.0346,0.0299,0.0308,0.0293,0.0295,0.0319,0.0319,0.0309,0.0309,0.0098,0.0215,0.0216,0.0217,0.0226,0.0165,0.0456,0.0425,0.1677,0.5522,0.359,0.4371,0.2919,0.2961,0.0018,0.198,0.5749,0.3647,0.4408,0.3185,0.3206,0.2188,0.5915,0.3949,0.4721,0.3418,0.3402,0.486,0.322,0.3968,0.2159,0.228,0.6637,0.7479,0.5252,0.537,0.0989,0.2447,0.2587,0.3241,0.355,0.0046
Hmel201001o,4600001,4650000,4625635,48309,0.0205,0.0231,0.0224,0.0253,0.0058,0.011,0.0107,0.0193,0.0186,0.0246,0.0236,0.0294,0.0362,0.029,0.0294,0.0298,0.03,0.0226,0.0286,0.0354,0.0275,0.0283,0.0316,0.0316,0.028,0.0358,0.0281,0.0285,0.032,0.0318,0.0358,0.0306,0.0307,0.0326,0.0325,0.0359,0.0361,0.0343,0.0341,0.0125,0.0263,0.0271,0.0259,0.0268,0.0191,0.0635,0.0508,0.1382,0.4827,0.3098,0.3202,0.211,0.2213,-0.0037,0.0906,0.4364,0.2463,0.2652,0.2085,0.2154,0.09,0.451,0.2674,0.2788,0.2231,0.2276,0.4289,0.2868,0.2919,0.205,0.2112,0.6354,0.6426,0.4813,0.4881,0.0742,0.2831,0.3063,0.2789,0.3056,0.0033
Hmel201001o,4625001,4675000,4650002,49984,0.0202,0.0207,0.0206,0.0242,0.0063,0.011,0.013,0.0174,0.0184,0.0225,0.0222,0.0287,0.0333,0.0261,0.0257,0.0271,0.0277,0.0201,0.0277,0.033,0.0262,0.0258,0.0297,0.0302,0.0277,0.0332,0.026,0.0252,0.0294,0.0298,0.034,0.0298,0.0294,0.0309,0.0312,0.0334,0.034,0.0337,0.0338,0.0138,0.0233,0.0239,0.0251,0.0257,0.0177,0.0494,0.0456,0.1393,0.4467,0.2631,0.2264,0.1902,0.1876,-0.0144,0.1144,0.4354,0.2582,0.2211,0.2283,0.2251,0.1176,0.4405,0.2567,0.2117,0.2262,0.2204,0.414,0.2865,0.2514,0.2133,0.2055,0.604,0.5741,0.4953,0.4819,0.0734,0.2529,0.2493,0.2576,0.2544,-0.0054
Hmel201001o,4650001,4700000,4674999,49989,0.019,0.017,0.0187,0.026,0.006,0.0128,0.0145,0.0183,0.0184,0.0192,0.02,0.0275,0.0327,0.0236,0.023,0.0301,0.0303,0.0174,0.026,0.0319,0.0241,0.0234,0.0304,0.031,0.0263,0.0321,0.0243,0.0235,0.0303,0.0307,0.0337,0.0292,0.0295,0.032,0.0324,0.0327,0.0334,0.0331,0.0339,0.0155,0.0244,0.0248,0.0265,0.0271,0.0184,0.0338,0.0314,0.1177,0.4629,0.205,0.1667,0.2457,0.2486,-0.0141,0.1169,0.4862,0.2476,0.2046,0.277,0.2851,0.0992,0.46,0.2246,0.1802,0.2539,0.2582,0.3931,0.2313,0.2127,0.2005,0.2051,0.5696,0.5462,0.4792,0.4866,0.0663,0.2322,0.239,0.2473,0.2556,-0.0008
Hmel201001o,4675001,4725000,4699943,49849,0.0193,0.0177,0.0174,0.0263,0.0063,0.0167,0.0172,0.0194,0.0184,0.0197,0.0203,0.026,0.0342,0.0229,0.0226,0.0328,0.0328,0.0175,0.0247,0.0332,0.0219,0.0221,0.0327,0.0324,0.024,0.0335,0.0217,0.0217,0.0323,0.0321,0.0344,0.0274,0.0279,0.0335,0.0334,0.0331,0.034,0.034,0.0342,0.0188,0.0286,0.028,0.03,0.0293,0.0195,0.0321,0.0523,0.0832,0.472,0.1263,0.1142,0.2695,0.2825,-0.0008,0.0787,0.4851,0.1274,0.1248,0.288,0.2966,0.0695,0.4938,0.1264,0.1194,0.2873,0.2969,0.3938,0.1452,0.1464,0.207,0.2174,0.502,0.5041,0.468,0.4851,0.0555,0.2379,0.2414,0.2546,0.2565,0.0157
Hmel201001o,4700001,4750000,4724673,48886,0.0164,0.016,0.0167,0.0246,0.0058,0.0169,0.0125,0.02,0.0193,0.0176,0.0187,0.0247,0.0341,0.0239,0.0236,0.0317,0.0319,0.0166,0.0236,0.034,0.0235,0.0227,0.0324,0.0321,0.023,0.0339,0.0228,0.0217,0.0322,0.0321,0.0347,0.0275,0.0272,0.0335,0.0335,0.0324,0.0339,0.0335,0.0332,0.0168,0.026,0.025,0.0277,0.0268,0.0199,0.0455,0.0672,0.1136,0.5253,0.1902,0.2532,0.2841,0.2963,0.0085,0.0972,0.5301,0.1868,0.2403,0.2994,0.3041,0.0749,0.5187,0.1605,0.208,0.2878,0.2955,0.4241,0.1608,0.2185,0.2152,0.224,0.4973,0.591,0.4592,0.4679,0.0726,0.1791,0.1704,0.2743,0.269,0.0065
Hmel201001o,4725001,4775000,4749621,47519,0.0139,0.0161,0.0188,0.0236,0.006,0.0154,0.0091,0.0207,0.0212,0.0173,0.0183,0.025,0.0347,0.025,0.0249,0.0311,0.0303,0.0177,0.0248,0.034,0.0257,0.0245,0.0315,0.0306,0.0239,0.0344,0.0247,0.0233,0.0309,0.0302,0.0344,0.0289,0.0287,0.033,0.0324,0.0324,0.034,0.033,0.0329,0.0145,0.0242,0.0238,0.0244,0.0243,0.0208,0.0744,0.0614,0.169,0.5701,0.2744,0.3848,0.2992,0.2796,0.0065,0.1315,0.5255,0.2518,0.3355,0.2752,0.255,0.0737,0.4857,0.1915,0.2633,0.232,0.2149,0.4304,0.2153,0.308,0.2077,0.1933,0.5196,0.6518,0.4398,0.4306,0.0901,0.1548,0.1397,0.2547,0.2455,-0.004
Hmel201001o,4750001,4800000,4775245,48487,0.0191,0.0212,0.0203,0.025,0.006,0.0191,0.0132,0.02,0.0196,0.0217,0.0216,0.0285,0.036,0.0271,0.0265,0.0321,0.0314,0.0209,0.028,0.0353,0.0271,0.0257,0.0323,0.0315,0.0269,0.0358,0.0261,0.0241,0.0316,0.031,0.0362,0.0308,0.0301,0.0341,0.0335,0.035,0.0359,0.0347,0.0346,0.02,0.0249,0.0246,0.0268,0.0266,0.0201,0.0401,0.0491,0.1432,0.4988,0.1817,0.2543,0.2548,0.2485,0.0028,0.1069,0.4602,0.1563,0.2092,0.2322,0.2249,0.0992,0.4784,0.1464,0.1881,0.2323,0.2266,0.4346,0.182,0.2503,0.2191,0.216,0.4884,0.5932,0.4702,0.4751,0.1111,0.1258,0.1247,0.2464,0.248,0.006
Hmel201001o,4775001,4825000,4799732,49358,0.0214,0.0223,0.0207,0.0236,0.0056,0.0183,0.0135,0.0198,0.0189,0.0229,0.0227,0.0277,0.0346,0.0279,0.0271,0.0319,0.0319,0.0214,0.0269,0.0347,0.0286,0.0269,0.0327,0.0329,0.026,0.0343,0.0275,0.0255,0.0321,0.0325,0.0343,0.03,0.0296,0.0326,0.033,0.0345,0.0355,0.0343,0.0347,0.0206,0.0242,0.0237,0.0273,0.0272,0.0193,0.0259,0.0404,0.1122,0.4546,0.178,0.2293,0.227,0.2378,-0.001,0.0856,0.4431,0.1797,0.2135,0.2283,0.243,0.0898,0.4619,0.1808,0.2082,0.2391,0.256,0.4364,0.1946,0.2561,0.2145,0.2315,0.5014,0.5917,0.4764,0.4946,0.1367,0.1274,0.1275,0.2553,0.2666,-0.0002
Hmel201001o,4800001,4850000,4824915,49033,0.0196,0.0198,0.0191,0.0228,0.0053,0.0152,0.0116,0.0205,0.0192,0.0207,0.0204,0.0256,0.034,0.0282,0.028,0.0306,0.032,0.0192,0.0261,0.0341,0.0289,0.0279,0.0314,0.0329,0.0255,0.0335,0.0285,0.0275,0.0312,0.0328,0.0337,0.0294,0.0299,0.0309,0.0323,0.0338,0.0343,0.0328,0.0334,0.0183,0.0249,0.0246,0.0262,0.0266,0.02,0.0264,0.0297,0.1054,0.4798,0.2493,0.2974,0.2185,0.2579,-0.0074,0.112,0.4783,0.2581,0.2931,0.2284,0.2687,0.1109,0.4835,0.2609,0.297,0.2346,0.2755,0.4453,0.2363,0.297,0.186,0.2251,0.5505,0.6197,0.4507,0.4799,0.164,0.1732,0.1865,0.2516,0.2792,0.0045
Hmel201001o,4825001,4875000,4850028,49671,0.017,0.0177,0.0169,0.0216,0.0044,0.0135,0.0112,0.0184,0.0168,0.0182,0.0176,0.0246,0.0308,0.0263,0.0263,0.028,0.0289,0.0172,0.0251,0.0302,0.0262,0.0255,0.0277,0.0285,0.0251,0.0299,0.0263,0.0256,0.028,0.0289,0.0316,0.0282,0.0282,0.029,0.0297,0.0308,0.0303,0.0297,0.0297,0.0158,0.0229,0.0226,0.0236,0.0234,0.0182,0.0246,0.0206,0.136,0.5007,0.2797,0.3154,0.2379,0.274,-0.0037,0.1339,0.4803,0.2667,0.2893,0.2219,0.256,0.1473,0.4916,0.2799,0.3037,0.2384,0.275,0.452,0.2551,0.2908,0.196,0.2305,0.5666,0.6075,0.4625,0.4905,0.1292,0.1883,0.2081,0.2421,0.263,0.0175
Hmel201001o,4850001,4900000,4874995,49984,0.012,0.0127,0.0136,0.0193,0.0027,0.0096,0.0097,0.0154,0.015,0.0131,0.0135,0.03,0.0305,0.0258,0.0254,0.0309,0.0299,0.0132,0.0298,0.0305,0.0258,0.0254,0.0307,0.0296,0.0293,0.0305,0.026,0.0258,0.0304,0.0297,0.0332,0.0276,0.028,0.0272,0.0267,0.032,0.0321,0.0321,0.0319,0.0117,0.0202,0.0195,0.0218,0.0206,0.0156,0.0302,0.0277,0.335,0.6264,0.425,0.4162,0.4004,0.3927,0.0004,0.3207,0.6128,0.4117,0.4017,0.3869,0.3774,0.2994,0.5948,0.398,0.3923,0.3701,0.3641,0.5327,0.3376,0.3425,0.2362,0.2323,0.6916,0.6908,0.5775,0.5823,0.1018,0.248,0.2367,0.2827,0.2631,0.0124
Hmel201001o,4875001,4925000,4900002,49982,0.0114,0.0117,0.0148,0.0231,0.0044,0.0095,0.0114,0.0176,0.0172,0.012,0.014,0.0349,0.0352,0.0264,0.0246,0.035,0.0342,0.0132,0.0347,0.0364,0.0259,0.0245,0.0352,0.0345,0.0341,0.0365,0.0264,0.0257,0.0348,0.0343,0.0406,0.0299,0.0314,0.0308,0.0304,0.0368,0.0371,0.037,0.0368,0.0137,0.0241,0.0236,0.0254,0.0244,0.0178,0.0186,0.0352,0.3635,0.6462,0.4473,0.3815,0.4298,0.4246,-0.0009,0.3574,0.6509,0.4338,0.3738,0.4284,0.4243,0.3068,0.598,0.3833,0.339,0.3805,0.3787,0.5223,0.3253,0.3187,0.2222,0.2196,0.6944,0.6631,0.5577,0.5614,0.1403,0.2924,0.2897,0.288,0.2749,0.0119
Hmel201001o,4900001,4950000,4924955,49606,0.0161,0.0138,0.0168,0.027,0.0074,0.0111,0.0157,0.0186,0.0172,0.0159,0.0177,0.0299,0.0385,0.025,0.0214,0.0364,0.036,0.0154,0.0294,0.0386,0.0241,0.0195,0.0367,0.0365,0.0299,0.0391,0.0256,0.0212,0.0375,0.0374,0.0414,0.0326,0.0316,0.0382,0.0381,0.0382,0.0381,0.0389,0.0381,0.0176,0.0281,0.0285,0.0313,0.031,0.019,0.033,0.0399,0.1883,0.5488,0.3111,0.1549,0.3705,0.3831,0.0037,0.2115,0.585,0.3346,0.1467,0.4032,0.4204,0.1784,0.5436,0.3087,0.14,0.3748,0.3909,0.4442,0.2961,0.2196,0.2731,0.2875,0.6255,0.5502,0.515,0.5285,0.1432,0.3241,0.3519,0.306,0.3204,0.0329
Hmel201001o,4925001,4975000,4949994,48850,0.0219,0.0147,0.0163,0.0268,0.0064,0.0133,0.0187,0.0194,0.0179,0.0211,0.0214,0.0311,0.041,0.028,0.0235,0.0363,0.0361,0.0153,0.0296,0.0408,0.0295,0.0216,0.0395,0.0392,0.0296,0.0414,0.0302,0.022,0.04,0.0395,0.0415,0.0357,0.0332,0.0417,0.0417,0.0395,0.0408,0.0412,0.0404,0.0221,0.0305,0.031,0.0337,0.0338,0.0202,0.0769,0.0601,0.1356,0.503,0.2389,0.079,0.2888,0.3039,-0.0062,0.2034,0.6046,0.3703,0.1362,0.4136,0.4294,0.182,0.5849,0.3555,0.1216,0.3984,0.4119,0.4599,0.3077,0.2064,0.3055,0.3219,0.6156,0.5459,0.5395,0.5538,0.1675,0.3151,0.3442,0.2913,0.3122,0.043
Hmel201001o,4950001,5000000,4975131,47991,0.0225,0.0185,0.0192,0.0231,0.0049,0.0184,0.0213,0.021,0.021,0.0231,0.0228,0.0284,0.041,0.0262,0.0252,0.0335,0.034,0.0184,0.0267,0.0411,0.0277,0.0244,0.0362,0.0366,0.0267,0.0417,0.0277,0.0244,0.0366,0.0369,0.0401,0.0301,0.0305,0.0375,0.0377,0.0395,0.0413,0.0408,0.0408,0.0244,0.0318,0.0327,0.0318,0.0325,0.0216,0.0638,0.0472,0.1148,0.5155,0.1313,0.0758,0.2249,0.231,-0.0138,0.1389,0.5732,0.2112,0.1088,0.3077,0.3122,0.1285,0.5676,0.2021,0.0985,0.3042,0.3077,0.5115,0.1989,0.167,0.2713,0.2731,0.5614,0.5346,0.5341,0.534,0.1104,0.2477,0.2613,0.2119,0.2227,0.0145
Hmel201001o,4975001,5025000,5000538,48732,0.0203,0.0211,0.0217,0.0223,0.0037,0.0207,0.0199,0.0197,0.0207,0.0213,0.0214,0.027,0.0407,0.0235,0.0244,0.0349,0.0351,0.0206,0.0252,0.0406,0.0232,0.0236,0.0349,0.0354,0.0262,0.0416,0.0238,0.0249,0.0359,0.0362,0.0405,0.0296,0.0287,0.0378,0.0379,0.0408,0.0412,0.0399,0.0405,0.0237,0.0324,0.0331,0.0321,0.0323,0.0201,0.0153,0.009,0.1253,0.5599,0.0726,0.1029,0.2845,0.2752,-0.0191,0.0809,0.5484,0.0574,0.0753,0.276,0.2702,0.0925,0.5486,0.061,0.0958,0.2814,0.2738,0.5414,0.1671,0.1625,0.2982,0.2862,0.556,0.5702,0.5619,0.5527,0.0833,0.2444,0.2419,0.2494,0.2402,-0.0025
Hmel201001o,5000001,5050000,5024955,49756,0.0182,0.0199,0.02,0.0247,0.0043,0.0195,0.0174,0.0198,0.0203,0.0196,0.0196,0.027,0.0408,0.0218,0.0222,0.0346,0.0342,0.0193,0.026,0.0408,0.0217,0.0215,0.0348,0.0345,0.0264,0.0416,0.0218,0.0224,0.0348,0.0346,0.0413,0.03,0.0288,0.0375,0.0371,0.0411,0.041,0.0399,0.0408,0.0218,0.032,0.0316,0.0325,0.0321,0.0202,0.0153,0.0138,0.1314,0.5828,0.0763,0.1148,0.3033,0.2924,-0.0174,0.089,0.5581,0.0509,0.0744,0.2852,0.2761,0.0963,0.5641,0.052,0.0955,0.2846,0.2768,0.5102,0.1653,0.1749,0.2699,0.2594,0.5662,0.5973,0.5516,0.5528,0.0869,0.2496,0.239,0.284,0.2726,0.0025
Hmel201001o,5025001,5075000,5050063,49742,0.0192,0.0209,0.0209,0.0237,0.0053,0.0195,0.0182,0.0216,0.0203,0.0213,0.0215,0.0257,0.0392,0.0223,0.0222,0.0334,0.0337,0.0205,0.0252,0.0393,0.0216,0.0217,0.0337,0.0337,0.0252,0.0396,0.0222,0.0222,0.0332,0.0335,0.0382,0.027,0.0269,0.0334,0.0335,0.0395,0.0394,0.0393,0.0405,0.0206,0.031,0.0312,0.0318,0.0321,0.0211,0.0316,0.0376,0.1039,0.54,0.0749,0.0912,0.2532,0.2745,-0.0105,0.0698,0.5152,0.0369,0.0553,0.2378,0.253,0.0694,0.5198,0.0506,0.0681,0.231,0.2507,0.4806,0.1243,0.1409,0.2017,0.2197,0.5391,0.5572,0.5058,0.5362,0.0489,0.2141,0.2326,0.2414,0.2642,0.0045
Hmel201001o,5050001,5100000,5074603,48774,0.023,0.0232,0.0235,0.0221,0.0062,0.0187,0.0158,0.0225,0.0209,0.0249,0.0249,0.0269,0.0382,0.0273,0.0269,0.0341,0.0352,0.0228,0.0261,0.0381,0.0275,0.0279,0.035,0.0358,0.0264,0.0389,0.0281,0.0282,0.0351,0.0358,0.0364,0.0284,0.0285,0.0328,0.0335,0.0385,0.0394,0.0382,0.0398,0.0201,0.0289,0.0297,0.0295,0.0301,0.0222,0.0389,0.0362,0.088,0.463,0.1404,0.1702,0.2101,0.2423,-0.0117,0.0707,0.4593,0.1428,0.1881,0.2213,0.2494,0.0724,0.4631,0.1499,0.1876,0.2181,0.2463,0.4688,0.1759,0.2197,0.1962,0.2273,0.527,0.5802,0.4704,0.5083,0.0809,0.1762,0.21,0.2237,0.2552,0.0119
Hmel201001o,5075001,5125000,5100026,48297,0.0145,0.0175,0.0153,0.0232,0.0043,0.009,0.01,0.017,0.0163,0.017,0.0155,0.0237,0.0362,0.0282,0.027,0.0308,0.032,0.0159,0.0241,0.0355,0.0268,0.0269,0.0301,0.0312,0.0237,0.0365,0.0284,0.0278,0.0315,0.0325,0.0365,0.0305,0.0305,0.0321,0.033,0.0348,0.0357,0.0339,0.0351,0.0116,0.0198,0.0192,0.0208,0.0201,0.0172,0.0303,0.0197,0.1376,0.6031,0.426,0.3906,0.3382,0.3649,-0.0153,0.1009,0.547,0.3523,0.3374,0.2846,0.3108,0.1262,0.5921,0.4153,0.3902,0.3359,0.3605,0.4856,0.3407,0.3255,0.2484,0.2701,0.6933,0.6812,0.5389,0.5628,0.1074,0.2171,0.2167,0.2247,0.2198,0.0184
Hmel201001o,5100001,5150000,5125082,49489,0.0109,0.0148,0.0127,0.0224,0.0028,0.011,0.012,0.0138,0.0137,0.0132,0.0122,0.0212,0.0338,0.026,0.0232,0.0277,0.0283,0.0138,0.0217,0.0339,0.0245,0.0223,0.0264,0.0268,0.0212,0.0338,0.0254,0.0232,0.0274,0.0282,0.0349,0.0295,0.0278,0.0302,0.0304,0.0318,0.0325,0.0317,0.0322,0.0129,0.0189,0.0184,0.0199,0.0192,0.0141,0.0163,0.0185,0.1533,0.6777,0.4231,0.3541,0.3983,0.4109,0.0014,0.0975,0.6031,0.3236,0.2618,0.3101,0.3202,0.1228,0.6426,0.379,0.3181,0.3631,0.3782,0.5027,0.3038,0.2622,0.2721,0.2783,0.6582,0.6435,0.6001,0.6084,0.0595,0.219,0.2068,0.2228,0.2084,0.0138
Hmel201001o,5125001,5175000,5149539,47480,0.0168,0.0172,0.0167,0.0251,0.0036,0.0195,0.0159,0.0164,0.0155,0.0178,0.0176,0.0237,0.0329,0.0253,0.0211,0.0271,0.0269,0.017,0.0232,0.0334,0.0254,0.0208,0.0272,0.027,0.0232,0.0328,0.0246,0.0198,0.0274,0.0275,0.0336,0.029,0.0262,0.0307,0.0304,0.0307,0.0328,0.0322,0.0324,0.0204,0.0251,0.0249,0.0251,0.025,0.0162,0.0245,0.0265,0.0844,0.5421,0.1754,0.1348,0.2512,0.2629,-0.0004,0.0658,0.5409,0.1697,0.1194,0.2478,0.2572,0.0749,0.5424,0.1605,0.103,0.2585,0.2734,0.4393,0.1474,0.1464,0.2142,0.2232,0.4687,0.5573,0.5411,0.5596,0.0761,0.1747,0.1851,0.2281,0.2395,0.0075
Hmel201001o,5150001,5200000,5175864,47482,0.022,0.0213,0.0202,0.0265,0.0043,0.0205,0.0193,0.0204,0.0205,0.022,0.0218,0.0262,0.033,0.0251,0.0228,0.0289,0.0287,0.0204,0.0256,0.0339,0.0248,0.0221,0.0299,0.0297,0.0255,0.0336,0.0249,0.022,0.0305,0.0303,0.0346,0.029,0.0279,0.0324,0.0324,0.032,0.0337,0.033,0.0327,0.0227,0.0293,0.0288,0.0291,0.0286,0.0203,0.0097,0.0186,0.0495,0.447,0.0897,0.0547,0.1622,0.1577,-0.0084,0.0452,0.4684,0.0896,0.045,0.187,0.1817,0.0596,0.4817,0.1077,0.0573,0.2107,0.207,0.4228,0.1209,0.116,0.1758,0.1748,0.4581,0.4991,0.4725,0.4665,0.0709,0.1877,0.1779,0.1996,0.19,-0.0031
Hmel201001o,5175001,5225000,5200001,49998,0.0238,0.0232,0.0225,0.0273,0.0039,0.0197,0.0202,0.0202,0.0211,0.0234,0.0234,0.0272,0.0355,0.0247,0.0246,0.0321,0.0321,0.0224,0.0274,0.0366,0.0244,0.0241,0.0339,0.034,0.0272,0.0361,0.0244,0.0247,0.0337,0.0338,0.0374,0.0291,0.0293,0.0348,0.0348,0.0358,0.0361,0.0358,0.0358,0.0233,0.0307,0.0308,0.032,0.0317,0.0203,-0.0012,0.0059,0.0392,0.4551,0.0672,0.0586,0.1959,0.1867,-0.0105,0.0501,0.4762,0.0682,0.0559,0.231,0.2219,0.0563,0.4812,0.0778,0.0765,0.2347,0.2258,0.4488,0.1259,0.1222,0.2058,0.1957,0.5209,0.5165,0.5123,0.4989,0.0818,0.2239,0.2135,0.2378,0.2219,-0.0086
Hmel201001o,5200001,5250000,5224998,49989,0.0214,0.0196,0.0218,0.0269,0.0044,0.0177,0.0205,0.019,0.0189,0.0213,0.0214,0.0276,0.0343,0.0256,0.0246,0.0321,0.0326,0.0203,0.0279,0.0347,0.0246,0.0235,0.0336,0.0343,0.0279,0.0348,0.0249,0.0242,0.0332,0.0336,0.037,0.0311,0.0305,0.0359,0.0361,0.0344,0.0347,0.0342,0.0348,0.0229,0.0294,0.0296,0.0311,0.0309,0.0188,0.0199,-0.0052,0.0799,0.4705,0.1428,0.0843,0.2401,0.2475,-0.0103,0.109,0.5037,0.1463,0.0839,0.2838,0.2951,0.0812,0.4695,0.1222,0.0712,0.2517,0.2576,0.4431,0.1865,0.141,0.2391,0.2425,0.5313,0.4881,0.5077,0.5145,0.0971,0.2444,0.2477,0.2343,0.2328,-0.0034
Hmel201001o,5225001,5275000,5249886,49493,0.0172,0.0162,0.0188,0.023,0.0049,0.0145,0.0182,0.0184,0.0184,0.0176,0.018,0.0237,0.0293,0.0211,0.0207,0.0263,0.0271,0.0173,0.0236,0.03,0.0206,0.0203,0.0271,0.0283,0.0238,0.0302,0.0211,0.0206,0.0271,0.0278,0.0331,0.0266,0.0262,0.0305,0.031,0.0295,0.03,0.0292,0.0294,0.0182,0.0241,0.0245,0.025,0.0254,0.0184,0.0285,-0.0008,0.0989,0.4687,0.149,0.0815,0.204,0.217,-0.0066,0.1123,0.4975,0.155,0.0873,0.2329,0.2539,0.0764,0.4534,0.1247,0.0562,0.1959,0.209,0.4412,0.1965,0.1332,0.206,0.2142,0.5223,0.4602,0.4463,0.4486,0.0575,0.2001,0.2075,0.164,0.1717,0.0008
Hmel201001o,5250001,5300000,5274884,48855,0.0197,0.0205,0.021,0.0252,0.0058,0.017,0.0162,0.0188,0.0195,0.0202,0.0204,0.0256,0.0303,0.0204,0.021,0.0261,0.0268,0.0203,0.025,0.0312,0.0208,0.021,0.0269,0.0276,0.0257,0.0315,0.0212,0.0214,0.0267,0.0275,0.0328,0.0262,0.0259,0.0299,0.0302,0.0303,0.0307,0.0304,0.0305,0.0174,0.0245,0.0253,0.0252,0.0259,0.019,0.0044,0.0027,0.0807,0.4234,0.0553,0.0824,0.1591,0.1646,-0.0106,0.0579,0.4231,0.0545,0.0732,0.1639,0.1696,0.0662,0.4192,0.0585,0.0748,0.155,0.1606,0.3954,0.1292,0.1344,0.1701,0.1663,0.4693,0.4893,0.439,0.4304,0.0255,0.1652,0.1705,0.19,0.1952,-0.003
Hmel201001o,5275001,5325000,5299994,48978,0.0228,0.024,0.0238,0.0271,0.0086,0.0208,0.0175,0.0209,0.022,0.0234,0.0234,0.0294,0.0341,0.0238,0.0255,0.03,0.0304,0.0235,0.029,0.0339,0.0241,0.0248,0.0295,0.0297,0.0295,0.0343,0.0242,0.025,0.0298,0.0302,0.0352,0.0299,0.0304,0.033,0.0332,0.0336,0.034,0.0328,0.0332,0.0207,0.0285,0.0287,0.0281,0.0284,0.0213,0.0003,0.0039,0.0933,0.386,0.0476,0.124,0.1657,0.1595,-0.0098,0.0709,0.3656,0.0375,0.0931,0.1423,0.134,0.083,0.374,0.0439,0.101,0.1511,0.1452,0.3622,0.126,0.1765,0.1726,0.1634,0.4069,0.4614,0.3945,0.3844,0.0419,0.1619,0.1528,0.1981,0.1878,-0.0051
Hmel201001o,5300001,5350000,5325096,49590,0.0227,0.0241,0.025,0.0278,0.0099,0.0216,0.0186,0.021,0.0206,0.0235,0.0243,0.0294,0.0363,0.0248,0.0264,0.0301,0.0304,0.0242,0.0291,0.0358,0.0247,0.0254,0.0297,0.0299,0.0295,0.0361,0.0257,0.0263,0.0313,0.0314,0.0382,0.0308,0.0314,0.034,0.0346,0.0357,0.0364,0.035,0.0356,0.0226,0.0283,0.0281,0.029,0.0287,0.0206,0.0035,0.0089,0.0897,0.3952,0.0599,0.1298,0.1676,0.1769,-0.0076,0.066,0.3699,0.0418,0.0924,0.1456,0.1516,0.0624,0.3619,0.0514,0.0979,0.1617,0.1672,0.37,0.1244,0.1714,0.1818,0.1942,0.4027,0.4524,0.4025,0.4152,0.062,0.1483,0.1493,0.199,0.1976,-0.0048
Hmel201001o,5325001,5375000,5349655,48903,0.0257,0.0264,0.0275,0.0303,0.0101,0.0235,0.0214,0.022,0.0213,0.0265,0.0276,0.0311,0.0372,0.0277,0.0278,0.0321,0.0325,0.0268,0.0307,0.0373,0.0276,0.0275,0.0332,0.0335,0.031,0.0378,0.0287,0.0281,0.0347,0.0348,0.0388,0.0321,0.0318,0.0356,0.0361,0.037,0.0378,0.0377,0.0384,0.0253,0.0299,0.0301,0.0324,0.032,0.0217,0.0089,0.0192,0.0638,0.3655,0.0636,0.0884,0.1566,0.1696,-0.0026,0.0478,0.3571,0.0545,0.0741,0.1649,0.177,0.0422,0.3506,0.0629,0.0743,0.1765,0.186,0.3497,0.1034,0.1223,0.1715,0.186,0.3919,0.4282,0.4195,0.4368,0.0641,0.145,0.1555,0.2093,0.2114,0.0011
Hmel201001o,5350001,5400000,5375187,48939,0.0252,0.0254,0.024,0.0295,0.0106,0.0239,0.0224,0.0226,0.0228,0.0261,0.0263,0.0313,0.0354,0.0265,0.0268,0.0334,0.0341,0.025,0.0305,0.0353,0.0269,0.0264,0.0338,0.0347,0.0297,0.0355,0.0266,0.026,0.0342,0.0351,0.0367,0.0314,0.0305,0.0348,0.0356,0.0348,0.0353,0.0352,0.0359,0.0258,0.0315,0.0324,0.0327,0.0332,0.0229,0.0164,0.0363,0.0784,0.3434,0.0398,0.0639,0.1757,0.1831,0.0075,0.063,0.3393,0.0474,0.0538,0.1792,0.1903,0.0636,0.3589,0.0545,0.0604,0.1999,0.2095,0.3267,0.0943,0.0963,0.1606,0.1691,0.3515,0.3781,0.375,0.3793,0.0569,0.1597,0.1706,0.1947,0.1994,0.0058
Hmel201001o,5375001,5425000,5400000,50000,0.0221,0.021,0.0202,0.0277,0.0096,0.0197,0.0206,0.0207,0.0205,0.0225,0.0228,0.0284,0.0361,0.0233,0.024,0.031,0.0316,0.0208,0.0268,0.0364,0.023,0.023,0.0307,0.0315,0.0263,0.0363,0.0232,0.0232,0.0308,0.0315,0.0375,0.0286,0.0277,0.0328,0.0336,0.0357,0.0357,0.0347,0.0351,0.0213,0.0296,0.0302,0.0295,0.0302,0.0207,0.0242,0.0396,0.0786,0.4048,0.0579,0.0621,0.1928,0.2049,0.0054,0.0644,0.4235,0.0666,0.0527,0.2017,0.2176,0.0653,0.4338,0.0801,0.068,0.2125,0.2274,0.3668,0.1121,0.0845,0.1681,0.1826,0.4336,0.4204,0.4073,0.4161,0.0286,0.1998,0.2122,0.1855,0.1999,0.0039
Hmel201001o,5400001,5450000,5424986,49944,0.0208,0.0199,0.0201,0.0267,0.0081,0.0176,0.0201,0.0201,0.0185,0.0213,0.0217,0.0269,0.0364,0.0222,0.0223,0.029,0.029,0.0198,0.0249,0.0369,0.0219,0.0219,0.0289,0.0292,0.0253,0.0365,0.0221,0.0221,0.0286,0.0286,0.0378,0.0271,0.0266,0.0313,0.0316,0.0366,0.0366,0.0356,0.0358,0.0194,0.0276,0.027,0.0277,0.0276,0.0194,0.0247,0.0313,0.0761,0.4472,0.0769,0.0455,0.1815,0.202,-0.0033,0.0497,0.4663,0.0822,0.0498,0.1912,0.2173,0.0548,0.4594,0.0844,0.0517,0.1841,0.2061,0.4022,0.1219,0.0803,0.1612,0.1864,0.4967,0.4609,0.4484,0.475,0.0156,0.1974,0.2096,0.1688,0.1866,0.0022
Hmel201001o,5425001,5475000,5449989,49713,0.0239,0.0251,0.0252,0.027,0.0081,0.022,0.0221,0.0228,0.0225,0.0249,0.025,0.0292,0.0356,0.0252,0.025,0.032,0.0319,0.0247,0.028,0.0359,0.0258,0.0256,0.0324,0.0323,0.0289,0.036,0.0261,0.0258,0.0329,0.0329,0.0363,0.0299,0.0294,0.0331,0.0331,0.0364,0.0366,0.0365,0.037,0.024,0.0309,0.0303,0.0315,0.0313,0.0228,0.0082,0.0092,0.0783,0.3954,0.0501,0.0447,0.1653,0.1671,-0.0086,0.0418,0.3831,0.0481,0.0442,0.1585,0.1605,0.0569,0.3826,0.0536,0.0467,0.1655,0.168,0.3817,0.1127,0.1036,0.1541,0.1571,0.4305,0.4323,0.4208,0.4302,0.047,0.1686,0.163,0.1777,0.1779,0.0028
Hmel201001o,5450001,5500000,5475086,49751,0.0271,0.0273,0.028,0.0268,0.0078,0.0248,0.0226,0.0245,0.0262,0.0274,0.0277,0.0308,0.0374,0.0281,0.0281,0.0349,0.0344,0.027,0.0299,0.0376,0.028,0.0275,0.0352,0.035,0.0313,0.0385,0.0283,0.028,0.036,0.036,0.0374,0.0321,0.0316,0.0353,0.0351,0.0382,0.038,0.0381,0.0386,0.0262,0.0353,0.0354,0.0354,0.0355,0.0255,0.0043,0.0029,0.0684,0.3795,0.0417,0.0649,0.1588,0.1335,-0.0117,0.0499,0.3782,0.0376,0.0518,0.1607,0.1403,0.0668,0.3815,0.0377,0.0549,0.166,0.1491,0.4002,0.116,0.1348,0.1684,0.1447,0.4169,0.4446,0.4204,0.4039,0.0527,0.1868,0.17,0.2121,0.1952,0.0038
Hmel201001o,5475001,5525000,5499762,48280,0.0246,0.0243,0.0256,0.0247,0.0078,0.0231,0.0216,0.0242,0.0249,0.025,0.0256,0.0288,0.0385,0.0262,0.027,0.0345,0.0335,0.0245,0.0273,0.038,0.0258,0.0254,0.0344,0.0342,0.0285,0.0395,0.0257,0.0263,0.0349,0.0346,0.0382,0.0303,0.0305,0.0351,0.0349,0.0389,0.0386,0.0378,0.0383,0.0253,0.0352,0.0349,0.0358,0.0353,0.0252,0.0125,0.0113,0.081,0.423,0.0486,0.0831,0.1807,0.1575,-0.0092,0.0572,0.4225,0.0458,0.0549,0.1823,0.1723,0.0643,0.4224,0.0288,0.058,0.1778,0.1647,0.4338,0.1254,0.1491,0.1863,0.1743,0.4475,0.4656,0.4219,0.4171,0.0665,0.2071,0.1937,0.2318,0.2173,0.0131
Hmel201001o,5500001,5550000,5525626,48266,0.0235,0.0224,0.0225,0.0249,0.0083,0.0203,0.0212,0.0254,0.0253,0.0237,0.0236,0.0262,0.0406,0.0241,0.0246,0.036,0.0346,0.0222,0.0248,0.0394,0.0245,0.0237,0.0354,0.0341,0.0249,0.0403,0.0243,0.0239,0.0352,0.0339,0.0387,0.0272,0.0267,0.0347,0.0337,0.0402,0.0394,0.039,0.038,0.0228,0.0345,0.0335,0.0345,0.0331,0.0255,0.0181,0.0142,0.0455,0.4525,0.0502,0.0506,0.202,0.1823,-0.0046,0.0319,0.4558,0.0737,0.0442,0.2052,0.1867,0.0313,0.4631,0.0679,0.0466,0.2009,0.1821,0.4297,0.1054,0.0846,0.1655,0.1514,0.4913,0.4702,0.4127,0.4014,0.0492,0.215,0.2,0.2047,0.1835,0.0042
Hmel201001o,5525001,5575000,5550003,49965,0.025,0.0233,0.0235,0.025,0.0074,0.0177,0.0214,0.0252,0.0256,0.0246,0.0247,0.0265,0.0403,0.0247,0.0252,0.0367,0.0359,0.0234,0.0252,0.0397,0.0248,0.0242,0.0359,0.0348,0.0252,0.0395,0.0255,0.0241,0.0357,0.0347,0.0387,0.0272,0.0264,0.0347,0.034,0.0395,0.0393,0.0389,0.0381,0.0221,0.0352,0.0344,0.0346,0.0337,0.025,0.0092,0.0106,0.031,0.4415,0.0787,0.0438,0.1975,0.1822,-0.0005,0.0255,0.4571,0.1011,0.0422,0.2036,0.1837,0.0238,0.4532,0.1129,0.0389,0.1996,0.1813,0.44,0.1402,0.0753,0.1675,0.1515,0.5333,0.4795,0.4246,0.4104,0.065,0.2561,0.2396,0.2064,0.1887,-0.0073
Hmel201001o,5550001,5600000,5574970,49916,0.0245,0.0226,0.023,0.0249,0.0069,0.0169,0.0216,0.0226,0.0237,0.0235,0.0244,0.0269,0.0375,0.0243,0.0257,0.0344,0.0349,0.0232,0.0256,0.0368,0.0233,0.0244,0.0341,0.0343,0.0265,0.0372,0.0248,0.0242,0.0342,0.0347,0.0366,0.027,0.0275,0.0345,0.035,0.036,0.037,0.0367,0.0372,0.0222,0.0335,0.0339,0.033,0.0336,0.0231,-0.0001,0.0155,0.046,0.4257,0.0859,0.058,0.197,0.1932,0.0097,0.0446,0.4434,0.0887,0.0519,0.2129,0.2038,0.0558,0.4422,0.1147,0.0441,0.2107,0.2054,0.4261,0.1486,0.0927,0.1949,0.1878,0.5203,0.4596,0.442,0.4327,0.077,0.2705,0.2631,0.2075,0.2038,-0.0013
Hmel201001o,5575001,5625000,5599782,46949,0.0234,0.022,0.0222,0.0265,0.0074,0.0182,0.02,0.0225,0.0234,0.0228,0.0236,0.0278,0.036,0.0235,0.0247,0.0322,0.0331,0.0224,0.0266,0.0349,0.0227,0.0243,0.0329,0.0338,0.0276,0.0366,0.0233,0.024,0.0331,0.0344,0.0361,0.028,0.029,0.0355,0.0362,0.0346,0.0357,0.0357,0.0365,0.021,0.0313,0.0325,0.0312,0.0325,0.0226,0.0022,0.0186,0.063,0.4156,0.0647,0.0698,0.1767,0.1813,0.007,0.056,0.4215,0.0649,0.0761,0.2028,0.2058,0.074,0.4384,0.0769,0.0672,0.2034,0.2128,0.3943,0.1326,0.1265,0.1966,0.1946,0.4756,0.4612,0.4251,0.4222,0.0507,0.2235,0.2311,0.2004,0.2096,-0.0075
Hmel201001o,5600001,5650000,5625917,43246,0.0241,0.0238,0.0242,0.0286,0.0084,0.0177,0.016,0.0236,0.0238,0.0245,0.025,0.0296,0.0362,0.0246,0.0248,0.032,0.0323,0.0238,0.0289,0.0365,0.0254,0.0255,0.0338,0.0342,0.0293,0.0376,0.0245,0.0251,0.0334,0.0339,0.0378,0.0312,0.0309,0.0358,0.036,0.0361,0.0369,0.0366,0.0368,0.0202,0.0313,0.0315,0.0312,0.0318,0.0229,0.0127,0.0175,0.07,0.3957,0.0868,0.1124,0.1552,0.1575,-0.0058,0.0595,0.4028,0.1063,0.1297,0.1858,0.1883,0.062,0.4096,0.0832,0.1172,0.1744,0.1798,0.3773,0.1726,0.1891,0.1712,0.171,0.4849,0.5184,0.4064,0.4069,0.0967,0.2166,0.2165,0.2358,0.2425,-0.0181
Hmel201001o,5625001,5675000,5651529,46215,0.0218,0.023,0.0233,0.0296,0.0054,0.0189,0.0142,0.0217,0.0213,0.0232,0.0234,0.0304,0.0379,0.0249,0.0258,0.0326,0.033,0.0228,0.0301,0.0381,0.0261,0.0259,0.0339,0.0341,0.0301,0.0389,0.0258,0.026,0.0336,0.034,0.0409,0.0334,0.0328,0.0377,0.038,0.0377,0.0385,0.0385,0.0383,0.0213,0.0302,0.0298,0.0295,0.0295,0.021,0.0171,0.0202,0.0999,0.4878,0.1045,0.187,0.2097,0.22,-0.0071,0.081,0.4731,0.1152,0.1729,0.2165,0.2238,0.0792,0.4772,0.1071,0.1714,0.2087,0.219,0.4361,0.1811,0.2288,0.2075,0.2163,0.528,0.6091,0.4952,0.4993,0.1304,0.2056,0.2033,0.2542,0.261,-0.0134
Hmel201001o,5650001,5700000,5674880,49123,0.0194,0.0212,0.0205,0.0311,0.0033,0.0195,0.0144,0.0189,0.0186,0.0212,0.0213,0.0306,0.035,0.024,0.0253,0.0302,0.031,0.0205,0.0301,0.0354,0.0249,0.0244,0.0309,0.0314,0.03,0.0355,0.0251,0.0248,0.031,0.0318,0.0407,0.0335,0.0336,0.0378,0.0382,0.0348,0.0359,0.0359,0.0359,0.0198,0.0254,0.0253,0.0267,0.027,0.0184,0.0234,0.0343,0.1195,0.5262,0.1105,0.2109,0.2366,0.2514,-0.0079,0.0913,0.5017,0.1066,0.1656,0.2246,0.2352,0.0981,0.5148,0.1201,0.1854,0.2354,0.2501,0.4452,0.1637,0.2256,0.2273,0.2359,0.5233,0.6208,0.5447,0.5484,0.0843,0.1468,0.149,0.2443,0.2536,-0.0091
Hmel201001o,5675001,5725000,5700326,49124,0.0232,0.0258,0.0237,0.0325,0.004,0.023,0.0188,0.022,0.0225,0.0257,0.0254,0.0328,0.0367,0.0279,0.0287,0.0349,0.0355,0.0244,0.0327,0.0375,0.0285,0.0276,0.0351,0.0356,0.0323,0.0371,0.0282,0.0279,0.0349,0.0355,0.0414,0.0356,0.0361,0.0404,0.041,0.0372,0.0374,0.0381,0.0382,0.0239,0.0296,0.0296,0.0329,0.0336,0.0224,0.0248,0.0419,0.1006,0.4759,0.0987,0.1636,0.2252,0.2278,-0.0073,0.0706,0.4468,0.0807,0.1123,0.1998,0.2012,0.0877,0.4738,0.099,0.1442,0.2202,0.2231,0.4291,0.1432,0.1956,0.2142,0.2169,0.4837,0.5492,0.5076,0.5021,0.0714,0.1445,0.1386,0.2459,0.2508,0.0045
Hmel201001o,5700001,5750000,5724995,49985,0.0225,0.0257,0.0241,0.0277,0.0061,0.0215,0.0187,0.0236,0.0244,0.0254,0.0249,0.0292,0.037,0.0258,0.0273,0.0354,0.0352,0.0246,0.0293,0.0374,0.0267,0.0275,0.0358,0.0357,0.0286,0.0377,0.0262,0.0279,0.0358,0.0357,0.0386,0.0307,0.0325,0.0379,0.0378,0.0374,0.0379,0.0374,0.0374,0.0246,0.0331,0.0327,0.034,0.0343,0.0245,0.0276,0.0362,0.0885,0.4588,0.0848,0.1486,0.2225,0.2117,-0.0053,0.0515,0.4195,0.0652,0.1128,0.1948,0.1854,0.059,0.4445,0.0744,0.14,0.2107,0.2019,0.4251,0.1251,0.1875,0.205,0.1953,0.4763,0.5234,0.4466,0.4364,0.1065,0.1996,0.1836,0.2445,0.2402,0.0113
Hmel201001o,5725001,5775000,5750003,49985,0.0215,0.0234,0.0225,0.0255,0.0069,0.0195,0.0176,0.0229,0.0232,0.0233,0.0232,0.0278,0.0363,0.0235,0.0257,0.0335,0.0329,0.0227,0.0273,0.0363,0.0239,0.0256,0.0339,0.0331,0.0265,0.0368,0.0237,0.0262,0.0342,0.0335,0.0371,0.0281,0.0305,0.0349,0.0342,0.0362,0.0375,0.0353,0.0353,0.023,0.0326,0.0318,0.0316,0.0317,0.0232,0.0193,0.0284,0.0943,0.4539,0.0731,0.1431,0.213,0.2008,-0.0046,0.0615,0.4271,0.0564,0.1169,0.1974,0.1821,0.0594,0.4467,0.0656,0.1401,0.213,0.1989,0.4254,0.1263,0.1925,0.1918,0.1786,0.4826,0.5239,0.4219,0.4178,0.112,0.2218,0.2073,0.2299,0.2273,0.0039
Hmel201001o,5750001,5800000,5774344,47303,0.0229,0.0238,0.0236,0.0248,0.0069,0.021,0.0202,0.0228,0.0228,0.0239,0.0244,0.0293,0.0362,0.0245,0.0262,0.0339,0.0336,0.0235,0.0283,0.0363,0.0241,0.0254,0.034,0.0333,0.0277,0.0365,0.0245,0.0259,0.0342,0.0335,0.0362,0.0293,0.0306,0.0345,0.0341,0.0355,0.0367,0.0345,0.0347,0.0234,0.0325,0.032,0.0326,0.0325,0.0228,0.0133,0.0262,0.1097,0.4332,0.0596,0.1035,0.2044,0.2,-0.0046,0.081,0.4222,0.04,0.0766,0.1964,0.1856,0.0724,0.4272,0.0501,0.0886,0.2019,0.1914,0.4239,0.1349,0.1665,0.1936,0.1879,0.4529,0.4775,0.4144,0.4168,0.0674,0.2061,0.1977,0.2163,0.215,-0.0012
Hmel201001o,5775001,5825000,5800767,47299,0.0227,0.0236,0.024,0.0241,0.0066,0.0204,0.0198,0.0223,0.0223,0.0245,0.0249,0.0285,0.0332,0.0247,0.0257,0.0318,0.032,0.0239,0.0279,0.0337,0.0249,0.0255,0.033,0.033,0.0277,0.0339,0.0259,0.0263,0.0332,0.0334,0.0339,0.0294,0.0299,0.0331,0.0336,0.0319,0.033,0.0332,0.0336,0.0218,0.0297,0.0295,0.0313,0.0314,0.0222,0.0299,0.0333,0.1051,0.4031,0.0722,0.101,0.1812,0.1832,0.0009,0.0828,0.3971,0.0665,0.085,0.1902,0.1896,0.072,0.3925,0.0819,0.0957,0.1886,0.1906,0.4101,0.1508,0.1666,0.1856,0.1913,0.4214,0.4452,0.4096,0.4137,0.0443,0.1736,0.1689,0.2072,0.2069,-0.003
Hmel201001o,5800001,5850000,5824997,49984,0.0232,0.0244,0.0237,0.0246,0.006,0.0201,0.0193,0.0217,0.0225,0.0252,0.025,0.0275,0.0341,0.0259,0.0266,0.0308,0.0316,0.024,0.0273,0.034,0.0264,0.0265,0.0324,0.0335,0.0272,0.0347,0.0265,0.0266,0.0328,0.0338,0.0339,0.0289,0.0298,0.0326,0.0334,0.0327,0.0335,0.0338,0.0344,0.0224,0.0282,0.0288,0.0287,0.0298,0.022,0.0309,0.0346,0.076,0.4162,0.0946,0.1185,0.1654,0.1707,-0.0005,0.0567,0.3979,0.0905,0.1006,0.1783,0.1864,0.0643,0.4169,0.1015,0.1117,0.1914,0.1982,0.4137,0.1415,0.166,0.1812,0.1831,0.4459,0.4677,0.4354,0.4312,0.0678,0.1579,0.1589,0.1756,0.1846,-0.0009
Hmel201001o,5825001,5875000,5849493,48217,0.023,0.0242,0.0224,0.0252,0.0059,0.0196,0.0201,0.0199,0.0208,0.0244,0.024,0.0273,0.0347,0.0248,0.0261,0.0305,0.0307,0.0231,0.0265,0.0351,0.0254,0.0256,0.0316,0.0323,0.0263,0.0355,0.0252,0.0251,0.0319,0.0322,0.0344,0.0286,0.0287,0.0326,0.0327,0.0342,0.0349,0.0336,0.0342,0.0235,0.028,0.0284,0.0286,0.0289,0.0206,0.0184,0.03,0.0693,0.4286,0.0826,0.1014,0.1839,0.1769,-0.005,0.04,0.4158,0.0792,0.0781,0.1886,0.1898,0.0581,0.446,0.0973,0.0883,0.213,0.2086,0.4124,0.1375,0.1329,0.1984,0.1878,0.4734,0.4736,0.4616,0.4554,0.0903,0.1824,0.179,0.187,0.1819,0.0066
Hmel201001o,5850001,5900000,5875389,48153,0.0234,0.024,0.0218,0.0245,0.0056,0.0184,0.0199,0.0203,0.0209,0.0241,0.0234,0.027,0.0334,0.024,0.0263,0.0318,0.0317,0.0228,0.0268,0.0341,0.0232,0.025,0.0319,0.0323,0.0264,0.0343,0.0243,0.0256,0.0329,0.033,0.0338,0.0282,0.0283,0.0331,0.0332,0.0338,0.0351,0.0331,0.0335,0.0235,0.0298,0.0299,0.0312,0.0312,0.0209,0.0102,0.0186,0.0653,0.4114,0.0741,0.1033,0.1962,0.1878,-0.0027,0.0536,0.4105,0.0476,0.0682,0.1898,0.1898,0.0732,0.4452,0.1003,0.1087,0.2308,0.2259,0.42,0.1516,0.1341,0.206,0.2003,0.4925,0.4835,0.454,0.4503,0.1075,0.223,0.2176,0.2274,0.2207,0.008
Hmel201001o,5875001,5925000,5899930,49710,0.0251,0.0231,0.0236,0.0238,0.0056,0.0184,0.0162,0.021,0.0226,0.0249,0.0248,0.0275,0.0338,0.0264,0.0279,0.0321,0.0329,0.0234,0.0272,0.0337,0.0248,0.0271,0.032,0.0332,0.0272,0.0345,0.0257,0.0278,0.033,0.0339,0.0334,0.0288,0.0303,0.0329,0.0336,0.0334,0.0353,0.0337,0.034,0.0214,0.0287,0.0292,0.0297,0.0303,0.022,0.0163,0.0093,0.0575,0.3914,0.1028,0.1565,0.1733,0.168,0.0016,0.0783,0.418,0.0937,0.168,0.1946,0.1938,0.071,0.4205,0.1063,0.1745,0.2036,0.1989,0.4232,0.1702,0.2236,0.2011,0.1915,0.4873,0.5441,0.4502,0.4296,0.1111,0.1956,0.1834,0.2415,0.2301,0.0057
Hmel201001o,5900001,5950000,5923891,46517,0.0261,0.0236,0.0253,0.0244,0.0065,0.0202,0.0138,0.0227,0.0235,0.0253,0.0261,0.0291,0.0351,0.0284,0.0285,0.0331,0.0333,0.0242,0.0281,0.0348,0.0286,0.0298,0.0339,0.0345,0.0284,0.0352,0.0292,0.0302,0.0344,0.035,0.0346,0.0315,0.0333,0.0342,0.0348,0.0346,0.0361,0.0352,0.0352,0.0209,0.0292,0.0292,0.0303,0.0298,0.0236,0.0096,0.0074,0.0708,0.3803,0.1076,0.185,0.1596,0.155,-0.0058,0.0828,0.4116,0.1401,0.2394,0.1978,0.199,0.0672,0.3924,0.1313,0.2252,0.1875,0.1876,0.4159,0.185,0.2953,0.194,0.1926,0.46,0.5769,0.4294,0.4181,0.109,0.1627,0.1521,0.2613,0.242,0.0108
Hmel201001o,5925001,5975000,5950625,46730,0.0235,0.0227,0.0233,0.025,0.007,0.0198,0.0159,0.0219,0.0225,0.0232,0.0236,0.0295,0.0332,0.0257,0.026,0.0329,0.0329,0.023,0.0293,0.0334,0.0261,0.0268,0.0337,0.0343,0.0289,0.033,0.0273,0.0279,0.0345,0.0351,0.0348,0.0324,0.0325,0.0351,0.0355,0.0334,0.0343,0.0331,0.0338,0.0216,0.0301,0.0304,0.0308,0.031,0.0225,0.0006,0.0051,0.104,0.3858,0.0915,0.1443,0.1933,0.1873,-0.0002,0.11,0.3997,0.1085,0.1705,0.2136,0.2153,0.0974,0.3866,0.1255,0.1845,0.2187,0.2213,0.4039,0.1981,0.2489,0.2103,0.209,0.4444,0.5155,0.4073,0.408,0.1007,0.1909,0.1894,0.2507,0.2474,0.0064
Hmel201001o,5950001,6000000,5974686,48877,0.0247,0.0238,0.0246,0.0258,0.0057,0.0191,0.0181,0.0214,0.0231,0.0241,0.0242,0.0295,0.0346,0.0259,0.026,0.0339,0.0338,0.0244,0.0292,0.0348,0.0264,0.0267,0.0344,0.0342,0.0293,0.035,0.0262,0.0263,0.035,0.0349,0.0361,0.0323,0.0317,0.0356,0.0352,0.0347,0.0354,0.0336,0.0347,0.0218,0.0316,0.0318,0.0322,0.0329,0.0221,-0.0032,-0.008,0.0829,0.4055,0.09,0.105,0.2008,0.1819,0.0037,0.0887,0.4203,0.1103,0.1289,0.2173,0.197,0.0804,0.4121,0.096,0.1109,0.2178,0.199,0.4269,0.1974,0.2016,0.2152,0.1906,0.4897,0.5137,0.4408,0.4297,0.0855,0.2301,0.2134,0.2524,0.2427,-0.0038
Hmel201001o,5975001,6025000,6000255,48861,0.025,0.0242,0.0244,0.0247,0.0066,0.0209,0.0199,0.0228,0.0239,0.0248,0.0245,0.0276,0.0358,0.0265,0.0258,0.0334,0.0334,0.024,0.027,0.0359,0.0274,0.0263,0.0341,0.0336,0.0272,0.0364,0.0264,0.0255,0.0348,0.0343,0.0358,0.0303,0.0298,0.034,0.0334,0.036,0.0365,0.0347,0.0356,0.023,0.0319,0.0318,0.0327,0.0328,0.0236,0.0044,-0.0031,0.0536,0.403,0.0753,0.0731,0.1753,0.1634,-0.0051,0.0519,0.4152,0.1037,0.0942,0.1946,0.1748,0.0542,0.4183,0.0807,0.0755,0.2024,0.183,0.4236,0.1538,0.1573,0.1866,0.1643,0.4632,0.4838,0.421,0.4151,0.0637,0.1976,0.1827,0.2208,0.2095,0.0046
Hmel201001o,6000001,6050000,6024908,49273,0.025,0.0237,0.0231,0.0261,0.0078,0.0223,0.0235,0.0234,0.0246,0.0249,0.0248,0.0286,0.0375,0.0275,0.0271,0.0352,0.0355,0.0235,0.0284,0.0377,0.0275,0.0267,0.0366,0.0367,0.0283,0.038,0.0278,0.0271,0.0373,0.0376,0.0373,0.0315,0.0306,0.036,0.0361,0.0379,0.0379,0.0368,0.0376,0.0259,0.0339,0.0338,0.0341,0.0343,0.0244,0.0114,0.0148,0.0595,0.4064,0.0792,0.0576,0.1936,0.187,0.0024,0.0734,0.4269,0.0938,0.0658,0.2283,0.2177,0.0787,0.4365,0.1062,0.0794,0.2427,0.2343,0.4074,0.1427,0.1133,0.1953,0.1834,0.4471,0.4302,0.4195,0.4127,0.0651,0.2037,0.1909,0.1937,0.1853,0.0094
Hmel201001o,6025001,6075000,6050045,47641,0.0258,0.0244,0.0245,0.0285,0.0064,0.0205,0.0241,0.0236,0.0244,0.0249,0.0256,0.0316,0.038,0.0274,0.0272,0.0376,0.0376,0.0247,0.0312,0.0383,0.0268,0.0267,0.0388,0.0388,0.0321,0.0385,0.0281,0.0277,0.0389,0.0391,0.0397,0.0336,0.0326,0.0399,0.0402,0.0386,0.0383,0.0378,0.0381,0.0265,0.0376,0.0375,0.0369,0.0371,0.0239,-0.0048,0.0092,0.0835,0.4198,0.0886,0.0455,0.2172,0.2092,0.0053,0.0936,0.4427,0.0937,0.0509,0.2484,0.2396,0.1063,0.4435,0.1177,0.0695,0.2486,0.2428,0.4246,0.1748,0.1175,0.2238,0.2187,0.4988,0.445,0.4476,0.4399,0.0907,0.2736,0.2622,0.2259,0.2189,-0.0029
Hmel201001o,6050001,6100000,6075275,47432,0.0269,0.0263,0.0266,0.0268,0.0053,0.0215,0.0227,0.0239,0.0244,0.0264,0.0271,0.0311,0.0359,0.0274,0.027,0.036,0.0362,0.0265,0.0305,0.0361,0.0275,0.0273,0.0368,0.0367,0.0305,0.0365,0.0279,0.0276,0.0365,0.0365,0.0371,0.032,0.0311,0.0374,0.0376,0.0362,0.0363,0.0355,0.0355,0.0265,0.0371,0.037,0.0354,0.0353,0.0239,-0.0035,0.007,0.0766,0.3962,0.0649,0.0443,0.1826,0.1787,0.0005,0.0731,0.4075,0.0742,0.0576,0.1993,0.1933,0.0693,0.4077,0.0783,0.0607,0.1917,0.1868,0.4328,0.1535,0.1255,0.2033,0.1993,0.4765,0.4594,0.4347,0.4256,0.0955,0.2527,0.2457,0.2171,0.2094,-0.0066
Hmel201001o,6075001,6125000,6100115,49081,0.0286,0.0278,0.0274,0.0266,0.0056,0.0218,0.0222,0.0258,0.0256,0.0281,0.0281,0.0297,0.0357,0.0292,0.0289,0.0351,0.0351,0.0273,0.0295,0.0353,0.0301,0.0299,0.0363,0.036,0.0285,0.0359,0.0293,0.0288,0.0357,0.0356,0.0361,0.0328,0.032,0.0359,0.0357,0.0361,0.0364,0.0356,0.0352,0.0237,0.0343,0.0338,0.0336,0.033,0.0255,-0.0006,0.0016,0.0342,0.3681,0.0795,0.0684,0.1355,0.1364,-0.005,0.0392,0.3727,0.1034,0.0953,0.1592,0.1571,0.0262,0.3849,0.0927,0.0786,0.1546,0.1542,0.4194,0.1639,0.1477,0.1632,0.1633,0.4669,0.4637,0.404,0.4024,0.0412,0.1908,0.1863,0.1768,0.1695,-0.0041
Hmel201001o,6100001,6150000,6125000,49998,0.0279,0.027,0.0274,0.0259,0.0062,0.0189,0.021,0.0273,0.0259,0.0273,0.0276,0.0293,0.0358,0.0288,0.0288,0.035,0.0345,0.0268,0.0288,0.0352,0.0301,0.0299,0.0365,0.0361,0.0287,0.0362,0.0296,0.0294,0.0364,0.0361,0.0358,0.0331,0.0329,0.0364,0.0361,0.0361,0.0369,0.0365,0.0358,0.0219,0.0329,0.0323,0.034,0.0333,0.0265,-0.0022,-0.0011,0.0405,0.3702,0.1096,0.0862,0.1246,0.13,-0.0075,0.0425,0.3751,0.1429,0.1161,0.1552,0.1629,0.0347,0.381,0.1296,0.1032,0.1503,0.1582,0.4154,0.2108,0.1814,0.1582,0.1708,0.5013,0.4779,0.3858,0.3968,0.0497,0.1848,0.191,0.1782,0.1824,-0.0017
Hmel201001o,6125001,6175000,6149906,49567,0.024,0.0222,0.0236,0.0245,0.006,0.016,0.0181,0.0228,0.0212,0.023,0.0242,0.0281,0.0364,0.0258,0.0257,0.0313,0.0306,0.0225,0.0274,0.036,0.0264,0.0258,0.0326,0.0323,0.0274,0.0371,0.0269,0.0269,0.0335,0.0331,0.0368,0.0311,0.0312,0.0343,0.0343,0.0358,0.0368,0.0369,0.0355,0.0198,0.0273,0.0269,0.0289,0.0284,0.0221,-0.0028,0.0079,0.0769,0.4323,0.133,0.1044,0.1527,0.1595,-0.0106,0.0866,0.4526,0.1693,0.1295,0.1931,0.207,0.0697,0.4451,0.1602,0.1332,0.1907,0.2026,0.4462,0.2327,0.2065,0.1926,0.2124,0.5451,0.5224,0.454,0.4618,0.0793,0.1781,0.1918,0.181,0.1915,0.0029
Hmel201001o,6150001,6200000,6175118,49559,0.0169,0.0162,0.0168,0.0234,0.0038,0.014,0.011,0.0133,0.0118,0.0161,0.0169,0.0243,0.0351,0.0189,0.02,0.0232,0.0228,0.0157,0.0236,0.035,0.0191,0.0195,0.023,0.0229,0.0238,0.036,0.02,0.0209,0.0238,0.0236,0.0378,0.0262,0.027,0.0287,0.0286,0.0346,0.0356,0.0357,0.0347,0.0152,0.0177,0.0176,0.0189,0.0189,0.0124,-0.0151,0.0017,0.1129,0.5604,0.1072,0.1874,0.2232,0.2379,-0.0251,0.1084,0.5705,0.1233,0.1883,0.2304,0.252,0.1036,0.5705,0.138,0.2104,0.2372,0.2574,0.5023,0.1923,0.253,0.2461,0.2656,0.6069,0.6689,0.6282,0.6463,0.1057,0.1365,0.1624,0.2293,0.259,-0.0076
Hmel201001o,6175001,6225000,6199501,48836,0.0155,0.0154,0.0154,0.0226,0.0032,0.0147,0.0088,0.0123,0.0113,0.015,0.0151,0.0248,0.0325,0.0177,0.0187,0.0215,0.021,0.0146,0.0241,0.0324,0.0176,0.018,0.021,0.0207,0.0244,0.0331,0.0181,0.0189,0.0212,0.0209,0.0362,0.0264,0.027,0.0278,0.0276,0.0321,0.0332,0.032,0.0316,0.0141,0.0181,0.018,0.0193,0.0193,0.012,-0.0154,-0.0127,0.1504,0.5685,0.0849,0.2244,0.2247,0.2302,-0.0284,0.1391,0.5698,0.0831,0.2063,0.2151,0.2258,0.1444,0.5767,0.096,0.2303,0.2204,0.2297,0.5068,0.1945,0.2985,0.2552,0.2673,0.5797,0.7086,0.6246,0.6405,0.0978,0.1531,0.1689,0.3066,0.3285,0.0056
Hmel201001o,6200001,6250000,6224713,47790,0.0194,0.018,0.0191,0.0238,0.0069,0.0177,0.015,0.0183,0.017,0.0183,0.0189,0.0271,0.0318,0.022,0.0213,0.0287,0.0286,0.0182,0.0267,0.032,0.0213,0.0204,0.0287,0.0288,0.0269,0.0322,0.0218,0.021,0.0285,0.0285,0.0352,0.0298,0.0288,0.0323,0.0326,0.0315,0.0323,0.0318,0.0314,0.017,0.027,0.0271,0.0282,0.0281,0.0183,-0.0116,-0.0109,0.1258,0.4307,0.0904,0.1117,0.2187,0.2339,-0.0104,0.1396,0.4555,0.0929,0.1124,0.2387,0.2558,0.1265,0.4393,0.0883,0.1087,0.2193,0.2352,0.424,0.1965,0.2181,0.2286,0.2487,0.4538,0.5081,0.4491,0.4641,0.0212,0.2102,0.2304,0.2697,0.2861,0.0193
Hmel201001o,6225001,6275000,6250132,48409,0.0148,0.0148,0.0158,0.0246,0.0052,0.0133,0.0144,0.013,0.0124,0.0149,0.0154,0.0228,0.027,0.0159,0.0157,0.0214,0.0217,0.0152,0.023,0.0281,0.0163,0.016,0.0221,0.0224,0.023,0.0279,0.0167,0.0162,0.0222,0.0225,0.0327,0.0242,0.0235,0.0272,0.0274,0.0273,0.0271,0.0286,0.0286,0.0142,0.0196,0.0198,0.0204,0.0205,0.0129,0.0022,0.003,0.0992,0.4749,0.0634,0.0377,0.2232,0.2399,-0.0053,0.1033,0.4903,0.0778,0.0457,0.2395,0.2552,0.088,0.4692,0.0719,0.0355,0.2242,0.2411,0.4109,0.1494,0.1195,0.2116,0.2229,0.5101,0.4854,0.535,0.546,0.0123,0.2073,0.2234,0.2074,0.2193,0.0112
Hmel201001o,6250001,6300000,6275230,49450,0.017,0.0183,0.0183,0.0265,0.0029,0.0154,0.0171,0.0146,0.0148,0.0177,0.0179,0.0242,0.0277,0.0182,0.0184,0.0202,0.0202,0.0178,0.0248,0.0281,0.0192,0.0185,0.0215,0.0212,0.0245,0.028,0.0194,0.0186,0.0216,0.0214,0.0332,0.0257,0.0251,0.0273,0.0268,0.0282,0.0277,0.0274,0.0276,0.0179,0.0201,0.02,0.0208,0.0204,0.0147,0.0013,0.0076,0.0757,0.4877,0.0612,0.0401,0.1276,0.1255,-0.0148,0.0718,0.4698,0.0692,0.0255,0.1408,0.1306,0.0656,0.4681,0.074,0.0264,0.1425,0.1347,0.4278,0.1277,0.0929,0.1681,0.157,0.5267,0.4864,0.5315,0.5304,0.0528,0.1527,0.1473,0.1433,0.1293,0.0001
Hmel201001o,6275001,6325000,6299996,49877,0.0266,0.0278,0.0276,0.0277,0.0066,0.022,0.0259,0.0241,0.0238,0.0275,0.0277,0.0301,0.0349,0.0271,0.0282,0.0313,0.0319,0.0274,0.0305,0.0349,0.0284,0.0284,0.0338,0.0335,0.0297,0.035,0.0284,0.0282,0.0339,0.0337,0.0359,0.0311,0.0314,0.0355,0.0354,0.0356,0.0352,0.0348,0.0347,0.027,0.0319,0.0323,0.033,0.0331,0.0242,0.0061,0.0117,0.0565,0.3709,0.0583,0.0391,0.1123,0.1245,-0.0056,0.0494,0.3544,0.0683,0.0291,0.1384,0.1372,0.0388,0.3586,0.0726,0.0292,0.1426,0.1421,0.391,0.1266,0.0869,0.1679,0.1692,0.4426,0.3848,0.4029,0.4057,0.0646,0.1693,0.1788,0.1461,0.15,0.0063
Hmel201001o,6300001,6350000,6325008,49601,0.029,0.03,0.0298,0.0285,0.0087,0.0239,0.0254,0.026,0.0259,0.0304,0.0305,0.0325,0.0383,0.0287,0.0295,0.034,0.0354,0.0298,0.032,0.0385,0.0296,0.0297,0.0363,0.037,0.0311,0.0384,0.0298,0.0296,0.0368,0.0375,0.0381,0.0322,0.0325,0.0372,0.0381,0.0387,0.0384,0.0379,0.0382,0.0271,0.0335,0.0345,0.0348,0.036,0.0261,0.0162,0.0188,0.0626,0.3543,0.0445,0.0433,0.1119,0.1335,-0.0024,0.0444,0.3447,0.0499,0.0372,0.1367,0.147,0.0317,0.3458,0.0564,0.0363,0.1461,0.1565,0.3774,0.1152,0.102,0.1646,0.1766,0.423,0.3995,0.3866,0.3916,0.0506,0.1557,0.1713,0.1585,0.1768,0.0028
Hmel201001o,6325001,6375000,6349034,46148,0.0281,0.0276,0.0269,0.028,0.0082,0.0252,0.0212,0.025,0.0254,0.0285,0.0286,0.0308,0.0387,0.0304,0.0279,0.0342,0.0348,0.027,0.0298,0.0387,0.0294,0.0277,0.0355,0.0359,0.0297,0.0385,0.0302,0.0273,0.0365,0.0367,0.0384,0.0326,0.0304,0.036,0.0365,0.0388,0.0385,0.0373,0.0379,0.0252,0.0315,0.032,0.0342,0.0348,0.0248,0.0132,0.0209,0.049,0.3754,0.0688,0.0656,0.1326,0.1373,-0.0046,0.0386,0.383,0.0581,0.0673,0.1567,0.1589,0.0424,0.3878,0.0781,0.0674,0.1769,0.1769,0.393,0.1111,0.1214,0.1625,0.1647,0.413,0.4621,0.3982,0.4,0.0443,0.1186,0.1234,0.2033,0.2077,-0.0091
Hmel201001o,6350001,6400000,6375604,45468,0.0255,0.0233,0.0229,0.025,0.0063,0.0224,0.0208,0.023,0.0232,0.0252,0.0249,0.0279,0.0367,0.0282,0.0255,0.0338,0.0328,0.0228,0.0269,0.0372,0.0268,0.0243,0.0354,0.0343,0.0264,0.037,0.0269,0.024,0.0356,0.0343,0.0374,0.0304,0.0279,0.035,0.0344,0.0374,0.0369,0.0371,0.037,0.024,0.03,0.0294,0.0335,0.0325,0.0231,0.0175,0.0164,0.0509,0.4111,0.0856,0.0517,0.1736,0.1569,-0.006,0.0601,0.4471,0.0847,0.052,0.2199,0.2021,0.0547,0.4502,0.0899,0.0509,0.2267,0.2073,0.4419,0.1333,0.1108,0.1953,0.1849,0.4605,0.4782,0.4495,0.4459,0.0544,0.1448,0.1341,0.2193,0.2033,-0.0004
Hmel201001o,6375001,6425000,6400259,49029,0.0266,0.0251,0.0254,0.0254,0.0077,0.0224,0.0228,0.0244,0.0241,0.0268,0.0264,0.0283,0.0362,0.0269,0.0275,0.0324,0.0319,0.0251,0.0274,0.0367,0.0271,0.0264,0.0344,0.0341,0.0271,0.037,0.0266,0.0263,0.0344,0.0341,0.0367,0.0293,0.0288,0.0341,0.0339,0.0365,0.037,0.0357,0.0356,0.0261,0.0315,0.0309,0.034,0.0335,0.0242,0.0194,0.0076,0.0424,0.3724,0.0494,0.0565,0.1261,0.1214,-0.0041,0.0442,0.3985,0.0701,0.0517,0.1719,0.1711,0.0326,0.3968,0.0556,0.0465,0.1686,0.1665,0.4101,0.1109,0.0966,0.1628,0.1636,0.4322,0.4329,0.3951,0.3977,0.077,0.1548,0.1488,0.1897,0.185,-0.0015
Hmel201001o,6400001,6450000,6425000,49996,0.027,0.026,0.0265,0.0272,0.0098,0.0235,0.0216,0.0236,0.024,0.0272,0.0275,0.0286,0.0368,0.0272,0.0284,0.0307,0.0311,0.0261,0.0276,0.0371,0.0274,0.0272,0.0319,0.0327,0.0283,0.0377,0.0276,0.0276,0.0327,0.0333,0.0366,0.0293,0.0297,0.0327,0.0332,0.0362,0.0374,0.035,0.035,0.0267,0.0295,0.0302,0.0327,0.0333,0.0235,0.0136,0.0137,0.0283,0.3465,0.0389,0.0827,0.1024,0.1044,-0.0029,0.0221,0.3624,0.053,0.0709,0.1327,0.141,0.0276,0.3634,0.0513,0.0718,0.1392,0.1456,0.3598,0.0817,0.1129,0.137,0.1402,0.3841,0.4239,0.3677,0.364,0.0894,0.1191,0.1265,0.1924,0.1977,-0.0053
Hmel201001o,6425001,6475000,6449921,49745,0.0257,0.0241,0.0245,0.0253,0.0075,0.0227,0.02,0.0214,0.0222,0.0253,0.0258,0.0269,0.0363,0.0264,0.0265,0.0312,0.0318,0.0241,0.0252,0.0361,0.0257,0.0248,0.0322,0.0328,0.0262,0.0366,0.0261,0.0254,0.0324,0.0332,0.0352,0.0272,0.0272,0.0322,0.0325,0.0357,0.0358,0.0352,0.0353,0.0241,0.0297,0.0306,0.0321,0.0328,0.0214,0.009,0.0158,0.027,0.388,0.0473,0.0795,0.1486,0.1492,-0.0041,0.0139,0.4064,0.0506,0.0616,0.1814,0.1815,0.0292,0.4076,0.0539,0.0703,0.1808,0.1842,0.3971,0.0708,0.1047,0.1719,0.1659,0.4218,0.4608,0.4341,0.4236,0.0653,0.1566,0.1618,0.2274,0.2285,-0.0089
Hmel201001o,6450001,6500000,6475046,49749,0.0264,0.0241,0.025,0.0252,0.0054,0.0201,0.0168,0.022,0.0227,0.0254,0.0264,0.0276,0.0361,0.026,0.0259,0.0329,0.0332,0.0248,0.0259,0.036,0.026,0.0251,0.0344,0.0345,0.0267,0.0364,0.0268,0.0263,0.0344,0.0348,0.0351,0.0285,0.0277,0.0339,0.034,0.0356,0.0356,0.0351,0.0353,0.0202,0.0326,0.0328,0.0335,0.0337,0.0224,0.003,0.0145,0.0342,0.4046,0.0592,0.0967,0.1612,0.1586,0.0053,0.0289,0.4341,0.0858,0.1074,0.2069,0.2012,0.0325,0.4259,0.0924,0.1202,0.1975,0.196,0.4278,0.1286,0.1601,0.1915,0.1834,0.4891,0.5408,0.4537,0.4462,0.0477,0.2266,0.222,0.2799,0.2739,-0.0
Hmel201001o,6475001,6525000,6499996,49981,0.0231,0.0211,0.0228,0.024,0.0048,0.0163,0.0131,0.02,0.0203,0.0222,0.0235,0.0256,0.0329,0.0231,0.0234,0.0295,0.0292,0.0221,0.0242,0.0331,0.0231,0.0233,0.0309,0.0305,0.025,0.0339,0.0241,0.0244,0.031,0.0305,0.0332,0.0267,0.0267,0.0308,0.0307,0.0326,0.0331,0.0329,0.033,0.0166,0.027,0.027,0.0278,0.0275,0.0203,0.0008,0.0119,0.044,0.4196,0.0824,0.1345,0.1642,0.155,0.0028,0.042,0.4543,0.1099,0.1604,0.2115,0.2007,0.038,0.4375,0.1107,0.1616,0.1928,0.182,0.4315,0.16,0.2084,0.1796,0.1753,0.5267,0.5907,0.4689,0.4655,0.0642,0.2054,0.2027,0.2662,0.2561,0.0049
Hmel201001o,6500001,6550000,6524805,49546,0.0168,0.0156,0.0154,0.0203,0.0031,0.0079,0.0079,0.0139,0.0142,0.017,0.0162,0.0209,0.0285,0.0204,0.0216,0.024,0.0237,0.0157,0.0194,0.0291,0.0217,0.023,0.0262,0.0258,0.0203,0.0296,0.022,0.0235,0.0264,0.026,0.0299,0.0243,0.0255,0.0268,0.0267,0.0289,0.0296,0.0292,0.0292,0.0093,0.0166,0.0165,0.0172,0.0168,0.0137,0.0249,0.005,0.0711,0.5,0.2588,0.2856,0.2328,0.2203,0.0045,0.0517,0.5297,0.3094,0.3372,0.2928,0.2796,0.0802,0.5402,0.3207,0.3521,0.3003,0.2869,0.4732,0.2989,0.3197,0.2414,0.2342,0.6952,0.7017,0.5669,0.5607,0.084,0.2176,0.2073,0.2353,0.2172,-0.0124
Hmel201001o,6525001,6575000,6550019,49565,0.0097,0.0085,0.0077,0.0202,0.0012,0.0013,0.0019,0.0084,0.0093,0.0098,0.0089,0.0172,0.0269,0.0278,0.0287,0.0286,0.0287,0.0083,0.0162,0.0274,0.0293,0.0303,0.03,0.0301,0.0165,0.0274,0.0295,0.0305,0.0303,0.0304,0.03,0.0308,0.0317,0.0314,0.0315,0.0288,0.0294,0.029,0.0291,0.0019,0.01,0.0088,0.0102,0.0091,0.0088,0.0388,0.0145,0.1073,0.6775,0.6847,0.6788,0.536,0.5186,0.0144,0.1008,0.7117,0.727,0.7203,0.5769,0.5592,0.1281,0.7329,0.7481,0.7409,0.5961,0.5786,0.509,0.5175,0.516,0.4012,0.3871,0.92,0.9035,0.728,0.7058,0.0824,0.3612,0.2595,0.345,0.247,-0.0059
Hmel201001o,6550001,6600000,6574358,47996,0.0099,0.0085,0.009,0.0226,0.0012,0.0029,0.0028,0.0106,0.011,0.0096,0.0096,0.0187,0.0281,0.0302,0.0309,0.0315,0.0315,0.0086,0.0183,0.0288,0.0316,0.0324,0.033,0.0329,0.0184,0.0287,0.0316,0.0323,0.0329,0.0327,0.0307,0.0328,0.0335,0.0337,0.0335,0.0299,0.0304,0.0305,0.0304,0.003,0.0131,0.0113,0.0135,0.0117,0.0109,0.0234,0.0049,0.1087,0.6837,0.6645,0.673,0.5248,0.5175,-0.0096,0.1248,0.7255,0.7085,0.7173,0.5676,0.5593,0.1184,0.7121,0.697,0.7052,0.5565,0.5473,0.4811,0.4756,0.4852,0.3664,0.3576,0.8796,0.8849,0.6904,0.68,0.0394,0.3327,0.2496,0.3522,0.272,0.0051
Hmel201001o,6575001,6625000,6600396,47873,0.0167,0.0137,0.0134,0.0266,0.0018,0.0102,0.0067,0.0135,0.0148,0.0154,0.0148,0.0248,0.029,0.0241,0.0252,0.0256,0.0258,0.0139,0.0239,0.0299,0.0263,0.0285,0.0285,0.0287,0.0248,0.03,0.0268,0.0285,0.0277,0.0277,0.0307,0.0293,0.0304,0.0304,0.0304,0.0294,0.0306,0.0302,0.0298,0.0088,0.0198,0.0186,0.0201,0.0188,0.0144,0.0081,-0.0101,0.0925,0.5331,0.2979,0.3825,0.2709,0.2541,0.0141,0.1178,0.605,0.3911,0.4902,0.3686,0.3502,0.1395,0.6109,0.4027,0.4941,0.3596,0.3392,0.4132,0.2631,0.332,0.2343,0.2152,0.6751,0.7687,0.6118,0.5795,0.0197,0.2622,0.2067,0.3446,0.2857,0.0074
Hmel201001o,6600001,6650000,6625055,49876,0.0187,0.0169,0.0167,0.027,0.0047,0.0156,0.01,0.015,0.0181,0.0176,0.0172,0.0263,0.0316,0.0258,0.0268,0.0274,0.0284,0.0169,0.0257,0.0319,0.0272,0.0292,0.0289,0.0302,0.0261,0.0323,0.0274,0.0289,0.0286,0.0298,0.0331,0.0292,0.0305,0.0312,0.0321,0.0315,0.0326,0.031,0.0311,0.0148,0.0226,0.0225,0.024,0.024,0.0167,-0.0056,-0.0152,0.0906,0.4751,0.213,0.3154,0.2491,0.225,0.0022,0.1027,0.511,0.2645,0.3843,0.3022,0.2788,0.1125,0.5182,0.272,0.3832,0.2997,0.2746,0.3936,0.1833,0.2807,0.2212,0.1957,0.5301,0.6478,0.5336,0.4792,0.0796,0.2032,0.1531,0.3278,0.2734,0.0029
Hmel201001o,6625001,6675000,6649998,49994,0.0143,0.0153,0.0153,0.0228,0.0055,0.0112,0.009,0.0124,0.0152,0.0145,0.0145,0.0223,0.0335,0.0228,0.0216,0.0249,0.0256,0.0147,0.0225,0.0339,0.0235,0.0224,0.0252,0.0261,0.0219,0.0339,0.0238,0.0222,0.0259,0.0266,0.0349,0.0279,0.0273,0.0296,0.0302,0.0335,0.0332,0.0325,0.033,0.0134,0.0173,0.0179,0.0197,0.0208,0.0138,-0.0102,-0.0104,0.1149,0.5593,0.2964,0.3123,0.3147,0.2816,-0.0228,0.1043,0.5462,0.2917,0.311,0.3035,0.274,0.0901,0.546,0.2984,0.3068,0.316,0.2838,0.4542,0.2712,0.2966,0.2797,0.248,0.6166,0.6568,0.583,0.5379,0.1476,0.1975,0.1582,0.3094,0.2775,0.0003
Hmel201001o,6650001,6700000,6675001,49995,0.0117,0.0139,0.0129,0.0206,0.005,0.011,0.0099,0.0112,0.0124,0.0126,0.0122,0.0204,0.0315,0.0184,0.0163,0.0227,0.0225,0.0129,0.0202,0.0316,0.0187,0.0169,0.0228,0.0225,0.0202,0.0318,0.0193,0.0169,0.0238,0.0236,0.0324,0.0248,0.0238,0.0265,0.0262,0.0317,0.0312,0.0318,0.0318,0.0125,0.0163,0.0164,0.0184,0.0185,0.0118,-0.0103,-0.003,0.1425,0.5967,0.2484,0.2125,0.3426,0.3157,-0.0203,0.0982,0.555,0.2102,0.182,0.302,0.2743,0.1182,0.5769,0.2475,0.2052,0.342,0.3144,0.4634,0.2481,0.248,0.2743,0.2499,0.6123,0.6295,0.6088,0.5851,0.0947,0.2002,0.1742,0.2826,0.2581,-0.0037
Hmel201001o,6675001,6725000,6699980,49900,0.0183,0.02,0.0189,0.0233,0.0068,0.0165,0.0176,0.0192,0.02,0.0192,0.019,0.0242,0.0336,0.0215,0.0203,0.0292,0.0289,0.0192,0.0237,0.0335,0.0221,0.0207,0.0298,0.0293,0.0236,0.0341,0.0234,0.0216,0.0312,0.0307,0.0331,0.0262,0.0258,0.0302,0.0299,0.0329,0.0335,0.0329,0.0333,0.0193,0.0258,0.0257,0.0276,0.0271,0.0195,-0.0004,0.0104,0.0888,0.4714,0.1104,0.0646,0.2296,0.2133,-0.0087,0.0544,0.4433,0.1011,0.0519,0.2175,0.1974,0.068,0.4681,0.1445,0.0884,0.2537,0.2346,0.4068,0.1543,0.1323,0.1866,0.1715,0.4925,0.4824,0.4498,0.4412,0.0649,0.1918,0.1781,0.2117,0.1916,-0.0031
Hmel201001o,6700001,6750000,6724849,48637,0.0242,0.0242,0.0242,0.0255,0.0079,0.0201,0.0226,0.0248,0.0236,0.0247,0.0248,0.0267,0.0384,0.0258,0.0261,0.0351,0.0347,0.024,0.0266,0.0376,0.027,0.0259,0.0351,0.0346,0.0257,0.0385,0.0284,0.0272,0.0372,0.0368,0.0369,0.0302,0.0293,0.0368,0.0367,0.0376,0.038,0.037,0.0377,0.0245,0.0332,0.0329,0.0337,0.0333,0.025,0.0102,0.0125,0.039,0.426,0.0807,0.0577,0.1879,0.1931,-0.0041,0.0378,0.4174,0.1052,0.0533,0.1875,0.1926,0.0202,0.4276,0.1318,0.0802,0.2165,0.2225,0.4085,0.1552,0.1081,0.1964,0.2072,0.4748,0.4441,0.403,0.4261,0.0737,0.2042,0.2124,0.1843,0.1912,0.0162
Hmel201001o,6725001,6775000,6750009,47747,0.0233,0.0226,0.0232,0.0239,0.0083,0.0199,0.0203,0.0236,0.0215,0.0234,0.0233,0.0258,0.0376,0.0235,0.0245,0.0325,0.0323,0.0226,0.0252,0.0375,0.0241,0.024,0.0327,0.0327,0.0252,0.0377,0.0246,0.0243,0.0333,0.0334,0.0361,0.0274,0.0268,0.0343,0.0343,0.0365,0.0373,0.037,0.0367,0.0227,0.0312,0.0312,0.0321,0.0322,0.0233,0.0102,0.0011,0.0487,0.4234,0.0452,0.0626,0.1709,0.1912,-0.0056,0.0463,0.4316,0.0664,0.0597,0.1822,0.2054,0.038,0.4262,0.0704,0.0585,0.1845,0.2099,0.4122,0.1248,0.108,0.1892,0.215,0.4585,0.4609,0.4132,0.4379,0.0643,0.1885,0.2129,0.1977,0.2244,0.0182
Hmel201001o,6750001,6800000,6775014,48346,0.0235,0.0219,0.0216,0.0234,0.0073,0.0202,0.0195,0.0225,0.0217,0.0227,0.0225,0.0249,0.0346,0.0227,0.023,0.0299,0.0296,0.0217,0.0241,0.0357,0.0228,0.0225,0.0316,0.0311,0.0243,0.0354,0.0226,0.0221,0.0313,0.0311,0.0344,0.0252,0.0251,0.0318,0.0319,0.034,0.0352,0.035,0.0342,0.0221,0.0291,0.029,0.0309,0.0304,0.0225,-0.0003,-0.0,0.0304,0.3985,0.021,0.037,0.138,0.1402,-0.0015,0.035,0.4343,0.0417,0.0453,0.1833,0.1851,0.0436,0.4359,0.0411,0.0407,0.1836,0.1892,0.4135,0.0818,0.0896,0.1692,0.1798,0.4397,0.4639,0.4176,0.4184,0.0578,0.1622,0.1693,0.2008,0.2023,0.009
Hmel201001o,6775001,6825000,6800011,47682,0.0269,0.0255,0.0247,0.0232,0.006,0.0234,0.0211,0.0234,0.0232,0.0261,0.0259,0.0265,0.034,0.0258,0.026,0.031,0.0308,0.0249,0.026,0.0345,0.0263,0.0258,0.0323,0.032,0.026,0.035,0.026,0.0253,0.0329,0.0328,0.0339,0.0273,0.0271,0.032,0.032,0.034,0.0339,0.0337,0.034,0.0245,0.0299,0.0296,0.031,0.0305,0.0233,-0.002,0.002,0.0223,0.3629,0.0149,0.0425,0.1101,0.1087,-0.0046,0.0296,0.388,0.0394,0.0541,0.146,0.1436,0.0398,0.4054,0.0416,0.0545,0.1648,0.1647,0.4306,0.0821,0.1088,0.1638,0.1658,0.4121,0.4449,0.4085,0.4154,0.0523,0.1307,0.1267,0.1745,0.1681,0.0003
Hmel201001o,6800001,6850000,6825553,48319,0.0282,0.0274,0.0262,0.0237,0.0069,0.0237,0.0226,0.0232,0.0246,0.0278,0.0276,0.0278,0.0333,0.0272,0.0273,0.0313,0.0316,0.0267,0.0275,0.0336,0.0276,0.0274,0.0323,0.0328,0.0278,0.0343,0.0276,0.0275,0.0323,0.0329,0.0329,0.0287,0.0284,0.0315,0.0319,0.0321,0.0325,0.0327,0.0336,0.0248,0.0291,0.029,0.0305,0.0308,0.0237,0.0002,0.0069,0.027,0.3237,0.0245,0.0393,0.1042,0.0959,-0.0019,0.0302,0.3382,0.0409,0.0499,0.1286,0.1233,0.0503,0.3631,0.0542,0.064,0.1408,0.1362,0.3975,0.0991,0.1077,0.1525,0.142,0.3689,0.3903,0.3843,0.3767,0.0381,0.1147,0.097,0.1503,0.1405,-0.005
Hmel201001o,6825001,6875000,6849850,47759,0.0246,0.023,0.021,0.0258,0.0094,0.0182,0.0207,0.0221,0.0235,0.024,0.0236,0.0272,0.0312,0.023,0.0238,0.0302,0.0301,0.0222,0.0268,0.0312,0.022,0.0238,0.0305,0.0307,0.0272,0.0319,0.0215,0.0236,0.0304,0.0304,0.0321,0.0271,0.0272,0.0316,0.032,0.0293,0.0308,0.0317,0.0317,0.0212,0.0282,0.0278,0.0297,0.0296,0.0228,0.003,0.0191,0.0418,0.3077,0.0383,0.0245,0.1343,0.1173,0.0063,0.0549,0.3309,0.0351,0.0442,0.1579,0.1453,0.0882,0.3709,0.051,0.066,0.1805,0.1641,0.3255,0.1233,0.0916,0.1498,0.1396,0.3755,0.3572,0.3508,0.3315,0.0456,0.1764,0.1504,0.1708,0.1523,0.0001
Hmel201001o,6850001,6900000,6875981,47741,0.0176,0.0134,0.0115,0.0268,0.0105,0.0096,0.0141,0.0171,0.0162,0.0156,0.0157,0.0241,0.0244,0.0152,0.0164,0.0243,0.0242,0.0122,0.0227,0.0233,0.0118,0.0157,0.0243,0.0243,0.0229,0.0238,0.0111,0.0158,0.0248,0.0245,0.0285,0.0222,0.0237,0.0301,0.0307,0.0229,0.0241,0.027,0.0269,0.015,0.0244,0.024,0.0235,0.023,0.0165,0.0052,0.0407,0.0627,0.282,0.0609,0.0184,0.1755,0.1867,-0.0093,0.0945,0.3372,0.0139,0.0718,0.2418,0.2562,0.1281,0.3826,0.027,0.1108,0.2816,0.291,0.2442,0.1445,0.1056,0.1797,0.2003,0.4053,0.3379,0.3375,0.3508,0.126,0.3062,0.3153,0.2123,0.2176,-0.0035
Hmel201001o,6875001,6925000,6899893,49430,0.0198,0.0159,0.0155,0.0289,0.0086,0.0138,0.0178,0.0178,0.0145,0.0179,0.0183,0.0261,0.0255,0.0186,0.0198,0.0262,0.0262,0.0153,0.0248,0.025,0.0155,0.0188,0.0264,0.0265,0.0256,0.0249,0.0153,0.0191,0.027,0.027,0.0308,0.0251,0.0274,0.0329,0.0338,0.0251,0.0253,0.027,0.0273,0.0186,0.0266,0.0267,0.0264,0.0261,0.0164,0.0015,0.0181,0.0567,0.2986,0.0548,0.0281,0.1745,0.2198,-0.0145,0.081,0.3569,0.0219,0.0592,0.2318,0.2837,0.1018,0.3627,0.0213,0.0719,0.2484,0.2978,0.2841,0.117,0.1057,0.1946,0.2466,0.3977,0.3283,0.3586,0.4199,0.0873,0.2682,0.3208,0.2054,0.247,0.0065
Hmel201001o,6900001,6950000,6925059,49165,0.023,0.0214,0.0219,0.0246,0.0073,0.0211,0.0208,0.0222,0.0196,0.0222,0.0224,0.0257,0.0314,0.0234,0.0236,0.0309,0.0305,0.0214,0.0248,0.0311,0.0225,0.0229,0.031,0.0306,0.0255,0.0314,0.0227,0.0226,0.0313,0.031,0.0324,0.0262,0.0271,0.0331,0.0332,0.031,0.0311,0.0313,0.0318,0.0221,0.0304,0.0302,0.0311,0.0306,0.0212,0.0017,-0.0013,0.0444,0.3655,0.0314,0.0406,0.1654,0.1872,-0.0062,0.0458,0.3849,0.0317,0.0439,0.1846,0.2088,0.0545,0.3805,0.0294,0.0314,0.1838,0.2085,0.3749,0.078,0.099,0.1825,0.2152,0.3867,0.3939,0.3758,0.4214,0.0282,0.177,0.2045,0.1927,0.2161,0.0079
Hmel201001o,6925001,6975000,6950060,49690,0.0229,0.022,0.0221,0.0217,0.006,0.02,0.0202,0.022,0.0228,0.0226,0.0225,0.0237,0.0321,0.0232,0.0235,0.0299,0.0295,0.0219,0.0228,0.0319,0.023,0.023,0.0308,0.0301,0.0233,0.0325,0.0234,0.0224,0.0307,0.0303,0.0313,0.0245,0.0246,0.0296,0.0297,0.0319,0.0327,0.0322,0.0327,0.0221,0.0287,0.0287,0.0303,0.0298,0.0223,0.0049,0.0006,0.0282,0.3943,0.0413,0.0457,0.1503,0.1344,-0.002,0.0223,0.4057,0.049,0.0463,0.1752,0.1551,0.0321,0.4124,0.0578,0.0322,0.1737,0.1578,0.4195,0.0877,0.0868,0.1555,0.1466,0.4364,0.4441,0.4094,0.403,0.0505,0.1631,0.1528,0.1888,0.1704,-0.0028
Hmel201001o,6950001,7000000,6974993,49973,0.0242,0.0238,0.0236,0.0223,0.007,0.0205,0.0216,0.0211,0.0211,0.0239,0.0238,0.0244,0.0317,0.0243,0.0248,0.0289,0.0285,0.0232,0.0236,0.032,0.0244,0.0245,0.0301,0.0297,0.024,0.0324,0.0247,0.0242,0.0305,0.0303,0.0314,0.0253,0.0257,0.0294,0.0293,0.0325,0.0325,0.0321,0.0324,0.0232,0.0286,0.0285,0.0302,0.0296,0.0212,-0.0025,-0.0015,0.0205,0.3555,0.0435,0.0411,0.1285,0.1218,-0.011,0.0085,0.3652,0.0518,0.0409,0.1532,0.1478,0.0198,0.3744,0.0599,0.0354,0.1627,0.1598,0.3953,0.0894,0.0827,0.1571,0.1567,0.4204,0.4036,0.4067,0.4119,0.0517,0.1663,0.1655,0.1795,0.1705,0.0029
Hmel201001o,6975001,7025000,6999973,49839,0.0259,0.0248,0.0251,0.024,0.0073,0.022,0.022,0.0226,0.0218,0.0255,0.0255,0.0263,0.0346,0.0263,0.0263,0.0314,0.0304,0.0244,0.0254,0.0346,0.0262,0.0259,0.0326,0.0318,0.0256,0.0352,0.0259,0.0256,0.0329,0.0322,0.0338,0.027,0.0274,0.0325,0.0316,0.0343,0.0344,0.0347,0.0342,0.0244,0.0316,0.0306,0.0321,0.0313,0.0225,0.0025,-0.0009,0.0225,0.3664,0.049,0.0496,0.1356,0.1272,-0.0123,0.0185,0.381,0.0587,0.0531,0.1667,0.1625,0.0199,0.3838,0.0512,0.0451,0.1681,0.1658,0.3994,0.0876,0.0942,0.1725,0.1691,0.4177,0.4183,0.4137,0.4194,0.0545,0.1821,0.1749,0.1906,0.1871,0.0078
Hmel201001o,7000001,7050000,7025011,49799,0.027,0.026,0.0268,0.0249,0.0076,0.0215,0.02,0.0241,0.0228,0.0272,0.0271,0.0275,0.0355,0.0281,0.0285,0.0339,0.0331,0.0264,0.0269,0.0362,0.0281,0.0277,0.0353,0.0343,0.0271,0.0363,0.0282,0.0277,0.0349,0.0342,0.0349,0.0291,0.0287,0.0342,0.0333,0.0351,0.0368,0.0359,0.0347,0.0268,0.0327,0.0317,0.0345,0.0337,0.0239,0.0131,0.0048,0.0253,0.3599,0.0783,0.1031,0.1486,0.149,-0.0015,0.026,0.3805,0.0879,0.0975,0.1788,0.177,0.0212,0.3706,0.0817,0.0888,0.166,0.1672,0.3972,0.1241,0.1366,0.1737,0.1744,0.4289,0.4703,0.4033,0.4055,0.134,0.1881,0.1863,0.2325,0.2349,0.0109
Hmel201001o,7025001,7075000,7050008,49911,0.0258,0.0254,0.0257,0.0244,0.0086,0.0212,0.0191,0.0236,0.0237,0.026,0.0259,0.0271,0.0351,0.0275,0.0282,0.0343,0.0341,0.0255,0.0268,0.0354,0.0278,0.0271,0.0348,0.0346,0.0271,0.0353,0.0279,0.0271,0.0347,0.0344,0.0342,0.0293,0.0288,0.0337,0.0331,0.0351,0.0364,0.035,0.0348,0.0269,0.032,0.0314,0.0345,0.0343,0.0238,0.0079,0.0044,0.0384,0.3572,0.0832,0.1204,0.1715,0.168,-0.0013,0.0351,0.3657,0.093,0.1042,0.1818,0.1787,0.038,0.361,0.0911,0.1009,0.1785,0.1741,0.3804,0.1347,0.1549,0.1757,0.1651,0.4182,0.4644,0.3845,0.3813,0.1515,0.1855,0.1744,0.2465,0.2432,0.0032
Hmel201001o,7050001,7100000,7074798,49160,0.0242,0.025,0.0237,0.0256,0.0086,0.0222,0.0207,0.0242,0.026,0.0249,0.0243,0.0272,0.0368,0.0265,0.0264,0.0349,0.0349,0.0242,0.027,0.0366,0.0268,0.0259,0.0352,0.0354,0.0268,0.0368,0.0261,0.0251,0.0353,0.0352,0.0367,0.0285,0.0285,0.0348,0.0348,0.0375,0.0374,0.0367,0.0372,0.0256,0.0337,0.0339,0.0355,0.0356,0.0247,0.0063,0.0078,0.0487,0.3986,0.0712,0.0851,0.1903,0.1718,-0.0046,0.0347,0.3861,0.0675,0.0661,0.1858,0.1714,0.0465,0.4058,0.0679,0.0655,0.2006,0.1817,0.3956,0.099,0.1161,0.1731,0.1534,0.4342,0.4532,0.3973,0.3806,0.0938,0.1941,0.1785,0.2366,0.2186,-0.009
Hmel201001o,7075001,7125000,7099910,48147,0.0238,0.0249,0.0236,0.0263,0.0085,0.022,0.0201,0.0255,0.0264,0.0247,0.0241,0.027,0.0362,0.0252,0.0246,0.0346,0.0349,0.0242,0.027,0.0372,0.0256,0.0249,0.0355,0.0358,0.0263,0.0373,0.025,0.0239,0.0353,0.0354,0.0372,0.0275,0.0275,0.0352,0.0359,0.0374,0.0375,0.0366,0.0376,0.0244,0.0345,0.0354,0.0361,0.0359,0.0258,0.0088,0.0096,0.0453,0.3989,0.052,0.0609,0.1777,0.1732,0.0004,0.0316,0.3962,0.0473,0.0552,0.1801,0.175,0.0345,0.4151,0.0487,0.0469,0.1899,0.1816,0.395,0.0761,0.1007,0.1594,0.1598,0.4368,0.4641,0.3807,0.3814,0.0777,0.1946,0.1977,0.237,0.2251,-0.0031
Hmel201001o,7100001,7150000,7125234,48965,0.0241,0.0248,0.0241,0.0253,0.0082,0.0206,0.0187,0.0239,0.0243,0.0248,0.0242,0.0268,0.0344,0.0246,0.0238,0.0325,0.0336,0.0245,0.0267,0.035,0.0253,0.0247,0.0335,0.0343,0.0264,0.0354,0.0246,0.0234,0.0334,0.0342,0.0344,0.0273,0.027,0.033,0.034,0.0349,0.0355,0.034,0.0351,0.0234,0.032,0.0331,0.0331,0.034,0.0241,0.007,0.0016,0.0441,0.3762,0.0506,0.0554,0.1589,0.1717,0.0003,0.0332,0.3742,0.0565,0.0677,0.1665,0.1748,0.0368,0.3891,0.051,0.0466,0.173,0.1797,0.3784,0.0986,0.1182,0.1544,0.1632,0.4319,0.4658,0.3744,0.3826,0.0913,0.1901,0.2024,0.228,0.2363,0.0008
Hmel201001o,7125001,7175000,7149997,49901,0.0246,0.0261,0.0247,0.0258,0.0072,0.0218,0.0215,0.0232,0.0237,0.0258,0.0251,0.028,0.0351,0.0271,0.0257,0.0323,0.0334,0.0252,0.0275,0.0355,0.0275,0.0261,0.0331,0.0341,0.0272,0.0356,0.0268,0.025,0.0334,0.0344,0.0347,0.0291,0.0284,0.0327,0.0334,0.0355,0.0358,0.035,0.0358,0.0254,0.0313,0.0327,0.0327,0.0339,0.0236,0.0098,0.0084,0.0565,0.3912,0.0808,0.0573,0.1573,0.1697,-0.0053,0.029,0.3768,0.0727,0.0487,0.1541,0.1645,0.0413,0.3961,0.075,0.0411,0.1734,0.1836,0.3904,0.1118,0.1035,0.1538,0.1582,0.4356,0.4443,0.4099,0.4137,0.0849,0.1726,0.1896,0.1976,0.211,0.0026
Hmel201001o,7150001,7200000,7175045,49890,0.0273,0.0266,0.0255,0.0252,0.007,0.0232,0.0225,0.0219,0.0218,0.0277,0.0275,0.0301,0.0356,0.0286,0.0284,0.033,0.0332,0.0263,0.0291,0.0361,0.0291,0.0277,0.0337,0.0338,0.0286,0.0358,0.0286,0.0268,0.0336,0.0334,0.0367,0.0314,0.0319,0.0347,0.0346,0.0348,0.035,0.035,0.0357,0.0274,0.0311,0.0314,0.0309,0.0309,0.0221,0.0152,0.0218,0.0684,0.3652,0.0661,0.0705,0.1547,0.1591,0.0037,0.0572,0.3796,0.082,0.0649,0.1722,0.1745,0.0622,0.3899,0.0862,0.0595,0.1821,0.1807,0.4227,0.1384,0.155,0.2045,0.2042,0.4103,0.4224,0.4309,0.4409,0.097,0.1692,0.1758,0.1734,0.1747,0.0077
Hmel201001o,7175001,7225000,7200001,49971,0.0273,0.0256,0.0262,0.0245,0.009,0.0222,0.0211,0.0215,0.0208,0.0267,0.0274,0.0288,0.0341,0.0265,0.0271,0.0326,0.032,0.0264,0.0281,0.0345,0.0273,0.0271,0.0333,0.0325,0.0281,0.0347,0.0277,0.0264,0.0332,0.0325,0.0351,0.0299,0.0304,0.034,0.0331,0.0334,0.0339,0.0341,0.0338,0.0249,0.0302,0.0298,0.0297,0.0294,0.0213,0.0048,0.0128,0.05,0.3175,0.0369,0.0591,0.1522,0.1501,0.0094,0.0567,0.346,0.0696,0.0779,0.1813,0.1763,0.0495,0.3408,0.0721,0.0591,0.173,0.1691,0.3833,0.1319,0.1543,0.2041,0.2004,0.3776,0.4005,0.3973,0.4036,0.0745,0.1694,0.1709,0.1745,0.1774,0.0041
Hmel201001o,7200001,7250000,7224991,49909,0.0225,0.0226,0.0235,0.0246,0.009,0.0198,0.0198,0.0217,0.0215,0.0223,0.0229,0.0252,0.0326,0.023,0.0228,0.0301,0.0299,0.0231,0.0251,0.0336,0.0241,0.0238,0.0314,0.0313,0.0254,0.0339,0.0242,0.0231,0.0316,0.0316,0.0329,0.026,0.0259,0.0306,0.0304,0.0328,0.0335,0.0336,0.0331,0.0212,0.0287,0.0289,0.0293,0.0297,0.0214,-0.0064,-0.0034,0.04,0.3636,0.0459,0.0388,0.1619,0.1605,0.0014,0.0356,0.3748,0.067,0.0601,0.1827,0.1827,0.0308,0.3665,0.0597,0.0347,0.1754,0.1771,0.3559,0.0918,0.0907,0.1492,0.1474,0.4057,0.4145,0.3887,0.3832,0.036,0.1701,0.1755,0.1807,0.1883,-0.0043
Hmel201001o,7225001,7275000,7249998,49836,0.0222,0.0216,0.0223,0.0256,0.0062,0.0182,0.0202,0.0203,0.0215,0.0219,0.0221,0.0257,0.0339,0.0222,0.0228,0.0291,0.0298,0.0219,0.0251,0.0342,0.0231,0.0231,0.0306,0.0313,0.0252,0.0341,0.0222,0.0225,0.0299,0.0306,0.0339,0.0258,0.0263,0.0307,0.0312,0.0334,0.0345,0.0331,0.034,0.0212,0.0286,0.0296,0.0287,0.0295,0.0203,0.0004,-0.0035,0.045,0.4256,0.0505,0.0387,0.165,0.1628,-0.002,0.0393,0.4374,0.0774,0.0525,0.1976,0.1947,0.033,0.4259,0.0483,0.0315,0.1772,0.1749,0.3967,0.1004,0.0842,0.1581,0.1527,0.4803,0.4633,0.4445,0.4372,0.0517,0.2057,0.2075,0.1827,0.1824,-0.0142
Hmel201001o,7250001,7300000,7274996,49825,0.0228,0.0225,0.0236,0.0235,0.0059,0.0193,0.0188,0.0199,0.0208,0.0226,0.0231,0.0252,0.0327,0.0224,0.0239,0.0288,0.0295,0.0228,0.0243,0.0329,0.0236,0.0241,0.0301,0.0308,0.025,0.033,0.0234,0.0243,0.0298,0.0306,0.0321,0.0261,0.0265,0.0304,0.0309,0.0319,0.0336,0.0319,0.0325,0.0219,0.028,0.0289,0.0279,0.0291,0.0201,-0.0022,-0.0023,0.0463,0.4043,0.0329,0.0736,0.1575,0.1574,-0.0053,0.0323,0.413,0.0637,0.0837,0.1842,0.184,0.0303,0.3977,0.0462,0.0737,0.165,0.1679,0.4063,0.1106,0.128,0.1809,0.1749,0.4488,0.4787,0.4394,0.4318,0.0752,0.1865,0.1899,0.1921,0.2012,-0.0069
Hmel201001o,7275001,7325000,7300016,49901,0.0226,0.0216,0.0228,0.0217,0.0053,0.0173,0.016,0.019,0.0198,0.0221,0.0229,0.0243,0.032,0.0223,0.0237,0.028,0.0282,0.0223,0.0231,0.0329,0.0232,0.0236,0.0296,0.0297,0.0244,0.0332,0.0229,0.024,0.03,0.0301,0.0325,0.0251,0.0256,0.0301,0.0299,0.0321,0.0334,0.0323,0.0318,0.0217,0.0276,0.0277,0.0279,0.0287,0.0198,-0.0008,0.0056,0.0449,0.4073,0.0589,0.1073,0.1557,0.1492,0.0025,0.0341,0.4357,0.0934,0.1197,0.1962,0.1891,0.0462,0.4208,0.072,0.1129,0.1885,0.1814,0.4444,0.141,0.1692,0.2037,0.1909,0.4949,0.5309,0.4681,0.4494,0.1387,0.2173,0.2093,0.2404,0.2433,0.01
Hmel201001o,7300001,7350000,7325002,49973,0.0236,0.0213,0.022,0.0236,0.0054,0.0167,0.0171,0.0209,0.0208,0.0229,0.0233,0.0255,0.0337,0.0241,0.0244,0.0302,0.0303,0.0219,0.0238,0.0347,0.0245,0.024,0.0318,0.0321,0.0249,0.0346,0.0237,0.0235,0.0319,0.0322,0.0342,0.0268,0.0268,0.0323,0.0323,0.0341,0.035,0.0342,0.0337,0.022,0.029,0.0293,0.0301,0.0306,0.0211,0.0118,0.0122,0.0408,0.4147,0.0956,0.0955,0.1609,0.1631,0.0069,0.035,0.4599,0.1332,0.1176,0.2137,0.2189,0.0483,0.4484,0.1078,0.097,0.2066,0.2118,0.4382,0.1601,0.1531,0.1948,0.1964,0.5264,0.5289,0.4607,0.4562,0.1373,0.224,0.2299,0.2367,0.2464,0.0059
Hmel201001o,7325001,7375000,7350001,49987,0.0231,0.0219,0.0215,0.0246,0.0064,0.0197,0.0171,0.0229,0.022,0.0229,0.0225,0.0258,0.0344,0.0245,0.0243,0.0315,0.0315,0.0217,0.0249,0.0347,0.025,0.0244,0.0325,0.0329,0.025,0.035,0.0244,0.0234,0.0322,0.0326,0.034,0.0279,0.0279,0.0328,0.033,0.0348,0.0357,0.0339,0.0344,0.0233,0.0292,0.0295,0.031,0.0314,0.0223,0.0085,0.0035,0.0435,0.4156,0.0713,0.0999,0.1638,0.1744,-0.0,0.0417,0.4371,0.0976,0.1177,0.1933,0.2096,0.0486,0.4457,0.0898,0.1007,0.1942,0.2103,0.4077,0.1297,0.1631,0.1689,0.1823,0.4707,0.52,0.413,0.4311,0.1232,0.1661,0.1822,0.2258,0.2436,-0.0039
Hmel201001o,7350001,7400000,7374998,49958,0.0213,0.0209,0.0208,0.0218,0.0055,0.0181,0.0166,0.02,0.0204,0.0208,0.0207,0.024,0.0317,0.0216,0.0226,0.0282,0.0279,0.0208,0.0237,0.0315,0.0221,0.0229,0.0289,0.0287,0.024,0.0319,0.0218,0.0223,0.0285,0.0282,0.0314,0.0254,0.0261,0.0296,0.0294,0.0311,0.0321,0.0298,0.0309,0.021,0.0259,0.0259,0.0278,0.0279,0.02,-0.0066,-0.009,0.0566,0.4215,0.0497,0.0921,0.164,0.1525,-0.0022,0.0563,0.4252,0.0668,0.1054,0.1795,0.1707,0.0642,0.4316,0.0611,0.0919,0.1738,0.1637,0.4272,0.1316,0.1684,0.1809,0.1727,0.4655,0.5037,0.4167,0.4239,0.1,0.1602,0.1552,0.2156,0.2118,-0.0056
Hmel201001o,7375001,7425000,7399897,49638,0.02,0.0211,0.0212,0.0215,0.0062,0.0184,0.018,0.0183,0.0203,0.0204,0.0205,0.0244,0.031,0.021,0.0231,0.0277,0.0275,0.0207,0.0242,0.0314,0.0219,0.0237,0.0284,0.0285,0.0246,0.0314,0.0218,0.0233,0.0281,0.0281,0.0323,0.0261,0.0271,0.03,0.03,0.0305,0.0311,0.0291,0.03,0.0209,0.0253,0.0254,0.0263,0.0266,0.019,-0.0059,-0.0041,0.0875,0.4212,0.0471,0.1028,0.1923,0.1636,-0.0127,0.0681,0.4095,0.0553,0.1026,0.1903,0.1669,0.0751,0.4077,0.0517,0.0914,0.1838,0.1594,0.4315,0.1455,0.1711,0.2159,0.1881,0.4423,0.4569,0.4242,0.4036,0.0752,0.1677,0.1441,0.1948,0.1735,-0.0065
Hmel201001o,7400001,7450000,7425040,49679,0.02,0.0211,0.0212,0.0215,0.0077,0.0193,0.0178,0.0186,0.021,0.0209,0.0206,0.0253,0.0323,0.0214,0.023,0.029,0.0295,0.0207,0.0248,0.0329,0.0222,0.0237,0.0304,0.0308,0.025,0.0327,0.0219,0.0229,0.0297,0.0301,0.0341,0.0267,0.0271,0.0313,0.0313,0.0325,0.0333,0.0323,0.0329,0.0219,0.027,0.0272,0.0276,0.0279,0.0194,0.0078,-0.001,0.1062,0.4149,0.044,0.1037,0.2108,0.1892,-0.012,0.0814,0.4071,0.0513,0.1052,0.2209,0.1973,0.0825,0.4022,0.0415,0.0858,0.2087,0.1843,0.4301,0.144,0.1739,0.232,0.1985,0.4299,0.463,0.4381,0.4083,0.088,0.1863,0.1575,0.2175,0.1905,-0.0115
Hmel201001o,7425001,7475000,7449995,49939,0.0175,0.0158,0.0183,0.0184,0.0053,0.0126,0.0126,0.014,0.0149,0.0174,0.018,0.0219,0.0274,0.019,0.0198,0.024,0.0247,0.0172,0.0214,0.0275,0.0213,0.0219,0.0263,0.0267,0.022,0.0272,0.0193,0.0195,0.0244,0.0245,0.0295,0.0243,0.0241,0.0269,0.0268,0.0279,0.0287,0.0282,0.0284,0.0141,0.0194,0.0195,0.0199,0.02,0.0141,0.0226,0.0027,0.1066,0.4294,0.1233,0.1428,0.2181,0.2186,0.0041,0.1226,0.461,0.2111,0.2226,0.2886,0.2833,0.0938,0.4124,0.119,0.1218,0.2141,0.203,0.4561,0.2405,0.2367,0.2633,0.2487,0.5314,0.5411,0.5058,0.4921,0.0604,0.1959,0.1816,0.2088,0.1939,-0.0133
Hmel201001o,7450001,7500000,7475017,49839,0.0141,0.0119,0.015,0.0186,0.0031,0.0046,0.0053,0.0093,0.0093,0.0135,0.0147,0.0196,0.0258,0.0166,0.0173,0.0186,0.0191,0.0136,0.0197,0.0263,0.0201,0.0203,0.0206,0.0212,0.0206,0.026,0.0166,0.0167,0.0182,0.0184,0.0281,0.0235,0.0234,0.0235,0.0236,0.0264,0.0269,0.0258,0.026,0.0056,0.0114,0.0113,0.0116,0.0117,0.0092,0.0213,0.0051,0.1075,0.5168,0.2934,0.2928,0.2414,0.2529,0.0054,0.1514,0.5718,0.4347,0.4192,0.3357,0.3473,0.1158,0.5,0.2707,0.2553,0.2115,0.2169,0.4766,0.3764,0.3594,0.2831,0.2846,0.7572,0.7412,0.6282,0.6301,0.0638,0.257,0.2509,0.2392,0.2398,-0.0069
Hmel201001o,7475001,7525000,7500037,49887,0.0188,0.017,0.0189,0.0239,0.0038,0.0094,0.006,0.0131,0.0132,0.0182,0.0185,0.0243,0.0299,0.0205,0.0217,0.0226,0.0227,0.0182,0.0246,0.0305,0.0225,0.0236,0.0234,0.0236,0.0251,0.0303,0.0189,0.019,0.0215,0.0216,0.0319,0.0274,0.028,0.0274,0.0276,0.0298,0.031,0.0295,0.0297,0.0091,0.0164,0.0161,0.0165,0.0163,0.0129,0.0089,-0.011,0.0782,0.4678,0.1938,0.2854,0.1821,0.183,0.0078,0.1097,0.5073,0.2734,0.3594,0.2281,0.2308,0.0922,0.4708,0.1523,0.2187,0.1542,0.155,0.4323,0.2783,0.3433,0.2206,0.2233,0.6524,0.7398,0.5695,0.571,0.0898,0.1954,0.1857,0.2785,0.2714,-0.0091
Hmel201001o,7500001,7550000,7525002,49987,0.0185,0.0172,0.0189,0.0244,0.0041,0.0123,0.0074,0.0139,0.0141,0.0179,0.0181,0.0241,0.0286,0.0177,0.0189,0.0206,0.0209,0.0182,0.0244,0.0291,0.0183,0.0194,0.0208,0.0212,0.0243,0.0289,0.0172,0.0172,0.0201,0.0204,0.0316,0.0253,0.0258,0.0258,0.0261,0.0282,0.0295,0.0281,0.0284,0.0115,0.0167,0.0166,0.0174,0.0174,0.0136,0.0003,-0.0173,0.0734,0.4488,0.0733,0.1966,0.1259,0.1296,0.0029,0.0973,0.479,0.1126,0.233,0.1516,0.1572,0.0729,0.4456,0.0501,0.1384,0.1072,0.1109,0.4176,0.1902,0.2775,0.1742,0.1766,0.5661,0.6872,0.5317,0.5308,0.0803,0.1287,0.1211,0.2518,0.2478,-0.0149
Hmel201001o,7525001,7575000,7550000,50000,0.0129,0.0136,0.0144,0.0233,0.0033,0.0066,0.0064,0.0107,0.0105,0.013,0.0133,0.0209,0.0256,0.0111,0.0113,0.0142,0.014,0.0133,0.0207,0.0258,0.0127,0.0125,0.0155,0.0155,0.021,0.0254,0.0128,0.0127,0.0155,0.0154,0.0298,0.0218,0.0215,0.0228,0.0227,0.0252,0.026,0.0253,0.0254,0.0073,0.0113,0.0105,0.0128,0.0123,0.0103,-0.0116,-0.0139,0.1026,0.537,0.0696,0.084,0.0994,0.0934,-0.0284,0.0849,0.5222,0.1203,0.1152,0.1281,0.1309,0.078,0.5011,0.1038,0.104,0.1134,0.1136,0.4224,0.2295,0.2288,0.1791,0.1799,0.6851,0.6997,0.5832,0.5884,0.0587,0.1417,0.1067,0.2113,0.1964,-0.013
Hmel201001o,7550001,7600000,7574996,49967,0.0191,0.0194,0.0191,0.0255,0.0047,0.0124,0.0128,0.0161,0.0164,0.0194,0.0192,0.0247,0.0308,0.0184,0.0179,0.022,0.0216,0.0187,0.0236,0.0309,0.0196,0.019,0.0235,0.0231,0.024,0.0302,0.0194,0.0181,0.0236,0.0232,0.0336,0.0261,0.0255,0.0288,0.0284,0.0303,0.0312,0.0308,0.0302,0.0147,0.0185,0.0178,0.0208,0.0203,0.016,0.0039,0.003,0.067,0.4583,0.0811,0.0604,0.1172,0.1039,-0.0165,0.0409,0.4543,0.1095,0.0871,0.1462,0.1338,0.0516,0.4504,0.1093,0.0667,0.1528,0.1397,0.4177,0.1912,0.1734,0.1849,0.1743,0.5765,0.5771,0.5118,0.499,0.0825,0.1369,0.1119,0.1904,0.1721,-0.0093
Hmel201001o,7575001,7625000,7599971,49873,0.0235,0.0216,0.0228,0.0252,0.0064,0.0182,0.0189,0.0209,0.0223,0.0226,0.0231,0.0259,0.036,0.0242,0.0247,0.0296,0.03,0.0223,0.0248,0.0362,0.024,0.0248,0.0301,0.0302,0.0256,0.0361,0.0243,0.0239,0.0307,0.031,0.0366,0.0276,0.0283,0.0327,0.0325,0.0354,0.0368,0.036,0.0357,0.0213,0.0263,0.0266,0.0282,0.0288,0.0212,0.0025,-0.0007,0.035,0.429,0.0803,0.0811,0.1516,0.142,0.0034,0.0385,0.4579,0.1005,0.1073,0.1819,0.1671,0.0398,0.4403,0.0899,0.0731,0.1785,0.1659,0.4295,0.1386,0.1403,0.1862,0.1662,0.5003,0.5041,0.4664,0.4411,0.074,0.1557,0.1437,0.1821,0.1749,-0.0103
Hmel201001o,7600001,7650000,7624583,47998,0.0223,0.022,0.0236,0.0263,0.0071,0.0156,0.019,0.0216,0.0227,0.0221,0.0228,0.0261,0.0354,0.0223,0.0242,0.0297,0.0303,0.0228,0.0256,0.0354,0.0239,0.0255,0.0303,0.0308,0.0265,0.0356,0.0242,0.0252,0.0305,0.0309,0.0361,0.0276,0.0292,0.0326,0.0328,0.0344,0.0359,0.0352,0.035,0.0195,0.0279,0.0281,0.0287,0.0293,0.0218,-0.001,-0.0027,0.046,0.428,0.0862,0.0844,0.1587,0.1565,0.0001,0.0401,0.4326,0.1276,0.1156,0.1716,0.169,0.036,0.4116,0.1116,0.0879,0.1564,0.1519,0.4005,0.1625,0.1446,0.1663,0.1558,0.5192,0.482,0.436,0.4185,0.0633,0.2097,0.1995,0.1803,0.1775,-0.0079
Hmel201001o,7625001,7675000,7650569,48092,0.0271,0.0266,0.0276,0.0296,0.0075,0.0196,0.0203,0.0247,0.0253,0.0269,0.0275,0.0304,0.0371,0.0259,0.0272,0.0331,0.0335,0.0271,0.03,0.0371,0.0278,0.0281,0.0339,0.0346,0.0298,0.0379,0.0282,0.0286,0.0334,0.0337,0.0386,0.0315,0.0321,0.0354,0.0356,0.0359,0.0376,0.0359,0.0363,0.0225,0.0315,0.0318,0.0328,0.0332,0.0251,0.0011,0.0032,0.0412,0.3786,0.0536,0.0729,0.1286,0.1293,-0.0,0.0387,0.3854,0.0965,0.096,0.146,0.1505,0.0257,0.3823,0.0946,0.0941,0.1292,0.1285,0.3863,0.144,0.1462,0.1439,0.1409,0.4667,0.4764,0.3955,0.3926,0.0629,0.1832,0.1819,0.1966,0.1955,0.0021
Hmel201001o,7650001,7700000,7675000,49997,0.0252,0.0232,0.0259,0.0278,0.0082,0.0219,0.0197,0.0222,0.0224,0.0241,0.0253,0.028,0.0372,0.0269,0.0264,0.0316,0.0324,0.0246,0.0272,0.0371,0.0275,0.0263,0.0326,0.0335,0.0278,0.0381,0.0273,0.0265,0.0317,0.0325,0.038,0.0309,0.0301,0.0341,0.0348,0.0368,0.0381,0.0361,0.0369,0.0231,0.0277,0.0286,0.0297,0.0309,0.0222,-0.0023,-0.0052,0.0346,0.3954,0.0706,0.0859,0.1507,0.1618,0.0017,0.0423,0.4205,0.105,0.1073,0.1883,0.2007,0.0226,0.3967,0.0701,0.0796,0.1442,0.1563,0.3906,0.1243,0.1358,0.1687,0.1759,0.4358,0.4791,0.4218,0.4291,0.0559,0.1195,0.1345,0.1813,0.1996,-0.0017
Hmel201001o,7675001,7725000,7699690,48502,0.0194,0.0185,0.0212,0.0227,0.0077,0.0179,0.0174,0.0183,0.0174,0.0189,0.0199,0.0229,0.0353,0.0243,0.022,0.0276,0.0283,0.0198,0.0223,0.0354,0.0247,0.0226,0.0287,0.0293,0.0231,0.0356,0.0243,0.0217,0.0279,0.0286,0.035,0.0271,0.0253,0.0295,0.03,0.0347,0.0358,0.0354,0.0352,0.0201,0.0232,0.0237,0.0258,0.0266,0.018,-0.0012,-0.0103,0.0515,0.4613,0.1396,0.0954,0.198,0.2229,-0.002,0.0506,0.4752,0.1599,0.1202,0.2303,0.253,0.0283,0.4368,0.1144,0.0614,0.1804,0.2045,0.4231,0.1574,0.13,0.193,0.2145,0.476,0.4955,0.4777,0.4901,0.068,0.1304,0.1537,0.1908,0.2188,0.0044
Hmel201001o,7700001,7750000,7724536,46335,0.016,0.0157,0.0162,0.0204,0.006,0.0158,0.0133,0.0174,0.0177,0.0157,0.0161,0.0199,0.0349,0.0206,0.0193,0.0267,0.0263,0.0158,0.0194,0.0348,0.0212,0.0203,0.0277,0.0274,0.0195,0.0353,0.0217,0.02,0.028,0.0279,0.0339,0.0231,0.0229,0.0274,0.0276,0.0325,0.0338,0.0335,0.0335,0.0176,0.023,0.0227,0.0248,0.0246,0.0178,-0.0051,0.0007,0.059,0.5385,0.1382,0.1458,0.2433,0.2316,-0.0054,0.051,0.5415,0.1561,0.1754,0.2657,0.2553,0.0429,0.5371,0.1584,0.1583,0.2623,0.2554,0.4685,0.138,0.173,0.1968,0.1951,0.5148,0.5722,0.4993,0.4936,0.1009,0.1706,0.1593,0.248,0.2381,0.0081
Hmel201001o,7725001,7775000,7750206,47789,0.0179,0.0174,0.0176,0.0222,0.0067,0.0165,0.0151,0.0189,0.0201,0.0178,0.0178,0.0224,0.0352,0.0234,0.0231,0.0298,0.0297,0.0172,0.0213,0.0351,0.0234,0.0235,0.0299,0.0301,0.0217,0.0354,0.024,0.0236,0.0304,0.0305,0.0347,0.0263,0.0264,0.0303,0.0307,0.0343,0.0351,0.0335,0.0344,0.0189,0.0244,0.0241,0.0263,0.0263,0.0194,0.0022,-0.0007,0.0669,0.4981,0.1606,0.1756,0.2475,0.2303,-0.011,0.0507,0.5046,0.1687,0.1911,0.2568,0.2444,0.056,0.5041,0.1786,0.1916,0.262,0.2482,0.4421,0.1703,0.1922,0.2044,0.1946,0.5109,0.5418,0.4627,0.4564,0.0945,0.1678,0.1447,0.2263,0.2082,-0.003
Hmel201001o,7750001,7800000,7775008,49959,0.0157,0.0157,0.0161,0.0212,0.0061,0.0118,0.0134,0.0161,0.0166,0.0159,0.0159,0.0216,0.0329,0.0243,0.0248,0.0281,0.0288,0.0157,0.021,0.0334,0.0244,0.0251,0.0282,0.0291,0.0211,0.033,0.0246,0.0251,0.0286,0.0291,0.0334,0.0271,0.0273,0.029,0.0294,0.0329,0.0338,0.0328,0.0336,0.0146,0.0206,0.0204,0.0218,0.0218,0.016,0.0042,-0.0006,0.096,0.5186,0.2892,0.2742,0.2894,0.2939,-0.0088,0.0818,0.5235,0.2902,0.2787,0.292,0.2986,0.0774,0.5136,0.2891,0.2743,0.2923,0.2945,0.4504,0.2675,0.2479,0.2345,0.2339,0.5873,0.5692,0.5107,0.5114,0.0795,0.2028,0.1871,0.2046,0.1951,-0.0132
Hmel201001o,7775001,7825000,7800000,49997,0.0187,0.019,0.0188,0.0235,0.0062,0.0128,0.0121,0.0151,0.0154,0.0185,0.0188,0.0247,0.0331,0.0261,0.0269,0.0282,0.0293,0.0186,0.0245,0.0337,0.0265,0.0276,0.0287,0.0297,0.0246,0.034,0.0265,0.0274,0.029,0.03,0.0349,0.0296,0.0304,0.0303,0.0313,0.0329,0.0339,0.033,0.0332,0.0143,0.0194,0.0193,0.0202,0.0207,0.0149,-0.0111,0.0004,0.0927,0.4685,0.2595,0.2849,0.2622,0.2756,-0.0079,0.0845,0.4705,0.2625,0.2912,0.2668,0.2787,0.089,0.4791,0.2665,0.2931,0.275,0.2867,0.4354,0.2662,0.2892,0.2439,0.2552,0.5679,0.5901,0.5277,0.5246,0.0733,0.1731,0.1647,0.2051,0.2113,-0.0112
Hmel201001o,7800001,7850000,7825001,49996,0.0268,0.0258,0.026,0.0277,0.0083,0.021,0.0204,0.0194,0.0203,0.0259,0.0264,0.0308,0.0351,0.0299,0.0296,0.0322,0.0326,0.0258,0.0301,0.0349,0.0307,0.0302,0.0335,0.0336,0.0304,0.036,0.031,0.0307,0.0346,0.0349,0.0364,0.0342,0.0337,0.0354,0.0359,0.0349,0.0355,0.0353,0.035,0.023,0.0258,0.0255,0.0282,0.0284,0.0198,-0.0074,-0.0006,0.0658,0.3482,0.1186,0.1194,0.1744,0.1708,-0.0034,0.0655,0.3581,0.1423,0.141,0.204,0.1966,0.0681,0.3695,0.1447,0.1455,0.2185,0.2134,0.3736,0.1848,0.1848,0.2203,0.2177,0.4245,0.4396,0.4525,0.4372,0.0561,0.1278,0.1119,0.1815,0.1748,-0.0012
Hmel201001o,7825001,7875000,7849998,49980,0.0268,0.0239,0.0249,0.0294,0.0083,0.0243,0.0244,0.0229,0.023,0.0254,0.0257,0.0306,0.0387,0.0296,0.0285,0.0358,0.0352,0.0243,0.0293,0.0382,0.0306,0.0287,0.0373,0.0368,0.0299,0.039,0.0306,0.0295,0.0381,0.0377,0.04,0.0353,0.033,0.0399,0.0397,0.0387,0.0386,0.0396,0.0394,0.0273,0.0305,0.0298,0.0345,0.0335,0.0231,0.0004,-0.003,0.0494,0.3907,0.0781,0.058,0.1908,0.1814,-0.0008,0.0599,0.4224,0.1262,0.0912,0.2402,0.2333,0.0585,0.4188,0.1151,0.0947,0.2406,0.2348,0.3929,0.1494,0.1151,0.2247,0.22,0.4231,0.42,0.4505,0.4469,0.0623,0.1363,0.1214,0.1971,0.181,0.0024
Hmel201001o,7850001,7900000,7874938,49739,0.0242,0.0212,0.0225,0.0315,0.0055,0.0216,0.0189,0.0238,0.0247,0.0225,0.023,0.0296,0.0409,0.0285,0.0296,0.0366,0.0368,0.0219,0.0284,0.0411,0.0301,0.0309,0.0377,0.0384,0.0292,0.0416,0.0295,0.0306,0.0372,0.038,0.045,0.0362,0.0363,0.0417,0.0423,0.0414,0.0421,0.0417,0.0425,0.0244,0.0303,0.03,0.0334,0.0331,0.0246,-0.0036,-0.0077,0.0458,0.4836,0.1164,0.167,0.22,0.213,0.0021,0.0587,0.5256,0.1776,0.2232,0.2653,0.2648,0.0578,0.5118,0.1524,0.2032,0.245,0.2455,0.4523,0.1733,0.2047,0.2199,0.2173,0.5219,0.5651,0.4961,0.4916,0.0985,0.151,0.1369,0.2306,0.2157,0.009
Hmel201001o,7875001,7925000,7899542,46951,0.0257,0.0227,0.0233,0.0328,0.0072,0.02,0.0172,0.0234,0.0257,0.0239,0.0243,0.0309,0.0404,0.0299,0.0327,0.0357,0.0364,0.0233,0.0298,0.0404,0.0316,0.035,0.0376,0.0383,0.03,0.0403,0.0316,0.0351,0.037,0.0381,0.0444,0.0376,0.0402,0.0411,0.0419,0.0404,0.0423,0.0401,0.0411,0.0215,0.0303,0.0308,0.0307,0.0311,0.0248,-0.0056,-0.0027,0.0423,0.4376,0.141,0.2183,0.1962,0.1825,0.0087,0.0566,0.4765,0.2045,0.2871,0.252,0.2371,0.0525,0.4681,0.1976,0.2807,0.2377,0.2285,0.4157,0.1995,0.2605,0.2066,0.1937,0.5125,0.5685,0.4641,0.4442,0.0756,0.1737,0.156,0.2142,0.1934,0.0056
Hmel201001o,7900001,7950000,7925972,47077,0.0247,0.0244,0.0235,0.0305,0.0087,0.0199,0.023,0.0229,0.0242,0.0248,0.0243,0.0304,0.0422,0.0342,0.0336,0.036,0.0364,0.0245,0.03,0.0425,0.0346,0.0347,0.0372,0.0376,0.029,0.0429,0.0359,0.0358,0.038,0.0387,0.043,0.0388,0.039,0.0403,0.0409,0.0417,0.044,0.0403,0.0413,0.0223,0.0312,0.0315,0.0315,0.0318,0.0235,0.0053,0.0033,0.0614,0.4486,0.2219,0.1783,0.214,0.2079,0.0107,0.0565,0.4548,0.2304,0.1983,0.2332,0.226,0.0495,0.4698,0.2588,0.2235,0.2533,0.2496,0.4066,0.2343,0.2026,0.2202,0.2139,0.5055,0.4856,0.4523,0.4459,0.0217,0.1962,0.1875,0.1647,0.1556,-0.0017
Hmel201001o,7925001,7975000,7948401,46160,0.0226,0.0223,0.0238,0.0278,0.0068,0.0184,0.0229,0.0229,0.0241,0.0231,0.0237,0.0284,0.0423,0.0329,0.0315,0.0355,0.0362,0.0238,0.0276,0.0435,0.0326,0.0314,0.0358,0.0368,0.028,0.0435,0.0352,0.0332,0.0381,0.0387,0.0427,0.0358,0.0352,0.0386,0.0392,0.0418,0.043,0.0404,0.0412,0.0213,0.0302,0.0304,0.0305,0.0309,0.0232,0.0157,0.011,0.0715,0.4997,0.2443,0.1694,0.229,0.227,0.0174,0.0625,0.5152,0.2436,0.1719,0.2372,0.2382,0.051,0.4965,0.2635,0.1848,0.2521,0.2475,0.4551,0.2371,0.1758,0.2208,0.2158,0.5529,0.5026,0.4778,0.4707,0.0168,0.1983,0.1867,0.1502,0.1437,-0.0066
Hmel201001o,7950001,8000000,7975350,46084,0.0261,0.0228,0.0251,0.0268,0.0087,0.018,0.0204,0.0244,0.0258,0.025,0.0259,0.0281,0.0418,0.0299,0.0295,0.037,0.0386,0.0245,0.0271,0.043,0.0294,0.0288,0.0376,0.0394,0.0281,0.0418,0.031,0.0304,0.0384,0.0397,0.0419,0.0321,0.032,0.0374,0.0386,0.0414,0.042,0.0405,0.0413,0.0204,0.0311,0.032,0.0325,0.0338,0.0247,0.0135,0.0066,0.0347,0.4281,0.1591,0.1253,0.1986,0.2072,0.0123,0.0546,0.4793,0.1898,0.1521,0.24,0.2486,0.0453,0.4395,0.1903,0.1519,0.2273,0.2299,0.4344,0.1994,0.1679,0.1971,0.1974,0.5272,0.5011,0.4351,0.4258,0.031,0.1992,0.1976,0.1932,0.1973,-0.009
Hmel201001o,7975001,8025000,8000017,49173,0.0241,0.0229,0.023,0.0257,0.009,0.0181,0.0198,0.0236,0.024,0.0241,0.0237,0.0263,0.0399,0.029,0.0277,0.0354,0.0363,0.023,0.0258,0.0405,0.028,0.0272,0.0358,0.0367,0.0257,0.0399,0.0287,0.028,0.036,0.0367,0.0391,0.0305,0.0301,0.0353,0.0358,0.04,0.0405,0.0391,0.0395,0.0212,0.0301,0.0309,0.0316,0.0325,0.0236,0.0139,0.0041,0.0327,0.4295,0.1663,0.1217,0.2039,0.2137,0.001,0.0384,0.4511,0.164,0.1285,0.2237,0.2315,0.0338,0.444,0.174,0.1406,0.2243,0.2308,0.4151,0.1836,0.1543,0.1868,0.1904,0.5105,0.4914,0.4271,0.4265,0.0585,0.191,0.1993,0.1949,0.2044,-0.0044
Hmel201001o,8000001,8050000,8025170,48965,0.0208,0.0205,0.0215,0.0272,0.0067,0.0172,0.018,0.0223,0.0231,0.0211,0.0212,0.0281,0.0395,0.0267,0.0248,0.0328,0.0332,0.0211,0.0277,0.0399,0.0268,0.0248,0.0338,0.0341,0.0275,0.0397,0.0275,0.0261,0.034,0.0345,0.0405,0.0325,0.0319,0.0356,0.0355,0.039,0.039,0.0384,0.0383,0.0212,0.0293,0.0294,0.0304,0.0309,0.023,0.0109,0.0011,0.0939,0.4996,0.1784,0.1303,0.2181,0.2144,0.002,0.0908,0.5077,0.1839,0.1342,0.2362,0.2313,0.0731,0.4911,0.1842,0.1454,0.2278,0.2253,0.4413,0.2112,0.1919,0.1937,0.1831,0.5473,0.5344,0.4681,0.455,0.0991,0.2055,0.1981,0.2144,0.2117,0.0077
Hmel201001o,8025001,8075000,8049854,48719,0.0207,0.019,0.0205,0.0275,0.0067,0.0192,0.0177,0.0215,0.0233,0.02,0.0207,0.0288,0.0387,0.0251,0.0232,0.0325,0.033,0.0196,0.0277,0.0391,0.0254,0.0224,0.0339,0.0344,0.0276,0.0389,0.0257,0.0235,0.0338,0.0343,0.0396,0.032,0.0312,0.0361,0.036,0.0375,0.0381,0.0367,0.0372,0.0214,0.0305,0.0309,0.0324,0.0328,0.0227,0.0042,0.0023,0.1053,0.4924,0.1209,0.1007,0.2233,0.2113,-0.0021,0.108,0.5206,0.1501,0.1057,0.265,0.2511,0.0861,0.4982,0.1364,0.1101,0.2463,0.2332,0.4295,0.1762,0.1811,0.2068,0.1857,0.5026,0.5301,0.4606,0.4409,0.0793,0.2092,0.195,0.2582,0.2425,0.0064
Hmel201001o,8050001,8100000,8075157,49027,0.0222,0.0213,0.0214,0.026,0.0069,0.0206,0.0206,0.023,0.0244,0.0215,0.022,0.0267,0.0391,0.0267,0.0258,0.0354,0.0352,0.0209,0.025,0.0392,0.0263,0.0251,0.0361,0.0357,0.0257,0.0397,0.0263,0.0258,0.0363,0.0358,0.0387,0.0294,0.0293,0.0368,0.0365,0.0383,0.0394,0.0373,0.0381,0.0242,0.0318,0.0325,0.0328,0.0325,0.0234,-0.0053,0.0046,0.0609,0.473,0.1155,0.0985,0.2327,0.213,-0.0106,0.0399,0.4866,0.1193,0.0947,0.2521,0.2308,0.0507,0.4899,0.1179,0.1076,0.2536,0.2296,0.4354,0.13,0.1282,0.2129,0.1917,0.4867,0.4979,0.4435,0.4321,0.0836,0.1972,0.1909,0.2122,0.191,-0.0064
Hmel201001o,8075001,8125000,8100001,49622,0.0235,0.0229,0.0225,0.0277,0.0069,0.0223,0.0208,0.0238,0.0248,0.0227,0.0227,0.029,0.0414,0.0292,0.0274,0.0368,0.0367,0.0221,0.0276,0.0409,0.0292,0.0277,0.0371,0.037,0.0281,0.0413,0.0289,0.0278,0.0367,0.0368,0.0412,0.0322,0.0324,0.0377,0.0377,0.0401,0.0411,0.0401,0.0411,0.026,0.0326,0.0332,0.0338,0.0338,0.0242,-0.012,-0.0077,0.0734,0.4784,0.1276,0.1133,0.2292,0.2171,-0.0152,0.0552,0.482,0.1353,0.1263,0.2393,0.2278,0.0688,0.4905,0.1348,0.1314,0.2378,0.2287,0.4407,0.1407,0.1608,0.2015,0.1898,0.4825,0.512,0.4626,0.4586,0.0991,0.1814,0.1789,0.2164,0.2045,-0.0012
Hmel201001o,8100001,8150000,8125125,49714,0.0223,0.0212,0.0199,0.0253,0.0048,0.0177,0.011,0.0198,0.0208,0.0214,0.0209,0.0274,0.0371,0.0266,0.0255,0.0316,0.032,0.0201,0.0262,0.0369,0.0274,0.0263,0.0319,0.0323,0.0258,0.0365,0.0269,0.026,0.0312,0.0318,0.0365,0.0299,0.0302,0.0327,0.033,0.0364,0.0375,0.0365,0.0372,0.017,0.0261,0.0266,0.0269,0.0275,0.0207,-0.0087,-0.0051,0.0783,0.4814,0.1497,0.2206,0.2108,0.2051,-0.0115,0.0701,0.4954,0.1788,0.2523,0.2296,0.2237,0.0788,0.5102,0.186,0.2666,0.2328,0.2305,0.4509,0.1823,0.2815,0.199,0.1913,0.5443,0.667,0.5123,0.5039,0.0898,0.1735,0.1696,0.2849,0.2801,0.0112
Hmel201001o,8125001,8175000,8149915,49747,0.0198,0.0205,0.0187,0.0237,0.0035,0.0139,0.0091,0.0171,0.0188,0.02,0.0194,0.0241,0.0363,0.0245,0.0261,0.0294,0.0298,0.0192,0.0239,0.0365,0.0254,0.0268,0.0292,0.0295,0.0231,0.0366,0.0249,0.0262,0.029,0.0292,0.0359,0.0275,0.0292,0.0307,0.0308,0.0368,0.0383,0.0366,0.037,0.0144,0.0226,0.0228,0.0218,0.0223,0.0184,-0.0041,0.0039,0.0618,0.5313,0.1962,0.3018,0.2418,0.2251,-0.0106,0.0475,0.5224,0.204,0.3022,0.2295,0.2114,0.0569,0.5515,0.2203,0.3215,0.2496,0.2299,0.4849,0.2129,0.3135,0.2201,0.1991,0.6334,0.7311,0.578,0.5529,0.1211,0.1971,0.1739,0.2633,0.2415,0.0141
Hmel201001o,8150001,8200000,8175038,49733,0.0213,0.0214,0.0198,0.0267,0.0052,0.0171,0.0166,0.0188,0.0198,0.0212,0.0207,0.0255,0.0387,0.0246,0.0256,0.0313,0.0317,0.0204,0.0253,0.039,0.0249,0.0259,0.0315,0.0319,0.0246,0.0393,0.0245,0.0252,0.0315,0.0318,0.0392,0.0288,0.03,0.0339,0.0338,0.0393,0.0404,0.0394,0.04,0.0201,0.027,0.0273,0.0269,0.0271,0.0198,-0.003,0.0039,0.0426,0.5057,0.1299,0.1567,0.2293,0.2241,-0.0033,0.0388,0.5079,0.1353,0.1622,0.2316,0.2264,0.0445,0.5341,0.151,0.1702,0.2529,0.2449,0.456,0.1594,0.1848,0.216,0.2021,0.5745,0.5908,0.5488,0.5396,0.0929,0.2114,0.2039,0.2166,0.2071,0.0139
Hmel201001o,8175001,8225000,8199571,48711,0.0229,0.0215,0.0204,0.0271,0.0066,0.0175,0.0182,0.0197,0.0197,0.0222,0.0217,0.027,0.0404,0.0229,0.0224,0.0321,0.0323,0.0208,0.026,0.0403,0.0235,0.0226,0.0327,0.0332,0.0261,0.0405,0.0231,0.0221,0.0333,0.0338,0.0404,0.0287,0.0282,0.0345,0.0344,0.0404,0.0406,0.0392,0.0399,0.0198,0.0303,0.0308,0.031,0.0314,0.0199,-0.0019,0.0017,0.049,0.48,0.0666,0.0464,0.2128,0.2159,-0.0048,0.0466,0.4981,0.0985,0.0692,0.2383,0.2461,0.0636,0.5157,0.1044,0.0724,0.2621,0.2693,0.4436,0.1491,0.1311,0.2107,0.2089,0.5556,0.5472,0.5136,0.5199,0.056,0.2519,0.2597,0.2538,0.2595,0.0054
Hmel201001o,8200001,8250000,8225203,48288,0.0208,0.0193,0.0188,0.0245,0.0077,0.0163,0.0181,0.0197,0.0191,0.0196,0.0197,0.0247,0.0387,0.0231,0.021,0.0312,0.0314,0.0187,0.0238,0.039,0.024,0.0212,0.0318,0.0322,0.0244,0.0388,0.0239,0.0207,0.0328,0.033,0.0384,0.0281,0.0263,0.0321,0.0321,0.0385,0.0386,0.0372,0.0376,0.0194,0.0277,0.0274,0.0296,0.0294,0.0193,-0.0102,-0.0018,0.0548,0.4786,0.1149,0.0417,0.2248,0.2352,-0.0096,0.0568,0.5029,0.1576,0.0669,0.2519,0.2666,0.0758,0.5072,0.1611,0.0606,0.2726,0.2847,0.4399,0.1809,0.1226,0.1999,0.2071,0.54,0.5143,0.4776,0.4907,0.064,0.2218,0.2263,0.2318,0.2368,-0.0039
Hmel201001o,8225001,8275000,8250194,49550,0.0152,0.0149,0.015,0.021,0.0057,0.0161,0.0178,0.0184,0.018,0.0147,0.015,0.0201,0.0347,0.0229,0.0198,0.0287,0.0286,0.0148,0.0197,0.0357,0.0234,0.0201,0.0293,0.0294,0.0201,0.0351,0.0237,0.0201,0.03,0.0297,0.0347,0.0261,0.0237,0.0293,0.0292,0.0346,0.0349,0.0348,0.0349,0.019,0.023,0.0227,0.0255,0.025,0.0184,-0.0113,-0.0054,0.0697,0.5535,0.1961,0.0966,0.2737,0.2778,-0.0057,0.0659,0.5695,0.2138,0.1086,0.289,0.297,0.0736,0.5604,0.2173,0.1074,0.2973,0.2993,0.4745,0.1851,0.1109,0.2075,0.2119,0.5367,0.5131,0.5017,0.5105,0.061,0.1508,0.1499,0.1787,0.1752,0.0051
Hmel201001o,8250001,8300000,8275001,49980,0.0137,0.0144,0.0137,0.0199,0.0028,0.0117,0.015,0.0146,0.014,0.014,0.0137,0.0185,0.034,0.0225,0.0205,0.0261,0.0257,0.0141,0.0187,0.0345,0.0223,0.0201,0.0263,0.0259,0.0186,0.0349,0.023,0.0207,0.0273,0.0267,0.034,0.0249,0.0233,0.0274,0.0272,0.0338,0.0347,0.0344,0.0344,0.0146,0.0188,0.018,0.021,0.0202,0.0148,-0.0013,-0.0012,0.0672,0.6247,0.2906,0.1857,0.3111,0.3125,0.0023,0.0621,0.6159,0.2731,0.1635,0.3028,0.305,0.0712,0.6326,0.302,0.19,0.3313,0.3313,0.5304,0.2488,0.1598,0.246,0.252,0.661,0.6065,0.6124,0.6228,0.0451,0.1854,0.176,0.1812,0.1723,0.0187
Hmel201001o,8275001,8325000,8300000,49981,0.0167,0.0155,0.0162,0.0214,0.0028,0.0061,0.0106,0.0135,0.0125,0.0159,0.0163,0.0206,0.0337,0.0235,0.0222,0.0254,0.0251,0.0158,0.021,0.0336,0.0235,0.022,0.0258,0.0253,0.0213,0.0342,0.0242,0.0226,0.0266,0.0262,0.035,0.0265,0.0257,0.0279,0.0278,0.0327,0.0337,0.0333,0.0332,0.0096,0.0156,0.015,0.0178,0.0171,0.0129,-0.0063,-0.0041,0.0531,0.5663,0.3597,0.251,0.2667,0.2777,-0.0016,0.083,0.5879,0.3847,0.2692,0.2946,0.3022,0.0794,0.5814,0.3849,0.2698,0.2975,0.3065,0.5162,0.352,0.2611,0.2518,0.2667,0.7701,0.6825,0.6205,0.6401,0.0764,0.2378,0.2467,0.2025,0.2061,-0.0026
Hmel201001o,8300001,8350000,8325001,49980,0.0123,0.0111,0.0126,0.0207,0.0033,0.0051,0.0063,0.0107,0.011,0.0118,0.0122,0.0188,0.0331,0.0196,0.0185,0.0213,0.0212,0.0116,0.0191,0.0332,0.0198,0.0185,0.0217,0.0213,0.0195,0.033,0.0197,0.0185,0.0217,0.0214,0.0353,0.0244,0.0237,0.0256,0.0255,0.0311,0.0313,0.0312,0.0313,0.0091,0.0126,0.0129,0.0144,0.0141,0.0104,0.0056,-0.0105,0.0936,0.6342,0.4017,0.3451,0.314,0.3038,-0.0134,0.1198,0.6579,0.4341,0.3737,0.3442,0.3298,0.1053,0.6278,0.3975,0.3396,0.3162,0.3024,0.5231,0.3487,0.3122,0.2674,0.2605,0.7743,0.746,0.6482,0.6428,0.2405,0.2403,0.2444,0.2686,0.2501,-0.0247
Hmel201001o,8325001,8375000,8350001,49983,0.0138,0.012,0.0133,0.0234,0.0036,0.0096,0.0099,0.013,0.0151,0.0135,0.0135,0.0209,0.0358,0.0211,0.0197,0.0229,0.023,0.0125,0.0205,0.036,0.0213,0.0199,0.0234,0.0235,0.0206,0.0358,0.0219,0.0201,0.0238,0.0238,0.037,0.0263,0.0257,0.0277,0.0276,0.0339,0.0343,0.0337,0.0342,0.0148,0.0162,0.0167,0.0183,0.0185,0.0142,0.0251,-0.0016,0.0856,0.6234,0.3001,0.2615,0.2729,0.2394,-0.0071,0.1062,0.6583,0.3433,0.3027,0.3168,0.2829,0.0874,0.6338,0.3286,0.2828,0.303,0.2671,0.498,0.2644,0.2477,0.2327,0.2012,0.6888,0.6857,0.6199,0.5873,0.2187,0.1889,0.1596,0.2408,0.2049,0.0044
Hmel201001o,8350001,8400000,8375005,49991,0.0177,0.0135,0.0139,0.0239,0.0024,0.0093,0.0091,0.014,0.0168,0.0161,0.0163,0.0241,0.0329,0.0212,0.0207,0.023,0.0234,0.0135,0.0233,0.0324,0.0233,0.0225,0.0248,0.0253,0.0239,0.033,0.0242,0.0232,0.0255,0.0259,0.0344,0.0275,0.0274,0.0284,0.0286,0.0321,0.0331,0.032,0.0328,0.0115,0.0174,0.0171,0.0186,0.0185,0.016,0.0152,0.0171,0.0892,0.5467,0.2329,0.2236,0.1929,0.1589,-0.0088,0.1387,0.6208,0.3577,0.3463,0.3001,0.2648,0.144,0.6185,0.3666,0.3527,0.3061,0.269,0.4837,0.2823,0.2829,0.2237,0.1883,0.705,0.7175,0.6064,0.564,0.1176,0.2064,0.1433,0.244,0.1862,0.0203
Hmel201001o,8375001,8425000,8400000,49999,0.0128,0.0106,0.0096,0.0205,0.0026,0.0038,0.0024,0.0108,0.0117,0.0117,0.012,0.02,0.0291,0.0204,0.0204,0.0207,0.0208,0.0099,0.0199,0.0287,0.0223,0.0223,0.0222,0.0225,0.0203,0.029,0.0229,0.0229,0.0224,0.0227,0.0311,0.0257,0.0254,0.0252,0.0257,0.0301,0.0304,0.0296,0.0299,0.0041,0.0129,0.0126,0.0132,0.0128,0.0115,-0.0017,0.0348,0.1155,0.5964,0.4374,0.4716,0.2856,0.2714,-0.0099,0.1547,0.6413,0.5287,0.5646,0.3633,0.3526,0.1813,0.6675,0.563,0.5991,0.3888,0.3762,0.4934,0.3981,0.4198,0.2611,0.2554,0.8191,0.8565,0.6464,0.6307,0.1525,0.2908,0.2513,0.3477,0.3044,0.0125
Hmel201001o,8400001,8450000,8424954,49706,0.0123,0.011,0.0111,0.021,0.0032,0.005,0.0025,0.0154,0.0149,0.0117,0.0122,0.0194,0.0324,0.0276,0.0283,0.0285,0.0282,0.0109,0.0184,0.033,0.0289,0.0299,0.0296,0.0296,0.0187,0.0328,0.0289,0.0299,0.0296,0.0295,0.0333,0.0302,0.0305,0.0304,0.0306,0.034,0.0341,0.0339,0.0335,0.0058,0.0175,0.0174,0.0175,0.0172,0.0149,0.0037,0.025,0.1027,0.6293,0.5397,0.6023,0.361,0.3635,-0.0044,0.1026,0.6607,0.5824,0.6477,0.3996,0.4062,0.1077,0.6581,0.5816,0.6463,0.3985,0.4036,0.4994,0.4326,0.4801,0.2699,0.278,0.7961,0.8554,0.5858,0.5901,0.2325,0.2782,0.2837,0.3389,0.344,-0.0093
Hmel201001o,8425001,8475000,8450100,49696,0.0116,0.0102,0.0086,0.0215,0.0019,0.01,0.0049,0.0139,0.0125,0.0109,0.0103,0.0223,0.0292,0.0211,0.0211,0.0308,0.0309,0.0093,0.0215,0.0295,0.0218,0.0218,0.0315,0.0316,0.0221,0.0294,0.0212,0.0213,0.0315,0.0315,0.032,0.0289,0.0299,0.0325,0.0326,0.0296,0.0296,0.0322,0.0322,0.0102,0.023,0.0231,0.0236,0.0235,0.0133,-0.0003,0.0097,0.177,0.6405,0.3381,0.4561,0.4308,0.455,-0.0044,0.1836,0.674,0.3803,0.5017,0.4621,0.4868,0.2271,0.7116,0.4065,0.5357,0.4903,0.5149,0.5009,0.3222,0.423,0.3164,0.3377,0.6795,0.8064,0.6232,0.6501,0.1653,0.3302,0.3597,0.4486,0.4778,0.0064
Hmel201001o,8450001,8500000,8475003,49974,0.0112,0.0101,0.0086,0.0223,0.0016,0.0101,0.0058,0.0092,0.0076,0.0104,0.0098,0.0229,0.0277,0.017,0.0166,0.0294,0.0299,0.009,0.0232,0.0277,0.0161,0.0158,0.0291,0.0297,0.0237,0.0277,0.0158,0.0154,0.029,0.0296,0.0315,0.0258,0.0267,0.0316,0.0321,0.0271,0.0277,0.0295,0.0298,0.0098,0.0218,0.0221,0.0226,0.0228,0.0088,-0.0101,-0.0058,0.1859,0.641,0.2422,0.3376,0.5022,0.5393,-0.0192,0.2111,0.667,0.2433,0.3436,0.5194,0.5587,0.2471,0.7032,0.2708,0.377,0.5475,0.5867,0.488,0.2615,0.3475,0.364,0.3957,0.6615,0.7756,0.7056,0.7466,0.1115,0.403,0.445,0.5169,0.5611,0.0293
Hmel201001o,8475001,8525000,8500005,49982,0.0122,0.0105,0.0114,0.0236,0.0022,0.0071,0.0055,0.0103,0.0106,0.0113,0.0117,0.0233,0.0291,0.0228,0.0224,0.0278,0.0283,0.0106,0.0234,0.0294,0.0229,0.0224,0.0283,0.0289,0.0234,0.0293,0.0226,0.0224,0.0275,0.0282,0.0323,0.0282,0.029,0.0308,0.0313,0.0282,0.0296,0.0286,0.029,0.008,0.0162,0.0165,0.0173,0.0175,0.0106,-0.0038,-0.0058,0.1615,0.6188,0.4198,0.4477,0.4393,0.4411,-0.0215,0.1916,0.6594,0.4601,0.4888,0.4777,0.4807,0.1765,0.6386,0.4337,0.4674,0.4496,0.4534,0.4681,0.3313,0.3689,0.3197,0.3223,0.7303,0.7817,0.6568,0.6536,0.1214,0.3145,0.3144,0.3881,0.3843,0.0084
Hmel201001o,8500001,8550000,8525001,49997,0.0098,0.0094,0.0089,0.0211,0.0023,0.0045,0.0036,0.0103,0.0106,0.0096,0.0091,0.0247,0.0283,0.0246,0.024,0.0245,0.0252,0.0089,0.0248,0.0282,0.0251,0.0244,0.0248,0.0256,0.025,0.0283,0.0253,0.0249,0.0248,0.0256,0.0319,0.0275,0.0279,0.0268,0.0274,0.0284,0.0293,0.0285,0.0291,0.0054,0.013,0.0143,0.0142,0.0154,0.0108,0.0016,-0.0132,0.2609,0.6614,0.5638,0.5788,0.4318,0.4399,-0.0119,0.2704,0.6715,0.5826,0.5966,0.4472,0.4548,0.2829,0.6844,0.5967,0.6156,0.4571,0.4656,0.4987,0.4016,0.4247,0.29,0.2948,0.7952,0.8266,0.6512,0.652,0.1519,0.2865,0.3231,0.3578,0.3856,0.0152
Hmel201001o,8525001,8575000,8549995,49985,0.0071,0.0062,0.005,0.0171,0.0019,0.0022,0.0012,0.0058,0.0052,0.0071,0.0062,0.0216,0.0247,0.0221,0.0226,0.021,0.0216,0.0054,0.0217,0.0247,0.022,0.0225,0.0207,0.0214,0.022,0.0249,0.0224,0.0229,0.0213,0.0219,0.029,0.023,0.0232,0.0224,0.0228,0.025,0.0254,0.0248,0.0251,0.0019,0.01,0.0108,0.0106,0.0114,0.0058,0.0357,0.0141,0.3145,0.7047,0.6656,0.7024,0.546,0.571,-0.017,0.3363,0.7317,0.693,0.7311,0.5689,0.5941,0.3675,0.7674,0.735,0.7726,0.611,0.6359,0.5374,0.4479,0.4747,0.3575,0.3766,0.8559,0.891,0.7451,0.7628,0.0655,0.4441,0.503,0.5198,0.5756,0.0271
Hmel201001o,8550001,8600000,8574996,49844,0.0066,0.0039,0.0043,0.0157,0.0021,0.0028,0.0014,0.0039,0.0024,0.0065,0.0062,0.0175,0.0208,0.0176,0.0182,0.0184,0.0185,0.0038,0.017,0.021,0.0174,0.0178,0.018,0.0182,0.0166,0.021,0.0173,0.0178,0.018,0.0182,0.0251,0.0214,0.0217,0.0219,0.0222,0.0212,0.0216,0.0216,0.0217,0.0023,0.0079,0.0078,0.0084,0.0084,0.0032,0.1144,0.0695,0.256,0.6696,0.5922,0.6534,0.5717,0.6249,-0.0367,0.312,0.7637,0.6899,0.7536,0.6601,0.7203,0.2891,0.7468,0.671,0.7344,0.6429,0.7019,0.5104,0.4327,0.4722,0.4163,0.4586,0.8023,0.8582,0.7689,0.8236,0.0354,0.4167,0.5157,0.5371,0.6463,0.0086
Hmel201001o,8575001,8625000,8600064,49858,0.0066,0.0059,0.0069,0.0162,0.0018,0.0024,0.0014,0.0049,0.0035,0.0076,0.0073,0.0169,0.0199,0.0192,0.0194,0.02,0.0202,0.0059,0.017,0.0202,0.0188,0.0189,0.0196,0.0199,0.0167,0.0201,0.0186,0.0188,0.0195,0.0197,0.0245,0.0249,0.0251,0.0254,0.0258,0.0228,0.023,0.0234,0.0238,0.002,0.007,0.0071,0.0073,0.0075,0.0041,0.1094,0.0445,0.2315,0.6655,0.6373,0.6748,0.5702,0.6181,-0.0374,0.2532,0.6952,0.6557,0.6934,0.5848,0.6352,0.2187,0.6586,0.6187,0.6548,0.5516,0.6006,0.4974,0.4919,0.5162,0.4431,0.4802,0.841,0.8774,0.761,0.8104,0.0387,0.3306,0.4357,0.4135,0.5276,-0.0082
Hmel201001o,8600001,8650000,8625000,49996,0.0092,0.0095,0.0101,0.0174,0.0021,0.0027,0.0014,0.0068,0.006,0.0111,0.011,0.0177,0.0218,0.0249,0.0255,0.026,0.0261,0.0091,0.0194,0.0221,0.0257,0.0263,0.0267,0.0268,0.0194,0.0221,0.0257,0.0262,0.0267,0.0267,0.0258,0.0287,0.029,0.0292,0.0292,0.028,0.0282,0.0284,0.0284,0.0027,0.0088,0.0087,0.0088,0.0087,0.0064,0.0926,0.0695,0.1723,0.6044,0.6289,0.6712,0.5447,0.5643,-0.0388,0.2083,0.6019,0.6309,0.6722,0.5485,0.5666,0.1953,0.5838,0.6158,0.6562,0.5355,0.5524,0.4874,0.5131,0.5437,0.4407,0.4556,0.8516,0.8921,0.7434,0.7635,0.1474,0.3146,0.3463,0.3817,0.4203,-0.0003
Hmel201001o,8625001,8675000,8650001,49996,0.0116,0.0113,0.0109,0.022,0.0025,0.0037,0.0019,0.0105,0.0104,0.0125,0.0125,0.021,0.0265,0.0247,0.0257,0.0264,0.026,0.0105,0.0223,0.0272,0.0261,0.0272,0.0278,0.0274,0.0223,0.0271,0.0265,0.0275,0.0284,0.0279,0.0304,0.0285,0.0289,0.0297,0.0292,0.0317,0.0324,0.0319,0.032,0.0037,0.0122,0.0129,0.012,0.0127,0.0108,0.0484,0.0569,0.1421,0.5953,0.5413,0.599,0.4256,0.421,-0.0273,0.1758,0.6105,0.5691,0.6242,0.4539,0.4491,0.1834,0.6192,0.584,0.6377,0.4695,0.4643,0.4628,0.4159,0.4547,0.3212,0.3161,0.8297,0.8786,0.6759,0.679,0.1454,0.2774,0.3058,0.3337,0.3626,0.0196
Hmel201001o,8650001,8700000,8674392,48358,0.0122,0.0114,0.011,0.0243,0.0035,0.0034,0.0019,0.0124,0.013,0.0117,0.0118,0.0227,0.0305,0.0234,0.0248,0.0243,0.024,0.0108,0.023,0.0316,0.0243,0.0256,0.0252,0.0251,0.0231,0.0318,0.0247,0.0259,0.0256,0.0254,0.0341,0.028,0.0287,0.0286,0.0282,0.0308,0.0319,0.0309,0.0317,0.0032,0.0146,0.0152,0.0147,0.0153,0.0127,-0.0061,0.0067,0.1408,0.6042,0.5144,0.5726,0.3427,0.3253,-0.0217,0.1601,0.6324,0.549,0.6044,0.3739,0.36,0.1685,0.6419,0.5622,0.6163,0.3871,0.3723,0.4572,0.3819,0.419,0.2472,0.2315,0.8067,0.852,0.6067,0.6015,0.1023,0.3112,0.3118,0.3635,0.3614,0.0029
Hmel201001o,8675001,8725000,8700240,48359,0.0111,0.0102,0.0105,0.0202,0.0041,0.0027,0.0013,0.0132,0.0125,0.0109,0.0109,0.0184,0.0308,0.0219,0.023,0.0222,0.0223,0.0101,0.0187,0.0314,0.0228,0.024,0.0231,0.0232,0.0188,0.0318,0.023,0.0241,0.023,0.0232,0.0322,0.0253,0.0261,0.0251,0.025,0.0298,0.0309,0.0299,0.0304,0.0025,0.0155,0.0157,0.0159,0.0161,0.0125,0.0113,0.0049,0.1107,0.6195,0.536,0.5922,0.3072,0.3227,-0.0132,0.1353,0.6441,0.5749,0.6305,0.342,0.3583,0.1323,0.641,0.5686,0.6239,0.3353,0.351,0.4839,0.4169,0.4589,0.2232,0.2331,0.8042,0.8483,0.5675,0.5866,0.1264,0.3362,0.3596,0.3911,0.4163,-0.0157
Hmel201001o,8700001,8750000,8725000,50000,0.0075,0.0071,0.0069,0.0182,0.0034,0.002,0.0013,0.0108,0.012,0.0075,0.0071,0.017,0.0311,0.0177,0.0182,0.02,0.0204,0.007,0.0166,0.0316,0.0181,0.0188,0.0206,0.0209,0.0171,0.0318,0.0182,0.0188,0.0207,0.0211,0.0324,0.0214,0.0218,0.0227,0.0229,0.0307,0.0314,0.0302,0.0303,0.0021,0.014,0.0154,0.0143,0.0157,0.0113,0.0131,-0.0038,0.178,0.7153,0.5925,0.6258,0.3865,0.3681,0.0048,0.1763,0.7288,0.6156,0.6499,0.409,0.3883,0.1935,0.7353,0.6239,0.6582,0.4176,0.3984,0.5295,0.4029,0.4262,0.2436,0.2259,0.8483,0.8687,0.6347,0.611,0.1373,0.3886,0.3911,0.4194,0.4214,-0.0062
Hmel201001o,8725001,8775000,8749991,49969,0.0067,0.0058,0.0057,0.0198,0.0025,0.0021,0.0019,0.0089,0.0123,0.0063,0.006,0.0207,0.0304,0.0183,0.0191,0.0213,0.0217,0.0057,0.0205,0.031,0.0188,0.0195,0.0219,0.0222,0.021,0.0312,0.0188,0.0196,0.0221,0.0226,0.0338,0.0233,0.0236,0.0247,0.025,0.0304,0.0308,0.0306,0.0306,0.0026,0.0116,0.0137,0.0121,0.0139,0.011,0.003,-0.0122,0.2576,0.7497,0.6286,0.6466,0.4819,0.4071,-0.0051,0.2709,0.7739,0.6654,0.6817,0.5132,0.4352,0.2861,0.7792,0.6715,0.6885,0.5218,0.4451,0.5342,0.4042,0.4124,0.2953,0.2395,0.8664,0.8727,0.7,0.6247,0.1322,0.3744,0.3221,0.3984,0.336,0.0209
Hmel201001o,8750001,8800000,8775006,49929,0.0055,0.0042,0.0046,0.0173,0.0018,0.0031,0.0022,0.0081,0.0112,0.0048,0.0049,0.0196,0.0244,0.0223,0.0234,0.022,0.0222,0.0044,0.0197,0.0247,0.0226,0.0237,0.0223,0.0225,0.0199,0.0251,0.023,0.0241,0.0227,0.0229,0.0285,0.0246,0.025,0.0236,0.0238,0.0241,0.0247,0.0247,0.0246,0.0032,0.0122,0.0116,0.0128,0.0119,0.0104,-0.0011,-0.0182,0.3009,0.7536,0.691,0.73,0.5436,0.4716,0.0008,0.3336,0.7962,0.7353,0.774,0.5838,0.5083,0.3284,0.7855,0.7252,0.7635,0.5775,0.504,0.5306,0.4484,0.4736,0.3277,0.2716,0.8266,0.8597,0.6815,0.5993,0.1003,0.3848,0.2506,0.443,0.2958,0.0406
Hmel201001o,8775001,8825000,8799613,48545,0.0062,0.0052,0.0053,0.0177,0.0017,0.0053,0.0033,0.011,0.0135,0.0056,0.0057,0.0186,0.0248,0.0291,0.0303,0.0275,0.0277,0.0052,0.0187,0.0246,0.0289,0.0304,0.0273,0.0277,0.0189,0.0252,0.0293,0.0307,0.0277,0.0281,0.0281,0.0296,0.0303,0.0281,0.0283,0.0268,0.0278,0.0267,0.0266,0.0047,0.0159,0.0147,0.0167,0.0152,0.0129,-0.009,-0.0116,0.2551,0.7348,0.6832,0.7401,0.5382,0.4907,-0.012,0.2801,0.7639,0.706,0.7653,0.5578,0.5115,0.2827,0.7648,0.7067,0.7643,0.5606,0.5133,0.5181,0.4687,0.5139,0.3452,0.3045,0.7795,0.8418,0.6291,0.5708,0.0466,0.3364,0.2313,0.4166,0.2998,0.0278
Hmel201001o,8800001,8850000,8825321,48585,0.0074,0.0057,0.0069,0.0214,0.0017,0.0059,0.003,0.012,0.0127,0.0066,0.007,0.0195,0.0295,0.0282,0.0291,0.0278,0.0269,0.0062,0.02,0.0298,0.0282,0.0293,0.0279,0.0272,0.0197,0.0299,0.0285,0.0294,0.0281,0.0273,0.0313,0.0307,0.0311,0.0302,0.0299,0.0321,0.033,0.0313,0.0315,0.0049,0.013,0.0139,0.0136,0.0142,0.0133,-0.0002,-0.0164,0.1916,0.7427,0.6327,0.7083,0.4973,0.472,-0.0142,0.2395,0.7879,0.6726,0.7524,0.5331,0.5102,0.2088,0.7591,0.6473,0.7238,0.5116,0.4883,0.4965,0.4177,0.4716,0.312,0.2985,0.7976,0.872,0.6538,0.6424,0.0502,0.1941,0.2099,0.2998,0.3017,0.0387
Hmel201001o,8825001,8875000,8850000,50000,0.0112,0.0102,0.0109,0.0223,0.0034,0.0066,0.005,0.0112,0.0112,0.0109,0.0111,0.0213,0.0284,0.0209,0.0217,0.023,0.0226,0.0106,0.0216,0.0285,0.0216,0.0226,0.0235,0.023,0.0209,0.0286,0.0215,0.0223,0.0234,0.0231,0.0303,0.0251,0.026,0.0259,0.0259,0.0289,0.0295,0.0277,0.028,0.0067,0.0143,0.0152,0.0147,0.0155,0.0117,0.0087,0.0005,0.1515,0.6049,0.4174,0.4723,0.3593,0.35,0.0032,0.1771,0.6289,0.4562,0.5135,0.3897,0.38,0.1483,0.6136,0.4362,0.4915,0.3738,0.3668,0.4422,0.3083,0.3529,0.2438,0.2448,0.7177,0.7624,0.5982,0.601,0.0768,0.2446,0.2728,0.3038,0.3284,0.0231
Hmel201001o,8850001,8900000,8875000,50000,0.013,0.0133,0.0116,0.0197,0.0043,0.007,0.0058,0.0121,0.0119,0.013,0.0125,0.0235,0.0252,0.0208,0.0215,0.0232,0.0235,0.0123,0.0237,0.0248,0.0217,0.0225,0.0237,0.024,0.0241,0.025,0.0217,0.0224,0.0239,0.0243,0.0288,0.0227,0.024,0.0236,0.0238,0.0257,0.0261,0.0249,0.0253,0.0072,0.0148,0.0157,0.0153,0.0164,0.0117,-0.005,0.0092,0.2008,0.5046,0.3637,0.4062,0.3111,0.3192,-0.0055,0.1995,0.4929,0.3775,0.4182,0.3165,0.3237,0.2365,0.5341,0.4135,0.4548,0.3524,0.3624,0.4463,0.2948,0.3417,0.2192,0.2261,0.6538,0.6893,0.5213,0.5306,0.0592,0.2266,0.2593,0.2751,0.3111,-0.0159
Hmel201001o,8875001,8925000,8899998,49989,0.0128,0.013,0.0113,0.021,0.0031,0.0077,0.0064,0.0129,0.0126,0.0131,0.0124,0.025,0.0279,0.0232,0.024,0.0252,0.0258,0.0119,0.0252,0.0279,0.0246,0.0255,0.0265,0.0273,0.0257,0.0282,0.0244,0.0252,0.0267,0.0274,0.0323,0.0263,0.0272,0.0267,0.0273,0.0285,0.0292,0.0277,0.0286,0.0077,0.0151,0.016,0.0159,0.0171,0.0124,0.006,0.0151,0.2169,0.5706,0.4013,0.4425,0.3383,0.3542,-0.0104,0.2173,0.5676,0.4221,0.4637,0.359,0.3752,0.2556,0.6086,0.4546,0.496,0.3921,0.4075,0.4898,0.3276,0.3655,0.2485,0.2609,0.6932,0.7317,0.568,0.5834,0.0443,0.199,0.2338,0.2575,0.2971,-0.0131
Hmel201001o,8900001,8950000,8924982,49692,0.0168,0.0173,0.0167,0.0264,0.003,0.0139,0.0104,0.0166,0.0164,0.0174,0.0168,0.0295,0.0341,0.0272,0.0291,0.033,0.034,0.0167,0.0294,0.0348,0.0288,0.0306,0.0342,0.0353,0.0293,0.035,0.0283,0.0304,0.0344,0.0353,0.0386,0.0354,0.0362,0.0371,0.0377,0.0368,0.0376,0.0361,0.0371,0.0153,0.0229,0.0229,0.025,0.0251,0.0165,0.01,0.0019,0.1767,0.5653,0.2911,0.378,0.3419,0.3577,-0.0087,0.169,0.5638,0.3106,0.393,0.3515,0.3678,0.1748,0.5757,0.3114,0.3992,0.3625,0.3763,0.4837,0.2993,0.3565,0.2878,0.2976,0.6407,0.7116,0.5885,0.6004,0.1229,0.2104,0.2144,0.3136,0.3188,-0.001
Hmel201001o,8925001,8975000,8950129,49703,0.0178,0.0185,0.0181,0.0258,0.0035,0.0153,0.0142,0.0195,0.0195,0.0182,0.0179,0.0291,0.0373,0.0271,0.0286,0.0355,0.036,0.0183,0.0289,0.038,0.0284,0.0299,0.0361,0.0368,0.0289,0.038,0.0287,0.0302,0.0373,0.0376,0.0385,0.0346,0.0354,0.0379,0.0381,0.0392,0.0397,0.0388,0.0394,0.0183,0.0264,0.0263,0.0288,0.0288,0.0197,0.0017,-0.0018,0.1638,0.5706,0.2551,0.2958,0.3249,0.3313,-0.0007,0.1502,0.5663,0.266,0.3055,0.3241,0.3319,0.1559,0.5716,0.2766,0.3158,0.3429,0.3468,0.4823,0.2786,0.3021,0.2679,0.2701,0.628,0.6487,0.5571,0.5629,0.1134,0.2165,0.214,0.2737,0.2734,0.0041
Hmel201001o,8950001,9000000,8974774,49533,0.0184,0.0179,0.0183,0.0253,0.0043,0.0131,0.0144,0.0191,0.0198,0.0182,0.0185,0.0253,0.0361,0.0254,0.0255,0.0302,0.0303,0.0182,0.0252,0.0369,0.0261,0.0266,0.0308,0.031,0.0257,0.0367,0.0259,0.026,0.0307,0.0309,0.0366,0.0309,0.0312,0.0329,0.033,0.0361,0.037,0.0355,0.0359,0.0145,0.0244,0.0247,0.0261,0.0265,0.0194,0.0009,0.0022,0.0904,0.5378,0.2462,0.2274,0.2451,0.2376,0.0037,0.0966,0.5547,0.2682,0.257,0.262,0.2564,0.0995,0.5457,0.2585,0.2399,0.2548,0.2487,0.4607,0.2632,0.2496,0.211,0.2035,0.628,0.6132,0.521,0.5137,0.0283,0.2159,0.2125,0.2305,0.228,-0.0019
Hmel201001o,8975001,9025000,8999951,49174,0.0195,0.0169,0.0183,0.0236,0.0058,0.0133,0.0104,0.0168,0.0177,0.018,0.0186,0.0237,0.0352,0.0273,0.0276,0.0286,0.0287,0.0175,0.0237,0.0358,0.0287,0.0293,0.0291,0.0292,0.0243,0.0358,0.0285,0.029,0.029,0.0292,0.0367,0.0309,0.0314,0.0304,0.0305,0.036,0.0373,0.0355,0.0351,0.0123,0.0218,0.0222,0.0227,0.0233,0.0171,-0.0077,-0.0092,0.0581,0.4873,0.2611,0.3095,0.2341,0.2245,-0.0023,0.0966,0.5353,0.3238,0.3787,0.2799,0.2678,0.0891,0.5127,0.2985,0.3523,0.2565,0.2489,0.4595,0.2763,0.3267,0.22,0.2096,0.5965,0.6587,0.5335,0.5149,0.0192,0.1921,0.1862,0.2619,0.2596,-0.0046
Hmel201001o,9000001,9050000,9025120,49625,0.0141,0.013,0.0131,0.0206,0.0056,0.0107,0.0065,0.0134,0.0138,0.0136,0.014,0.0189,0.0326,0.0227,0.0226,0.0237,0.0241,0.0128,0.0193,0.0327,0.0248,0.025,0.0246,0.025,0.0194,0.0332,0.0251,0.0254,0.0253,0.0258,0.0331,0.0264,0.0269,0.0256,0.0259,0.0333,0.0342,0.0321,0.0319,0.0095,0.0176,0.0186,0.0183,0.0201,0.0144,0.0035,0.0135,0.0639,0.5522,0.3068,0.3892,0.2786,0.2801,-0.0097,0.0944,0.5732,0.3678,0.4549,0.3149,0.3158,0.0944,0.5755,0.3712,0.4581,0.3261,0.3274,0.4629,0.2818,0.3636,0.224,0.2212,0.6219,0.7125,0.5591,0.5492,0.0517,0.1977,0.2139,0.3097,0.3414,0.0291
Hmel201001o,9025001,9075000,9049991,49910,0.0096,0.01,0.0101,0.0191,0.0038,0.0096,0.0046,0.0115,0.0108,0.01,0.0103,0.0177,0.0295,0.0184,0.0179,0.0218,0.0221,0.0097,0.0188,0.0299,0.0194,0.0186,0.0229,0.0233,0.0185,0.0302,0.0196,0.0189,0.0228,0.0231,0.0315,0.024,0.0242,0.0238,0.0241,0.03,0.0308,0.0297,0.0301,0.008,0.0164,0.0164,0.0189,0.0197,0.012,0.0119,0.0239,0.1363,0.6453,0.3301,0.4489,0.362,0.3836,-0.0178,0.1579,0.641,0.3442,0.4548,0.3761,0.3989,0.149,0.6414,0.3459,0.4579,0.3701,0.3916,0.4982,0.2806,0.381,0.2396,0.2586,0.652,0.774,0.606,0.6251,0.0693,0.2273,0.2464,0.4178,0.4545,0.0359
Hmel201001o,9050001,9100000,9074790,48268,0.0128,0.0121,0.0144,0.0193,0.0031,0.0149,0.0087,0.0143,0.0136,0.0123,0.0135,0.0216,0.0312,0.0203,0.0192,0.0273,0.0278,0.0132,0.0222,0.0319,0.0205,0.019,0.0286,0.0291,0.0218,0.032,0.0208,0.02,0.0277,0.0282,0.0332,0.026,0.0261,0.0277,0.028,0.0315,0.0329,0.0324,0.0329,0.0135,0.0216,0.021,0.0253,0.0251,0.0139,-0.0071,-0.0022,0.1703,0.6087,0.1983,0.2965,0.3509,0.3708,-0.0003,0.1953,0.6301,0.216,0.3063,0.3833,0.4028,0.1452,0.5852,0.1827,0.2803,0.3311,0.3503,0.5247,0.2229,0.3313,0.2623,0.278,0.57,0.7095,0.591,0.609,0.071,0.2027,0.1993,0.3901,0.4002,-0.002
Hmel201001o,9075001,9125000,9100511,47126,0.0166,0.0176,0.018,0.0226,0.0052,0.013,0.0125,0.018,0.018,0.0169,0.0179,0.0255,0.0379,0.0244,0.0234,0.0319,0.0314,0.0177,0.0248,0.0382,0.0239,0.0234,0.0319,0.0316,0.0248,0.0385,0.0247,0.0241,0.0316,0.0311,0.0384,0.0292,0.0287,0.0322,0.0313,0.0368,0.0383,0.0371,0.0371,0.0157,0.0282,0.0272,0.028,0.0276,0.0175,-0.0073,0.0181,0.1493,0.57,0.2568,0.2452,0.3109,0.3035,-0.0039,0.1192,0.5563,0.23,0.2273,0.2976,0.2922,0.1132,0.5538,0.2396,0.2365,0.2875,0.2798,0.4975,0.2674,0.2664,0.2424,0.2282,0.619,0.6393,0.5408,0.5405,0.1099,0.3041,0.2876,0.3084,0.3014,-0.0129
Hmel201001o,9100001,9150000,9125496,48774,0.0166,0.0197,0.0181,0.0258,0.0064,0.0091,0.0085,0.019,0.0192,0.018,0.0179,0.026,0.0431,0.0312,0.032,0.0345,0.0344,0.0184,0.0259,0.0431,0.0309,0.0322,0.034,0.034,0.0257,0.044,0.0321,0.033,0.0348,0.035,0.0436,0.0357,0.0358,0.0359,0.0354,0.0414,0.0422,0.0408,0.0408,0.0108,0.027,0.0265,0.0242,0.0241,0.0186,-0.0047,0.0165,0.1246,0.5942,0.4322,0.4523,0.333,0.3308,-0.0141,0.0794,0.5509,0.3787,0.4062,0.2876,0.2859,0.0979,0.5797,0.4202,0.4411,0.3183,0.3195,0.4891,0.3743,0.3847,0.2487,0.2404,0.6972,0.713,0.5409,0.5383,0.1092,0.3292,0.3183,0.2873,0.2837,-0.0135
Hmel201001o,9125001,9175000,9150002,49990,0.0143,0.0164,0.0163,0.0255,0.0043,0.0092,0.0055,0.0187,0.0193,0.0152,0.0154,0.0238,0.0442,0.0347,0.0359,0.0345,0.036,0.0159,0.0243,0.0448,0.0358,0.0367,0.0349,0.0363,0.0239,0.0451,0.0361,0.0373,0.0353,0.0373,0.0449,0.0383,0.0391,0.0369,0.0381,0.0431,0.044,0.0421,0.0433,0.0085,0.0212,0.0226,0.0202,0.0215,0.0191,-0.0038,0.0032,0.118,0.6672,0.511,0.5834,0.3684,0.3792,-0.0149,0.0967,0.6398,0.4894,0.5562,0.3455,0.3558,0.0905,0.6436,0.4948,0.5638,0.3528,0.3695,0.531,0.4063,0.4653,0.2692,0.277,0.7418,0.8095,0.5873,0.5871,0.0758,0.2177,0.2384,0.2646,0.2812,0.0032
Hmel201001o,9150001,9200000,9175000,50000,0.0118,0.0119,0.0121,0.023,0.0029,0.0061,0.004,0.0143,0.015,0.0117,0.012,0.021,0.0404,0.0286,0.0297,0.0287,0.0291,0.0116,0.0205,0.0404,0.029,0.0301,0.0287,0.0292,0.0205,0.0405,0.0291,0.0302,0.0288,0.0294,0.0418,0.0317,0.0324,0.0313,0.0318,0.0393,0.0403,0.038,0.039,0.0063,0.0166,0.0173,0.0172,0.0179,0.0151,-0.0057,0.0024,0.1253,0.7063,0.5404,0.5965,0.3917,0.3848,-0.0189,0.1127,0.7036,0.5421,0.5968,0.3881,0.3833,0.1075,0.7008,0.5395,0.5944,0.3865,0.3839,0.5556,0.4049,0.4476,0.2762,0.2733,0.805,0.8506,0.6467,0.6414,0.1141,0.2504,0.255,0.3197,0.3207,0.017
Hmel201001o,9175001,9225000,9200000,50000,0.0071,0.008,0.0069,0.0182,0.0026,0.0031,0.0015,0.009,0.0093,0.0076,0.0071,0.0164,0.0303,0.0198,0.0206,0.0195,0.0191,0.0072,0.0162,0.0302,0.0197,0.0204,0.0192,0.0188,0.016,0.0304,0.02,0.0207,0.0195,0.0192,0.0322,0.0235,0.0238,0.0231,0.0228,0.0291,0.0295,0.028,0.0281,0.003,0.01,0.0103,0.0105,0.011,0.0093,-0.0026,0.0022,0.169,0.7373,0.6045,0.6689,0.4313,0.4138,-0.0183,0.1419,0.7147,0.5736,0.6375,0.4006,0.3835,0.1626,0.7433,0.6152,0.678,0.4381,0.4214,0.5424,0.4146,0.4562,0.2877,0.2747,0.8314,0.8795,0.6734,0.6653,0.1459,0.2594,0.2606,0.3505,0.3549,0.0094
Hmel201001o,9200001,9250000,9225000,49967,0.0055,0.0071,0.006,0.0165,0.0025,0.0033,0.0027,0.008,0.0093,0.0066,0.0058,0.018,0.0255,0.0163,0.0157,0.0161,0.0164,0.0063,0.0178,0.0259,0.0172,0.0167,0.0168,0.0171,0.0176,0.0258,0.017,0.0165,0.0167,0.0171,0.0281,0.0209,0.0208,0.0207,0.0206,0.0248,0.0248,0.0244,0.0247,0.0051,0.0092,0.0097,0.0088,0.0104,0.0089,0.0234,0.0085,0.2787,0.7417,0.5899,0.6001,0.4234,0.393,-0.0192,0.2367,0.7025,0.5527,0.5636,0.396,0.3666,0.2569,0.7296,0.5851,0.5967,0.4242,0.3942,0.5245,0.3941,0.4065,0.2831,0.2553,0.7996,0.8188,0.6592,0.6288,0.2623,0.2481,0.2224,0.2529,0.2792,0.0147
Hmel201001o,9225001,9275000,9250011,49941,0.0123,0.0136,0.0133,0.0208,0.0027,0.0063,0.0043,0.015,0.0147,0.0133,0.0137,0.0251,0.0317,0.0239,0.0235,0.0247,0.0255,0.0138,0.025,0.0324,0.0251,0.0249,0.0254,0.0262,0.0257,0.0323,0.0249,0.0246,0.0248,0.0259,0.0346,0.029,0.0292,0.0296,0.0303,0.0309,0.0312,0.0314,0.0315,0.0075,0.0173,0.0168,0.0169,0.0172,0.0153,0.0114,0.0354,0.229,0.6321,0.4552,0.4926,0.3002,0.3212,0.0116,0.2064,0.6128,0.447,0.4864,0.2908,0.313,0.224,0.6176,0.4497,0.4871,0.2863,0.3113,0.5245,0.3957,0.4336,0.2646,0.2803,0.7574,0.8077,0.5756,0.5838,0.178,0.2493,0.2432,0.2835,0.3022,0.0149
Hmel201001o,9250001,9300000,9275007,49962,0.0126,0.0137,0.0138,0.023,0.003,0.0071,0.0048,0.0161,0.0155,0.0131,0.0144,0.0251,0.0366,0.0265,0.027,0.0268,0.0273,0.0141,0.0253,0.037,0.0267,0.0274,0.0267,0.0273,0.026,0.0369,0.027,0.0275,0.0266,0.0271,0.039,0.0322,0.0328,0.0322,0.0328,0.0344,0.0347,0.035,0.0344,0.0066,0.0175,0.017,0.0177,0.0168,0.016,-0.0043,0.0452,0.1978,0.6622,0.4724,0.5291,0.3168,0.3338,0.0137,0.1837,0.646,0.4545,0.5119,0.2971,0.317,0.196,0.6435,0.4569,0.5109,0.2932,0.3128,0.5301,0.3943,0.4393,0.2634,0.2802,0.7547,0.8085,0.5867,0.5919,0.0562,0.2123,0.2106,0.2704,0.2612,0.0089
Hmel201001o,9275001,9325000,9300005,49983,0.0076,0.0078,0.009,0.0185,0.0024,0.0042,0.0035,0.0112,0.0116,0.0077,0.0087,0.0184,0.0333,0.0221,0.0224,0.0202,0.0206,0.0082,0.0182,0.0335,0.0221,0.0225,0.0203,0.0205,0.0185,0.0334,0.022,0.0222,0.0205,0.0209,0.0344,0.0262,0.0263,0.0246,0.0248,0.0317,0.032,0.032,0.0322,0.0042,0.0137,0.0135,0.0137,0.0135,0.0116,-0.0004,0.0262,0.2063,0.7517,0.5957,0.6187,0.3806,0.3796,-0.0137,0.1962,0.7477,0.5896,0.6132,0.3755,0.3714,0.1794,0.7217,0.5553,0.5776,0.3549,0.3531,0.5616,0.4295,0.4456,0.2706,0.2663,0.8227,0.8413,0.6641,0.6571,0.0455,0.2934,0.2735,0.316,0.2965,0.0106
Hmel201001o,9300001,9350000,9325002,49992,0.0078,0.0086,0.0096,0.018,0.0031,0.0031,0.0024,0.0112,0.0092,0.0084,0.0088,0.0159,0.0316,0.0222,0.0227,0.0219,0.0229,0.0088,0.0163,0.0317,0.0222,0.0227,0.0217,0.0225,0.0165,0.0318,0.0218,0.0223,0.0219,0.0229,0.0326,0.026,0.0263,0.0257,0.0263,0.0306,0.031,0.0312,0.032,0.003,0.015,0.0153,0.0152,0.0156,0.0107,0.0088,0.004,0.1428,0.7191,0.6195,0.6474,0.4113,0.4746,-0.0208,0.1353,0.7019,0.5972,0.6242,0.3901,0.4483,0.1183,0.6805,0.5636,0.5907,0.3704,0.4325,0.5398,0.4572,0.4768,0.2983,0.3444,0.8256,0.8467,0.6433,0.6928,0.0452,0.3705,0.442,0.3979,0.4757,0.0258
Hmel201001o,9325001,9375000,9350000,49994,0.0121,0.0134,0.0133,0.022,0.0062,0.0083,0.0043,0.0136,0.0124,0.0125,0.0124,0.0207,0.0334,0.0281,0.0282,0.0291,0.0299,0.0128,0.0208,0.0334,0.0282,0.0282,0.0289,0.0294,0.0217,0.0335,0.0288,0.0287,0.0292,0.0299,0.0359,0.0315,0.0321,0.0318,0.0322,0.0342,0.0341,0.0341,0.0347,0.0072,0.0171,0.0181,0.0175,0.0187,0.0134,-0.0106,-0.0129,0.1255,0.5864,0.4831,0.565,0.4029,0.4336,-0.0207,0.1071,0.563,0.4602,0.5395,0.379,0.4058,0.127,0.5657,0.4694,0.5462,0.385,0.4142,0.466,0.3806,0.4533,0.3052,0.3276,0.6649,0.7466,0.5667,0.5934,0.0734,0.229,0.284,0.3386,0.3982,0.0162
Hmel201001o,9350001,9400000,9375000,49995,0.0145,0.0158,0.0154,0.0213,0.0055,0.0089,0.0064,0.0157,0.0164,0.0157,0.015,0.0239,0.0338,0.0295,0.0293,0.0299,0.0305,0.0149,0.0227,0.0337,0.0301,0.0299,0.0301,0.0304,0.0235,0.0337,0.0303,0.03,0.0303,0.0308,0.0368,0.0304,0.031,0.0299,0.0306,0.0348,0.035,0.0345,0.0347,0.0093,0.0168,0.0176,0.0175,0.0179,0.0163,0.02,0.0029,0.1655,0.5596,0.4498,0.4912,0.3436,0.3422,-0.0237,0.1188,0.536,0.4344,0.4747,0.3265,0.3222,0.1413,0.5437,0.4443,0.4841,0.3365,0.3337,0.4947,0.3657,0.4148,0.2536,0.2538,0.672,0.7226,0.5453,0.5366,0.1069,0.1637,0.1739,0.2374,0.2349,0.0068
Hmel201001o,9375001,9425000,9400001,49993,0.0123,0.0148,0.0132,0.0178,0.0038,0.0065,0.0044,0.0152,0.0163,0.0146,0.0132,0.0212,0.0345,0.027,0.0281,0.0285,0.0292,0.0138,0.0201,0.0348,0.028,0.0295,0.0294,0.0299,0.0203,0.0347,0.0276,0.029,0.0291,0.0297,0.0356,0.0276,0.0291,0.0284,0.0292,0.0338,0.0352,0.0339,0.0342,0.0076,0.0168,0.017,0.0177,0.0175,0.016,0.0375,0.0189,0.19,0.6363,0.5004,0.5579,0.3649,0.357,-0.0079,0.1164,0.5932,0.4652,0.5245,0.339,0.3299,0.1499,0.6206,0.4901,0.5503,0.3586,0.3501,0.5599,0.4177,0.4781,0.279,0.2745,0.7482,0.802,0.5787,0.562,0.1736,0.2275,0.209,0.3031,0.271,0.0085
Hmel201001o,9400001,9450000,9424994,49958,0.0087,0.0102,0.0083,0.0174,0.004,0.0053,0.0024,0.0107,0.0119,0.0096,0.0085,0.0179,0.0372,0.0214,0.0224,0.0226,0.0229,0.0096,0.0176,0.0377,0.0221,0.0234,0.0235,0.0237,0.0181,0.0377,0.0221,0.0233,0.0233,0.0236,0.0378,0.0254,0.0264,0.0263,0.0265,0.0361,0.0375,0.0363,0.0363,0.0055,0.0125,0.0125,0.0129,0.0129,0.0114,0.0061,-0.0037,0.1869,0.7217,0.5239,0.6197,0.4154,0.3962,0.0149,0.1459,0.6956,0.4953,0.5905,0.398,0.3789,0.1997,0.7313,0.5445,0.6409,0.435,0.4154,0.5814,0.4129,0.4888,0.3246,0.3078,0.7824,0.8513,0.6763,0.6557,0.1825,0.228,0.194,0.341,0.2999,0.0024
Hmel201001o,9425001,9475000,9449732,48825,0.0056,0.0064,0.0061,0.0169,0.0036,0.0024,0.0022,0.0084,0.0079,0.0062,0.006,0.0162,0.0337,0.0219,0.0227,0.0223,0.0225,0.0061,0.016,0.0336,0.0222,0.0227,0.0224,0.0227,0.0162,0.0337,0.0223,0.0228,0.0225,0.0227,0.0351,0.0263,0.0267,0.0265,0.0266,0.0345,0.0351,0.0347,0.0346,0.0029,0.0077,0.0077,0.0076,0.0076,0.008,0.0109,0.0078,0.2224,0.77,0.7037,0.7168,0.5367,0.5541,-0.0119,0.1961,0.7523,0.6823,0.6934,0.5197,0.5369,0.2098,0.7601,0.6936,0.7043,0.5292,0.5455,0.5724,0.4971,0.5051,0.3796,0.3904,0.8479,0.8538,0.718,0.728,0.1127,0.1828,0.21,0.1858,0.2091,-0.0068
Hmel201001o,9450001,9500000,9475298,48827,0.0107,0.0118,0.0124,0.0182,0.0041,0.0054,0.004,0.0114,0.0105,0.0109,0.0115,0.0199,0.0286,0.0263,0.0279,0.0259,0.0262,0.0113,0.0195,0.0287,0.0271,0.0285,0.0267,0.027,0.0194,0.0289,0.027,0.0284,0.0267,0.0269,0.0304,0.0309,0.0321,0.0311,0.0311,0.0305,0.0314,0.0306,0.0303,0.0059,0.0111,0.0112,0.011,0.0109,0.0108,-0.0178,-0.0034,0.1835,0.6047,0.5462,0.5981,0.4173,0.4397,-0.0365,0.1531,0.5825,0.5344,0.5827,0.4094,0.4313,0.1386,0.5724,0.5204,0.5687,0.3989,0.4195,0.4936,0.4758,0.5153,0.3758,0.3906,0.7436,0.784,0.6118,0.6276,0.1208,0.1471,0.1809,0.1884,0.213,-0.0092
Hmel201001o,9475001,9525000,9499975,49804,0.0128,0.0125,0.0133,0.0211,0.0046,0.0084,0.0066,0.0111,0.0111,0.0121,0.0129,0.0212,0.0295,0.019,0.021,0.0201,0.0205,0.0123,0.021,0.0299,0.0198,0.0217,0.0209,0.0213,0.0212,0.0305,0.02,0.0221,0.0214,0.0218,0.0324,0.0257,0.0272,0.0268,0.0269,0.0286,0.0298,0.0289,0.0289,0.0086,0.0123,0.0126,0.0126,0.0127,0.011,-0.0232,-0.0091,0.1361,0.5599,0.2983,0.3831,0.2668,0.275,-0.0255,0.1384,0.5731,0.3241,0.4063,0.2929,0.3009,0.1268,0.5622,0.311,0.3949,0.2864,0.2944,0.4649,0.3032,0.3604,0.2753,0.2774,0.6466,0.6993,0.5897,0.589,0.077,0.123,0.1359,0.1847,0.1871,-0.0072
Hmel201001o,9500001,9550000,9525042,49807,0.0123,0.0096,0.0109,0.0206,0.0034,0.0079,0.0054,0.0106,0.0114,0.0108,0.0112,0.0208,0.0289,0.0173,0.0188,0.0186,0.0191,0.0099,0.0211,0.0287,0.0182,0.0201,0.0191,0.0198,0.0207,0.0289,0.0178,0.0198,0.0188,0.0195,0.0317,0.0195,0.0207,0.022,0.0221,0.0276,0.0288,0.0277,0.0283,0.0076,0.0134,0.0132,0.0138,0.0135,0.011,-0.0054,-0.0179,0.1429,0.5889,0.2756,0.3755,0.2495,0.2477,-0.0181,0.1964,0.6445,0.3659,0.4721,0.3209,0.319,0.1653,0.6185,0.3234,0.4322,0.2857,0.2849,0.4835,0.1944,0.2711,0.1996,0.1876,0.675,0.7473,0.6119,0.6013,0.0737,0.1919,0.1661,0.2795,0.2454,-0.003
Hmel201001o,9525001,9575000,9550015,49968,0.0175,0.0148,0.0159,0.022,0.0047,0.0108,0.008,0.0138,0.0151,0.0163,0.0165,0.0239,0.0299,0.0208,0.0222,0.0223,0.0229,0.0149,0.0238,0.0297,0.0214,0.0231,0.0233,0.0239,0.0231,0.0296,0.0211,0.0226,0.0225,0.023,0.0316,0.022,0.0229,0.0248,0.0249,0.0298,0.0308,0.0291,0.0302,0.0112,0.0185,0.0186,0.0187,0.0186,0.0146,0.0037,-0.0058,0.109,0.474,0.2011,0.2822,0.1859,0.1771,-0.0169,0.1482,0.5207,0.2639,0.3536,0.252,0.2414,0.1167,0.4991,0.2362,0.321,0.215,0.2054,0.4409,0.1779,0.2468,0.1863,0.1657,0.6023,0.6719,0.5342,0.5217,0.0903,0.2131,0.188,0.2754,0.2459,0.006
Hmel201001o,9550001,9600000,9574999,49991,0.0184,0.0177,0.0181,0.0233,0.0054,0.0117,0.0097,0.0147,0.016,0.0181,0.0183,0.023,0.0288,0.02,0.0214,0.022,0.0224,0.0176,0.0225,0.0289,0.0201,0.0215,0.0234,0.0236,0.0223,0.0291,0.0207,0.022,0.0233,0.0237,0.0308,0.0248,0.026,0.0262,0.0262,0.0291,0.03,0.0285,0.0293,0.0123,0.0189,0.0193,0.019,0.0194,0.0155,0.0013,0.0025,0.0622,0.4313,0.1499,0.2184,0.1502,0.1399,-0.0098,0.0613,0.4445,0.1638,0.2332,0.1927,0.1768,0.0513,0.4412,0.1721,0.2393,0.1843,0.1733,0.4012,0.2032,0.2589,0.1827,0.1642,0.5602,0.6143,0.4956,0.4818,0.0748,0.1878,0.1735,0.2305,0.2143,0.0057
Hmel201001o,9575001,9625000,9600002,49985,0.0167,0.0165,0.0166,0.0213,0.0041,0.0099,0.0104,0.0138,0.0149,0.0164,0.0164,0.0217,0.0276,0.0203,0.0208,0.0222,0.0226,0.0161,0.0216,0.0281,0.0206,0.0211,0.023,0.0233,0.0213,0.0281,0.0211,0.0214,0.023,0.0236,0.0297,0.025,0.0253,0.0254,0.0256,0.0284,0.029,0.0277,0.0279,0.012,0.0176,0.0176,0.0177,0.0179,0.0142,-0.0073,-0.0067,0.0817,0.47,0.219,0.221,0.1952,0.1876,-0.014,0.081,0.4796,0.2294,0.2325,0.2151,0.2039,0.0739,0.4782,0.2392,0.2381,0.2155,0.2099,0.4368,0.2627,0.2578,0.2055,0.1905,0.6206,0.6147,0.5278,0.5081,0.0855,0.2051,0.1821,0.1978,0.1795,-0.0059
Hmel201001o,9600001,9650000,9625002,49994,0.0167,0.0172,0.0165,0.0202,0.0059,0.0098,0.0134,0.0166,0.0167,0.0168,0.0163,0.0215,0.0292,0.0209,0.0212,0.0257,0.0257,0.0166,0.0218,0.0303,0.0206,0.0214,0.0263,0.0266,0.021,0.0302,0.0215,0.022,0.0265,0.0267,0.031,0.0249,0.0251,0.0275,0.0276,0.0304,0.0304,0.0294,0.0297,0.0141,0.0213,0.0211,0.0213,0.0214,0.0164,-0.0063,-0.0102,0.0884,0.4575,0.2336,0.1801,0.2239,0.223,-0.0076,0.0874,0.4625,0.2177,0.1756,0.2269,0.2313,0.0809,0.4749,0.2537,0.2028,0.2425,0.2446,0.4377,0.2772,0.2188,0.2111,0.212,0.6034,0.5344,0.4617,0.4637,0.1029,0.2455,0.2385,0.1823,0.1843,-0.009
Hmel201001o,9625001,9675000,9649882,49756,0.0141,0.0142,0.0145,0.019,0.0058,0.0101,0.0123,0.0151,0.0152,0.0141,0.014,0.0187,0.028,0.0175,0.0181,0.024,0.0237,0.0143,0.019,0.0286,0.0173,0.0184,0.0248,0.0247,0.0185,0.0287,0.0178,0.0188,0.0246,0.0245,0.0295,0.0215,0.0219,0.0258,0.0256,0.0283,0.0286,0.0282,0.0284,0.0136,0.0198,0.0198,0.0205,0.0208,0.0151,-0.0013,-0.0132,0.0769,0.4903,0.1916,0.166,0.2555,0.2471,-0.0003,0.0831,0.4972,0.1833,0.1706,0.2696,0.2662,0.0665,0.4932,0.1924,0.1772,0.2627,0.2576,0.4377,0.2202,0.1888,0.2198,0.2152,0.5756,0.5351,0.4762,0.4766,0.1022,0.2342,0.2329,0.2096,0.2142,-0.002
Hmel201001o,9650001,9700000,9674978,49688,0.0144,0.013,0.0146,0.0207,0.0044,0.0119,0.0129,0.0142,0.0145,0.0138,0.0144,0.0195,0.0275,0.0176,0.0178,0.0237,0.0237,0.0138,0.0187,0.0276,0.0179,0.0182,0.0241,0.0244,0.0195,0.0279,0.0179,0.0181,0.0238,0.0242,0.0293,0.0222,0.0221,0.0261,0.0264,0.0272,0.0279,0.0273,0.0282,0.0138,0.0187,0.0187,0.0203,0.0205,0.0146,0.0038,-0.0041,0.0725,0.507,0.1518,0.1395,0.2587,0.2551,-0.0027,0.0751,0.5368,0.1896,0.1766,0.2913,0.292,0.0679,0.5083,0.1578,0.1439,0.2592,0.2608,0.4354,0.1805,0.16,0.2195,0.2194,0.5558,0.5432,0.5095,0.5154,0.0561,0.1875,0.1831,0.2113,0.2104,0.0115
Hmel201001o,9675001,9725000,9700008,49932,0.0172,0.0166,0.0168,0.0221,0.0044,0.0114,0.0114,0.0159,0.0154,0.0171,0.0173,0.0218,0.0278,0.0199,0.0204,0.0241,0.0244,0.0164,0.0207,0.0282,0.0212,0.0216,0.0249,0.0257,0.0211,0.0281,0.0211,0.0215,0.0246,0.0254,0.029,0.0249,0.0252,0.0267,0.0273,0.0276,0.029,0.0264,0.0277,0.0119,0.0205,0.0202,0.0219,0.0219,0.0161,0.0049,0.0098,0.0663,0.4561,0.1731,0.187,0.1948,0.2093,-0.0085,0.0485,0.4726,0.2154,0.2236,0.2216,0.245,0.0559,0.4685,0.2098,0.2191,0.2133,0.2361,0.4107,0.2251,0.2302,0.1865,0.2056,0.5704,0.5884,0.4602,0.4905,0.0214,0.2117,0.2147,0.2448,0.253,0.0166
Hmel201001o,9700001,9750000,9725000,50000,0.0175,0.0166,0.0151,0.0219,0.004,0.0123,0.0096,0.0156,0.0149,0.0171,0.017,0.0229,0.0308,0.02,0.0232,0.0262,0.026,0.0156,0.0229,0.0311,0.0204,0.0236,0.0274,0.0272,0.0231,0.0309,0.0203,0.0243,0.0276,0.0274,0.0319,0.0256,0.0269,0.0276,0.0277,0.031,0.0325,0.0301,0.0306,0.0144,0.0237,0.0229,0.0211,0.0205,0.0157,0.0029,0.0221,0.0878,0.4985,0.1537,0.2737,0.2376,0.2438,-0.0073,0.1025,0.5201,0.1811,0.3005,0.2739,0.2805,0.1308,0.5444,0.2066,0.3407,0.2995,0.3065,0.4564,0.2249,0.2909,0.2093,0.2212,0.6006,0.6688,0.5253,0.5435,0.1446,0.2729,0.2674,0.2637,0.2634,0.0136
Hmel201001o,9725001,9775000,9750000,50000,0.0166,0.0163,0.0156,0.023,0.0037,0.0164,0.0123,0.0154,0.0155,0.016,0.0165,0.0237,0.0339,0.0221,0.0254,0.0309,0.0309,0.0156,0.0239,0.0337,0.0212,0.0246,0.031,0.0309,0.0245,0.0342,0.0216,0.0258,0.0318,0.0317,0.0361,0.0268,0.0283,0.0323,0.0321,0.0346,0.0362,0.0361,0.0368,0.0202,0.0252,0.0244,0.0209,0.0207,0.0156,-0.0132,0.0138,0.1075,0.5563,0.1536,0.29,0.3317,0.3314,-0.0104,0.1163,0.559,0.1363,0.2784,0.3381,0.3348,0.14,0.5771,0.1596,0.3128,0.3605,0.3579,0.4927,0.1714,0.2583,0.2746,0.2699,0.5665,0.6535,0.5979,0.6028,0.1784,0.2385,0.22,0.213,0.2077,0.0051
Hmel201001o,9750001,9800000,9774997,49990,0.0137,0.0143,0.0146,0.0231,0.0047,0.0129,0.0087,0.0145,0.0149,0.0134,0.0143,0.0224,0.0311,0.0217,0.0217,0.0271,0.0275,0.0143,0.0224,0.0313,0.0213,0.0218,0.0266,0.0271,0.0224,0.0316,0.0213,0.0217,0.0268,0.0273,0.0337,0.027,0.0272,0.0315,0.0316,0.0315,0.033,0.0329,0.0337,0.0158,0.02,0.0194,0.0193,0.0197,0.0146,-0.0231,0.006,0.1238,0.5597,0.251,0.3326,0.3305,0.3311,-0.0039,0.1136,0.5507,0.2301,0.3228,0.3117,0.3137,0.1104,0.5483,0.2263,0.3159,0.3103,0.3136,0.4506,0.2257,0.2966,0.2749,0.2713,0.5784,0.6776,0.5649,0.5663,0.1981,0.1965,0.1751,0.2625,0.2651,-0.0028
Hmel201001o,9775001,9825000,9799996,49973,0.0105,0.0087,0.0093,0.0189,0.0036,0.0048,0.0026,0.0116,0.0115,0.0095,0.0099,0.0194,0.0267,0.02,0.0198,0.0215,0.0218,0.0092,0.0196,0.0271,0.0206,0.0211,0.022,0.0224,0.0193,0.0268,0.0202,0.0206,0.0217,0.0221,0.0288,0.0254,0.0254,0.026,0.0265,0.0278,0.0287,0.0275,0.028,0.0064,0.0132,0.0133,0.0138,0.0143,0.0115,-0.0062,-0.0009,0.1662,0.5973,0.4641,0.5203,0.3367,0.3454,0.0113,0.2065,0.6439,0.522,0.5932,0.383,0.3933,0.1865,0.627,0.4995,0.5685,0.3652,0.3768,0.4698,0.3986,0.4434,0.2829,0.2941,0.7495,0.8146,0.5819,0.5918,0.2839,0.2467,0.2528,0.336,0.3576,-0.0008
Hmel201001o,9800001,9850000,9825003,49983,0.0087,0.0077,0.0067,0.0156,0.0024,0.0024,0.0017,0.0083,0.0089,0.0083,0.0076,0.0161,0.0253,0.0187,0.0195,0.0178,0.0184,0.0075,0.0161,0.0256,0.0195,0.0204,0.0186,0.0193,0.0165,0.0256,0.0194,0.0205,0.0186,0.0193,0.0272,0.0222,0.0228,0.0213,0.0217,0.0259,0.0264,0.0251,0.0258,0.0026,0.0101,0.0107,0.0103,0.0109,0.0086,0.0059,-0.0073,0.1673,0.6531,0.5561,0.5946,0.367,0.3671,0.0231,0.1927,0.6847,0.6041,0.6428,0.4146,0.4146,0.2265,0.7102,0.6337,0.6739,0.4399,0.4399,0.5315,0.4591,0.4854,0.3055,0.3027,0.837,0.8628,0.6607,0.654,0.1283,0.3193,0.32,0.3583,0.3611,0.0006
Hmel201001o,9825001,9875000,9849800,49421,0.0119,0.0122,0.0101,0.0174,0.004,0.0056,0.0056,0.011,0.0126,0.012,0.011,0.0195,0.0289,0.0221,0.0226,0.0219,0.0226,0.0113,0.019,0.0292,0.0234,0.0238,0.0231,0.024,0.0195,0.0295,0.0236,0.0243,0.0234,0.0243,0.0296,0.0252,0.0254,0.0245,0.0247,0.0288,0.0297,0.028,0.0287,0.0062,0.0144,0.0148,0.0153,0.0158,0.0119,-0.0046,-0.0005,0.1613,0.5841,0.4467,0.4572,0.3254,0.309,0.0082,0.1438,0.5811,0.4646,0.4717,0.3453,0.3319,0.198,0.6296,0.5162,0.5282,0.3932,0.3771,0.4986,0.4046,0.4099,0.2877,0.2623,0.7267,0.7351,0.5921,0.5665,0.058,0.2809,0.2484,0.3106,0.2813,0.0018
Hmel201001o,9850001,9900000,9875089,49413,0.0174,0.0169,0.0151,0.0209,0.0045,0.0092,0.0101,0.0156,0.0161,0.0169,0.0163,0.0242,0.0326,0.0256,0.0262,0.0282,0.0287,0.0155,0.0236,0.0328,0.0263,0.0268,0.0296,0.0304,0.0233,0.0332,0.0264,0.0271,0.0296,0.0303,0.032,0.0289,0.0295,0.0305,0.0309,0.0328,0.0337,0.0317,0.0322,0.0104,0.0204,0.0204,0.0209,0.021,0.0162,-0.0068,0.0023,0.1299,0.5122,0.3307,0.3266,0.2748,0.2761,-0.0166,0.1237,0.5228,0.3509,0.3451,0.3048,0.3096,0.1468,0.559,0.3834,0.3802,0.3313,0.3339,0.4628,0.3434,0.3394,0.2684,0.2675,0.6677,0.6581,0.5337,0.5312,0.0402,0.2552,0.2468,0.2503,0.2446,0.0132
Hmel201001o,9875001,9925000,9899972,49837,0.0158,0.0166,0.016,0.0218,0.0038,0.0121,0.01,0.0165,0.0171,0.0161,0.0159,0.0225,0.0317,0.022,0.0243,0.0285,0.029,0.0159,0.0222,0.0324,0.0222,0.0247,0.0291,0.0299,0.0221,0.0327,0.022,0.0244,0.0292,0.0298,0.032,0.0265,0.0278,0.03,0.0307,0.0318,0.0333,0.0311,0.0316,0.0124,0.023,0.0232,0.0228,0.0232,0.0176,-0.0043,-0.0008,0.1071,0.5428,0.2345,0.3199,0.2897,0.2894,-0.0117,0.0893,0.5372,0.2259,0.3131,0.2885,0.2927,0.0975,0.5521,0.2331,0.319,0.2999,0.3004,0.4628,0.2471,0.3012,0.2385,0.2416,0.6157,0.6701,0.5244,0.5198,0.0632,0.2462,0.2412,0.2785,0.2756,0.0244
Hmel201001o,9900001,9950000,9925040,49821,0.0101,0.0122,0.0131,0.0193,0.0034,0.0083,0.0096,0.0138,0.0154,0.0111,0.0115,0.0182,0.0308,0.0227,0.0227,0.0267,0.0273,0.0124,0.0187,0.0316,0.0233,0.0234,0.0272,0.0277,0.0187,0.0316,0.023,0.0229,0.0274,0.0277,0.0307,0.0253,0.0249,0.0273,0.0276,0.0302,0.0319,0.03,0.0305,0.0122,0.0192,0.0186,0.0212,0.0212,0.0153,-0.0035,-0.0041,0.1361,0.6546,0.4372,0.411,0.3965,0.3777,-0.0089,0.109,0.6201,0.4049,0.382,0.3677,0.3507,0.0927,0.6022,0.3809,0.3542,0.356,0.3361,0.492,0.3235,0.2937,0.2632,0.2431,0.6895,0.6773,0.5697,0.5455,0.1625,0.2816,0.2332,0.3023,0.2713,0.0245
Hmel201001o,9925001,9975000,9950002,49958,0.0073,0.0079,0.0084,0.0169,0.0022,0.0036,0.0071,0.0091,0.0092,0.0077,0.008,0.0171,0.0294,0.0162,0.0147,0.017,0.0174,0.0079,0.0172,0.0297,0.0164,0.0147,0.0175,0.0178,0.0174,0.0297,0.0161,0.0144,0.0175,0.0176,0.0302,0.0219,0.0209,0.0227,0.0229,0.0286,0.029,0.0285,0.0288,0.0077,0.0112,0.0106,0.0132,0.013,0.0096,0.0064,0.0102,0.2055,0.7349,0.5098,0.3543,0.3635,0.3694,-0.018,0.1952,0.7241,0.4963,0.3386,0.3608,0.3643,0.1893,0.7116,0.4733,0.3137,0.3465,0.3474,0.5492,0.3998,0.3006,0.2974,0.2983,0.8256,0.7362,0.6837,0.6835,0.1878,0.2894,0.2552,0.2505,0.2377,0.0238
Hmel201001o,9950001,10000000,9975008,49982,0.0067,0.0072,0.0063,0.018,0.0018,0.0051,0.0048,0.0064,0.0063,0.0075,0.0072,0.0194,0.0238,0.0093,0.0105,0.0129,0.0132,0.0065,0.0187,0.0239,0.0099,0.0106,0.0134,0.0137,0.0191,0.0238,0.0094,0.0102,0.0135,0.0137,0.0273,0.0199,0.0196,0.0208,0.0211,0.0233,0.0238,0.0235,0.0238,0.0058,0.0097,0.0099,0.0101,0.0103,0.0066,0.0345,0.0544,0.2588,0.7099,0.2364,0.3032,0.3389,0.3538,-0.0228,0.2313,0.6966,0.245,0.2894,0.338,0.3516,0.2633,0.7244,0.2607,0.3106,0.3765,0.3866,0.5045,0.3075,0.3071,0.2976,0.3049,0.7565,0.7697,0.7164,0.7226,0.0821,0.2671,0.2815,0.2991,0.3148,0.0215
Hmel201001o,9975001,10025000,9999999,49996,0.0085,0.0112,0.008,0.021,0.0024,0.0081,0.0085,0.0097,0.0107,0.0103,0.0089,0.0242,0.0239,0.0178,0.0186,0.0225,0.0233,0.0096,0.0229,0.0242,0.0179,0.0186,0.0224,0.0233,0.0243,0.0241,0.018,0.0185,0.0234,0.0243,0.029,0.0235,0.0231,0.0243,0.0247,0.0242,0.0251,0.0242,0.0244,0.0101,0.015,0.0155,0.0165,0.017,0.01,0.023,0.036,0.2767,0.6424,0.3778,0.3863,0.4386,0.4308,0.0019,0.204,0.5768,0.3137,0.3219,0.378,0.3754,0.2874,0.6576,0.396,0.3964,0.4666,0.4588,0.463,0.2712,0.2556,0.2561,0.2475,0.6581,0.6563,0.6139,0.5918,0.1042,0.2678,0.2566,0.2996,0.2909,-0.0124
Hmel201001o,10000001,10050000,10024999,49988,0.0102,0.014,0.0106,0.0201,0.0032,0.0093,0.0093,0.0138,0.0155,0.0124,0.0106,0.0271,0.0295,0.0251,0.0245,0.0293,0.0301,0.0124,0.0252,0.0301,0.0262,0.0257,0.0299,0.0306,0.027,0.0302,0.0268,0.026,0.0307,0.0317,0.0331,0.0269,0.026,0.0274,0.0276,0.0305,0.0312,0.0306,0.0308,0.0113,0.019,0.0194,0.0213,0.0216,0.0144,0.0151,0.0103,0.3086,0.6443,0.4561,0.4473,0.4349,0.4177,0.0047,0.2118,0.572,0.4,0.3918,0.3805,0.3646,0.3009,0.6428,0.4739,0.4628,0.4473,0.4327,0.5103,0.3204,0.3072,0.2557,0.231,0.6733,0.6807,0.5811,0.55,0.1029,0.2563,0.2318,0.3123,0.2834,-0.0072
Hmel201001o,10025001,10075000,10050003,49992,0.0073,0.0099,0.0085,0.0179,0.0029,0.0054,0.005,0.0101,0.0114,0.0089,0.0083,0.0222,0.0302,0.0185,0.0193,0.0212,0.0218,0.009,0.0212,0.031,0.0197,0.0205,0.0223,0.0228,0.022,0.031,0.0196,0.0206,0.0221,0.0229,0.0318,0.0235,0.0234,0.0238,0.0238,0.0307,0.0311,0.0298,0.0303,0.0072,0.0144,0.0151,0.0146,0.0152,0.0106,0.0186,0.0226,0.3076,0.7239,0.5035,0.5324,0.4323,0.4156,-0.01,0.2351,0.6719,0.4552,0.4834,0.3961,0.3791,0.2789,0.7024,0.4908,0.5199,0.421,0.4083,0.537,0.3718,0.3782,0.2838,0.2608,0.7722,0.7853,0.6556,0.6339,0.1658,0.3128,0.2968,0.3311,0.3141,-0.0056
Hmel201001o,10050001,10100000,10075000,49998,0.005,0.0061,0.0057,0.0183,0.0021,0.002,0.0023,0.0067,0.0071,0.0057,0.0055,0.0199,0.0286,0.0181,0.0188,0.0189,0.0192,0.0057,0.0197,0.029,0.0178,0.0185,0.0189,0.0192,0.0198,0.0291,0.0177,0.0186,0.0188,0.0191,0.0311,0.0206,0.0208,0.0212,0.0213,0.0298,0.0302,0.0289,0.0294,0.0036,0.0091,0.0093,0.0085,0.0088,0.0068,0.0124,0.012,0.3025,0.7909,0.6894,0.6895,0.5436,0.5355,-0.0165,0.273,0.7657,0.6451,0.6474,0.5104,0.5042,0.2852,0.7758,0.658,0.6608,0.5199,0.5136,0.5366,0.3839,0.3819,0.2916,0.2863,0.8788,0.8726,0.7486,0.7417,0.2673,0.3658,0.356,0.3195,0.3138,-0.0133
Hmel201001o,10075001,10125000,10100001,49998,0.0079,0.0083,0.0079,0.0193,0.0034,0.0018,0.0019,0.0097,0.01,0.0082,0.0081,0.0197,0.0281,0.021,0.0213,0.0215,0.0216,0.008,0.0192,0.0288,0.0215,0.0218,0.0221,0.0223,0.0199,0.0285,0.0209,0.0212,0.0221,0.0223,0.031,0.0222,0.0225,0.0228,0.023,0.0291,0.0296,0.0288,0.0291,0.0021,0.0118,0.0114,0.012,0.0115,0.0096,0.0026,0.0093,0.2187,0.6793,0.6399,0.6388,0.4356,0.4277,-0.0062,0.1998,0.6779,0.6353,0.6349,0.4388,0.4331,0.2238,0.6846,0.6402,0.6395,0.4482,0.4431,0.4966,0.4027,0.4031,0.2523,0.2498,0.8463,0.8443,0.6464,0.6407,0.0593,0.3632,0.3328,0.3619,0.3312,-0.0144
Hmel201001o,10100001,10150000,10124975,49837,0.0113,0.0112,0.0119,0.0158,0.0046,0.0055,0.0063,0.0136,0.0127,0.0111,0.0116,0.0169,0.0265,0.0191,0.0201,0.0221,0.0226,0.0114,0.0162,0.0275,0.0199,0.021,0.0232,0.0238,0.0173,0.0272,0.0187,0.0196,0.0228,0.0233,0.028,0.0217,0.0222,0.0238,0.0242,0.0267,0.0276,0.0271,0.0273,0.0059,0.0174,0.0167,0.0177,0.0172,0.013,-0.0082,-0.001,0.1285,0.5529,0.4033,0.4064,0.2914,0.3197,-0.0079,0.1107,0.5696,0.4231,0.4296,0.3187,0.3468,0.1262,0.5502,0.3786,0.382,0.2966,0.3252,0.4921,0.3714,0.3655,0.2495,0.2743,0.6934,0.6838,0.5122,0.5351,-0.0028,0.3052,0.3083,0.2948,0.3038,-0.0064
Hmel201001o,10125001,10175000,10150056,49836,0.012,0.0121,0.0134,0.0149,0.0038,0.0085,0.0064,0.0123,0.011,0.012,0.0126,0.0168,0.0246,0.018,0.0198,0.0224,0.023,0.0126,0.0158,0.0249,0.0185,0.0205,0.0228,0.0234,0.0165,0.0247,0.017,0.0184,0.0219,0.0225,0.0255,0.0201,0.0209,0.0227,0.023,0.0239,0.0251,0.0246,0.0249,0.0077,0.0168,0.0159,0.0165,0.0158,0.0115,-0.0007,-0.0024,0.1253,0.529,0.2883,0.3822,0.3119,0.348,-0.0092,0.0907,0.5305,0.2978,0.3929,0.3157,0.3529,0.0855,0.4986,0.2265,0.3139,0.2736,0.3093,0.4912,0.2886,0.3541,0.2654,0.2961,0.605,0.675,0.5224,0.5564,0.0174,0.2466,0.2491,0.2908,0.3019,-0.0063
Hmel201001o,10150001,10200000,10174854,49555,0.0086,0.0101,0.0116,0.0173,0.0036,0.0049,0.0028,0.0101,0.0116,0.0096,0.0105,0.0181,0.0267,0.0195,0.021,0.0214,0.0214,0.0107,0.0171,0.0271,0.02,0.0216,0.0216,0.0218,0.0178,0.0266,0.0175,0.0187,0.0202,0.0206,0.0279,0.0222,0.023,0.0229,0.023,0.0248,0.0262,0.0247,0.0256,0.0044,0.0131,0.0137,0.013,0.0135,0.011,0.0156,0.019,0.1981,0.6442,0.5023,0.5889,0.4081,0.3762,-0.0051,0.1376,0.6132,0.472,0.5557,0.3776,0.3518,0.1253,0.5709,0.3739,0.4573,0.3127,0.293,0.4873,0.3692,0.4297,0.2744,0.2495,0.7208,0.7918,0.5805,0.5596,0.0621,0.2847,0.2606,0.3472,0.316,0.0093
Hmel201001o,10175001,10225000,10200072,48942,0.004,0.0055,0.0078,0.0172,0.0028,0.0017,0.0021,0.0066,0.0088,0.0049,0.0062,0.0177,0.0226,0.0171,0.018,0.0175,0.0176,0.0065,0.0173,0.023,0.0173,0.0183,0.0177,0.018,0.0174,0.0227,0.0148,0.0156,0.016,0.0166,0.0253,0.0187,0.0193,0.019,0.0189,0.021,0.0223,0.0211,0.0219,0.0021,0.0074,0.0089,0.0079,0.0094,0.008,0.0136,0.0252,0.2944,0.749,0.7268,0.7233,0.5503,0.4842,-0.0139,0.2503,0.7085,0.6727,0.6728,0.5086,0.4499,0.1984,0.6345,0.5298,0.5343,0.3944,0.3485,0.468,0.3782,0.3809,0.2666,0.2153,0.8161,0.8121,0.6492,0.5972,0.0495,0.294,0.2734,0.3018,0.2791,0.0201
Hmel201001o,10200001,10250000,10225281,49067,0.0044,0.0054,0.0078,0.0155,0.0022,0.0019,0.0021,0.0059,0.0069,0.0047,0.0061,0.0157,0.0222,0.018,0.0184,0.0179,0.0184,0.0063,0.0158,0.0222,0.018,0.0184,0.0181,0.0185,0.0161,0.0219,0.0158,0.016,0.0166,0.017,0.0243,0.0189,0.0192,0.0189,0.0188,0.0196,0.02,0.0202,0.0203,0.0021,0.0071,0.0077,0.0072,0.008,0.0061,-0.0227,0.003,0.268,0.7516,0.7147,0.7137,0.5688,0.5446,-0.0229,0.2436,0.7207,0.6777,0.6775,0.5409,0.5176,0.1932,0.6424,0.5469,0.5464,0.4314,0.4129,0.4989,0.4127,0.4135,0.3103,0.2844,0.8182,0.8163,0.6786,0.6474,0.0267,0.2996,0.2842,0.3022,0.2912,-0.0255
Hmel201001o,10225001,10275000,10250122,49637,0.0074,0.0083,0.0112,0.0164,0.0039,0.0018,0.0019,0.0108,0.0115,0.0078,0.0092,0.0152,0.0311,0.0227,0.0233,0.0222,0.0222,0.0094,0.0152,0.0311,0.0229,0.0236,0.0224,0.0224,0.0165,0.0304,0.0198,0.0202,0.0209,0.021,0.0314,0.0247,0.0252,0.0244,0.0243,0.0266,0.0269,0.0269,0.0273,0.002,0.0124,0.0128,0.0127,0.0133,0.0107,-0.0008,-0.0069,0.1558,0.7053,0.6758,0.6811,0.4338,0.4187,-0.02,0.1368,0.6866,0.6529,0.6595,0.4176,0.4031,0.1087,0.6175,0.5195,0.5266,0.3245,0.3125,0.5371,0.4941,0.5006,0.3043,0.2881,0.8146,0.8147,0.5853,0.575,0.0364,0.3378,0.33,0.3464,0.3442,-0.021
Hmel201001o,10250001,10300000,10275006,49950,0.0119,0.0135,0.0153,0.0201,0.0048,0.0014,0.0014,0.0127,0.0121,0.0127,0.0135,0.0222,0.0333,0.0231,0.024,0.0235,0.0233,0.0147,0.0225,0.0335,0.0234,0.0244,0.0235,0.0232,0.0226,0.0331,0.0214,0.0221,0.0231,0.0232,0.0323,0.028,0.0285,0.0281,0.0278,0.0304,0.0313,0.0307,0.0313,0.002,0.0129,0.0141,0.0134,0.0145,0.0124,-0.0007,-0.0034,0.1882,0.6145,0.5664,0.5822,0.3253,0.3326,0.011,0.1664,0.587,0.5315,0.5487,0.2953,0.3012,0.1382,0.5512,0.4541,0.4692,0.2575,0.2702,0.4749,0.483,0.4905,0.2852,0.2896,0.8243,0.8311,0.5729,0.5916,0.1773,0.3034,0.365,0.3236,0.382,-0.0024
Hmel201001o,10275001,10325000,10300002,49993,0.0104,0.0144,0.0162,0.0228,0.003,0.0013,0.0035,0.0084,0.008,0.0125,0.0144,0.0257,0.0247,0.0247,0.0261,0.0274,0.028,0.0157,0.0254,0.0252,0.0256,0.027,0.0279,0.0285,0.0246,0.0259,0.0231,0.0244,0.0268,0.0276,0.0286,0.0319,0.0327,0.0332,0.0336,0.0288,0.0301,0.0297,0.0306,0.0037,0.0124,0.0134,0.0117,0.0126,0.0083,0.0041,0.0414,0.247,0.5868,0.6312,0.5953,0.5048,0.5209,0.014,0.177,0.5014,0.5463,0.5176,0.4357,0.4522,0.1359,0.4746,0.4678,0.4414,0.3871,0.4063,0.4181,0.4903,0.4622,0.3912,0.4026,0.8676,0.8149,0.6919,0.7089,0.2287,0.4551,0.5018,0.3436,0.3902,0.0077
Hmel201001o,10300001,10350000,10324995,49972,0.0082,0.0115,0.0145,0.0196,0.0035,0.0028,0.0067,0.0087,0.0089,0.01,0.0124,0.0202,0.022,0.0254,0.0265,0.0281,0.0286,0.0129,0.0194,0.0229,0.0266,0.0276,0.0288,0.0294,0.0201,0.024,0.0234,0.0245,0.0269,0.0274,0.0273,0.0298,0.0303,0.0306,0.0311,0.028,0.0293,0.0282,0.029,0.007,0.0139,0.0139,0.0143,0.0144,0.0087,0.0072,0.0481,0.2199,0.5974,0.6602,0.5771,0.5547,0.5561,-0.003,0.136,0.524,0.5933,0.5208,0.4977,0.5012,0.0972,0.4698,0.4752,0.4101,0.4132,0.4171,0.4416,0.4874,0.4227,0.3941,0.3966,0.8088,0.717,0.6606,0.6629,0.1976,0.4311,0.4224,0.3133,0.3097,-0.0047
Hmel201001o,10325001,10375000,10349929,49719,0.0116,0.0119,0.0149,0.0176,0.0052,0.0082,0.0073,0.0125,0.013,0.0119,0.0135,0.018,0.028,0.0213,0.022,0.0241,0.0244,0.0135,0.0177,0.0288,0.0223,0.0232,0.0246,0.0249,0.0193,0.0295,0.0209,0.0211,0.024,0.0244,0.0293,0.0251,0.0253,0.0266,0.0268,0.0288,0.0304,0.029,0.0295,0.0102,0.0158,0.016,0.0183,0.0186,0.0124,0.0088,0.0108,0.1259,0.5543,0.3812,0.4146,0.3483,0.3435,0.0031,0.1117,0.5576,0.3938,0.4301,0.3503,0.3467,0.0965,0.5079,0.3018,0.3243,0.2862,0.2855,0.4678,0.3472,0.3694,0.2951,0.2902,0.6376,0.6739,0.5484,0.5436,0.1446,0.2194,0.2114,0.3116,0.308,-0.0148
Hmel201001o,10350001,10400000,10375046,49730,0.0131,0.0138,0.0157,0.0187,0.0051,0.0141,0.0084,0.0139,0.0145,0.0138,0.0147,0.0204,0.0277,0.0205,0.0219,0.025,0.0253,0.0146,0.0206,0.0285,0.0214,0.0229,0.0256,0.026,0.0211,0.0288,0.0212,0.0218,0.0257,0.0261,0.0285,0.0245,0.0255,0.0272,0.0276,0.0283,0.0294,0.0292,0.0295,0.0137,0.0186,0.0189,0.0203,0.0206,0.0139,0.0134,0.0105,0.1431,0.5222,0.2131,0.3542,0.3121,0.3074,-0.006,0.1371,0.52,0.2214,0.3618,0.3118,0.3086,0.1139,0.4864,0.1842,0.3011,0.2808,0.2792,0.444,0.2154,0.3344,0.2679,0.2655,0.5103,0.6422,0.5255,0.5176,0.1034,0.1489,0.1468,0.3026,0.297,-0.0131
Hmel201001o,10375001,10425000,10400005,49981,0.0143,0.0163,0.0171,0.0213,0.0044,0.014,0.0115,0.0152,0.0159,0.0154,0.016,0.0224,0.0265,0.0228,0.0247,0.0274,0.0279,0.0164,0.0234,0.0275,0.0236,0.0257,0.0283,0.0288,0.0229,0.0277,0.0238,0.0257,0.0284,0.0291,0.028,0.0269,0.0279,0.0288,0.0292,0.0273,0.0281,0.0276,0.028,0.0165,0.0201,0.0203,0.0206,0.0211,0.0154,0.0027,0.0096,0.1352,0.4958,0.2464,0.3285,0.3137,0.3112,-0.0109,0.1232,0.4694,0.2283,0.3114,0.2974,0.2948,0.1007,0.4571,0.2211,0.2988,0.2866,0.2891,0.4078,0.2281,0.286,0.2412,0.2385,0.5135,0.5766,0.4917,0.4832,0.1374,0.1674,0.1607,0.2256,0.2228,-0.007
Hmel201001o,10400001,10450000,10424965,49883,0.014,0.015,0.0149,0.0221,0.0075,0.0111,0.0112,0.0152,0.0156,0.0147,0.0148,0.0218,0.0266,0.0214,0.0233,0.0256,0.0259,0.0148,0.022,0.0276,0.0226,0.0249,0.0272,0.0275,0.0219,0.0278,0.0225,0.0247,0.0269,0.0275,0.0296,0.0263,0.0278,0.0284,0.0283,0.0263,0.0276,0.0263,0.0265,0.0149,0.0194,0.0195,0.0193,0.0197,0.0151,0.0061,0.011,0.1163,0.4402,0.2733,0.3111,0.285,0.2861,-0.0059,0.1064,0.4367,0.281,0.324,0.2985,0.2985,0.1058,0.4415,0.2795,0.3231,0.2953,0.2997,0.3673,0.256,0.28,0.2265,0.2208,0.494,0.5119,0.4126,0.4101,0.1543,0.2016,0.1979,0.1982,0.2032,-0.0091
Hmel201001o,10425001,10475000,10449988,49661,0.0138,0.0134,0.0119,0.0187,0.0079,0.011,0.008,0.0136,0.0132,0.0139,0.0135,0.0231,0.0252,0.0176,0.0229,0.024,0.0241,0.0125,0.0228,0.0261,0.0184,0.0237,0.025,0.0252,0.0238,0.0261,0.0178,0.0233,0.0248,0.025,0.0283,0.0261,0.0269,0.0263,0.0263,0.0248,0.0259,0.025,0.0253,0.0157,0.0192,0.0193,0.0154,0.0155,0.0128,0.0103,0.0245,0.1914,0.4139,0.1812,0.3702,0.2863,0.296,-0.0052,0.1928,0.4361,0.2112,0.3944,0.3117,0.3236,0.2388,0.4652,0.2266,0.4174,0.3346,0.3473,0.3883,0.2975,0.3656,0.2562,0.2644,0.4639,0.5471,0.4148,0.4291,0.2588,0.2285,0.2422,0.1839,0.1986,-0.0235
Hmel201001o,10450001,10500000,10475022,49636,0.0118,0.0115,0.0107,0.0208,0.0033,0.009,0.0047,0.0098,0.0096,0.0117,0.0117,0.0234,0.0237,0.0171,0.0228,0.0225,0.023,0.0109,0.0235,0.0242,0.0175,0.0231,0.0228,0.0234,0.0246,0.0243,0.017,0.0226,0.0227,0.0232,0.0279,0.0263,0.0263,0.0254,0.0257,0.0246,0.0253,0.0245,0.0248,0.0123,0.0151,0.0155,0.0105,0.0106,0.0092,0.0016,0.0203,0.2055,0.5315,0.254,0.483,0.366,0.3801,-0.0092,0.2121,0.5466,0.2718,0.4964,0.3795,0.3942,0.2467,0.567,0.2771,0.5073,0.392,0.4072,0.4338,0.3069,0.3851,0.2795,0.2882,0.6143,0.7383,0.5935,0.6032,0.2971,0.2457,0.2617,0.1929,0.2064,-0.0237
Hmel201001o,10475001,10525000,10500011,49860,0.011,0.0123,0.0117,0.0212,0.0029,0.0074,0.0044,0.0087,0.0094,0.0116,0.0116,0.0206,0.0246,0.0198,0.0224,0.0225,0.0226,0.0118,0.0206,0.0248,0.0205,0.0229,0.023,0.023,0.0212,0.0249,0.02,0.0221,0.0227,0.0228,0.0286,0.0252,0.026,0.0261,0.0259,0.0256,0.0265,0.0256,0.0253,0.0077,0.0124,0.0132,0.0107,0.0115,0.0091,-0.0031,0.0122,0.1542,0.5753,0.3835,0.5062,0.4065,0.394,-0.0088,0.1296,0.5467,0.3658,0.4827,0.3878,0.3743,0.1548,0.5619,0.3692,0.4823,0.3939,0.3814,0.4448,0.3127,0.3808,0.3041,0.2887,0.6786,0.7685,0.6432,0.6227,0.1421,0.2235,0.2327,0.2505,0.2611,0.0019
Hmel201001o,10500001,10550000,10524975,49419,0.0173,0.018,0.0163,0.0204,0.0053,0.0066,0.0045,0.0147,0.0158,0.0175,0.0175,0.0222,0.0285,0.0243,0.0258,0.0264,0.0261,0.017,0.0225,0.029,0.026,0.0274,0.0278,0.0276,0.0226,0.0288,0.0261,0.0273,0.0279,0.0278,0.0305,0.0283,0.0295,0.029,0.0287,0.0297,0.031,0.0297,0.0293,0.0068,0.0177,0.0178,0.0173,0.0176,0.0153,-0.0036,0.0205,0.0934,0.4492,0.3559,0.4222,0.2577,0.2358,-0.0064,0.089,0.4433,0.374,0.4351,0.2721,0.2531,0.1176,0.4698,0.4061,0.4641,0.2986,0.2797,0.4399,0.3873,0.4419,0.2643,0.2434,0.6817,0.7409,0.5118,0.4861,0.1106,0.2608,0.2407,0.3006,0.281,-0.0004
Hmel201001o,10525001,10575000,10549979,48311,0.021,0.0204,0.0182,0.0226,0.0079,0.0081,0.0081,0.0197,0.0196,0.0204,0.0202,0.024,0.0313,0.0264,0.0277,0.0282,0.0279,0.0194,0.0243,0.0316,0.0281,0.0297,0.0298,0.0294,0.0236,0.031,0.0286,0.0304,0.0301,0.0298,0.0325,0.0301,0.0312,0.0304,0.0302,0.0325,0.0334,0.0316,0.0317,0.0104,0.0227,0.0216,0.0227,0.0218,0.0197,-0.0075,0.0167,0.0551,0.3843,0.3036,0.3249,0.1703,0.1664,0.0004,0.0683,0.3968,0.3404,0.3652,0.2043,0.2005,0.0857,0.4228,0.3852,0.411,0.2377,0.235,0.3923,0.3578,0.3726,0.1904,0.1898,0.6205,0.6288,0.4071,0.4116,0.1317,0.2516,0.2315,0.2525,0.2352,0.0028
Hmel201001o,10550001,10600000,10575276,48890,0.0174,0.0184,0.0168,0.0208,0.0057,0.0074,0.0076,0.016,0.0159,0.0176,0.0171,0.0215,0.0303,0.0237,0.0253,0.0249,0.0249,0.0177,0.0218,0.0312,0.0248,0.0267,0.0263,0.0262,0.0212,0.0305,0.0245,0.0264,0.0259,0.026,0.0311,0.0274,0.0285,0.0278,0.0279,0.0297,0.0308,0.029,0.0296,0.0095,0.019,0.0186,0.0191,0.0189,0.0159,-0.0096,-0.0004,0.0713,0.4655,0.3261,0.3535,0.2073,0.2086,0.0027,0.0625,0.4585,0.3297,0.359,0.2187,0.2191,0.0727,0.4778,0.3526,0.3829,0.2362,0.2386,0.4351,0.3532,0.3669,0.2196,0.2234,0.654,0.6608,0.4718,0.4819,0.1253,0.2486,0.2394,0.2481,0.2448,-0.0015
Hmel201001o,10575001,10625000,10599961,49816,0.0177,0.0222,0.0195,0.0216,0.0034,0.0084,0.0037,0.0153,0.015,0.0193,0.0186,0.0235,0.033,0.0252,0.0276,0.0267,0.0274,0.0202,0.0239,0.0348,0.0276,0.0303,0.0291,0.0299,0.0228,0.0337,0.0269,0.0296,0.0284,0.0292,0.0328,0.029,0.0307,0.0295,0.0302,0.0321,0.0336,0.0318,0.0321,0.0073,0.0179,0.0184,0.0175,0.0181,0.0151,-0.0161,0.0006,0.1024,0.5331,0.3314,0.4577,0.249,0.2657,-0.0175,0.0443,0.479,0.3006,0.4166,0.2284,0.244,0.0607,0.5099,0.3313,0.4533,0.2534,0.2688,0.4825,0.3486,0.4528,0.2504,0.2646,0.7033,0.8191,0.5628,0.5699,0.0962,0.2143,0.2315,0.3122,0.3322,-0.0028
Hmel201001o,10600001,10650000,10625052,49816,0.0176,0.0211,0.0191,0.0219,0.0041,0.0121,0.0071,0.015,0.0147,0.0187,0.0185,0.0231,0.0299,0.0234,0.026,0.0271,0.0277,0.0193,0.0234,0.0314,0.0252,0.0286,0.0292,0.0297,0.0224,0.0306,0.0247,0.0282,0.0289,0.0292,0.0299,0.0268,0.0288,0.0285,0.029,0.0294,0.0307,0.0295,0.0297,0.0126,0.0199,0.0203,0.0196,0.0201,0.0154,-0.0198,0.0028,0.0905,0.4822,0.2352,0.3708,0.2602,0.2756,-0.0211,0.0455,0.4425,0.2183,0.3546,0.2465,0.2602,0.0523,0.466,0.2371,0.3809,0.2701,0.2797,0.4301,0.2513,0.364,0.2333,0.2456,0.5838,0.7048,0.5251,0.5347,0.1434,0.2011,0.2155,0.2921,0.3102,0.0172
Hmel201001o,10625001,10675000,10649989,49939,0.0167,0.017,0.0166,0.0223,0.0049,0.0131,0.008,0.0147,0.0149,0.0164,0.0167,0.0219,0.0279,0.0231,0.0249,0.0276,0.0274,0.0165,0.0224,0.0285,0.0239,0.0264,0.0287,0.0286,0.0225,0.0287,0.0234,0.0259,0.0289,0.0285,0.0298,0.0269,0.0288,0.0294,0.0293,0.0281,0.0291,0.0286,0.0286,0.015,0.0217,0.0212,0.0215,0.0218,0.0152,-0.0135,0.0022,0.0744,0.4596,0.2279,0.3526,0.289,0.2807,-0.0077,0.0815,0.4623,0.2389,0.3729,0.3029,0.2966,0.0904,0.4722,0.2363,0.3716,0.3124,0.3015,0.4097,0.2318,0.3436,0.249,0.2442,0.5303,0.6512,0.5064,0.5009,0.1818,0.2315,0.2136,0.3238,0.3242,0.0156
Hmel201001o,10650001,10700000,10675011,49909,0.0195,0.0188,0.0184,0.0237,0.0057,0.0173,0.0071,0.0158,0.0163,0.0192,0.0193,0.0245,0.0325,0.0258,0.0286,0.0302,0.0301,0.0182,0.0245,0.0326,0.0272,0.031,0.0322,0.032,0.025,0.0329,0.0272,0.0311,0.0327,0.0325,0.0345,0.0307,0.0335,0.0338,0.0337,0.0334,0.035,0.0338,0.0337,0.0169,0.0241,0.0237,0.0218,0.022,0.0165,0.0,0.0109,0.075,0.4581,0.1766,0.3796,0.2758,0.2676,-0.0117,0.0834,0.4694,0.2115,0.4249,0.3137,0.3047,0.1006,0.4803,0.2179,0.433,0.3262,0.3174,0.4359,0.2173,0.402,0.2824,0.2749,0.5039,0.7034,0.5327,0.5235,0.1685,0.1948,0.1785,0.3233,0.319,0.0148
Hmel201001o,10675001,10725000,10699984,49818,0.0196,0.0188,0.019,0.0233,0.0052,0.0174,0.0078,0.0156,0.0164,0.0195,0.0193,0.0255,0.0325,0.0253,0.0284,0.0301,0.03,0.0182,0.0246,0.0325,0.0266,0.0305,0.0319,0.0319,0.0253,0.0322,0.0263,0.0305,0.0319,0.0318,0.0335,0.0304,0.0333,0.0336,0.0335,0.0328,0.0346,0.0341,0.0342,0.0161,0.0223,0.0226,0.02,0.0206,0.0167,0.0082,-0.0013,0.0984,0.4625,0.1625,0.3634,0.2741,0.2624,-0.0189,0.0924,0.4764,0.2007,0.4096,0.314,0.303,0.1019,0.469,0.1918,0.4051,0.3106,0.2989,0.4368,0.2145,0.395,0.2868,0.2751,0.5029,0.6975,0.5478,0.5357,0.1286,0.1581,0.1515,0.2757,0.2733,0.023
Hmel201001o,10700001,10750000,10725052,49842,0.0173,0.0177,0.0178,0.0229,0.0044,0.0156,0.011,0.0157,0.0165,0.0175,0.0172,0.0246,0.0299,0.0237,0.0262,0.0289,0.0296,0.0171,0.0241,0.0298,0.0242,0.0269,0.0298,0.0308,0.0243,0.0302,0.024,0.0266,0.0298,0.0307,0.0315,0.0282,0.0306,0.0313,0.0318,0.0303,0.0323,0.0323,0.033,0.0164,0.0208,0.0217,0.0212,0.0227,0.0164,0.0006,-0.0086,0.1175,0.4847,0.1897,0.3129,0.2866,0.2865,-0.0191,0.1013,0.476,0.1943,0.3184,0.2953,0.2994,0.1048,0.4795,0.1887,0.3115,0.2944,0.2971,0.4322,0.2084,0.3159,0.2583,0.2526,0.5193,0.6317,0.5432,0.5349,0.1112,0.149,0.1575,0.2399,0.2583,0.0101
Hmel201001o,10725001,10775000,10750002,49961,0.0168,0.0176,0.018,0.021,0.004,0.014,0.0121,0.0153,0.0162,0.0175,0.0175,0.0238,0.0303,0.0242,0.0259,0.0279,0.029,0.0171,0.0232,0.0304,0.0248,0.0263,0.0285,0.0298,0.0229,0.0307,0.0251,0.0267,0.029,0.0303,0.0316,0.0273,0.0286,0.0292,0.0297,0.0303,0.0325,0.0311,0.0316,0.016,0.0202,0.0206,0.0218,0.0226,0.0161,0.0095,0.0042,0.1293,0.5057,0.2342,0.2985,0.2823,0.289,-0.0207,0.104,0.4914,0.2339,0.2923,0.2814,0.29,0.0903,0.488,0.2325,0.2928,0.2825,0.2919,0.466,0.2391,0.2924,0.2515,0.246,0.557,0.6183,0.541,0.5315,0.1093,0.1664,0.1634,0.239,0.2419,0.0118
Hmel201001o,10750001,10800000,10774961,49852,0.0164,0.0176,0.0181,0.0215,0.0045,0.0127,0.0103,0.0146,0.0156,0.0174,0.0175,0.0233,0.0303,0.0246,0.0255,0.0277,0.0281,0.0171,0.0226,0.0308,0.0252,0.0257,0.0278,0.0283,0.0225,0.0304,0.0247,0.0256,0.0278,0.0282,0.0316,0.0278,0.0287,0.0298,0.0299,0.0296,0.031,0.029,0.0292,0.0137,0.0199,0.0199,0.0212,0.0211,0.0154,0.0132,0.0078,0.1201,0.5046,0.2685,0.3275,0.2967,0.2876,-0.0214,0.0849,0.4888,0.2606,0.3102,0.2797,0.2735,0.0746,0.4741,0.2439,0.2996,0.2726,0.2648,0.451,0.2616,0.316,0.2655,0.2525,0.5647,0.6306,0.5209,0.5051,0.0945,0.1964,0.1784,0.2731,0.2521,0.0122
Hmel201001o,10775001,10825000,10799987,49830,0.0184,0.0192,0.0195,0.0235,0.0045,0.0127,0.0102,0.0134,0.0138,0.0184,0.0188,0.0242,0.0283,0.0236,0.0239,0.0266,0.027,0.019,0.0243,0.0292,0.0248,0.0249,0.0275,0.0279,0.024,0.0289,0.0233,0.0234,0.0265,0.0267,0.0309,0.0276,0.0287,0.0298,0.03,0.0283,0.0288,0.0273,0.028,0.0144,0.0196,0.0197,0.0203,0.0204,0.0138,-0.0116,-0.0032,0.0855,0.4401,0.2164,0.2641,0.2648,0.2651,-0.0094,0.0783,0.4396,0.2294,0.2705,0.2695,0.2705,0.0662,0.43,0.1931,0.2346,0.2459,0.2445,0.4141,0.2356,0.2907,0.2603,0.2578,0.5506,0.6096,0.5231,0.5246,0.1191,0.2114,0.2057,0.2773,0.2723,0.0098
Hmel201001o,10800001,10850000,10825010,49945,0.0191,0.0183,0.0195,0.0221,0.0038,0.012,0.0107,0.0142,0.0142,0.0182,0.0191,0.0232,0.0273,0.0209,0.0215,0.025,0.0255,0.0189,0.0227,0.0276,0.022,0.0228,0.0261,0.0267,0.023,0.0279,0.0216,0.0216,0.0252,0.0258,0.029,0.0247,0.0258,0.0272,0.0275,0.027,0.0277,0.0278,0.0283,0.0148,0.0194,0.0197,0.02,0.02,0.0143,-0.014,-0.0063,0.07,0.4254,0.1547,0.191,0.2114,0.2217,-0.0013,0.0702,0.4446,0.1931,0.2335,0.2438,0.2552,0.0589,0.4258,0.1643,0.1872,0.2093,0.2206,0.4218,0.212,0.2529,0.2222,0.2275,0.5633,0.6021,0.5276,0.5344,0.1392,0.2043,0.2122,0.2442,0.2462,0.0061
Hmel201001o,10825001,10875000,10849889,49646,0.0177,0.0177,0.018,0.0222,0.0053,0.0127,0.0134,0.0159,0.0166,0.0175,0.0181,0.022,0.0286,0.0188,0.0201,0.025,0.0252,0.018,0.0214,0.0286,0.0193,0.021,0.0257,0.0259,0.0219,0.0288,0.0201,0.0209,0.026,0.0262,0.0297,0.0234,0.0241,0.0272,0.0274,0.0281,0.0287,0.029,0.0292,0.0159,0.0214,0.0218,0.0218,0.0218,0.0159,-0.0046,0.0072,0.0612,0.4431,0.1117,0.1367,0.2066,0.1993,0.0069,0.0486,0.4427,0.1268,0.1587,0.2199,0.214,0.0557,0.4403,0.143,0.1504,0.2222,0.2161,0.402,0.1709,0.1758,0.1945,0.188,0.5299,0.5253,0.4793,0.4696,0.1024,0.2092,0.205,0.2052,0.1937,-0.0126
Hmel201001o,10850001,10900000,10875058,49618,0.0155,0.0153,0.0139,0.0222,0.0047,0.0098,0.0133,0.0136,0.014,0.0155,0.0151,0.0205,0.0272,0.0185,0.019,0.0235,0.0237,0.0152,0.0204,0.0273,0.0196,0.0201,0.0244,0.0244,0.0198,0.0266,0.019,0.0195,0.0244,0.0246,0.0285,0.0234,0.0236,0.0265,0.0266,0.0283,0.0289,0.0278,0.028,0.0132,0.0205,0.0213,0.0213,0.022,0.0137,0.0036,0.0124,0.0605,0.4744,0.1991,0.1449,0.2471,0.2449,0.0227,0.0637,0.4811,0.2309,0.1776,0.2687,0.2625,0.0708,0.4991,0.2448,0.1876,0.2933,0.2898,0.3979,0.2217,0.1676,0.2187,0.2142,0.6089,0.5411,0.5228,0.5163,0.0719,0.2872,0.2966,0.2377,0.2454,-0.0041
Hmel201001o,10875001,10925000,10900007,49971,0.0144,0.0136,0.0136,0.0197,0.003,0.008,0.0111,0.0121,0.012,0.0142,0.0143,0.0191,0.0253,0.0182,0.0186,0.0222,0.0226,0.014,0.0185,0.0255,0.0199,0.0202,0.0229,0.0234,0.0183,0.0252,0.0188,0.0193,0.0225,0.0232,0.0269,0.0233,0.0232,0.025,0.0252,0.0263,0.0268,0.0259,0.0265,0.0103,0.0182,0.0187,0.0181,0.0185,0.0122,0.0068,0.0113,0.0724,0.5034,0.2511,0.1962,0.2653,0.2764,0.0131,0.0727,0.523,0.3111,0.2529,0.2944,0.307,0.0658,0.5191,0.2832,0.2298,0.2842,0.3018,0.4426,0.2871,0.2282,0.2441,0.2503,0.6685,0.5993,0.5634,0.5736,0.0429,0.3034,0.3177,0.2318,0.2447,0.0062
Hmel201001o,10900001,10950000,10925000,49998,0.0159,0.0167,0.0176,0.0198,0.0048,0.0123,0.0109,0.0147,0.0147,0.0164,0.0172,0.02,0.0259,0.0183,0.0202,0.0232,0.0234,0.0171,0.0196,0.0259,0.0199,0.0218,0.0241,0.0244,0.0201,0.0264,0.0197,0.0211,0.0236,0.0242,0.027,0.0228,0.0239,0.0253,0.0253,0.0259,0.0265,0.0259,0.0262,0.0143,0.0196,0.0193,0.0184,0.0185,0.0145,0.0031,0.0148,0.0697,0.4444,0.1373,0.2135,0.2167,0.2205,-0.0015,0.046,0.4299,0.167,0.2365,0.2232,0.2291,0.0435,0.4205,0.1446,0.2039,0.1979,0.2098,0.4092,0.1978,0.244,0.2068,0.2073,0.5199,0.5585,0.4692,0.4722,0.1108,0.1951,0.1863,0.19,0.1921,-0.0069
Hmel201001o,10925001,10975000,10950001,49997,0.0162,0.0167,0.0169,0.0199,0.005,0.0126,0.0113,0.0145,0.0152,0.0165,0.0168,0.0198,0.0249,0.0173,0.0198,0.0218,0.022,0.0166,0.0198,0.025,0.0187,0.021,0.0229,0.023,0.0199,0.0254,0.0188,0.0206,0.0225,0.023,0.026,0.0216,0.0236,0.0242,0.0243,0.0246,0.0267,0.0253,0.0254,0.0161,0.0192,0.0194,0.0187,0.0193,0.0143,0.0027,0.0079,0.0601,0.4177,0.0991,0.19,0.1825,0.1768,-0.0053,0.0487,0.4095,0.1286,0.2109,0.1983,0.1917,0.0497,0.4127,0.129,0.1981,0.186,0.1878,0.3889,0.1658,0.2313,0.1865,0.1786,0.488,0.5473,0.4576,0.4462,0.1585,0.1814,0.176,0.1924,0.1964,-0.0192
Hmel201001o,10950001,11000000,10975001,49998,0.0181,0.0178,0.0174,0.0201,0.0049,0.0118,0.0128,0.0156,0.0156,0.0183,0.0183,0.0214,0.0263,0.0182,0.0208,0.0237,0.0239,0.0174,0.0208,0.0263,0.0207,0.0226,0.0247,0.0249,0.0208,0.0265,0.0206,0.0223,0.0245,0.0249,0.0266,0.0231,0.0246,0.0251,0.025,0.0255,0.027,0.0264,0.0266,0.0164,0.0204,0.0206,0.0198,0.0204,0.0151,0.0106,0.0171,0.0643,0.4075,0.1037,0.1556,0.1786,0.1816,-0.0059,0.0529,0.413,0.1751,0.2037,0.2031,0.208,0.0608,0.4226,0.1795,0.2032,0.2051,0.212,0.3953,0.2075,0.2209,0.185,0.1817,0.5221,0.5229,0.4574,0.4589,0.1514,0.2062,0.21,0.1747,0.188,-0.0179
Hmel201001o,10975001,11025000,10999685,49039,0.0184,0.0181,0.0181,0.0208,0.005,0.0127,0.0136,0.0151,0.0163,0.0186,0.0188,0.0223,0.0296,0.0182,0.0211,0.0267,0.0269,0.0182,0.0215,0.0294,0.0203,0.0228,0.0274,0.0278,0.022,0.0295,0.0204,0.0228,0.0277,0.0277,0.0287,0.023,0.0238,0.0266,0.0266,0.0289,0.0286,0.029,0.0291,0.0173,0.0235,0.0236,0.0217,0.0222,0.0159,0.0101,0.0164,0.074,0.4492,0.0846,0.147,0.2412,0.2278,0.001,0.058,0.4503,0.144,0.189,0.2558,0.246,0.0696,0.4516,0.1475,0.1891,0.2619,0.2462,0.4135,0.1824,0.1836,0.2124,0.193,0.5468,0.5254,0.4998,0.4788,0.1459,0.2676,0.2503,0.2139,0.2055,0.0067
Hmel201001o,11000001,11050000,11025144,48660,0.018,0.0178,0.0177,0.0226,0.0045,0.0125,0.0144,0.0156,0.0176,0.018,0.018,0.0226,0.0305,0.0199,0.0203,0.0272,0.0274,0.0178,0.0225,0.0304,0.0208,0.0207,0.0276,0.028,0.0223,0.0305,0.0205,0.0205,0.0283,0.0282,0.0312,0.0243,0.023,0.0279,0.0281,0.0306,0.0303,0.0297,0.0299,0.0186,0.0248,0.025,0.0241,0.0244,0.0168,0.0023,0.0029,0.0664,0.476,0.1387,0.1184,0.2484,0.2226,0.0013,0.0676,0.4799,0.1654,0.1324,0.2589,0.2364,0.0655,0.4824,0.1589,0.1271,0.2713,0.2419,0.43,0.1879,0.1305,0.2081,0.1814,0.58,0.5395,0.5109,0.4762,0.1674,0.2888,0.2594,0.2447,0.2177,0.0075
Hmel201001o,11025001,11075000,11050159,49611,0.0164,0.0167,0.0166,0.0219,0.0059,0.012,0.0122,0.0165,0.0164,0.0166,0.0166,0.0213,0.0283,0.0191,0.0199,0.0246,0.025,0.0165,0.0213,0.029,0.0196,0.0201,0.0251,0.0256,0.0211,0.0288,0.0192,0.0196,0.0253,0.0257,0.03,0.0239,0.0242,0.0266,0.0268,0.0286,0.0295,0.0278,0.0281,0.0171,0.0222,0.0224,0.0235,0.0239,0.0165,0.0007,0.0048,0.0692,0.4511,0.1552,0.1729,0.2082,0.2187,-0.0061,0.0644,0.4557,0.1641,0.1728,0.2129,0.2254,0.0612,0.4552,0.1544,0.1632,0.2198,0.2293,0.4016,0.1983,0.2016,0.1775,0.1831,0.5413,0.5477,0.4408,0.448,0.1809,0.2294,0.2367,0.254,0.2638,-0.0
Hmel201001o,11050001,11100000,11074960,49869,0.0145,0.0154,0.0158,0.0202,0.0053,0.0123,0.0082,0.0151,0.0144,0.0151,0.0157,0.0195,0.0268,0.0166,0.0198,0.0227,0.0231,0.0154,0.0192,0.0278,0.0172,0.021,0.0232,0.0237,0.0195,0.0276,0.0174,0.0211,0.0233,0.0237,0.0273,0.0214,0.0238,0.0242,0.0243,0.0267,0.0284,0.027,0.0279,0.0138,0.0192,0.0197,0.0195,0.0204,0.015,0.0052,0.0173,0.0751,0.4751,0.111,0.2837,0.2203,0.24,-0.0075,0.054,0.474,0.1165,0.2938,0.2189,0.2397,0.054,0.4623,0.1137,0.2859,0.2128,0.2317,0.3978,0.1617,0.2855,0.1738,0.186,0.5196,0.6292,0.4674,0.4928,0.1544,0.1777,0.201,0.2647,0.2993,0.0071
Hmel201001o,11075001,11125000,11100014,49866,0.0162,0.0159,0.0164,0.0187,0.0042,0.0129,0.0098,0.0159,0.0154,0.0163,0.0167,0.0191,0.027,0.0182,0.0193,0.0241,0.0244,0.0161,0.019,0.0274,0.0189,0.0201,0.0247,0.0251,0.0191,0.0274,0.0189,0.0203,0.0247,0.025,0.0265,0.0211,0.0219,0.0244,0.0242,0.0269,0.028,0.0274,0.0287,0.0132,0.0204,0.0208,0.0209,0.0218,0.0154,0.0085,0.0135,0.0554,0.467,0.1181,0.2052,0.2115,0.2245,-0.0028,0.0579,0.4789,0.1438,0.2315,0.2283,0.2427,0.0511,0.4694,0.1326,0.2254,0.2197,0.234,0.4308,0.1635,0.2401,0.1832,0.1863,0.5337,0.6139,0.4805,0.5066,0.081,0.1816,0.2007,0.2505,0.2801,-0.0062
Hmel201001o,11100001,11150000,11125002,49988,0.0128,0.0123,0.0121,0.0168,0.0032,0.0123,0.012,0.0133,0.0137,0.0123,0.0127,0.0174,0.0286,0.0146,0.0156,0.0206,0.0211,0.0122,0.0175,0.0287,0.0148,0.0155,0.0206,0.0212,0.0178,0.0291,0.015,0.016,0.0209,0.0215,0.0285,0.0185,0.0187,0.022,0.0222,0.0281,0.0283,0.0281,0.0292,0.013,0.018,0.0183,0.019,0.0198,0.0131,-0.0085,0.013,0.0971,0.5784,0.0812,0.124,0.2368,0.2407,0.0002,0.1104,0.5902,0.0964,0.1291,0.2461,0.2506,0.1234,0.5989,0.1102,0.1511,0.2567,0.2629,0.51,0.1372,0.1493,0.2029,0.1992,0.5837,0.593,0.5618,0.5661,0.0363,0.1773,0.1785,0.212,0.2251,-0.0144
Hmel201001o,11125001,11175000,11149622,48666,0.0124,0.0124,0.0122,0.0197,0.0038,0.0137,0.0123,0.0152,0.0153,0.0122,0.0127,0.0209,0.0314,0.0158,0.0179,0.0224,0.0224,0.0125,0.0208,0.0321,0.017,0.0191,0.0229,0.0229,0.0211,0.0325,0.0177,0.0199,0.0238,0.0239,0.032,0.0224,0.0224,0.0262,0.0264,0.0302,0.0306,0.0308,0.0308,0.0145,0.0187,0.0185,0.0194,0.0196,0.0149,-0.01,0.017,0.1551,0.6056,0.1018,0.1944,0.2498,0.2477,0.0082,0.1526,0.6124,0.1391,0.2252,0.261,0.2583,0.1655,0.621,0.166,0.2523,0.2839,0.2828,0.4947,0.1665,0.1916,0.2168,0.2195,0.5666,0.599,0.5444,0.5425,0.0588,0.1366,0.1303,0.1792,0.1831,-0.0106
Hmel201001o,11150001,11200000,11175303,48642,0.0177,0.017,0.0175,0.0214,0.0066,0.0148,0.0157,0.0184,0.0183,0.0173,0.0174,0.0242,0.0331,0.0218,0.0224,0.0274,0.0275,0.0173,0.0239,0.0342,0.0228,0.0235,0.0286,0.0288,0.0235,0.0341,0.0235,0.0241,0.0291,0.0292,0.0333,0.0269,0.0264,0.0302,0.0303,0.0321,0.0326,0.0321,0.0316,0.0169,0.0229,0.0227,0.0235,0.0237,0.0181,-0.0009,-0.006,0.1188,0.4798,0.154,0.1541,0.2166,0.2212,0.0009,0.124,0.5038,0.1866,0.188,0.2472,0.2524,0.1083,0.4952,0.1946,0.1948,0.249,0.2534,0.4381,0.2142,0.193,0.2184,0.2217,0.5158,0.5062,0.4561,0.4523,0.0537,0.1683,0.1662,0.1678,0.1741,-0.007
Hmel201001o,11175001,11225000,11200006,49961,0.0131,0.0138,0.0135,0.0218,0.0051,0.0102,0.0161,0.0128,0.0125,0.0133,0.0133,0.0248,0.0299,0.0227,0.0202,0.026,0.0267,0.0135,0.0246,0.0305,0.0231,0.0207,0.0265,0.0273,0.0246,0.0303,0.0231,0.0208,0.0263,0.0268,0.0321,0.0247,0.0248,0.025,0.0251,0.0297,0.0299,0.0297,0.0298,0.0138,0.0191,0.0197,0.0208,0.0215,0.0122,-0.0075,-0.0005,0.1987,0.5488,0.3355,0.1679,0.3494,0.3662,-0.007,0.1844,0.5441,0.3308,0.1689,0.3468,0.3647,0.1878,0.5469,0.3365,0.1762,0.3482,0.3627,0.4428,0.2468,0.1504,0.2086,0.215,0.6067,0.4924,0.5538,0.562,0.0242,0.2629,0.2825,0.1903,0.2108,-0.0177
Hmel201001o,11200001,11250000,11224928,49214,0.0132,0.0144,0.0147,0.0242,0.0039,0.0102,0.0152,0.0137,0.012,0.0144,0.0145,0.0284,0.0308,0.022,0.0193,0.0287,0.0292,0.0144,0.0286,0.0314,0.0239,0.0206,0.0293,0.0297,0.0281,0.0311,0.0237,0.0206,0.0293,0.0294,0.0347,0.0282,0.0282,0.0287,0.0288,0.0307,0.0313,0.031,0.0307,0.0136,0.0222,0.0227,0.0246,0.0252,0.0126,0.0231,0.0217,0.2338,0.5818,0.3204,0.1615,0.3758,0.4123,-0.0049,0.219,0.5655,0.3345,0.1716,0.3659,0.4004,0.206,0.5564,0.325,0.1665,0.3611,0.3911,0.4603,0.2759,0.1999,0.2309,0.2571,0.6425,0.5484,0.5736,0.6052,0.0342,0.3128,0.3581,0.2711,0.3131,-0.0113
Hmel201001o,11225001,11275000,11250297,49165,0.0193,0.0198,0.0207,0.0258,0.0058,0.0154,0.0166,0.0182,0.0182,0.0205,0.0206,0.0271,0.0337,0.0226,0.0221,0.0309,0.0313,0.0202,0.0278,0.0342,0.0246,0.0235,0.0317,0.032,0.0271,0.0337,0.0247,0.0235,0.0316,0.0318,0.0364,0.0307,0.0299,0.0338,0.0341,0.0335,0.0343,0.0328,0.0331,0.0194,0.0254,0.0258,0.0281,0.0285,0.0179,0.0258,0.0166,0.11,0.4726,0.1387,0.1099,0.2568,0.2629,-0.0018,0.1146,0.4701,0.1752,0.1333,0.2618,0.2671,0.091,0.451,0.165,0.1217,0.2504,0.2531,0.4289,0.2221,0.1928,0.2305,0.2341,0.5351,0.523,0.4796,0.4824,0.1029,0.2147,0.2218,0.247,0.2526,-0.0104
Hmel201001o,11250001,11300000,11275011,49928,0.0181,0.0198,0.0202,0.025,0.0064,0.0191,0.0176,0.0185,0.0199,0.0193,0.0194,0.0244,0.0324,0.0246,0.0245,0.0301,0.0306,0.0198,0.0246,0.0326,0.025,0.0247,0.0296,0.0303,0.0249,0.0324,0.0253,0.0249,0.0299,0.0306,0.0341,0.0287,0.028,0.0316,0.0319,0.0324,0.0328,0.0319,0.0326,0.0217,0.024,0.0244,0.026,0.0263,0.0188,0.0096,0.0074,0.0811,0.4687,0.1461,0.167,0.2564,0.2469,-0.0065,0.0601,0.4426,0.1314,0.1459,0.226,0.2189,0.0617,0.4337,0.1326,0.146,0.2261,0.2196,0.405,0.1473,0.1569,0.2026,0.1898,0.4513,0.4811,0.455,0.4425,0.0878,0.1281,0.1194,0.1913,0.1783,-0.0098
Hmel201001o,11275001,11325000,11299999,49948,0.0146,0.0158,0.0158,0.0219,0.0053,0.0171,0.013,0.0162,0.0168,0.0156,0.0154,0.021,0.0313,0.0213,0.0209,0.0253,0.0261,0.0156,0.0209,0.0314,0.021,0.0204,0.0249,0.0256,0.021,0.0315,0.0216,0.0208,0.0255,0.0264,0.0325,0.025,0.0246,0.0275,0.0279,0.0305,0.031,0.0305,0.0307,0.0165,0.0215,0.0219,0.0226,0.0231,0.0166,0.0107,0.0046,0.0916,0.5323,0.1556,0.2138,0.2536,0.2599,-0.0091,0.0696,0.5115,0.1294,0.1806,0.2266,0.232,0.0725,0.5133,0.1428,0.1911,0.2392,0.2469,0.4424,0.1396,0.195,0.1986,0.1975,0.4789,0.5601,0.4934,0.4858,0.0507,0.1335,0.1343,0.2255,0.2274,0.0008
Hmel201001o,11300001,11350000,11325013,49940,0.0101,0.0093,0.0095,0.0189,0.0038,0.0087,0.006,0.0108,0.0112,0.0099,0.01,0.0168,0.0325,0.018,0.0174,0.019,0.0193,0.0093,0.0165,0.0328,0.0185,0.018,0.0197,0.02,0.0164,0.0327,0.0185,0.018,0.0199,0.0202,0.0332,0.0229,0.0228,0.0235,0.0237,0.0315,0.0323,0.0311,0.0313,0.0084,0.0138,0.0144,0.0148,0.0152,0.011,0.0123,0.0125,0.1054,0.662,0.3274,0.3847,0.3049,0.3024,-0.0021,0.1126,0.6808,0.3606,0.4209,0.3407,0.3349,0.1054,0.6759,0.3556,0.4133,0.3394,0.3358,0.5197,0.2781,0.3302,0.2525,0.247,0.6813,0.7483,0.6348,0.6275,0.0686,0.1827,0.1897,0.29,0.29,0.0
Hmel201001o,11325001,11375000,11349998,49976,0.0069,0.0061,0.0074,0.0188,0.0021,0.0066,0.0034,0.0088,0.0088,0.0067,0.0075,0.0168,0.0368,0.0155,0.0163,0.0165,0.0165,0.0066,0.016,0.0371,0.0163,0.0172,0.017,0.017,0.0158,0.0368,0.0162,0.0171,0.0168,0.0167,0.0373,0.0217,0.0221,0.0215,0.0215,0.0356,0.0358,0.0354,0.0355,0.0053,0.0102,0.0108,0.01,0.0107,0.0085,0.0115,0.0236,0.1734,0.793,0.4088,0.5373,0.3693,0.371,-0.011,0.1682,0.8109,0.4542,0.5827,0.4055,0.4059,0.133,0.7831,0.4121,0.5367,0.3641,0.3633,0.589,0.2977,0.3739,0.2495,0.2489,0.7945,0.8668,0.7467,0.7477,0.0394,0.149,0.1793,0.2578,0.2878,-0.0145
Hmel201001o,11350001,11400000,11374998,49974,0.006,0.0079,0.0091,0.0195,0.0021,0.0078,0.0032,0.0103,0.0096,0.0075,0.0078,0.018,0.0384,0.0118,0.0116,0.0171,0.0173,0.0084,0.0166,0.0388,0.0123,0.0124,0.0169,0.017,0.0174,0.0386,0.0127,0.0128,0.0166,0.0168,0.0396,0.0193,0.0192,0.0217,0.0218,0.037,0.0371,0.0376,0.0375,0.0059,0.0125,0.0129,0.0129,0.0135,0.0095,0.0404,0.0158,0.2136,0.8188,0.2751,0.4451,0.3668,0.3917,-0.0095,0.1383,0.7842,0.2351,0.3976,0.313,0.3359,0.1325,0.7585,0.2096,0.3631,0.2734,0.2977,0.5984,0.21,0.3058,0.2144,0.2302,0.7763,0.8746,0.7298,0.7433,0.0366,0.1676,0.2039,0.3239,0.3721,-0.0255
Hmel201001o,11375001,11425000,11400007,49982,0.0134,0.0136,0.0159,0.0226,0.0037,0.0115,0.008,0.016,0.0151,0.0142,0.0144,0.0232,0.0383,0.0194,0.0181,0.0259,0.026,0.0147,0.0221,0.0386,0.0204,0.0197,0.0261,0.0264,0.0232,0.0387,0.0211,0.0203,0.0265,0.0266,0.0396,0.026,0.0257,0.0292,0.029,0.0381,0.0386,0.0386,0.0387,0.0107,0.0197,0.0199,0.0213,0.0215,0.0155,0.0282,-0.0107,0.1523,0.6496,0.2293,0.2695,0.2896,0.3053,-0.0033,0.1245,0.6484,0.2491,0.306,0.2883,0.3097,0.1106,0.6103,0.2219,0.2722,0.2593,0.2751,0.5295,0.2363,0.2897,0.2219,0.2324,0.6801,0.7494,0.6077,0.6233,0.0473,0.1876,0.2084,0.2939,0.3162,-0.0039
Hmel201001o,11400001,11450000,11425000,50000,0.0191,0.0183,0.0208,0.0286,0.0064,0.0194,0.0155,0.0207,0.019,0.0191,0.0195,0.0301,0.0371,0.027,0.0275,0.0363,0.0371,0.0196,0.0295,0.0371,0.0289,0.0292,0.0357,0.037,0.0299,0.0374,0.0295,0.0301,0.0368,0.0376,0.0386,0.0342,0.0344,0.0376,0.0378,0.0376,0.0384,0.0392,0.0403,0.0206,0.0289,0.0288,0.0308,0.0316,0.0208,0.0111,-0.0139,0.138,0.5051,0.1762,0.2387,0.3046,0.3362,0.0016,0.1377,0.5165,0.22,0.2789,0.3065,0.3434,0.1137,0.4827,0.1984,0.2598,0.2925,0.322,0.4134,0.1963,0.2471,0.2263,0.249,0.505,0.5729,0.5032,0.5377,0.0872,0.1898,0.2106,0.2721,0.3074,0.0242
Hmel201001o,11425001,11475000,11449774,49492,0.0178,0.0185,0.0191,0.0281,0.006,0.0216,0.0171,0.0203,0.0185,0.0186,0.0184,0.03,0.0354,0.0244,0.025,0.036,0.0369,0.0189,0.0297,0.0352,0.0262,0.0257,0.0351,0.0363,0.0308,0.0358,0.0263,0.0268,0.0363,0.0372,0.0375,0.0336,0.0335,0.038,0.0388,0.0357,0.0364,0.0378,0.0388,0.0226,0.0296,0.0293,0.0313,0.0321,0.0205,0.0133,-0.0018,0.1568,0.5127,0.1131,0.1866,0.3219,0.3551,0.0042,0.1432,0.4998,0.1415,0.1914,0.3017,0.3385,0.1522,0.4976,0.1354,0.2042,0.3103,0.343,0.4113,0.1655,0.2178,0.24,0.2692,0.4585,0.5339,0.4999,0.5361,0.0807,0.1808,0.1967,0.2638,0.2991,0.0281
Hmel201001o,11450001,11500000,11475008,49423,0.0174,0.018,0.0185,0.0251,0.0038,0.0191,0.0157,0.0198,0.0185,0.0185,0.0183,0.0275,0.0366,0.0244,0.0253,0.0329,0.0328,0.0183,0.0272,0.0368,0.0254,0.026,0.0334,0.0337,0.028,0.0371,0.0254,0.0263,0.0338,0.0341,0.0375,0.0312,0.0324,0.0354,0.0352,0.036,0.0369,0.0367,0.0372,0.0204,0.0257,0.0251,0.0266,0.0266,0.0199,0.022,0.0089,0.1476,0.5661,0.1528,0.2184,0.2905,0.3059,0.0016,0.1334,0.558,0.1645,0.2238,0.29,0.3098,0.1418,0.5537,0.1568,0.2214,0.2903,0.3095,0.479,0.188,0.2492,0.2408,0.253,0.534,0.5967,0.5306,0.5544,0.0829,0.1475,0.1509,0.2101,0.2281,0.0193
Hmel201001o,11475001,11525000,11500013,49931,0.012,0.0128,0.0138,0.0219,0.0024,0.0153,0.0081,0.0144,0.014,0.0129,0.013,0.0209,0.0316,0.0238,0.027,0.0291,0.0297,0.0131,0.0207,0.0324,0.0241,0.0276,0.0295,0.0301,0.0208,0.0321,0.0243,0.0275,0.0295,0.0303,0.0322,0.0271,0.0297,0.0309,0.0308,0.0308,0.0316,0.031,0.032,0.0147,0.0199,0.0187,0.0187,0.0175,0.0149,0.0217,0.0069,0.1342,0.6456,0.286,0.4743,0.3913,0.4068,-0.006,0.1145,0.6366,0.2772,0.4671,0.3839,0.4001,0.1016,0.6137,0.2635,0.4474,0.3679,0.3869,0.4887,0.206,0.3603,0.2797,0.2856,0.5705,0.7294,0.5893,0.6082,0.1218,0.153,0.128,0.2599,0.2381,0.0243
Hmel201001o,11500001,11550000,11524996,49986,0.0083,0.0099,0.0095,0.0202,0.0027,0.0116,0.003,0.0127,0.0125,0.0093,0.0089,0.0182,0.0274,0.0236,0.0255,0.026,0.0263,0.0095,0.0185,0.0277,0.0231,0.0248,0.0258,0.0263,0.0179,0.0275,0.0234,0.0256,0.0259,0.0264,0.0288,0.0261,0.0274,0.0283,0.0284,0.026,0.0264,0.0262,0.0264,0.0098,0.0167,0.0154,0.0153,0.0135,0.013,0.0142,0.0021,0.1621,0.6818,0.4231,0.6523,0.4405,0.4499,-0.0125,0.1361,0.6445,0.3795,0.6015,0.4054,0.4164,0.1287,0.6519,0.3929,0.6212,0.4144,0.426,0.468,0.2671,0.4414,0.2868,0.291,0.5838,0.8146,0.5618,0.5681,0.1537,0.1639,0.1265,0.333,0.2824,0.0132
Hmel201001o,11525001,11575000,11549411,48642,0.0086,0.0105,0.0103,0.02,0.0038,0.0097,0.0061,0.014,0.0143,0.0101,0.0094,0.0186,0.0286,0.0221,0.0198,0.0249,0.0253,0.0102,0.0193,0.0285,0.0225,0.0199,0.0252,0.0257,0.0185,0.0287,0.0224,0.0205,0.0252,0.0256,0.03,0.0253,0.0248,0.0278,0.0276,0.0275,0.0277,0.0278,0.0274,0.0127,0.0172,0.0173,0.0195,0.0194,0.0145,0.0302,-0.0001,0.1692,0.6597,0.4314,0.4756,0.3926,0.3934,-0.0111,0.1488,0.6155,0.397,0.4279,0.3625,0.3647,0.1321,0.6206,0.3969,0.4428,0.3632,0.3658,0.4659,0.2896,0.3463,0.2602,0.2537,0.6212,0.7105,0.5314,0.5206,0.2458,0.1933,0.1922,0.3351,0.3245,0.0152
Hmel201001o,11550001,11600000,11575098,48648,0.0078,0.0066,0.0075,0.0188,0.0025,0.0058,0.0053,0.0094,0.0104,0.0078,0.0078,0.0172,0.0237,0.0133,0.0117,0.021,0.0212,0.007,0.0178,0.0238,0.0142,0.0127,0.0218,0.0219,0.0174,0.0239,0.0139,0.0125,0.0216,0.0218,0.0265,0.0204,0.02,0.0246,0.0244,0.0237,0.0239,0.023,0.0229,0.0093,0.0169,0.0172,0.0191,0.0191,0.0109,0.045,0.0081,0.1671,0.6577,0.3381,0.2976,0.4367,0.4145,-0.0101,0.2065,0.6908,0.4084,0.3741,0.4788,0.455,0.1772,0.6669,0.3688,0.3349,0.4532,0.4308,0.462,0.2867,0.289,0.2998,0.2749,0.716,0.7316,0.6052,0.5738,0.269,0.3965,0.3738,0.4614,0.4314,0.05
Hmel201001o,11575001,11625000,11600003,49992,0.0073,0.0053,0.0057,0.0188,0.0015,0.002,0.0016,0.0048,0.0074,0.0075,0.008,0.0177,0.0179,0.009,0.0087,0.0168,0.0165,0.0056,0.0171,0.0179,0.0111,0.0104,0.0179,0.0176,0.0164,0.0179,0.0115,0.0109,0.0178,0.0176,0.0229,0.0197,0.0197,0.0224,0.0223,0.0176,0.0178,0.0168,0.0166,0.0037,0.014,0.014,0.0143,0.0143,0.0077,0.0943,0.1116,0.1928,0.6239,0.3349,0.3403,0.4861,0.4016,0.0074,0.2197,0.6976,0.5188,0.5178,0.5738,0.4875,0.192,0.6809,0.5115,0.5123,0.5575,0.4738,0.4296,0.3563,0.3676,0.3481,0.2952,0.8288,0.8489,0.6978,0.5965,0.3495,0.6211,0.5134,0.6447,0.5363,0.1203
Hmel201001o,11600001,11650000,11625000,50000,0.0111,0.0055,0.0072,0.0194,0.0021,0.0035,0.0072,0.0036,0.0083,0.0099,0.011,0.0227,0.0192,0.0137,0.0136,0.0171,0.0176,0.0067,0.0207,0.02,0.016,0.0162,0.0179,0.0185,0.0205,0.0199,0.0171,0.0168,0.0184,0.0191,0.0257,0.0239,0.0253,0.0231,0.0239,0.0205,0.0178,0.0196,0.0199,0.0094,0.0101,0.0113,0.0145,0.0153,0.0082,0.0937,0.0943,0.2222,0.5043,0.3187,0.2057,0.4138,0.3037,0.0296,0.2915,0.6975,0.5801,0.4533,0.6123,0.4749,0.2496,0.6371,0.5406,0.4151,0.5615,0.4381,0.4504,0.3931,0.3442,0.3765,0.2985,0.7743,0.6028,0.7591,0.6034,0.2892,0.4974,0.3309,0.4724,0.3419,0.1691
Hmel201001o,11625001,11675000,11650000,49999,0.0112,0.0044,0.0057,0.0181,0.0023,0.0095,0.0097,0.0068,0.0094,0.0087,0.0091,0.0287,0.0222,0.0175,0.0182,0.0229,0.0233,0.0053,0.0281,0.0229,0.0194,0.0193,0.0238,0.0242,0.0286,0.0227,0.02,0.0193,0.0244,0.0249,0.0314,0.0248,0.0309,0.0219,0.0225,0.0267,0.0167,0.0276,0.0278,0.021,0.0128,0.0136,0.0247,0.025,0.0095,0.056,0.0346,0.3445,0.5481,0.2685,0.2827,0.4521,0.4017,0.018,0.4592,0.7557,0.4866,0.4818,0.6355,0.573,0.44,0.7115,0.4637,0.446,0.6079,0.55,0.5388,0.3093,0.403,0.3094,0.2694,0.6516,0.4889,0.7305,0.6664,0.3885,0.2353,0.1886,0.5181,0.4651,0.0889
Hmel201001o,11650001,11700000,11674725,49248,0.0075,0.0035,0.0044,0.0198,0.0016,0.0092,0.0025,0.0088,0.01,0.006,0.0063,0.0261,0.0251,0.0172,0.0173,0.0221,0.0221,0.0038,0.0274,0.0252,0.0197,0.0188,0.0241,0.024,0.0275,0.0248,0.0196,0.0187,0.0241,0.024,0.0335,0.0237,0.0287,0.0216,0.0219,0.0274,0.0203,0.0291,0.029,0.0154,0.0134,0.0139,0.0216,0.022,0.0098,0.0491,0.0323,0.3442,0.7081,0.3614,0.5657,0.4773,0.4483,-0.0117,0.4399,0.8274,0.5312,0.7359,0.6087,0.5764,0.4243,0.7976,0.5042,0.7015,0.5862,0.5545,0.5474,0.2719,0.4751,0.2361,0.2186,0.6874,0.826,0.7112,0.6816,0.4661,0.2071,0.1919,0.5999,0.5716,0.0196
Hmel201001o,11675001,11725000,11699891,47321,0.0065,0.0036,0.0068,0.021,0.0016,0.0055,0.0013,0.0066,0.0082,0.0054,0.0069,0.019,0.0289,0.0143,0.0164,0.0174,0.0174,0.0056,0.0195,0.0293,0.0156,0.0184,0.0189,0.0189,0.02,0.0288,0.0161,0.0171,0.0175,0.0173,0.0332,0.0224,0.0237,0.0232,0.0234,0.0285,0.0287,0.0282,0.0283,0.0069,0.0108,0.0117,0.0098,0.0104,0.0077,0.0352,0.0219,0.2044,0.7662,0.426,0.6289,0.4683,0.4212,0.0356,0.2771,0.8455,0.5643,0.7744,0.5899,0.5387,0.2228,0.7586,0.4631,0.6316,0.461,0.4105,0.5264,0.2994,0.4069,0.2925,0.2662,0.7905,0.9094,0.7589,0.719,0.3527,0.297,0.2737,0.4384,0.3854,0.0188
Hmel201001o,11700001,11750000,11725774,47646,0.0097,0.0081,0.0121,0.0208,0.0031,0.0093,0.0051,0.011,0.011,0.0092,0.0113,0.0194,0.032,0.0171,0.0189,0.0227,0.0219,0.0104,0.0191,0.0319,0.0169,0.0196,0.0245,0.0238,0.0194,0.0319,0.017,0.0177,0.022,0.0212,0.0339,0.0222,0.0238,0.0267,0.026,0.0319,0.0324,0.032,0.0319,0.0125,0.0188,0.018,0.0167,0.016,0.0108,0.0198,0.0187,0.1557,0.6817,0.3001,0.4533,0.3897,0.3741,0.017,0.1767,0.7143,0.3358,0.5122,0.4555,0.4436,0.1082,0.6289,0.2399,0.3594,0.3247,0.3087,0.5099,0.2257,0.3351,0.281,0.2676,0.6889,0.7863,0.6545,0.6533,0.2826,0.3132,0.2938,0.3653,0.346,-0.0091
Hmel201001o,11725001,11775000,11750193,49562,0.0115,0.0095,0.0113,0.0193,0.0048,0.0066,0.0068,0.0129,0.0138,0.0112,0.0121,0.019,0.0291,0.0162,0.0161,0.0218,0.0214,0.0103,0.0189,0.0295,0.0151,0.0163,0.0234,0.0232,0.0186,0.0294,0.0155,0.0164,0.0225,0.0223,0.03,0.0203,0.0204,0.0252,0.0245,0.0294,0.0298,0.0291,0.0294,0.0115,0.0214,0.0208,0.0206,0.0199,0.0136,0.0335,0.0317,0.1292,0.5777,0.2957,0.288,0.2954,0.2686,-0.007,0.1667,0.6245,0.319,0.3489,0.3679,0.3453,0.1232,0.5851,0.2784,0.3021,0.3136,0.2923,0.4564,0.2582,0.2579,0.2398,0.2105,0.6876,0.6873,0.5487,0.5345,0.2763,0.3878,0.356,0.3686,0.3313,0.0088
Hmel201001o,11750001,11800000,11775005,49988,0.0072,0.0053,0.0063,0.0167,0.0038,0.0018,0.0051,0.0087,0.0097,0.0076,0.0076,0.0141,0.0284,0.014,0.0145,0.0179,0.0176,0.0056,0.0145,0.0291,0.0131,0.0145,0.0185,0.0184,0.0143,0.0288,0.0137,0.0149,0.0181,0.018,0.0294,0.0188,0.0187,0.0215,0.0211,0.029,0.029,0.0272,0.0277,0.0061,0.0167,0.017,0.0157,0.0155,0.0097,0.1018,0.0622,0.1192,0.6878,0.5259,0.4189,0.3981,0.3646,-0.0125,0.182,0.741,0.5882,0.4898,0.4659,0.435,0.1524,0.7153,0.5595,0.4648,0.4295,0.4006,0.5101,0.385,0.3018,0.2835,0.2533,0.8311,0.7457,0.6401,0.6218,0.2855,0.5366,0.509,0.4041,0.3692,0.0241
Hmel201001o,11775001,11825000,11800000,49998,0.0058,0.006,0.0071,0.0162,0.0026,0.0073,0.0075,0.0099,0.0094,0.0069,0.0069,0.0153,0.0301,0.0177,0.0164,0.0201,0.0196,0.0064,0.0158,0.0305,0.0177,0.0166,0.0202,0.0196,0.0156,0.0305,0.0183,0.017,0.0203,0.0197,0.0303,0.0216,0.0211,0.0226,0.0222,0.0291,0.0293,0.0281,0.0279,0.0095,0.0156,0.0161,0.0152,0.0157,0.0106,0.0857,0.0323,0.2031,0.765,0.4738,0.437,0.453,0.4561,-0.0073,0.2132,0.7647,0.4693,0.4373,0.4513,0.454,0.18,0.7385,0.4509,0.4151,0.4249,0.4271,0.5525,0.3231,0.3086,0.2885,0.2928,0.7205,0.717,0.6491,0.66,0.1267,0.2997,0.3309,0.2825,0.3136,0.0506
Hmel201001o,11800001,11850000,11825001,49998,0.0071,0.0077,0.0078,0.0172,0.0037,0.0108,0.008,0.0119,0.0123,0.0074,0.0076,0.0166,0.0296,0.0198,0.0192,0.0225,0.0225,0.0076,0.0166,0.0301,0.02,0.0196,0.0228,0.0227,0.0165,0.0302,0.0206,0.0201,0.0232,0.0231,0.03,0.0234,0.0233,0.0242,0.0245,0.0281,0.0289,0.0281,0.0279,0.0118,0.0157,0.0157,0.016,0.016,0.0133,0.003,0.0103,0.1933,0.705,0.394,0.4523,0.4224,0.4139,-0.0102,0.1789,0.6954,0.3828,0.4442,0.4149,0.4056,0.1737,0.6929,0.3942,0.4523,0.4186,0.4101,0.5116,0.274,0.3268,0.2692,0.267,0.6055,0.6772,0.5812,0.5707,0.1217,0.1716,0.1631,0.2437,0.2355,0.0517
Hmel201001o,11825001,11875000,11849793,49063,0.0064,0.0066,0.0062,0.0174,0.0037,0.0087,0.0075,0.0094,0.0105,0.0065,0.0065,0.0141,0.0282,0.017,0.0179,0.0224,0.0231,0.0063,0.0142,0.0289,0.018,0.0189,0.0231,0.0239,0.0142,0.0291,0.0181,0.0191,0.0235,0.0242,0.0294,0.0211,0.0217,0.0242,0.0247,0.0272,0.0283,0.0275,0.0278,0.0095,0.0154,0.0152,0.0163,0.0161,0.0101,-0.0026,0.0173,0.1301,0.7087,0.4015,0.4549,0.4939,0.4786,-0.0101,0.1296,0.711,0.4196,0.4718,0.5022,0.4889,0.1379,0.7235,0.436,0.4893,0.5187,0.5038,0.5019,0.2651,0.3025,0.3128,0.3018,0.6448,0.6829,0.6305,0.6082,0.083,0.2729,0.2376,0.3297,0.2947,0.0104
Hmel201001o,11850001,11900000,11875152,48582,0.0057,0.0062,0.0061,0.0168,0.0022,0.0081,0.0071,0.0099,0.0084,0.0063,0.0063,0.0138,0.0291,0.0165,0.0157,0.0243,0.0242,0.006,0.0138,0.0298,0.0172,0.0164,0.0247,0.0248,0.0137,0.0302,0.0175,0.0167,0.0253,0.0253,0.0302,0.021,0.0205,0.0261,0.0258,0.0276,0.0285,0.0281,0.0278,0.0088,0.016,0.0151,0.0177,0.0167,0.0092,0.0305,0.0332,0.1489,0.7718,0.4257,0.4371,0.5297,0.564,-0.0097,0.1348,0.7655,0.4294,0.4419,0.5258,0.5623,0.1346,0.7695,0.437,0.4496,0.5349,0.5692,0.5514,0.2856,0.2963,0.3458,0.3692,0.7,0.734,0.6605,0.6941,0.0812,0.2933,0.3064,0.367,0.3823,0.0038
Hmel201001o,11875001,11925000,11900125,49519,0.0039,0.0052,0.0066,0.0186,0.001,0.0041,0.0019,0.0084,0.0056,0.0051,0.0061,0.0168,0.0321,0.0162,0.0152,0.0189,0.0181,0.0059,0.0163,0.0322,0.0164,0.0153,0.019,0.0183,0.0152,0.0325,0.0165,0.0156,0.0192,0.0186,0.0347,0.0226,0.0217,0.0244,0.0238,0.0293,0.0298,0.0291,0.0289,0.0037,0.0113,0.0099,0.0122,0.0107,0.0078,0.0626,0.0747,0.2472,0.8655,0.6181,0.694,0.5235,0.5988,-0.0045,0.2032,0.8337,0.572,0.6398,0.488,0.5596,0.1391,0.8014,0.5251,0.5873,0.4537,0.5209,0.5885,0.3701,0.4029,0.3172,0.36,0.8476,0.9136,0.7346,0.8053,0.1045,0.2986,0.3566,0.422,0.4977,0.0538
Hmel201001o,11900001,11950000,11924962,49809,0.0024,0.0065,0.0084,0.0189,0.0013,0.0018,0.0013,0.0051,0.0042,0.0062,0.0075,0.0182,0.0329,0.0107,0.0106,0.0109,0.0106,0.0075,0.0184,0.0338,0.0122,0.012,0.0123,0.0121,0.0159,0.0342,0.0124,0.0123,0.0125,0.0125,0.0366,0.0195,0.0194,0.0197,0.0198,0.0308,0.0312,0.0306,0.0312,0.0019,0.0069,0.0071,0.0071,0.0072,0.0055,0.1724,0.1719,0.3114,0.8984,0.6815,0.7127,0.5039,0.5372,-0.001,0.2222,0.8022,0.5053,0.5244,0.376,0.3996,0.1141,0.7626,0.4299,0.4486,0.3147,0.3423,0.5943,0.354,0.365,0.2857,0.3054,0.9083,0.9236,0.8213,0.8452,0.1078,0.3502,0.4157,0.3951,0.4617,0.0933
Hmel201001o,11925001,11975000,11949242,47757,0.0044,0.0085,0.0105,0.0198,0.0052,0.0053,0.0044,0.0079,0.0074,0.0082,0.0098,0.0192,0.0355,0.0119,0.0114,0.0125,0.0121,0.0095,0.0194,0.0362,0.0133,0.0128,0.0137,0.0134,0.0174,0.0366,0.0133,0.0128,0.0138,0.0136,0.0384,0.0195,0.0191,0.0198,0.0198,0.0344,0.0345,0.0347,0.035,0.005,0.009,0.0095,0.0091,0.0095,0.0079,0.1267,0.1413,0.2742,0.7738,0.4384,0.4592,0.3559,0.3582,-0.0011,0.1925,0.6956,0.3326,0.3443,0.2641,0.266,0.0992,0.6614,0.2677,0.276,0.209,0.2174,0.5349,0.2619,0.2732,0.2164,0.2245,0.7482,0.7672,0.6978,0.7085,0.0123,0.1632,0.2093,0.2055,0.2432,0.0173
Hmel201001o,11950001,12000000,11975244,47183,0.0037,0.0057,0.007,0.0177,0.0041,0.0047,0.0038,0.0067,0.0056,0.0049,0.0062,0.0155,0.0291,0.0129,0.0125,0.0136,0.0134,0.0065,0.0153,0.0291,0.0127,0.0125,0.0132,0.0131,0.0143,0.0291,0.0127,0.0124,0.0132,0.0132,0.0315,0.0182,0.0179,0.0185,0.0185,0.0273,0.0273,0.0282,0.0283,0.0041,0.0076,0.0078,0.0076,0.0076,0.0061,0.0204,0.0754,0.2358,0.7749,0.5251,0.5554,0.4634,0.5019,0.0083,0.1783,0.7227,0.4343,0.4632,0.3739,0.4123,0.1155,0.6915,0.3812,0.4076,0.3296,0.3664,0.5132,0.2806,0.296,0.2436,0.2665,0.7339,0.7576,0.6922,0.7191,-0.0175,0.1524,0.2134,0.1922,0.2455,-0.0082
Hmel201001o,11975001,12025000,12000359,49180,0.0018,0.0034,0.0038,0.0163,0.001,0.0017,0.0015,0.0037,0.0019,0.0028,0.0034,0.0126,0.0276,0.0106,0.0107,0.0109,0.011,0.0036,0.0121,0.0275,0.0104,0.0106,0.0107,0.0109,0.0114,0.0275,0.0106,0.0109,0.011,0.0111,0.0298,0.0167,0.0168,0.0171,0.0172,0.0253,0.0257,0.0262,0.0263,0.0016,0.0045,0.0045,0.0046,0.0047,0.0031,0.0426,0.1041,0.2252,0.9081,0.7265,0.743,0.6143,0.7246,0.01,0.1639,0.862,0.623,0.6435,0.5241,0.627,0.1206,0.8483,0.6038,0.6234,0.5111,0.6084,0.5791,0.3501,0.3582,0.3057,0.3555,0.9048,0.9132,0.8461,0.9023,0.0066,0.2619,0.4463,0.2983,0.4871,0.0602
Hmel201001o,12000001,12050000,12024936,49630,0.0017,0.0025,0.0037,0.0176,0.001,0.0018,0.0017,0.0051,0.002,0.0023,0.0033,0.0131,0.0348,0.0109,0.0109,0.011,0.0109,0.0033,0.0127,0.0347,0.0107,0.0109,0.0109,0.0107,0.0121,0.0349,0.011,0.0112,0.0112,0.011,0.0362,0.0179,0.018,0.0179,0.0178,0.0338,0.0339,0.0339,0.0336,0.0018,0.0058,0.0068,0.0061,0.0071,0.0045,0.0375,0.0932,0.2166,0.9292,0.7321,0.7413,0.5436,0.7176,0.0277,0.1807,0.9096,0.6779,0.6902,0.5014,0.664,0.1266,0.8801,0.6116,0.6236,0.4517,0.6002,0.6183,0.3473,0.354,0.2668,0.3389,0.9248,0.9282,0.8443,0.9186,0.0152,0.269,0.5763,0.2965,0.5981,0.1213
Hmel201001o,12025001,12075000,12050035,49314,0.0021,0.0023,0.0041,0.0166,0.0008,0.002,0.0018,0.0058,0.0034,0.0023,0.0035,0.0123,0.0355,0.0101,0.0103,0.0103,0.0102,0.0035,0.0121,0.0356,0.0102,0.0104,0.0104,0.0102,0.0117,0.0359,0.0104,0.0106,0.0106,0.0105,0.0367,0.0169,0.0171,0.0169,0.0168,0.0351,0.0353,0.0351,0.0348,0.0019,0.0068,0.0076,0.0068,0.0077,0.0054,0.0198,0.0666,0.1992,0.9271,0.6789,0.6992,0.4657,0.5931,0.0479,0.188,0.922,0.6663,0.6847,0.458,0.5811,0.1177,0.8799,0.5634,0.5827,0.3806,0.4895,0.6405,0.3398,0.3488,0.2421,0.2981,0.9283,0.9336,0.8383,0.8931,0.0145,0.285,0.4936,0.3019,0.5124,0.0849
Hmel201001o,12050001,12100000,12075139,49619,0.0028,0.0043,0.0057,0.0169,0.0015,0.0025,0.0015,0.0061,0.0058,0.0038,0.0051,0.0141,0.0313,0.0121,0.0124,0.0134,0.0131,0.0051,0.0142,0.0314,0.0118,0.012,0.0133,0.0131,0.0138,0.0317,0.012,0.0123,0.0137,0.0134,0.0325,0.0184,0.0186,0.0192,0.0189,0.0294,0.0304,0.031,0.0309,0.0021,0.0087,0.0084,0.0086,0.0084,0.0061,0.0264,0.0916,0.2353,0.8785,0.6527,0.7152,0.5187,0.5213,0.0114,0.1954,0.8392,0.5648,0.6229,0.4534,0.4575,0.1444,0.8066,0.5052,0.5625,0.4148,0.4161,0.5871,0.3542,0.385,0.2877,0.288,0.8793,0.9108,0.7935,0.7998,0.0308,0.3523,0.3502,0.4037,0.4106,0.0144
Hmel201001o,12075001,12125000,12100004,49990,0.0041,0.0064,0.0072,0.0172,0.0033,0.0019,0.0011,0.0098,0.0093,0.0056,0.0065,0.0183,0.0296,0.0198,0.0199,0.0202,0.0198,0.0066,0.0182,0.0298,0.0196,0.0197,0.0202,0.0198,0.0178,0.0299,0.0194,0.0196,0.0203,0.0198,0.0315,0.0239,0.0241,0.0243,0.024,0.0286,0.0293,0.0288,0.0288,0.0018,0.0127,0.0117,0.0126,0.0116,0.0101,0.0313,0.0719,0.3072,0.7904,0.7499,0.7807,0.5044,0.5119,-0.0154,0.2512,0.7331,0.6642,0.6933,0.4426,0.4484,0.2233,0.715,0.6344,0.6643,0.4248,0.4285,0.5379,0.4671,0.4881,0.3102,0.3134,0.8429,0.8685,0.6454,0.6564,0.1062,0.3861,0.3687,0.4097,0.3955,0.0306
Hmel201001o,12100001,12150000,12124977,49900,0.0045,0.0046,0.0049,0.0171,0.0032,0.0013,0.0014,0.01,0.0094,0.0048,0.0051,0.0249,0.026,0.0249,0.0251,0.0242,0.0242,0.0046,0.0248,0.0259,0.0252,0.0253,0.0244,0.0243,0.0247,0.0259,0.0249,0.0251,0.0242,0.0241,0.03,0.0214,0.0215,0.0214,0.0213,0.0267,0.0269,0.0254,0.0256,0.0018,0.0109,0.0108,0.0108,0.0107,0.0099,0.0361,0.0425,0.4279,0.7531,0.8015,0.8012,0.5564,0.5703,-0.0159,0.4243,0.7505,0.8014,0.8011,0.5576,0.5704,0.4162,0.7422,0.7904,0.7903,0.5482,0.5608,0.522,0.4398,0.4399,0.2492,0.2608,0.8506,0.8506,0.6033,0.6206,0.1465,0.3325,0.3512,0.3278,0.3484,0.0159
Hmel201001o,12125001,12175000,12150027,49900,0.0034,0.0033,0.0031,0.0174,0.0021,0.0015,0.0016,0.0077,0.008,0.0036,0.0036,0.0284,0.0211,0.0243,0.0247,0.0241,0.0243,0.0032,0.0284,0.0209,0.0244,0.0247,0.024,0.0242,0.0286,0.0213,0.0246,0.0249,0.0242,0.0245,0.0262,0.0167,0.0166,0.0172,0.0173,0.0221,0.0224,0.0213,0.0217,0.0027,0.0082,0.0088,0.0086,0.0093,0.0075,0.0305,0.058,0.4949,0.7802,0.827,0.8254,0.6397,0.6328,-0.0105,0.4959,0.7824,0.8307,0.8291,0.6414,0.635,0.5035,0.7935,0.8394,0.8372,0.65,0.6445,0.4925,0.3328,0.3266,0.192,0.1871,0.8597,0.8572,0.6409,0.6372,0.2861,0.298,0.312,0.3141,0.333,-0.0255
Hmel201001o,12150001,12200000,12175000,49994,0.0058,0.0085,0.0091,0.0215,0.0021,0.003,0.0026,0.0116,0.0128,0.0074,0.0083,0.0264,0.027,0.0264,0.0278,0.0254,0.0261,0.0084,0.0262,0.0267,0.0271,0.0281,0.026,0.0268,0.0264,0.0267,0.0269,0.0278,0.0257,0.0265,0.0302,0.0249,0.0253,0.0243,0.0249,0.0273,0.0278,0.0264,0.0269,0.0068,0.0127,0.0132,0.0144,0.0148,0.0122,0.0222,0.0554,0.3548,0.7561,0.7268,0.7505,0.5053,0.4913,-0.0211,0.3057,0.683,0.6646,0.6852,0.4588,0.4483,0.2983,0.6685,0.6484,0.6683,0.4425,0.4328,0.4753,0.3841,0.3979,0.2171,0.2095,0.8376,0.853,0.6027,0.5829,0.4322,0.2816,0.2646,0.3538,0.331,-0.0009
Hmel201001o,12175001,12225000,12199999,49969,0.0101,0.0137,0.0138,0.0245,0.0028,0.0051,0.0038,0.0159,0.018,0.0123,0.0128,0.0281,0.0357,0.0328,0.0347,0.0316,0.0324,0.0132,0.0281,0.0354,0.0341,0.0354,0.0326,0.0335,0.0283,0.0356,0.0343,0.0356,0.0327,0.0337,0.0382,0.0337,0.0344,0.0327,0.0335,0.0372,0.0378,0.0362,0.0368,0.0088,0.0192,0.0203,0.0205,0.0217,0.0181,0.019,0.0348,0.2712,0.7063,0.6391,0.6788,0.4316,0.4102,-0.0195,0.2182,0.6376,0.5847,0.619,0.391,0.3738,0.2192,0.6366,0.5841,0.6187,0.3901,0.3737,0.5065,0.4255,0.4531,0.2571,0.2407,0.8179,0.8468,0.6045,0.5747,0.3418,0.3071,0.2884,0.365,0.3457,0.0352
Hmel201001o,12200001,12250000,12224977,49880,0.0116,0.0147,0.0128,0.0255,0.0037,0.0061,0.0059,0.0167,0.0181,0.0138,0.0129,0.0325,0.0366,0.0366,0.0371,0.0371,0.0373,0.0133,0.0311,0.0365,0.0363,0.0374,0.0367,0.0372,0.0318,0.0368,0.0375,0.0385,0.0378,0.0383,0.0398,0.0343,0.0356,0.0354,0.0356,0.0385,0.039,0.0382,0.0384,0.0075,0.0221,0.022,0.0223,0.0222,0.0185,0.0265,0.0303,0.3031,0.6687,0.6272,0.6333,0.4646,0.4468,-0.0183,0.239,0.6117,0.5711,0.5828,0.4167,0.4031,0.2767,0.6477,0.6129,0.623,0.4542,0.4399,0.4954,0.4048,0.4218,0.2745,0.2586,0.7855,0.7901,0.5935,0.5723,0.1139,0.3341,0.3029,0.3408,0.3106,0.0326
Hmel201001o,12225001,12275000,12249955,49725,0.0103,0.013,0.0119,0.025,0.0038,0.0066,0.0061,0.0165,0.0172,0.0122,0.0118,0.0275,0.0334,0.0291,0.0296,0.032,0.0324,0.0122,0.0262,0.0341,0.0287,0.0301,0.0313,0.0319,0.0268,0.0335,0.0295,0.0306,0.0322,0.0327,0.036,0.0306,0.0328,0.0326,0.0328,0.0333,0.034,0.0352,0.035,0.0072,0.0214,0.0213,0.0221,0.0217,0.0173,0.0242,0.0332,0.2516,0.6657,0.565,0.5805,0.4258,0.4189,-0.0117,0.188,0.6201,0.5068,0.5325,0.3748,0.3718,0.2158,0.6365,0.5396,0.5615,0.4046,0.3993,0.4636,0.3561,0.3923,0.2439,0.2358,0.7429,0.7572,0.569,0.5543,0.0615,0.3127,0.2947,0.3368,0.3135,0.0137
Hmel201001o,12250001,12300000,12275026,49814,0.0119,0.0114,0.0115,0.0206,0.0035,0.0075,0.0053,0.0179,0.0176,0.0117,0.0122,0.0246,0.0342,0.029,0.03,0.0305,0.0309,0.0114,0.0254,0.0354,0.0301,0.0314,0.0313,0.0318,0.0254,0.0348,0.0298,0.0311,0.0312,0.0316,0.0347,0.0292,0.0305,0.0292,0.0292,0.0329,0.0338,0.0339,0.0341,0.0071,0.0204,0.0208,0.0209,0.0214,0.0178,0.0016,0.0229,0.2287,0.6465,0.5143,0.5705,0.3577,0.3673,-0.0038,0.2542,0.6664,0.5388,0.5962,0.3782,0.3883,0.2507,0.6588,0.532,0.5903,0.3743,0.3835,0.5139,0.3803,0.4365,0.2178,0.2215,0.7257,0.7803,0.5364,0.5424,0.0558,0.2438,0.2597,0.3002,0.3154,0.0016
Hmel201001o,12275001,12325000,12300001,49993,0.0128,0.0113,0.011,0.019,0.0038,0.0062,0.0054,0.0167,0.0168,0.012,0.0125,0.0231,0.0351,0.0299,0.0306,0.0293,0.0296,0.0112,0.0243,0.0357,0.0315,0.0322,0.0307,0.0311,0.0244,0.0357,0.0308,0.0315,0.0302,0.0306,0.0349,0.0294,0.0299,0.0279,0.0281,0.0341,0.0345,0.0333,0.0339,0.0064,0.019,0.0182,0.0191,0.0185,0.0168,-0.0,0.024,0.2054,0.6317,0.5335,0.5562,0.3444,0.3484,0.001,0.2569,0.6652,0.5817,0.6034,0.3899,0.3933,0.2617,0.6694,0.5784,0.6008,0.3861,0.3894,0.5349,0.43,0.4507,0.2321,0.2334,0.7561,0.775,0.5456,0.5491,0.0541,0.2597,0.2383,0.2786,0.2631,0.0009
Hmel201001o,12300001,12350000,12324981,49956,0.0113,0.012,0.0129,0.0187,0.0038,0.0033,0.0048,0.0153,0.0164,0.0117,0.0123,0.0228,0.0312,0.0254,0.0255,0.0256,0.0259,0.0123,0.0226,0.0315,0.0261,0.0262,0.0261,0.0263,0.0229,0.0318,0.0263,0.0264,0.0265,0.0267,0.0316,0.0275,0.0282,0.0269,0.027,0.0309,0.032,0.0308,0.0313,0.0047,0.018,0.0172,0.0189,0.0185,0.016,0.0049,0.0089,0.2312,0.6263,0.57,0.5357,0.33,0.3172,-0.0038,0.2137,0.6158,0.5642,0.5309,0.3264,0.3138,0.204,0.6006,0.5464,0.5128,0.319,0.3057,0.5062,0.4644,0.4439,0.2392,0.2257,0.8067,0.775,0.5421,0.5294,0.0807,0.3323,0.2856,0.3184,0.284,0.0053
Hmel201001o,12325001,12375000,12350002,49956,0.0103,0.0115,0.0126,0.0202,0.0035,0.0038,0.0037,0.0153,0.0156,0.011,0.0115,0.0229,0.0328,0.0269,0.0275,0.0268,0.0267,0.0117,0.0222,0.0327,0.0266,0.0273,0.0265,0.0266,0.0224,0.0329,0.0272,0.0278,0.027,0.027,0.0336,0.0285,0.0296,0.0279,0.0278,0.0328,0.0346,0.0325,0.0327,0.0043,0.0171,0.0177,0.0186,0.0193,0.0154,0.0049,0.0057,0.2296,0.6664,0.6,0.609,0.3679,0.3619,-0.0144,0.1943,0.6421,0.5696,0.5796,0.3436,0.3397,0.1792,0.6227,0.5531,0.5627,0.3339,0.3295,0.5091,0.4431,0.4589,0.2388,0.2325,0.8091,0.8195,0.5659,0.5631,0.0711,0.2956,0.3044,0.3359,0.3475,-0.0034
Hmel201001o,12350001,12400000,12375001,49999,0.0097,0.0103,0.0104,0.0204,0.003,0.0065,0.0057,0.0142,0.0128,0.0099,0.01,0.019,0.0345,0.021,0.0243,0.0247,0.0247,0.01,0.0189,0.0344,0.0212,0.0244,0.0248,0.0249,0.019,0.0343,0.0215,0.0246,0.0248,0.0249,0.0359,0.025,0.0275,0.0271,0.027,0.0337,0.0348,0.0328,0.0332,0.0082,0.0177,0.0182,0.0172,0.0183,0.0137,-0.0038,-0.0019,0.1505,0.7021,0.459,0.534,0.3628,0.3899,-0.0202,0.136,0.6884,0.4468,0.521,0.3525,0.3808,0.1352,0.6855,0.4493,0.5217,0.3512,0.38,0.5367,0.335,0.3895,0.2408,0.2617,0.763,0.7871,0.5997,0.6304,0.155,0.2743,0.3204,0.2795,0.3432,0.0102
Hmel201001o,12375001,12425000,12400000,49999,0.0087,0.0082,0.0095,0.0192,0.0016,0.0065,0.0093,0.0097,0.0083,0.0085,0.0089,0.0168,0.0284,0.0119,0.0167,0.0196,0.0197,0.0086,0.0165,0.0287,0.0122,0.0172,0.0202,0.0203,0.0168,0.0283,0.0127,0.017,0.0195,0.0197,0.0308,0.0188,0.0219,0.0237,0.0237,0.0278,0.0272,0.026,0.0265,0.0121,0.018,0.018,0.0133,0.0141,0.0094,0.0052,-0.0124,0.1295,0.705,0.2294,0.3113,0.3734,0.4116,-0.0145,0.1322,0.7218,0.2612,0.3403,0.4002,0.438,0.1143,0.6859,0.2379,0.3021,0.3549,0.3924,0.5285,0.2291,0.2425,0.2704,0.297,0.7565,0.6796,0.6566,0.6985,0.2197,0.3925,0.4329,0.1753,0.2435,0.0219
Hmel201001o,12400001,12450000,12424999,49994,0.0083,0.0068,0.0084,0.0185,0.0023,0.0056,0.0071,0.0068,0.0065,0.0076,0.0081,0.0176,0.0252,0.0101,0.0125,0.0146,0.0146,0.0074,0.0168,0.0257,0.01,0.0129,0.0148,0.0147,0.0175,0.0251,0.0108,0.0126,0.0142,0.0141,0.0294,0.0194,0.0201,0.0218,0.0213,0.025,0.0245,0.0234,0.0232,0.0091,0.0138,0.014,0.0093,0.0097,0.0072,0.004,-0.0213,0.1706,0.6646,0.1938,0.2475,0.3284,0.3394,-0.0177,0.1828,0.7128,0.2463,0.3145,0.3845,0.3946,0.1658,0.6617,0.222,0.2494,0.3136,0.3234,0.51,0.2732,0.2572,0.2999,0.2978,0.7377,0.691,0.687,0.6946,0.1832,0.393,0.4125,0.1489,0.1853,0.0432
Hmel201001o,12425001,12475000,12449995,49980,0.0087,0.0073,0.0079,0.0198,0.0029,0.0059,0.0033,0.0083,0.0078,0.0078,0.0082,0.0205,0.0308,0.0118,0.0123,0.0122,0.0122,0.0072,0.0202,0.0311,0.012,0.013,0.0122,0.0122,0.0207,0.0307,0.0123,0.013,0.0126,0.0125,0.0353,0.0224,0.0218,0.0228,0.022,0.0298,0.0312,0.0296,0.029,0.0047,0.0096,0.0105,0.0094,0.0104,0.0088,-0.0143,-0.004,0.2133,0.697,0.2468,0.3617,0.1855,0.2039,-0.0307,0.2358,0.7318,0.3065,0.4377,0.2312,0.2477,0.2358,0.7151,0.2967,0.4173,0.2266,0.2415,0.5427,0.3107,0.3523,0.2691,0.2646,0.7561,0.8301,0.6954,0.7036,0.0119,0.158,0.225,0.2467,0.3212,0.0447
Hmel201001o,12450001,12500000,12475002,49985,0.0074,0.0069,0.0072,0.0182,0.0028,0.0047,0.003,0.0086,0.0082,0.007,0.0077,0.0186,0.0318,0.0162,0.0173,0.0161,0.0163,0.0068,0.0188,0.0318,0.0165,0.0177,0.0163,0.0165,0.0184,0.0322,0.0164,0.0178,0.0165,0.0167,0.0348,0.0228,0.0238,0.0233,0.0233,0.0304,0.0308,0.0304,0.0299,0.0042,0.0095,0.0099,0.0103,0.0107,0.0087,-0.0101,0.028,0.2217,0.7362,0.47,0.5537,0.35,0.3662,-0.0184,0.2353,0.7476,0.4924,0.5777,0.3703,0.3865,0.2214,0.7446,0.4838,0.5713,0.3691,0.385,0.5643,0.3689,0.422,0.2993,0.3069,0.7908,0.8374,0.6991,0.7034,0.0488,0.1831,0.2203,0.2932,0.3288,0.0176
Hmel201001o,12475001,12525000,12500000,49999,0.0065,0.0076,0.0078,0.0169,0.0036,0.0042,0.0028,0.009,0.0082,0.0067,0.0072,0.0164,0.0264,0.0176,0.0183,0.0174,0.0175,0.0072,0.0168,0.0268,0.0179,0.0187,0.0177,0.0178,0.0163,0.0269,0.018,0.0189,0.018,0.0181,0.03,0.0223,0.0231,0.0223,0.0223,0.0247,0.0252,0.0247,0.0242,0.0039,0.0094,0.0095,0.0101,0.0102,0.0086,-0.025,0.0011,0.2036,0.6917,0.5486,0.6107,0.4,0.4235,-0.0364,0.189,0.6675,0.5197,0.5813,0.3782,0.4018,0.1731,0.665,0.5166,0.5793,0.3797,0.4029,0.5181,0.3922,0.4383,0.2906,0.3073,0.7392,0.7858,0.6087,0.623,0.054,0.1863,0.2237,0.2776,0.3144,0.0044
Hmel201001o,12500001,12550000,12525001,49999,0.0047,0.0072,0.0054,0.0196,0.0032,0.0031,0.0022,0.0077,0.0067,0.0058,0.0048,0.0165,0.0238,0.0129,0.0134,0.0131,0.0141,0.006,0.0175,0.0242,0.0136,0.0142,0.0138,0.0147,0.0171,0.0242,0.0135,0.0141,0.0137,0.0147,0.0288,0.0193,0.0195,0.0194,0.0203,0.0227,0.0233,0.0225,0.0232,0.003,0.0074,0.01,0.0079,0.0106,0.0087,-0.0163,-0.0297,0.2033,0.7255,0.5515,0.6048,0.3711,0.4377,-0.0239,0.1732,0.6599,0.4683,0.5185,0.3114,0.3717,0.2035,0.7093,0.5361,0.5907,0.3666,0.4319,0.4671,0.3091,0.3339,0.2126,0.2538,0.7679,0.8019,0.6245,0.661,0.0723,0.1688,0.3564,0.2397,0.4233,0.0998
Hmel201001o,12525001,12575000,12550000,50000,0.0062,0.0074,0.0051,0.0214,0.003,0.003,0.0021,0.007,0.0074,0.0066,0.0059,0.0188,0.0294,0.0141,0.0147,0.0143,0.0157,0.007,0.0197,0.0294,0.0143,0.0149,0.0146,0.0158,0.0176,0.0295,0.0146,0.0152,0.0137,0.0154,0.0342,0.0211,0.0215,0.0199,0.0217,0.0274,0.0283,0.0278,0.0286,0.0031,0.0091,0.0105,0.0095,0.011,0.0091,-0.0191,0.0224,0.199,0.7405,0.5208,0.573,0.3824,0.4093,0.0604,0.1975,0.7129,0.4824,0.5325,0.3545,0.3797,0.194,0.7701,0.5809,0.632,0.4025,0.4406,0.5056,0.317,0.3428,0.2107,0.2412,0.812,0.8422,0.7082,0.7057,0.0983,0.3033,0.3539,0.3637,0.4118,0.1238
Hmel201001o,12550001,12600000,12574559,46961,0.011,0.0108,0.0097,0.0213,0.0041,0.0052,0.0039,0.0105,0.0102,0.0104,0.0107,0.0202,0.035,0.0188,0.0199,0.0216,0.022,0.0107,0.0203,0.0347,0.0183,0.0192,0.0212,0.0215,0.0184,0.0348,0.019,0.02,0.0206,0.0212,0.0371,0.0242,0.0248,0.024,0.0248,0.0325,0.0332,0.0323,0.0323,0.0067,0.0154,0.0144,0.016,0.0151,0.0112,-0.0256,0.0183,0.1435,0.6589,0.4119,0.4711,0.3513,0.3636,0.0191,0.1471,0.6593,0.4063,0.4607,0.3458,0.356,0.122,0.6816,0.4518,0.5072,0.3558,0.3753,0.5191,0.3323,0.3677,0.2333,0.2524,0.7602,0.795,0.6465,0.6504,0.2022,0.3401,0.3158,0.3952,0.3772,0.0433
Hmel201001o,12575001,12625000,12601165,46930,0.0168,0.0147,0.0143,0.0228,0.0064,0.0114,0.0077,0.0138,0.014,0.0157,0.0162,0.0239,0.0364,0.0248,0.0262,0.0308,0.0307,0.015,0.0232,0.0369,0.0249,0.0257,0.031,0.0309,0.0237,0.0371,0.0254,0.027,0.0317,0.0316,0.0376,0.0291,0.03,0.0323,0.0324,0.0352,0.036,0.0348,0.0347,0.0122,0.0205,0.0208,0.0209,0.0213,0.0147,-0.0003,0.0224,0.111,0.5341,0.29,0.3789,0.3511,0.3475,0.0192,0.1278,0.5717,0.3265,0.4086,0.385,0.3809,0.1465,0.5805,0.3445,0.4369,0.4017,0.3969,0.4695,0.2881,0.3594,0.2999,0.2971,0.6133,0.6874,0.5674,0.5625,0.1306,0.2518,0.2553,0.3355,0.3393,0.03
Hmel201001o,12600001,12650000,12624936,49795,0.0195,0.0171,0.0169,0.0247,0.0055,0.0132,0.0087,0.0157,0.0163,0.0182,0.0186,0.0258,0.0346,0.0296,0.0307,0.0327,0.0325,0.0178,0.026,0.0355,0.0301,0.031,0.0336,0.0335,0.0262,0.0357,0.0304,0.0318,0.0337,0.0335,0.0368,0.0327,0.0338,0.0348,0.0349,0.035,0.0362,0.0355,0.0357,0.0118,0.0207,0.0215,0.0207,0.0217,0.017,-0.0026,0.0117,0.0906,0.4858,0.3032,0.3857,0.3143,0.3031,0.024,0.1292,0.5338,0.3462,0.4285,0.3594,0.3498,0.1347,0.5388,0.3529,0.4421,0.3635,0.3518,0.4508,0.2934,0.3711,0.2878,0.2802,0.5954,0.6862,0.5568,0.5488,0.0391,0.1877,0.1982,0.2721,0.2824,0.0329
Hmel201001o,12625001,12675000,12650019,49820,0.0169,0.0168,0.0168,0.0224,0.0043,0.012,0.0102,0.0169,0.0164,0.0166,0.0166,0.0221,0.0302,0.0251,0.0262,0.0283,0.0283,0.0167,0.0224,0.0305,0.0251,0.0263,0.0283,0.0283,0.0224,0.031,0.0257,0.0271,0.0286,0.0287,0.0319,0.0276,0.0284,0.0296,0.0296,0.0306,0.0317,0.031,0.0315,0.012,0.0199,0.0206,0.0201,0.0208,0.0174,-0.0081,-0.0082,0.0759,0.4964,0.2824,0.3329,0.2639,0.2713,-0.004,0.0842,0.5033,0.2838,0.3358,0.2665,0.2732,0.0823,0.5087,0.2948,0.3492,0.2709,0.2787,0.4454,0.2595,0.3011,0.218,0.2261,0.5954,0.6427,0.5062,0.5206,0.0394,0.1683,0.1927,0.2043,0.2309,0.0238
Hmel201001o,12650001,12700000,12674863,49348,0.0157,0.0162,0.0169,0.02,0.0055,0.0133,0.0109,0.0153,0.0152,0.0162,0.0165,0.0202,0.0282,0.0202,0.0219,0.0252,0.0262,0.0166,0.0202,0.0282,0.0202,0.0222,0.0249,0.0258,0.0207,0.0287,0.0212,0.0232,0.0257,0.0268,0.0286,0.0232,0.0246,0.0263,0.0268,0.0263,0.0279,0.0269,0.0267,0.0138,0.0197,0.0205,0.0199,0.0204,0.0156,0.0084,0.0066,0.0777,0.4709,0.1736,0.2554,0.2495,0.2696,0.0003,0.0675,0.4595,0.163,0.2524,0.2351,0.2538,0.0694,0.4542,0.1768,0.2616,0.2399,0.2635,0.4165,0.1864,0.2556,0.2124,0.2243,0.4897,0.5613,0.457,0.4562,0.0676,0.1659,0.1884,0.2142,0.2295,0.0111
Hmel201001o,12675001,12725000,12700188,49341,0.0155,0.0173,0.017,0.0189,0.0051,0.0131,0.0113,0.015,0.015,0.0166,0.0165,0.0198,0.0275,0.0199,0.0214,0.0255,0.0263,0.0171,0.0202,0.0275,0.0198,0.0219,0.0251,0.0261,0.0203,0.028,0.0205,0.0222,0.0258,0.027,0.027,0.022,0.0236,0.0255,0.0261,0.025,0.0269,0.026,0.0261,0.0138,0.0192,0.0197,0.0207,0.0211,0.0151,0.0078,0.0082,0.0827,0.4707,0.1732,0.2408,0.2616,0.2785,-0.0015,0.0615,0.438,0.1399,0.2226,0.2275,0.2473,0.0678,0.4499,0.1616,0.2334,0.2451,0.2685,0.4181,0.178,0.2441,0.2163,0.2275,0.4826,0.5502,0.4579,0.4601,0.0662,0.164,0.1768,0.2346,0.2445,0.0022
Hmel201001o,12700001,12750000,12724969,49859,0.0157,0.0173,0.0163,0.0196,0.0042,0.0119,0.0096,0.0153,0.0157,0.0167,0.0162,0.0206,0.0286,0.0206,0.0222,0.0268,0.0275,0.0168,0.0204,0.0291,0.0206,0.0222,0.0271,0.0276,0.0202,0.0294,0.0213,0.0223,0.0278,0.0286,0.0282,0.0231,0.0237,0.027,0.0271,0.0271,0.0286,0.0285,0.029,0.0148,0.019,0.0197,0.0218,0.0225,0.0154,0.0052,0.0068,0.09,0.5001,0.2084,0.2865,0.2798,0.2844,-0.0016,0.0596,0.4768,0.1799,0.2566,0.2607,0.2638,0.0719,0.5004,0.2153,0.2788,0.2891,0.2955,0.4418,0.2137,0.2689,0.232,0.227,0.5581,0.628,0.5074,0.5047,0.1687,0.1759,0.1863,0.2861,0.2932,-0.0031
Hmel201001o,12725001,12775000,12749913,49585,0.0162,0.0165,0.016,0.0201,0.0046,0.0132,0.0067,0.0165,0.0174,0.0165,0.0163,0.0211,0.0291,0.0224,0.0251,0.0277,0.0283,0.0162,0.0208,0.0296,0.023,0.0256,0.029,0.0295,0.0209,0.0295,0.0229,0.0249,0.0288,0.0295,0.0299,0.0254,0.0265,0.029,0.0291,0.028,0.0293,0.0286,0.029,0.0151,0.0208,0.0216,0.022,0.0227,0.0169,0.0059,0.0074,0.0894,0.4907,0.2199,0.388,0.27,0.2681,-0.0007,0.0761,0.4916,0.2276,0.3913,0.2876,0.2843,0.088,0.4992,0.2334,0.3881,0.2924,0.2908,0.4483,0.2293,0.3613,0.2408,0.23,0.5342,0.6893,0.4779,0.4669,0.2155,0.1781,0.1812,0.3222,0.3191,-0.0009
Hmel201001o,12750001,12800000,12775032,49713,0.015,0.0147,0.0159,0.0196,0.0048,0.0137,0.0098,0.0159,0.0161,0.0148,0.0152,0.0197,0.0284,0.0223,0.0236,0.0248,0.025,0.015,0.0195,0.0286,0.0229,0.0242,0.0255,0.0259,0.0201,0.0287,0.0217,0.023,0.0249,0.0253,0.0294,0.0254,0.0262,0.0264,0.0264,0.0283,0.0288,0.0272,0.0278,0.0145,0.021,0.021,0.0198,0.0199,0.0159,0.0001,-0.0081,0.0809,0.4985,0.2285,0.3262,0.2449,0.2451,-0.0097,0.0817,0.5077,0.2468,0.3438,0.2628,0.2661,0.0765,0.4852,0.199,0.2983,0.2338,0.2369,0.4457,0.2276,0.3101,0.2117,0.2072,0.5223,0.6115,0.4654,0.4682,0.111,0.1829,0.1791,0.226,0.224,-0.0045
Hmel201001o,12775001,12825000,12800000,49997,0.0136,0.0134,0.0152,0.0182,0.0046,0.0098,0.0115,0.0135,0.0134,0.0135,0.0142,0.0183,0.0263,0.0182,0.0186,0.0213,0.0214,0.014,0.018,0.0265,0.0194,0.0192,0.0223,0.0225,0.0184,0.0265,0.0183,0.0184,0.0219,0.0221,0.0271,0.0225,0.0228,0.0239,0.0239,0.0261,0.0266,0.0255,0.0259,0.0124,0.0182,0.0182,0.0175,0.0175,0.0133,-0.0024,-0.0091,0.0861,0.5015,0.2295,0.2033,0.2319,0.2389,-0.0106,0.0822,0.5093,0.2632,0.225,0.2583,0.2659,0.06,0.4734,0.2008,0.1697,0.219,0.227,0.4413,0.2613,0.2349,0.22,0.2227,0.5854,0.5531,0.4929,0.502,0.0839,0.2329,0.236,0.1762,0.1804,-0.0061
Hmel201001o,12800001,12850000,12825001,49996,0.0141,0.0145,0.015,0.0183,0.0039,0.0098,0.0121,0.013,0.0135,0.0141,0.0143,0.0186,0.0251,0.0165,0.0167,0.0198,0.0205,0.0143,0.0187,0.0258,0.018,0.0179,0.0213,0.0219,0.0186,0.0256,0.0174,0.0171,0.0209,0.0216,0.0263,0.021,0.0213,0.0229,0.0234,0.0247,0.0255,0.0247,0.0251,0.0125,0.0171,0.017,0.0175,0.0177,0.0132,-0.0078,-0.0082,0.0853,0.4881,0.1679,0.1266,0.1968,0.2068,-0.0164,0.0789,0.4906,0.2037,0.1553,0.226,0.2314,0.0681,0.478,0.1772,0.124,0.21,0.2168,0.4414,0.2257,0.1885,0.208,0.2088,0.5815,0.5385,0.5072,0.5017,0.0695,0.2093,0.196,0.1742,0.1698,-0.0034
Hmel201001o,12825001,12875000,12850001,49996,0.0159,0.016,0.0152,0.0192,0.0042,0.0124,0.0119,0.0143,0.0143,0.0156,0.0155,0.0193,0.0266,0.0186,0.0188,0.0216,0.022,0.0151,0.0192,0.0278,0.0204,0.0206,0.0233,0.0236,0.0191,0.0274,0.0204,0.0204,0.0235,0.0238,0.0277,0.0225,0.0227,0.0241,0.0243,0.0273,0.0278,0.0275,0.0273,0.0136,0.0174,0.0174,0.0176,0.018,0.0142,-0.0099,-0.0015,0.0606,0.4666,0.1438,0.1591,0.1858,0.1965,-0.0174,0.0571,0.4829,0.1895,0.2038,0.2244,0.2309,0.0682,0.4941,0.2037,0.2131,0.2417,0.2481,0.4406,0.1969,0.2112,0.1987,0.202,0.5482,0.5655,0.512,0.5105,0.0567,0.1395,0.1399,0.1555,0.165,-0.0049
Hmel201001o,12850001,12900000,12874993,49918,0.015,0.0148,0.014,0.0198,0.0047,0.0115,0.0109,0.0136,0.0134,0.0147,0.0147,0.0195,0.0257,0.0182,0.0195,0.0222,0.0219,0.014,0.0191,0.0265,0.0195,0.021,0.0238,0.0236,0.0188,0.0263,0.0201,0.0214,0.0241,0.024,0.0277,0.0228,0.0234,0.0254,0.0252,0.026,0.0262,0.0265,0.0261,0.0126,0.0164,0.0163,0.0162,0.0162,0.0133,-0.006,0.0087,0.0727,0.4627,0.1662,0.211,0.2279,0.2253,-0.0135,0.0654,0.4776,0.2045,0.2509,0.2653,0.2634,0.0724,0.4912,0.2348,0.2765,0.2866,0.2868,0.4212,0.2107,0.2341,0.2268,0.2254,0.5405,0.5562,0.5036,0.5009,0.0624,0.1416,0.1419,0.1473,0.1497,-0.0069
Hmel201001o,12875001,12925000,12900030,49920,0.0112,0.0112,0.0111,0.0183,0.0037,0.0075,0.0092,0.0101,0.0098,0.0112,0.0113,0.0167,0.0216,0.0156,0.0155,0.0185,0.0183,0.0107,0.0165,0.0217,0.0157,0.0159,0.0188,0.0187,0.0162,0.0215,0.0159,0.0161,0.0188,0.0188,0.0239,0.0199,0.0198,0.0219,0.0218,0.0211,0.0214,0.0221,0.0221,0.0105,0.0133,0.0131,0.0138,0.0137,0.0101,-0.0001,0.0055,0.088,0.5039,0.264,0.2176,0.2818,0.2863,-0.0209,0.0819,0.5046,0.2658,0.2286,0.2881,0.2956,0.0723,0.502,0.2752,0.2351,0.2895,0.2992,0.4058,0.2485,0.2086,0.2376,0.2445,0.5967,0.5512,0.5387,0.5474,0.1197,0.2136,0.218,0.1835,0.1919,0.0076
Hmel201001o,12900001,12950000,12925000,49998,0.0095,0.009,0.0086,0.0163,0.0032,0.0062,0.0081,0.008,0.0078,0.0092,0.0092,0.0144,0.0235,0.015,0.0134,0.0158,0.0157,0.0086,0.0144,0.0235,0.015,0.0135,0.016,0.0159,0.0142,0.0235,0.0151,0.0135,0.0159,0.0159,0.0249,0.0186,0.0176,0.0192,0.0191,0.0226,0.0234,0.0237,0.0236,0.0086,0.0109,0.0111,0.0114,0.0118,0.0081,-0.0032,0.0058,0.0824,0.5892,0.3263,0.2183,0.2994,0.3006,-0.0149,0.0941,0.6034,0.3432,0.2363,0.3177,0.3202,0.0971,0.6147,0.3567,0.2479,0.328,0.3324,0.4711,0.2827,0.213,0.2526,0.2557,0.6726,0.6279,0.6325,0.6374,0.1015,0.2234,0.2399,0.1795,0.2053,0.012
Hmel201001o,12925001,12975000,12949996,49983,0.0141,0.014,0.0125,0.02,0.0036,0.0132,0.014,0.013,0.0122,0.0137,0.0137,0.0206,0.0318,0.0193,0.0184,0.0237,0.0233,0.0132,0.0203,0.0327,0.0201,0.0188,0.0241,0.0237,0.0197,0.0329,0.0203,0.0186,0.0235,0.0232,0.0345,0.0239,0.0233,0.026,0.0256,0.0318,0.0321,0.0333,0.033,0.0141,0.0193,0.0186,0.0193,0.019,0.0128,-0.0129,0.017,0.1137,0.5815,0.182,0.1405,0.2852,0.291,0.0003,0.1071,0.5925,0.2041,0.1553,0.2951,0.302,0.1214,0.6234,0.238,0.1777,0.3108,0.3197,0.5204,0.2021,0.1752,0.2438,0.2507,0.5985,0.5862,0.617,0.6296,0.019,0.201,0.2,0.1865,0.1944,0.0097
Hmel201001o,12950001,13000000,12975002,49969,0.0155,0.0176,0.0155,0.0239,0.0049,0.0163,0.0183,0.0163,0.0158,0.0162,0.0161,0.0253,0.0354,0.0227,0.0234,0.031,0.0312,0.0166,0.0254,0.0366,0.0233,0.0234,0.0313,0.0316,0.0249,0.0367,0.0233,0.0237,0.0306,0.0309,0.0374,0.029,0.0295,0.0332,0.033,0.0361,0.0364,0.0377,0.0374,0.018,0.0251,0.0247,0.0259,0.0259,0.0167,-0.0116,0.0214,0.1473,0.5691,0.1868,0.1706,0.3373,0.3475,0.001,0.1187,0.5459,0.1677,0.1395,0.3125,0.3233,0.139,0.5808,0.1983,0.1766,0.3308,0.3422,0.476,0.2013,0.1811,0.265,0.2702,0.562,0.5324,0.5769,0.583,0.0196,0.2233,0.2244,0.2101,0.2171,0.0228
Hmel201001o,12975001,13025000,13000007,49985,0.0118,0.0142,0.0115,0.0218,0.0054,0.0138,0.016,0.0126,0.0132,0.0128,0.0123,0.022,0.0332,0.02,0.0223,0.0272,0.0275,0.0132,0.0217,0.0336,0.0206,0.0217,0.0278,0.0282,0.0228,0.0336,0.0197,0.0221,0.0274,0.0277,0.0344,0.0274,0.0283,0.032,0.0324,0.0335,0.0343,0.0335,0.0337,0.0159,0.0198,0.0204,0.0207,0.0213,0.0132,-0.0083,0.0267,0.1623,0.6032,0.2301,0.2423,0.3946,0.3905,0.0149,0.1153,0.5637,0.199,0.1887,0.3642,0.3611,0.1842,0.6129,0.2273,0.2441,0.4036,0.3982,0.4645,0.2335,0.2171,0.3233,0.3214,0.5699,0.5402,0.5907,0.5825,0.0332,0.2092,0.2139,0.1905,0.1955,0.0117
Hmel201001o,13000001,13050000,13024937,49192,0.0094,0.0116,0.0096,0.0198,0.0038,0.0136,0.0148,0.0112,0.0111,0.0108,0.0102,0.0195,0.0305,0.021,0.0219,0.027,0.0276,0.011,0.0189,0.0308,0.0214,0.0216,0.0272,0.0279,0.0192,0.0309,0.0211,0.0218,0.027,0.0277,0.0331,0.0269,0.027,0.0309,0.0316,0.0307,0.0317,0.0313,0.0322,0.0155,0.0182,0.0184,0.0184,0.0186,0.0111,0.015,0.0402,0.1778,0.6596,0.3072,0.3036,0.4652,0.4745,0.0185,0.1189,0.6154,0.2719,0.2542,0.4264,0.4379,0.1662,0.6572,0.303,0.2963,0.4599,0.4706,0.5051,0.2535,0.2377,0.3548,0.3657,0.5737,0.5632,0.6279,0.6379,0.0485,0.2008,0.2062,0.1832,0.1877,-0.0011
Hmel201001o,13025001,13075000,13050192,48818,0.0076,0.0094,0.0094,0.0199,0.0027,0.0149,0.014,0.0136,0.0117,0.0093,0.0092,0.0186,0.0299,0.0233,0.0231,0.0288,0.0308,0.0096,0.019,0.0301,0.0226,0.0223,0.028,0.0299,0.0177,0.0301,0.023,0.023,0.0283,0.0304,0.0319,0.0278,0.0284,0.0311,0.0331,0.0302,0.0315,0.0312,0.0322,0.0149,0.019,0.0189,0.018,0.0179,0.0125,0.0496,0.0436,0.1888,0.7184,0.3628,0.3782,0.4779,0.5381,0.0102,0.1642,0.6794,0.3143,0.3269,0.4344,0.4949,0.1289,0.6785,0.3228,0.3395,0.4373,0.5002,0.509,0.2465,0.2713,0.32,0.3749,0.5641,0.5965,0.6013,0.6481,0.0148,0.1508,0.1834,0.1411,0.1724,-0.0058
Hmel201001o,13050001,13100000,13075012,49574,0.0119,0.0122,0.0126,0.0189,0.0046,0.0159,0.0154,0.0171,0.0149,0.0131,0.013,0.0187,0.0305,0.0214,0.0212,0.0261,0.0276,0.0126,0.0192,0.0308,0.021,0.0206,0.0264,0.028,0.0181,0.0305,0.0214,0.021,0.0262,0.028,0.0309,0.0248,0.0251,0.0284,0.03,0.0307,0.0319,0.0313,0.0321,0.0157,0.0207,0.0209,0.0204,0.0208,0.0157,0.0426,0.0322,0.1186,0.5901,0.2234,0.2274,0.2989,0.3602,0.0084,0.1272,0.5888,0.2079,0.208,0.3003,0.3633,0.0912,0.5783,0.2122,0.21,0.2909,0.3573,0.4789,0.1876,0.2016,0.2343,0.2949,0.5167,0.5394,0.5022,0.5511,0.0012,0.1187,0.1587,0.1203,0.1647,-0.0095
Hmel201001o,13075001,13125000,13099969,49654,0.0136,0.0139,0.0145,0.0192,0.0054,0.0144,0.0139,0.0158,0.0151,0.0147,0.0148,0.0183,0.0291,0.0182,0.0179,0.0219,0.0221,0.0142,0.0186,0.0294,0.0185,0.0176,0.0232,0.0239,0.0187,0.0291,0.019,0.0182,0.0228,0.0235,0.0291,0.0215,0.021,0.0243,0.0247,0.0287,0.0296,0.0287,0.0292,0.0156,0.02,0.0205,0.0206,0.0212,0.0156,0.0367,0.0268,0.0731,0.5238,0.1385,0.1381,0.2085,0.2228,0.0003,0.0765,0.5219,0.1419,0.1236,0.2312,0.2564,0.0677,0.5071,0.1453,0.1295,0.2127,0.2397,0.437,0.1408,0.1369,0.1781,0.1951,0.5025,0.5234,0.4776,0.4953,0.0516,0.1482,0.1703,0.1717,0.1969,0.0039
Hmel201001o,13100001,13150000,13124996,49233,0.013,0.0152,0.0155,0.0223,0.0045,0.0159,0.0134,0.0166,0.0171,0.015,0.0147,0.0203,0.0305,0.0188,0.0191,0.0244,0.0252,0.015,0.0206,0.0304,0.0192,0.0189,0.0245,0.0257,0.0209,0.0304,0.0197,0.0196,0.0248,0.026,0.0314,0.0236,0.0238,0.0266,0.0275,0.0293,0.0301,0.0297,0.0306,0.0167,0.0214,0.0221,0.0227,0.0235,0.0169,0.0351,0.0175,0.0992,0.5707,0.1401,0.1937,0.2571,0.2652,-0.011,0.068,0.5268,0.1134,0.1456,0.2242,0.2409,0.0718,0.5217,0.1205,0.1608,0.2262,0.242,0.4372,0.1263,0.168,0.174,0.1816,0.5012,0.5575,0.4922,0.495,0.0699,0.1458,0.154,0.2157,0.2235,0.0007
Hmel201001o,13125001,13175000,13150111,49489,0.0163,0.0176,0.0174,0.0248,0.0055,0.0179,0.0148,0.0211,0.0215,0.0176,0.0173,0.0237,0.034,0.0241,0.0244,0.0292,0.0307,0.017,0.0236,0.0341,0.0247,0.0248,0.0289,0.0308,0.0235,0.0345,0.025,0.0251,0.0297,0.0315,0.035,0.0285,0.0289,0.0312,0.0325,0.0327,0.0339,0.0325,0.0343,0.0184,0.0248,0.0254,0.0271,0.028,0.0214,0.02,0.0153,0.0941,0.5308,0.1798,0.232,0.2301,0.2508,-0.0152,0.0726,0.5107,0.1724,0.2196,0.2089,0.2349,0.0744,0.518,0.1837,0.2301,0.2248,0.2498,0.4305,0.1628,0.2114,0.1645,0.1804,0.4897,0.5541,0.4342,0.4519,0.0619,0.1263,0.1339,0.2124,0.2241,0.0029
Hmel201001o,13150001,13200000,13175007,49962,0.0157,0.0154,0.0149,0.0241,0.0058,0.0153,0.0102,0.02,0.0198,0.0154,0.0157,0.0234,0.0331,0.0254,0.0279,0.0296,0.0307,0.0149,0.0232,0.0335,0.0261,0.0284,0.03,0.0312,0.0227,0.0337,0.0264,0.0288,0.0304,0.0316,0.0353,0.0306,0.0322,0.0331,0.034,0.0327,0.0338,0.0316,0.0328,0.0149,0.0234,0.0234,0.0238,0.024,0.0202,-0.0053,0.0122,0.1035,0.5253,0.2544,0.3806,0.2602,0.2798,-0.0092,0.1039,0.535,0.2717,0.3934,0.2701,0.2922,0.1011,0.5451,0.2839,0.4074,0.2822,0.3037,0.4373,0.2381,0.3343,0.2141,0.229,0.5271,0.6308,0.4354,0.4536,0.0823,0.146,0.1511,0.2337,0.2406,0.0077
Hmel201001o,13175001,13225000,13199994,49980,0.0163,0.0168,0.0173,0.0241,0.006,0.0152,0.0087,0.0189,0.0189,0.0165,0.0175,0.0252,0.0351,0.028,0.0322,0.0339,0.0336,0.0169,0.0251,0.0357,0.0284,0.0325,0.035,0.0349,0.0248,0.0363,0.0282,0.0326,0.0348,0.0345,0.0381,0.0324,0.0349,0.0356,0.0359,0.0363,0.0374,0.0364,0.0368,0.0148,0.0244,0.0244,0.0252,0.0249,0.0196,-0.003,0.0218,0.1319,0.5342,0.2921,0.4561,0.3296,0.3254,-0.004,0.1215,0.5322,0.2922,0.452,0.3386,0.3367,0.1081,0.5297,0.281,0.4451,0.3299,0.325,0.4647,0.2671,0.3908,0.2634,0.2665,0.5635,0.6854,0.5066,0.5101,0.1115,0.1872,0.1869,0.305,0.2997,0.0184
Hmel201001o,13200001,13250000,13224982,49897,0.0162,0.016,0.0171,0.0214,0.0044,0.0122,0.01,0.0153,0.0155,0.0159,0.0175,0.0234,0.0303,0.0288,0.03,0.0329,0.0325,0.0164,0.0228,0.0309,0.029,0.0304,0.0339,0.0337,0.0226,0.0318,0.0288,0.0305,0.034,0.0336,0.0325,0.0307,0.0318,0.0331,0.0333,0.0331,0.0343,0.0338,0.0344,0.0131,0.0196,0.0196,0.0219,0.0218,0.0159,-0.0063,0.0251,0.1255,0.5086,0.3535,0.408,0.3669,0.359,-0.0037,0.1166,0.5193,0.3602,0.4166,0.3829,0.3779,0.0934,0.5102,0.3401,0.4006,0.3685,0.3618,0.4651,0.3164,0.3655,0.3055,0.3056,0.6135,0.6667,0.5638,0.5666,0.0886,0.1847,0.1802,0.2798,0.2735,0.0165
Hmel201001o,13225001,13275000,13250020,49917,0.0173,0.0159,0.0176,0.0222,0.0046,0.0111,0.013,0.0148,0.0144,0.0165,0.018,0.0227,0.0284,0.0269,0.0261,0.0297,0.0302,0.0162,0.0216,0.0288,0.0276,0.0269,0.0307,0.0311,0.0217,0.0292,0.0278,0.0273,0.031,0.0313,0.0301,0.0301,0.0297,0.0316,0.032,0.0307,0.0312,0.0303,0.031,0.0131,0.0185,0.0186,0.0195,0.0195,0.0143,-0.0035,0.0183,0.0833,0.4593,0.323,0.2784,0.3121,0.3256,-0.016,0.0816,0.4915,0.3577,0.3141,0.3464,0.3587,0.0563,0.4659,0.3338,0.2958,0.327,0.3389,0.42,0.3145,0.2804,0.2813,0.2929,0.6084,0.5768,0.5307,0.5474,0.0445,0.1846,0.1962,0.1768,0.1849,-0.0118
Hmel201001o,13250001,13300000,13275000,50000,0.0174,0.0165,0.0174,0.0248,0.0032,0.0078,0.0111,0.0141,0.013,0.0173,0.018,0.0233,0.0319,0.0198,0.0193,0.0215,0.0216,0.0165,0.0233,0.0324,0.0201,0.0197,0.0227,0.0227,0.0234,0.0328,0.0205,0.0206,0.0234,0.0235,0.0323,0.0259,0.0256,0.0268,0.027,0.0333,0.0335,0.0322,0.0322,0.0107,0.0183,0.0181,0.0179,0.0175,0.0134,0.0119,0.0177,0.0678,0.5276,0.2331,0.159,0.1612,0.1818,-0.0136,0.0821,0.5511,0.2586,0.1868,0.2048,0.2231,0.0699,0.5377,0.2488,0.19,0.2046,0.2258,0.435,0.2674,0.2091,0.1853,0.206,0.7289,0.6625,0.5918,0.6142,0.0641,0.2612,0.2821,0.1806,0.1945,-0.0074
Hmel201001o,13275001,13325000,13300000,49995,0.0132,0.0113,0.0129,0.0219,0.0015,0.0053,0.0097,0.0101,0.0101,0.0129,0.0135,0.0206,0.0304,0.0178,0.0162,0.0193,0.0187,0.012,0.0216,0.031,0.0175,0.0156,0.0203,0.0197,0.0213,0.0312,0.0177,0.0163,0.0203,0.0199,0.0313,0.0234,0.0228,0.0244,0.0241,0.0311,0.0309,0.0301,0.0298,0.0083,0.0147,0.0137,0.0156,0.0148,0.0102,0.0283,0.0169,0.1063,0.6264,0.3323,0.1797,0.2591,0.2445,-0.0025,0.1619,0.6721,0.3736,0.204,0.3225,0.3103,0.1265,0.6396,0.3345,0.1888,0.2882,0.2789,0.4938,0.31,0.2145,0.2409,0.234,0.8131,0.7055,0.6905,0.6873,0.053,0.3283,0.2942,0.2348,0.2064,0.0052
Hmel201001o,13300001,13350000,13325000,49985,0.0109,0.0083,0.0122,0.02,0.0036,0.0094,0.0136,0.0111,0.0123,0.0104,0.0117,0.0202,0.032,0.0224,0.0205,0.0253,0.0252,0.0104,0.0212,0.0326,0.0229,0.021,0.0264,0.0264,0.0208,0.0327,0.0226,0.0207,0.0255,0.0255,0.0337,0.0268,0.0253,0.0281,0.0277,0.0313,0.0318,0.0311,0.0313,0.012,0.0161,0.0154,0.0179,0.0175,0.0118,0.0429,0.0068,0.163,0.6457,0.3916,0.2633,0.4096,0.3859,0.0063,0.2359,0.7061,0.4597,0.3273,0.4798,0.4567,0.1511,0.6258,0.3678,0.2413,0.3876,0.3663,0.512,0.3206,0.2209,0.3129,0.2876,0.6706,0.5895,0.6341,0.6114,0.0217,0.2348,0.1845,0.1922,0.1586,0.007
Hmel201001o,13325001,13375000,13350003,49990,0.0089,0.0076,0.011,0.0211,0.0051,0.0091,0.0124,0.0128,0.0136,0.0086,0.0098,0.0212,0.0321,0.0236,0.0226,0.0265,0.0267,0.0095,0.0218,0.0327,0.0244,0.0237,0.0275,0.0278,0.021,0.0332,0.0244,0.0233,0.0271,0.0274,0.0345,0.029,0.028,0.03,0.0299,0.0319,0.0324,0.0321,0.0326,0.012,0.0163,0.0157,0.0172,0.0174,0.0137,0.0238,-0.0086,0.2082,0.6581,0.465,0.3735,0.4333,0.4236,0.0116,0.2436,0.6898,0.5067,0.4226,0.4736,0.4642,0.1644,0.6251,0.4321,0.3455,0.4045,0.3961,0.4801,0.3449,0.2753,0.2993,0.2873,0.6528,0.5905,0.5796,0.5716,0.0593,0.2059,0.1704,0.1613,0.1535,0.0193
Hmel201001o,13350001,13400000,13375000,49997,0.0075,0.0073,0.0084,0.0209,0.0044,0.0073,0.0083,0.0111,0.012,0.0075,0.008,0.0199,0.0288,0.0205,0.0201,0.0237,0.0237,0.0079,0.0202,0.0295,0.021,0.0206,0.0239,0.024,0.0202,0.0298,0.0205,0.02,0.0235,0.0235,0.0318,0.0263,0.0263,0.0278,0.0277,0.0294,0.0297,0.0294,0.0297,0.0091,0.0146,0.014,0.0154,0.015,0.013,0.0086,0.0056,0.2069,0.6713,0.4854,0.4526,0.4527,0.4329,0.0063,0.2186,0.6823,0.4995,0.467,0.4607,0.442,0.1973,0.661,0.4617,0.4286,0.431,0.4108,0.4631,0.3342,0.3189,0.2955,0.2783,0.6803,0.6619,0.5991,0.5816,0.0786,0.2379,0.1921,0.2415,0.2013,0.061
Hmel201001o,13375001,13425000,13399690,48777,0.0079,0.0087,0.0071,0.0219,0.003,0.0085,0.005,0.0086,0.0102,0.0087,0.0074,0.0195,0.0295,0.0183,0.0184,0.022,0.0217,0.0083,0.0204,0.0297,0.0179,0.0173,0.0229,0.0227,0.0198,0.03,0.0178,0.0179,0.0216,0.0213,0.032,0.0238,0.0241,0.0257,0.0255,0.0289,0.0294,0.0295,0.0293,0.0077,0.0152,0.0149,0.0181,0.0169,0.0109,0.025,-0.0075,0.1762,0.7029,0.3946,0.4973,0.4717,0.4268,0.0261,0.1793,0.6841,0.3647,0.4482,0.4657,0.4261,0.1981,0.7242,0.4034,0.5105,0.4817,0.4369,0.4747,0.2555,0.3265,0.2878,0.2584,0.6817,0.7734,0.6855,0.6473,0.0681,0.2924,0.2404,0.4702,0.3955,0.0789
Hmel201001o,13400001,13450000,13425306,48735,0.0104,0.0097,0.0088,0.0224,0.0023,0.009,0.0043,0.011,0.0119,0.0104,0.0091,0.021,0.0318,0.0217,0.0215,0.0238,0.0232,0.0095,0.0208,0.032,0.0219,0.021,0.0258,0.0252,0.0202,0.0319,0.0221,0.0219,0.0244,0.0237,0.034,0.0269,0.0268,0.0276,0.0275,0.0298,0.03,0.0302,0.0298,0.0076,0.0171,0.0165,0.0197,0.0188,0.0118,0.0186,-0.0293,0.1574,0.6813,0.3969,0.508,0.397,0.3662,0.0114,0.1652,0.6969,0.4167,0.5162,0.4435,0.4155,0.1685,0.7159,0.4394,0.5548,0.4382,0.4073,0.5008,0.2945,0.3765,0.2754,0.2583,0.6939,0.8118,0.6543,0.6293,0.0703,0.274,0.2344,0.4586,0.4129,0.0187
Hmel201001o,13425001,13475000,13450012,49943,0.0102,0.0084,0.0093,0.0187,0.0023,0.0078,0.0046,0.0102,0.0115,0.0096,0.0097,0.0191,0.0295,0.0194,0.0198,0.022,0.0219,0.0086,0.0182,0.0306,0.0206,0.021,0.0235,0.0234,0.0187,0.0304,0.0205,0.0209,0.0231,0.0231,0.0315,0.0249,0.0255,0.026,0.0261,0.0281,0.029,0.0275,0.0275,0.0067,0.0163,0.0159,0.0175,0.0171,0.0108,0.0158,-0.0014,0.1662,0.6656,0.3803,0.4719,0.3803,0.3528,-0.0134,0.1799,0.715,0.4513,0.542,0.4476,0.4197,0.1745,0.6947,0.4279,0.517,0.422,0.3951,0.5308,0.3363,0.4073,0.31,0.2895,0.7089,0.7987,0.6443,0.6152,0.0375,0.3014,0.2578,0.4194,0.3774,-0.0017
Hmel201001o,13450001,13500000,13475003,49982,0.0063,0.0056,0.0062,0.0159,0.0015,0.0052,0.0024,0.006,0.0083,0.0062,0.0064,0.0155,0.0254,0.017,0.0175,0.0192,0.0194,0.0058,0.0153,0.0259,0.0175,0.0179,0.0198,0.0202,0.0154,0.026,0.0176,0.018,0.0197,0.0202,0.027,0.0212,0.0219,0.0222,0.0223,0.0258,0.0266,0.0253,0.0257,0.0041,0.0123,0.0126,0.0136,0.0139,0.0073,0.0252,0.0165,0.2033,0.7477,0.5125,0.6198,0.5311,0.4714,-0.0108,0.2131,0.7701,0.5424,0.6488,0.5615,0.503,0.2019,0.7542,0.5267,0.6303,0.5432,0.4871,0.5439,0.368,0.4476,0.369,0.3225,0.7829,0.8732,0.7552,0.695,0.0471,0.3907,0.3186,0.5464,0.4631,0.0101
Hmel201001o,13475001,13525000,13500003,49994,0.0041,0.0042,0.0042,0.0153,0.0011,0.0026,0.0011,0.0044,0.007,0.0042,0.004,0.0139,0.0221,0.0149,0.0153,0.0151,0.015,0.004,0.0141,0.0222,0.015,0.0154,0.0153,0.0152,0.014,0.0221,0.015,0.0153,0.0153,0.0151,0.0248,0.0187,0.0189,0.019,0.0188,0.0225,0.0227,0.0228,0.0226,0.002,0.0065,0.0077,0.007,0.008,0.0061,0.0005,-0.0146,0.2259,0.7996,0.6484,0.7227,0.5747,0.4737,-0.0239,0.2286,0.7965,0.6459,0.7194,0.5751,0.4767,0.2263,0.7974,0.6469,0.7207,0.5755,0.4754,0.5368,0.3947,0.4383,0.3525,0.2865,0.8572,0.9134,0.7937,0.7086,0.0407,0.3136,0.2425,0.4482,0.3426,0.0298
Hmel201001o,13500001,13550000,13524816,49476,0.0053,0.006,0.0053,0.0172,0.0014,0.0025,0.0028,0.0052,0.0079,0.0057,0.0052,0.0164,0.027,0.0157,0.016,0.0158,0.0155,0.0055,0.0168,0.0273,0.0162,0.0165,0.0163,0.016,0.0165,0.0271,0.0159,0.0162,0.016,0.0157,0.0297,0.0198,0.0198,0.0198,0.0196,0.0258,0.0262,0.0258,0.0257,0.0028,0.0083,0.0092,0.0085,0.0095,0.007,-0.0005,-0.0063,0.2303,0.791,0.6154,0.6116,0.5175,0.4172,-0.0146,0.2248,0.7737,0.5977,0.5952,0.5054,0.4085,0.2318,0.792,0.6189,0.6156,0.5232,0.4212,0.5554,0.3791,0.3728,0.3154,0.2498,0.8671,0.8611,0.7855,0.7067,0.0229,0.3775,0.289,0.3736,0.2889,0.0314
Hmel201001o,13525001,13575000,13550073,49428,0.0112,0.0116,0.0119,0.023,0.0024,0.0082,0.005,0.0114,0.0129,0.0112,0.0119,0.0236,0.034,0.0243,0.0255,0.0256,0.026,0.0123,0.0238,0.0343,0.025,0.0262,0.026,0.0263,0.023,0.0344,0.0245,0.0262,0.0261,0.0265,0.0363,0.029,0.0298,0.0298,0.0298,0.0336,0.0349,0.0328,0.0332,0.0081,0.0174,0.0177,0.0164,0.0166,0.0124,-0.0123,0.0134,0.1906,0.68,0.4452,0.533,0.4017,0.381,0.0253,0.1894,0.6761,0.4495,0.5361,0.4023,0.3804,0.1678,0.6696,0.433,0.5281,0.3968,0.3783,0.5162,0.3344,0.3995,0.2968,0.2746,0.7408,0.8188,0.6669,0.6416,0.1086,0.2929,0.2672,0.3471,0.3158,0.0135
Hmel201001o,13550001,13600000,13575016,49952,0.0189,0.0176,0.0201,0.0267,0.0039,0.0154,0.0092,0.0166,0.0166,0.0184,0.0202,0.0292,0.0336,0.0277,0.0277,0.0326,0.0334,0.0199,0.0286,0.0342,0.0285,0.0281,0.0326,0.0334,0.0279,0.0348,0.0287,0.0287,0.0326,0.0335,0.0362,0.0335,0.0352,0.0354,0.0358,0.0337,0.0358,0.0334,0.0338,0.0166,0.0226,0.023,0.0245,0.0249,0.0168,0.0041,0.0196,0.1423,0.5101,0.2482,0.343,0.3094,0.3204,0.0279,0.15,0.5376,0.2797,0.3691,0.3268,0.3372,0.1052,0.5029,0.2471,0.3385,0.2929,0.3058,0.4436,0.2542,0.3584,0.2651,0.2692,0.5704,0.7045,0.5467,0.5497,0.1563,0.1804,0.1882,0.3256,0.3327,0.0076
Hmel201001o,13575001,13625000,13599969,49839,0.0187,0.0169,0.0186,0.0221,0.004,0.016,0.0123,0.0158,0.0165,0.0184,0.0194,0.0244,0.0328,0.0232,0.0231,0.0299,0.0308,0.0181,0.0233,0.0338,0.0236,0.0237,0.0305,0.0318,0.0232,0.0344,0.0241,0.0239,0.0303,0.0315,0.0334,0.0275,0.029,0.0313,0.0321,0.0319,0.0338,0.031,0.032,0.0176,0.022,0.0226,0.0255,0.026,0.0166,0.0175,0.0203,0.1009,0.5012,0.1525,0.2062,0.2807,0.2856,0.0103,0.1046,0.5425,0.1868,0.2482,0.3143,0.3252,0.0765,0.5209,0.1722,0.226,0.2887,0.2979,0.471,0.1991,0.2819,0.2636,0.2671,0.5373,0.6258,0.5302,0.5307,0.1142,0.1681,0.1731,0.3028,0.3023,0.0159
Hmel201001o,13600001,13650000,13625049,49837,0.016,0.0146,0.0145,0.0201,0.0044,0.0144,0.0118,0.0151,0.0148,0.0157,0.0155,0.021,0.0303,0.0194,0.0205,0.0263,0.0273,0.0145,0.0201,0.031,0.0197,0.0212,0.0276,0.0289,0.0198,0.0311,0.0195,0.0209,0.0275,0.0288,0.031,0.0237,0.0247,0.0283,0.0291,0.0291,0.0307,0.0296,0.0307,0.0143,0.0211,0.0217,0.0225,0.0229,0.016,0.0125,0.0083,0.0911,0.5139,0.13,0.2022,0.2701,0.2934,-0.0028,0.0911,0.5462,0.1605,0.2447,0.3121,0.3407,0.0869,0.5504,0.1583,0.239,0.3133,0.3406,0.4667,0.1784,0.2409,0.2501,0.2696,0.5292,0.5984,0.52,0.5399,0.0461,0.1859,0.2073,0.2623,0.2781,0.0369
Hmel201001o,13625001,13675000,13650001,49998,0.0135,0.0125,0.012,0.0175,0.0044,0.0121,0.0099,0.0132,0.0116,0.0131,0.0126,0.0182,0.0255,0.0161,0.0176,0.0214,0.0223,0.0121,0.0181,0.0262,0.0168,0.0186,0.0228,0.0238,0.0176,0.0258,0.0161,0.0178,0.0224,0.0234,0.027,0.0203,0.022,0.0236,0.0243,0.0248,0.0266,0.0264,0.0269,0.0125,0.0182,0.0183,0.0185,0.0188,0.0131,0.0025,-0.0061,0.095,0.4948,0.1228,0.2104,0.2438,0.293,-0.0058,0.1122,0.5262,0.1634,0.2599,0.2917,0.3425,0.1069,0.5327,0.1525,0.2513,0.2925,0.3444,0.4536,0.1771,0.2568,0.228,0.2708,0.5167,0.5907,0.5148,0.5575,0.067,0.189,0.2273,0.2422,0.287,0.0291
Hmel201001o,13650001,13700000,13674994,49979,0.0108,0.0116,0.0107,0.014,0.0039,0.0119,0.0088,0.0124,0.012,0.0114,0.0106,0.0151,0.0232,0.015,0.0166,0.019,0.0198,0.011,0.0151,0.0241,0.0161,0.0185,0.02,0.0209,0.015,0.0237,0.0152,0.0175,0.0199,0.0208,0.0242,0.0183,0.0207,0.0207,0.0213,0.0236,0.0252,0.024,0.0245,0.0125,0.0165,0.0167,0.0166,0.0173,0.0122,0.0065,-0.0057,0.111,0.5349,0.1466,0.2687,0.2541,0.2827,-0.0082,0.0926,0.529,0.1643,0.302,0.2634,0.2929,0.113,0.5458,0.1547,0.2983,0.2803,0.3084,0.4878,0.1822,0.3116,0.2339,0.2546,0.5151,0.6139,0.5094,0.5278,0.1026,0.1621,0.1762,0.2336,0.2625,0.003
Hmel201001o,13675001,13725000,13700005,49979,0.0107,0.0118,0.0109,0.0149,0.0042,0.0133,0.0097,0.0131,0.0136,0.0116,0.0109,0.0158,0.0229,0.0147,0.015,0.0205,0.0212,0.0112,0.0153,0.0233,0.0157,0.0165,0.0211,0.0218,0.0155,0.0232,0.0152,0.0158,0.0215,0.0223,0.0238,0.0184,0.0195,0.0215,0.0219,0.0231,0.0244,0.0236,0.0242,0.0135,0.0175,0.0178,0.0192,0.02,0.0134,0.0155,0.0031,0.1239,0.5234,0.1067,0.2005,0.2771,0.2844,-0.0055,0.0849,0.5054,0.1198,0.2231,0.2705,0.2789,0.109,0.5253,0.1204,0.2236,0.2974,0.3048,0.4575,0.1428,0.2477,0.2243,0.2227,0.4666,0.5717,0.4793,0.4782,0.0869,0.1484,0.1493,0.267,0.2783,0.0043
Hmel201001o,13700001,13750000,13725000,49995,0.0079,0.0079,0.0075,0.0164,0.0037,0.0121,0.0062,0.011,0.0114,0.008,0.0078,0.014,0.024,0.0137,0.0097,0.0191,0.0192,0.0077,0.0136,0.0243,0.0141,0.0104,0.0195,0.0198,0.0135,0.0244,0.014,0.01,0.0199,0.0203,0.0256,0.0181,0.0154,0.0218,0.0218,0.0226,0.0245,0.023,0.0233,0.0132,0.0146,0.0146,0.0187,0.019,0.0118,0.009,0.0099,0.1074,0.6239,0.1654,0.1674,0.3499,0.3461,0.0004,0.094,0.6303,0.1813,0.2042,0.3625,0.3621,0.0991,0.6415,0.1884,0.1981,0.3807,0.3818,0.4672,0.1376,0.1915,0.2474,0.2411,0.4971,0.6763,0.529,0.5265,0.1889,0.1238,0.1163,0.3824,0.3828,0.0274
Hmel201001o,13725001,13775000,13750002,49993,0.007,0.0071,0.0079,0.0203,0.0027,0.0115,0.0077,0.0117,0.0121,0.007,0.0077,0.0183,0.0282,0.0145,0.0118,0.0223,0.0225,0.0077,0.0178,0.0283,0.0151,0.012,0.0227,0.023,0.0178,0.0288,0.0156,0.0124,0.0231,0.0232,0.0304,0.023,0.0204,0.0265,0.026,0.0268,0.0282,0.0266,0.0264,0.0161,0.0174,0.0174,0.0203,0.0206,0.0127,-0.0011,0.0146,0.1871,0.7176,0.2305,0.241,0.4223,0.4179,0.0111,0.1735,0.7178,0.2509,0.2497,0.4301,0.4257,0.1558,0.7004,0.2442,0.2372,0.4179,0.4109,0.485,0.2087,0.2231,0.2709,0.255,0.5969,0.7003,0.588,0.576,0.2647,0.2099,0.2018,0.3661,0.3631,0.0347
Hmel201001o,13750001,13800000,13774996,49985,0.0081,0.0085,0.0124,0.0217,0.0031,0.0119,0.0104,0.0117,0.0115,0.0083,0.0111,0.0229,0.0261,0.0158,0.0194,0.0247,0.0252,0.0111,0.0226,0.0262,0.0168,0.0197,0.0251,0.0257,0.0213,0.0264,0.0183,0.0208,0.0259,0.0262,0.0291,0.0263,0.0276,0.0298,0.0295,0.028,0.0296,0.0292,0.0293,0.015,0.0191,0.0191,0.0175,0.0174,0.0118,-0.0012,0.042,0.2491,0.6637,0.2372,0.3703,0.4448,0.456,0.0335,0.2354,0.653,0.2565,0.3666,0.4429,0.4546,0.1381,0.5626,0.2111,0.3067,0.3808,0.388,0.4409,0.2465,0.2941,0.3067,0.305,0.5934,0.6457,0.6129,0.617,0.1544,0.2479,0.2526,0.2376,0.2396,0.01
Hmel201001o,13775001,13825000,13799971,49917,0.0117,0.0119,0.015,0.0198,0.0044,0.0132,0.01,0.0136,0.0131,0.0115,0.0142,0.0218,0.0248,0.019,0.0216,0.0246,0.0251,0.0142,0.0216,0.0252,0.0196,0.0224,0.0251,0.0258,0.0205,0.0251,0.0201,0.0227,0.0254,0.0258,0.0278,0.0254,0.0271,0.0285,0.0288,0.0276,0.0299,0.0293,0.0303,0.0135,0.0196,0.0194,0.0177,0.0174,0.0134,-0.0149,0.0325,0.1867,0.5245,0.2191,0.3455,0.3343,0.3528,0.0289,0.1792,0.5266,0.2307,0.3595,0.3409,0.3618,0.0988,0.4573,0.1866,0.3032,0.2935,0.3083,0.4281,0.2332,0.3171,0.2804,0.292,0.5322,0.6263,0.5456,0.5659,0.0798,0.1978,0.2022,0.2114,0.2135,-0.0003
Hmel201001o,13800001,13850000,13824969,49769,0.02,0.0201,0.0206,0.0223,0.0057,0.0162,0.0147,0.0189,0.0191,0.0195,0.0202,0.0244,0.0299,0.0233,0.0245,0.0288,0.0298,0.02,0.0242,0.0302,0.0243,0.0262,0.0298,0.0311,0.0246,0.0305,0.024,0.026,0.0296,0.0305,0.0312,0.0275,0.0287,0.0306,0.0311,0.0307,0.0326,0.0311,0.0321,0.0187,0.0256,0.026,0.0263,0.0266,0.0189,-0.0148,-0.0029,0.0811,0.4148,0.1331,0.181,0.2047,0.2186,-0.0089,0.0747,0.4175,0.1528,0.212,0.2195,0.2374,0.076,0.4143,0.1405,0.2026,0.2112,0.2219,0.416,0.1957,0.2381,0.2091,0.2128,0.4909,0.5401,0.4505,0.4585,0.0996,0.1968,0.2009,0.2332,0.2335,-0.0017
Hmel201001o,13825001,13875000,13850038,49803,0.0182,0.0189,0.0186,0.0219,0.0058,0.0152,0.014,0.0163,0.0172,0.0183,0.018,0.0223,0.0303,0.0199,0.0217,0.0267,0.0276,0.0182,0.0223,0.0303,0.0211,0.0233,0.0275,0.0287,0.0223,0.0303,0.0211,0.0235,0.0275,0.0284,0.0312,0.0247,0.0259,0.0291,0.0294,0.0295,0.0311,0.0296,0.0303,0.0179,0.0233,0.0239,0.0245,0.025,0.0164,-0.0077,-0.011,0.0636,0.4501,0.0923,0.1575,0.2261,0.2299,-0.0163,0.0529,0.4372,0.1117,0.1816,0.2305,0.2387,0.0585,0.4433,0.1163,0.191,0.2345,0.239,0.4185,0.1623,0.2034,0.2243,0.2156,0.4916,0.5334,0.4724,0.4662,0.1082,0.2041,0.2023,0.2465,0.2429,-0.0133
Hmel201001o,13850001,13900000,13875008,49961,0.0152,0.0157,0.0146,0.0193,0.0056,0.0123,0.0119,0.0153,0.0168,0.0155,0.0149,0.0202,0.0284,0.0161,0.0181,0.0252,0.0258,0.0151,0.0199,0.0283,0.0175,0.0193,0.026,0.0266,0.02,0.0287,0.0172,0.0194,0.0264,0.0271,0.0293,0.0216,0.0229,0.0265,0.0268,0.0269,0.0282,0.0278,0.0287,0.0158,0.023,0.023,0.0234,0.0237,0.0159,0.0006,-0.0016,0.0932,0.4803,0.0817,0.1514,0.2572,0.2461,-0.0037,0.0761,0.4683,0.1164,0.1747,0.2638,0.2541,0.0978,0.4957,0.1273,0.1975,0.2891,0.2797,0.4349,0.1782,0.2138,0.2264,0.207,0.517,0.543,0.4697,0.4555,0.1382,0.2612,0.2367,0.2788,0.2586,-0.0049
Hmel201001o,13875001,13925000,13900001,49997,0.0164,0.0168,0.016,0.0187,0.0047,0.0123,0.0122,0.0156,0.0169,0.0166,0.0163,0.0201,0.0259,0.0179,0.0192,0.024,0.0247,0.0162,0.0197,0.0259,0.0195,0.02,0.0247,0.0254,0.0197,0.0269,0.0202,0.021,0.0257,0.0266,0.0266,0.0224,0.0229,0.0247,0.025,0.0253,0.0265,0.0261,0.0266,0.0151,0.0211,0.0212,0.022,0.0222,0.0162,0.0009,0.0031,0.0776,0.4377,0.1182,0.1559,0.2119,0.2048,-0.0042,0.061,0.4306,0.1554,0.1691,0.22,0.2139,0.0725,0.4604,0.1856,0.2071,0.2516,0.2468,0.4238,0.2035,0.2159,0.1936,0.1786,0.513,0.5335,0.4568,0.4382,0.1099,0.2152,0.1948,0.2367,0.218,-0.0023
Hmel201001o,13900001,13950000,13925000,49998,0.0168,0.0173,0.0171,0.0193,0.0045,0.0129,0.0131,0.0156,0.0172,0.017,0.0172,0.0196,0.0268,0.0188,0.0196,0.023,0.0234,0.0168,0.0197,0.0271,0.0198,0.0201,0.0238,0.0242,0.0198,0.0279,0.0205,0.021,0.0245,0.0249,0.0278,0.0221,0.0222,0.0249,0.0248,0.0264,0.0274,0.0264,0.0267,0.0152,0.0198,0.0202,0.0216,0.022,0.0161,-0.0002,0.0075,0.0511,0.4477,0.1243,0.1427,0.1845,0.1666,-0.0122,0.0458,0.4412,0.1438,0.1461,0.1933,0.1761,0.0501,0.4576,0.1644,0.1734,0.211,0.1945,0.4342,0.1789,0.179,0.1906,0.1622,0.5203,0.5301,0.4644,0.4368,0.0834,0.1738,0.1562,0.2129,0.1938,-0.0078
Hmel201001o,13925001,13975000,13949996,49978,0.0163,0.0168,0.0174,0.0198,0.0057,0.0129,0.0126,0.0151,0.0167,0.0164,0.017,0.0196,0.0265,0.0176,0.0191,0.0229,0.0231,0.0167,0.0198,0.0267,0.0181,0.0195,0.0235,0.0238,0.0205,0.0276,0.0181,0.0198,0.0243,0.0245,0.0274,0.021,0.0218,0.0248,0.0248,0.0263,0.0275,0.0263,0.0271,0.015,0.0205,0.0209,0.022,0.0223,0.0162,-0.0054,0.0039,0.0546,0.4299,0.1004,0.1482,0.1971,0.1763,-0.0114,0.0493,0.4246,0.1054,0.1489,0.2011,0.1833,0.0573,0.4264,0.096,0.1458,0.2089,0.1882,0.3992,0.1479,0.1717,0.1904,0.1651,0.4962,0.5186,0.45,0.4315,0.0863,0.2003,0.1812,0.2396,0.2186,0.0095
Hmel201001o,13950001,14000000,13974968,49880,0.0171,0.0169,0.0169,0.0195,0.0054,0.012,0.0123,0.0148,0.0157,0.0171,0.0169,0.0197,0.0265,0.0185,0.02,0.0226,0.0226,0.017,0.0195,0.0274,0.02,0.0213,0.0237,0.0241,0.0197,0.0276,0.02,0.0215,0.0243,0.0244,0.0266,0.0221,0.0231,0.024,0.0242,0.0265,0.0275,0.0266,0.027,0.014,0.0194,0.0193,0.0198,0.0199,0.0157,0.002,-0.0048,0.0446,0.4194,0.1266,0.1615,0.1814,0.1673,0.0018,0.0427,0.4383,0.1711,0.1984,0.2096,0.2028,0.048,0.4398,0.1692,0.2007,0.2213,0.2073,0.3963,0.1913,0.2076,0.1828,0.1718,0.5231,0.5296,0.4655,0.4541,0.0774,0.1925,0.1737,0.1967,0.1827,0.0127
Hmel201001o,13975001,14025000,13999963,49778,0.0144,0.0142,0.0141,0.0167,0.0042,0.0105,0.0119,0.0139,0.0144,0.0143,0.014,0.0164,0.0279,0.0158,0.0162,0.0215,0.0216,0.014,0.0164,0.0287,0.0173,0.0175,0.023,0.0233,0.0162,0.0285,0.0177,0.0179,0.0234,0.0234,0.027,0.0192,0.0193,0.0227,0.0228,0.0276,0.0278,0.0269,0.0268,0.0123,0.019,0.0189,0.0191,0.0193,0.0142,0.0008,-0.0093,0.0364,0.5161,0.1243,0.111,0.2178,0.2112,-0.007,0.0388,0.5303,0.1757,0.1553,0.2523,0.2505,0.0369,0.5308,0.1909,0.1673,0.2636,0.2562,0.4729,0.193,0.1684,0.2079,0.202,0.5941,0.5677,0.5116,0.5012,0.0506,0.2283,0.2163,0.2047,0.1994,0.0024
Hmel201001o,14000001,14050000,14025011,49868,0.0089,0.0099,0.0108,0.0157,0.0039,0.0093,0.0081,0.0106,0.0102,0.0092,0.0098,0.0162,0.0245,0.0111,0.0116,0.0188,0.0191,0.0099,0.016,0.0249,0.0117,0.0124,0.0191,0.0193,0.016,0.0249,0.0124,0.0126,0.0194,0.0196,0.0262,0.0175,0.0178,0.0205,0.0206,0.0245,0.0248,0.0237,0.0239,0.0096,0.0173,0.0176,0.0174,0.0176,0.0103,-0.013,-0.0012,0.1625,0.6007,0.1022,0.159,0.3295,0.3467,-0.0197,0.1346,0.5823,0.1043,0.1661,0.3155,0.3298,0.1134,0.5617,0.1092,0.1529,0.3029,0.3167,0.4848,0.1906,0.2272,0.2384,0.2489,0.5907,0.6256,0.5475,0.561,0.0498,0.2834,0.299,0.3143,0.3305,-0.0047
Hmel201001o,14025001,14075000,14050002,49982,0.0089,0.011,0.0112,0.0188,0.0035,0.0082,0.006,0.0093,0.0096,0.01,0.0101,0.019,0.0247,0.0125,0.0135,0.0188,0.0192,0.0108,0.0188,0.0252,0.0135,0.0146,0.0197,0.0197,0.0186,0.0253,0.0136,0.0145,0.0192,0.0194,0.0277,0.0205,0.0212,0.022,0.0219,0.0244,0.0252,0.0243,0.0247,0.0078,0.0169,0.017,0.0171,0.0172,0.0093,0.0006,0.0035,0.1894,0.6111,0.1955,0.3011,0.3628,0.3622,-0.0168,0.1435,0.5678,0.1775,0.2775,0.335,0.3281,0.1324,0.5636,0.1775,0.2694,0.3185,0.3163,0.4592,0.24,0.301,0.2503,0.243,0.627,0.6953,0.5981,0.5947,0.0486,0.3324,0.3258,0.3987,0.392,-0.0089
Hmel201001o,14050001,14100000,14074936,49633,0.014,0.0153,0.015,0.0215,0.0043,0.0102,0.0098,0.0121,0.0135,0.0148,0.0144,0.0206,0.028,0.0208,0.0221,0.0248,0.025,0.0148,0.0213,0.0282,0.0215,0.0225,0.0257,0.0258,0.021,0.0285,0.021,0.0223,0.0249,0.0252,0.0302,0.0253,0.0262,0.0273,0.0274,0.0286,0.0292,0.0279,0.0287,0.0108,0.0192,0.0189,0.0197,0.0195,0.0129,0.0059,-0.006,0.0962,0.5241,0.2764,0.3125,0.3223,0.3033,-0.0133,0.092,0.5013,0.2675,0.2973,0.3172,0.2981,0.0894,0.51,0.2621,0.2974,0.3071,0.2903,0.4371,0.2596,0.2822,0.2628,0.243,0.6115,0.6265,0.561,0.5441,0.0416,0.2764,0.2409,0.2967,0.2642,0.0039
Hmel201001o,14075001,14125000,14100116,49641,0.0186,0.0189,0.0179,0.0233,0.0042,0.0154,0.0136,0.0155,0.0164,0.0186,0.0181,0.024,0.0312,0.0249,0.0256,0.0289,0.029,0.018,0.0249,0.0309,0.0253,0.0258,0.0292,0.0295,0.0243,0.0311,0.0245,0.0257,0.0288,0.029,0.0321,0.0288,0.0301,0.0307,0.0309,0.0316,0.0326,0.0317,0.0325,0.0164,0.021,0.0209,0.0219,0.0217,0.0161,-0.0048,-0.0022,0.0812,0.4818,0.1987,0.2408,0.2712,0.2602,-0.0115,0.0953,0.4727,0.2019,0.24,0.2711,0.2633,0.0987,0.4921,0.2011,0.2522,0.2797,0.2696,0.4372,0.2166,0.2648,0.246,0.2374,0.5418,0.5882,0.5429,0.5361,0.0648,0.1601,0.1432,0.2128,0.1924,0.0042
Hmel201001o,14100001,14150000,14124981,49932,0.0219,0.0229,0.0219,0.0258,0.0055,0.0193,0.0167,0.0184,0.0188,0.0219,0.0218,0.0274,0.0321,0.0235,0.0243,0.0288,0.0288,0.0222,0.0276,0.0326,0.0244,0.025,0.0301,0.03,0.0272,0.0325,0.0246,0.0258,0.0302,0.0303,0.0328,0.0286,0.0296,0.031,0.031,0.0318,0.0331,0.033,0.0334,0.0213,0.0249,0.0247,0.0253,0.0251,0.0184,-0.0124,-0.0023,0.0796,0.417,0.0711,0.1213,0.1858,0.1824,-0.0048,0.0719,0.4086,0.0769,0.1239,0.1963,0.1911,0.0768,0.423,0.094,0.1521,0.2117,0.2079,0.3918,0.1352,0.1867,0.1869,0.1817,0.4547,0.5135,0.4838,0.4828,0.0887,0.1461,0.1368,0.1917,0.1809,-0.0056
Hmel201001o,14125001,14175000,14150014,49926,0.0229,0.0224,0.0233,0.0289,0.0074,0.0192,0.0193,0.0208,0.0201,0.0227,0.0234,0.0299,0.0313,0.0239,0.0251,0.0295,0.0306,0.023,0.0294,0.032,0.0237,0.0252,0.0308,0.0317,0.0294,0.0322,0.0249,0.0264,0.0316,0.0324,0.0335,0.0296,0.0306,0.0332,0.0337,0.0313,0.0322,0.0329,0.0337,0.0225,0.0276,0.0281,0.028,0.029,0.0206,0.0009,0.0057,0.0846,0.3616,0.0662,0.0909,0.1576,0.1832,0.0029,0.0829,0.3801,0.0696,0.1002,0.1863,0.2081,0.0715,0.3685,0.0838,0.1127,0.1869,0.2083,0.3369,0.125,0.1412,0.1629,0.1774,0.419,0.4303,0.4169,0.4365,0.0825,0.1689,0.1865,0.175,0.2011,0.0034
Hmel201001o,14150001,14200000,14175002,49994,0.0169,0.0153,0.018,0.0271,0.0054,0.015,0.0156,0.0152,0.0135,0.0164,0.0174,0.0259,0.0274,0.0183,0.0209,0.0255,0.0268,0.0166,0.0253,0.0282,0.0173,0.02,0.0261,0.0275,0.0258,0.0282,0.0185,0.0206,0.0259,0.0271,0.0315,0.0259,0.0267,0.029,0.0299,0.0275,0.029,0.0294,0.0299,0.0185,0.0242,0.0255,0.0221,0.0237,0.0146,0.0108,-0.0006,0.1069,0.4374,0.0742,0.1313,0.2396,0.2885,-0.0019,0.1162,0.4791,0.0719,0.1367,0.2763,0.3266,0.0891,0.4308,0.0626,0.1078,0.2316,0.2778,0.3617,0.1323,0.1398,0.1852,0.2211,0.4765,0.4852,0.4983,0.5364,0.1002,0.2456,0.2977,0.1898,0.2521,0.0086
Hmel201001o,14175001,14225000,14200000,50000,0.0153,0.0146,0.0166,0.0246,0.0044,0.015,0.0155,0.0144,0.0137,0.015,0.0155,0.023,0.0279,0.0174,0.0193,0.0257,0.026,0.0154,0.0224,0.0288,0.0177,0.0191,0.0268,0.0271,0.0231,0.0287,0.018,0.019,0.0259,0.0264,0.0315,0.0245,0.0244,0.028,0.0283,0.0281,0.0298,0.0294,0.0296,0.0185,0.0239,0.0245,0.0219,0.0225,0.0137,0.003,-0.018,0.0947,0.4943,0.0737,0.1181,0.2788,0.297,-0.0078,0.0939,0.5203,0.0954,0.1254,0.3115,0.3286,0.0767,0.4795,0.0706,0.089,0.2626,0.2824,0.4083,0.131,0.1208,0.2051,0.219,0.5049,0.5159,0.5317,0.5476,0.1035,0.2512,0.2747,0.199,0.2225,-0.0125
Hmel201001o,14200001,14250000,14224992,49950,0.0184,0.0173,0.018,0.0232,0.0057,0.0182,0.0171,0.0192,0.0202,0.0176,0.018,0.0232,0.0323,0.0216,0.0208,0.0285,0.0287,0.0173,0.0225,0.0325,0.0224,0.0209,0.0295,0.0295,0.0229,0.0329,0.0223,0.021,0.0294,0.0298,0.0335,0.0263,0.0256,0.0305,0.0302,0.0322,0.0332,0.0327,0.0336,0.0203,0.026,0.0263,0.0272,0.0277,0.0194,-0.007,-0.0053,0.0675,0.4737,0.0878,0.0845,0.2152,0.2053,-0.0108,0.0695,0.494,0.1213,0.1024,0.2473,0.2327,0.0685,0.4869,0.1114,0.094,0.2366,0.2294,0.4311,0.1346,0.1358,0.1927,0.1751,0.4747,0.5047,0.4653,0.4589,0.0749,0.1725,0.165,0.2092,0.2043,-0.0092
Hmel201001o,14225001,14275000,14249999,49912,0.0203,0.0198,0.0201,0.0239,0.0065,0.0188,0.0186,0.0188,0.0203,0.0198,0.0204,0.0244,0.033,0.0227,0.0231,0.0292,0.0294,0.0195,0.0243,0.0332,0.0228,0.0232,0.0298,0.0301,0.0243,0.0338,0.0232,0.0232,0.0296,0.0302,0.0341,0.0268,0.0272,0.0307,0.0307,0.0325,0.0339,0.0327,0.0334,0.0214,0.0271,0.0275,0.0278,0.0282,0.0195,-0.006,0.0046,0.0595,0.4391,0.0793,0.0923,0.2095,0.1941,-0.012,0.065,0.4482,0.0875,0.1005,0.2252,0.2116,0.0604,0.4505,0.0922,0.0954,0.2174,0.2089,0.4162,0.1272,0.1385,0.1955,0.1752,0.456,0.4754,0.4584,0.4439,0.0716,0.1903,0.1782,0.2058,0.1931,-0.002
Hmel201001o,14250001,14300000,14275001,49961,0.0196,0.0195,0.0202,0.0232,0.0048,0.0174,0.0201,0.0173,0.0173,0.0193,0.0201,0.0248,0.0302,0.022,0.0218,0.0284,0.0284,0.0194,0.0251,0.0307,0.0217,0.0217,0.0299,0.0301,0.0253,0.031,0.0224,0.0221,0.0298,0.0299,0.0314,0.0256,0.0258,0.0307,0.0307,0.0299,0.0309,0.0305,0.0305,0.0212,0.0272,0.0273,0.0281,0.0279,0.0169,-0.0056,0.0051,0.0856,0.44,0.0911,0.0494,0.2232,0.2235,-0.0133,0.0921,0.4487,0.0875,0.0492,0.2502,0.2539,0.086,0.4394,0.0927,0.0482,0.2381,0.2413,0.4189,0.1336,0.0981,0.2222,0.2227,0.4743,0.4414,0.4835,0.4834,0.0646,0.2324,0.2342,0.2107,0.2079,-0.0107
Hmel201001o,14275001,14325000,14299703,49095,0.0163,0.0152,0.0156,0.0194,0.0041,0.0119,0.017,0.0147,0.0144,0.0155,0.016,0.0209,0.026,0.0192,0.0177,0.0234,0.0239,0.015,0.0201,0.0264,0.0189,0.0174,0.0251,0.0257,0.0203,0.0264,0.0194,0.0177,0.0252,0.0257,0.0274,0.0228,0.0214,0.0267,0.027,0.0268,0.0262,0.0262,0.0268,0.018,0.0226,0.0227,0.0233,0.0237,0.0142,-0.006,0.0023,0.0899,0.4537,0.1621,0.033,0.2138,0.2287,-0.0142,0.0906,0.4816,0.1732,0.0425,0.2675,0.2826,0.0872,0.473,0.1784,0.043,0.2612,0.2755,0.4353,0.2098,0.0922,0.2387,0.2472,0.5559,0.4433,0.4896,0.5038,0.117,0.2725,0.2777,0.2015,0.2151,-0.0133
Hmel201001o,14300001,14350000,14325157,49064,0.0184,0.0161,0.0154,0.0197,0.0052,0.0135,0.0163,0.0171,0.018,0.0175,0.0173,0.0208,0.0299,0.0201,0.0191,0.0265,0.0274,0.0157,0.0192,0.03,0.0198,0.0187,0.028,0.0287,0.0192,0.0297,0.0197,0.0183,0.0276,0.0283,0.0306,0.0233,0.0217,0.0291,0.0289,0.0299,0.03,0.0286,0.0294,0.0187,0.025,0.0253,0.0257,0.0266,0.0176,0.0092,0.0129,0.0507,0.4502,0.1214,0.0529,0.2093,0.2128,-0.0009,0.0466,0.4921,0.1529,0.0759,0.2674,0.2684,0.0601,0.5011,0.1628,0.076,0.271,0.2703,0.4525,0.19,0.1058,0.2379,0.2225,0.5397,0.4891,0.4535,0.4492,0.1196,0.2526,0.2451,0.2247,0.2278,0.0018
Hmel201001o,14325001,14375000,14349940,49795,0.0262,0.0237,0.0228,0.0288,0.0074,0.0214,0.0213,0.0238,0.0249,0.0252,0.0251,0.0295,0.0404,0.0269,0.0257,0.0364,0.0364,0.0236,0.028,0.0404,0.0277,0.0263,0.0382,0.0381,0.0284,0.0399,0.027,0.0255,0.0379,0.0378,0.0415,0.0318,0.0299,0.0398,0.0387,0.04,0.0405,0.0392,0.0395,0.0246,0.0343,0.0345,0.0352,0.0353,0.0244,0.0052,0.0126,0.0411,0.4281,0.0659,0.0411,0.1951,0.1847,0.0069,0.0429,0.4597,0.1097,0.0821,0.2447,0.2316,0.0616,0.4663,0.1062,0.0778,0.2509,0.2384,0.4256,0.1355,0.1052,0.2179,0.1935,0.4874,0.4921,0.4461,0.4347,0.075,0.2173,0.208,0.2295,0.2198,0.0003
Hmel201001o,14350001,14400000,14375000,49665,0.0257,0.0238,0.0231,0.0275,0.0063,0.0154,0.0163,0.0207,0.0206,0.0245,0.0244,0.0279,0.0396,0.0285,0.0276,0.0329,0.033,0.0237,0.027,0.0394,0.0296,0.0286,0.0341,0.0342,0.0268,0.0398,0.0299,0.0286,0.0345,0.0349,0.0397,0.0327,0.0312,0.0359,0.0356,0.0401,0.0397,0.0395,0.0395,0.0186,0.0285,0.0273,0.0278,0.0266,0.0213,-0.005,0.0002,0.0295,0.4401,0.1718,0.1433,0.1821,0.1856,0.0043,0.0334,0.4624,0.2148,0.1846,0.2208,0.2232,0.0394,0.4768,0.2277,0.1938,0.2349,0.242,0.437,0.2345,0.2008,0.2136,0.2118,0.5909,0.572,0.506,0.509,0.084,0.236,0.2172,0.2113,0.1904,0.0173
Hmel201001o,14375001,14425000,14400064,49832,0.0226,0.0214,0.0209,0.0251,0.006,0.012,0.0128,0.0188,0.0183,0.0216,0.0217,0.025,0.0341,0.0254,0.0258,0.0282,0.0283,0.0211,0.0244,0.0339,0.0256,0.026,0.0288,0.0289,0.024,0.0349,0.0269,0.0267,0.0295,0.0298,0.0347,0.0291,0.0291,0.031,0.031,0.0337,0.0346,0.0336,0.0337,0.0145,0.0232,0.0216,0.0238,0.0221,0.0191,-0.0101,-0.0011,0.0301,0.4252,0.2015,0.1972,0.1611,0.1707,-0.0004,0.0328,0.4406,0.2223,0.2175,0.1861,0.1949,0.033,0.4601,0.2542,0.2388,0.2054,0.217,0.4168,0.2519,0.2406,0.188,0.1941,0.5946,0.5888,0.4767,0.4864,0.0834,0.2119,0.185,0.2117,0.1825,0.0139
Hmel201001o,14400001,14450000,14425002,49994,0.0231,0.0225,0.022,0.0277,0.0055,0.0167,0.0186,0.0201,0.02,0.0223,0.0227,0.0266,0.033,0.0242,0.0242,0.0279,0.0278,0.0219,0.0263,0.0329,0.0238,0.0241,0.0286,0.0285,0.0263,0.0334,0.0248,0.0247,0.0294,0.0291,0.0348,0.0285,0.0283,0.0314,0.0314,0.0323,0.0336,0.0322,0.0324,0.0204,0.0254,0.0249,0.0273,0.0266,0.0197,-0.0123,0.0038,0.0347,0.4117,0.1048,0.0784,0.1342,0.1338,-0.0074,0.0348,0.4183,0.1028,0.0846,0.1538,0.1531,0.0412,0.434,0.1316,0.1041,0.174,0.1705,0.3932,0.1493,0.1213,0.1528,0.1556,0.5048,0.4883,0.4466,0.4517,0.0756,0.1678,0.1602,0.1783,0.1685,-0.009
Hmel201001o,14425001,14475000,14449998,49994,0.0217,0.0215,0.0215,0.0254,0.0036,0.017,0.0208,0.0188,0.0196,0.0217,0.0218,0.0251,0.0332,0.0248,0.0227,0.0283,0.0285,0.0211,0.0254,0.0332,0.025,0.023,0.0292,0.0294,0.0249,0.0331,0.0245,0.023,0.029,0.029,0.0336,0.0274,0.0261,0.0297,0.0302,0.0321,0.0333,0.0324,0.0325,0.0219,0.0256,0.0254,0.0277,0.0277,0.0191,0.0034,0.0047,0.0415,0.4644,0.1304,0.0349,0.175,0.1684,-0.0092,0.0501,0.4678,0.1382,0.0441,0.1941,0.1856,0.0408,0.4676,0.1282,0.0438,0.1908,0.1798,0.4366,0.1492,0.0719,0.1653,0.162,0.5318,0.4801,0.5037,0.4903,0.0775,0.1884,0.172,0.1758,0.1645,-0.0025
Hmel201001o,14450001,14500000,14474988,49955,0.0191,0.0197,0.0202,0.0237,0.0055,0.0158,0.0188,0.0181,0.0196,0.0199,0.02,0.0238,0.032,0.0227,0.0212,0.0287,0.029,0.0197,0.0239,0.0322,0.0236,0.0218,0.0298,0.0298,0.0237,0.0325,0.0228,0.0214,0.0294,0.0295,0.032,0.0257,0.025,0.0296,0.0297,0.031,0.032,0.0316,0.0316,0.02,0.0252,0.0249,0.0273,0.0272,0.0187,0.0141,0.01,0.0669,0.4619,0.1388,0.0604,0.2262,0.2105,-0.006,0.0595,0.4541,0.1499,0.0656,0.2351,0.217,0.0489,0.4501,0.1261,0.0487,0.2226,0.2045,0.4103,0.1528,0.0949,0.1889,0.1697,0.5064,0.4647,0.473,0.4476,0.0772,0.2079,0.1798,0.2027,0.1806,-0.0044
Hmel201001o,14475001,14525000,14499997,49512,0.0191,0.0201,0.0194,0.0245,0.0061,0.0167,0.0177,0.0186,0.0196,0.0199,0.0197,0.0246,0.0334,0.0216,0.0215,0.0293,0.0299,0.0196,0.0241,0.0344,0.0221,0.022,0.0302,0.0307,0.0242,0.0347,0.0217,0.0211,0.03,0.0306,0.0341,0.0258,0.0254,0.0316,0.0316,0.0325,0.0337,0.0336,0.0334,0.0194,0.0253,0.026,0.0275,0.0281,0.0188,0.0083,0.0119,0.0755,0.4686,0.0982,0.0836,0.2278,0.225,-0.0032,0.0502,0.4648,0.0973,0.0801,0.2302,0.2265,0.0624,0.4796,0.0978,0.069,0.2365,0.2332,0.4151,0.1335,0.1113,0.2062,0.1935,0.4974,0.4945,0.4792,0.4609,0.0639,0.188,0.1887,0.2168,0.214,-0.0075
Hmel201001o,14500001,14550000,14525216,49543,0.0189,0.0205,0.0194,0.0251,0.0062,0.0178,0.019,0.0185,0.0191,0.0205,0.0199,0.0256,0.0346,0.0234,0.0229,0.0304,0.0313,0.0197,0.0252,0.0355,0.0234,0.023,0.0309,0.0316,0.0244,0.0353,0.0231,0.0223,0.0304,0.0312,0.0355,0.0276,0.0265,0.0323,0.0327,0.0334,0.0352,0.0355,0.0354,0.0198,0.026,0.0269,0.0281,0.029,0.0189,0.0203,0.0202,0.0912,0.4825,0.1287,0.0998,0.2494,0.2554,-0.007,0.0619,0.4682,0.1056,0.0791,0.2367,0.241,0.0608,0.4832,0.1148,0.079,0.244,0.2493,0.4206,0.1444,0.1078,0.2109,0.2091,0.4868,0.4883,0.4991,0.4886,0.039,0.1871,0.1955,0.2106,0.2168,0.0028
Hmel201001o,14525001,14575000,14549996,49913,0.0186,0.0212,0.0214,0.0236,0.0076,0.0201,0.0191,0.0174,0.0174,0.0206,0.0211,0.0255,0.0332,0.025,0.0242,0.0315,0.0323,0.0207,0.0253,0.0333,0.0251,0.0241,0.0316,0.0321,0.0246,0.0333,0.0253,0.0243,0.0313,0.0317,0.0334,0.0281,0.0271,0.0309,0.0317,0.0334,0.0342,0.0344,0.0347,0.0224,0.0262,0.0263,0.0286,0.0289,0.0176,0.0177,0.0279,0.109,0.4511,0.1355,0.1317,0.286,0.2968,-0.0163,0.0671,0.4117,0.1012,0.0946,0.2523,0.2601,0.0506,0.4082,0.1043,0.0956,0.2458,0.2522,0.3961,0.137,0.1315,0.2203,0.2319,0.4288,0.4546,0.4832,0.4864,0.07,0.1737,0.1764,0.2319,0.2369,0.0061
Hmel201001o,14550001,14600000,14575032,49920,0.0178,0.0193,0.0205,0.0201,0.0064,0.0198,0.0173,0.0165,0.0164,0.0187,0.02,0.0222,0.0312,0.023,0.0229,0.0283,0.0291,0.0195,0.0218,0.0317,0.0232,0.0229,0.0285,0.0292,0.0221,0.0316,0.0237,0.0233,0.0288,0.0293,0.0299,0.0243,0.0238,0.0279,0.0288,0.0314,0.0319,0.0327,0.0337,0.0214,0.0245,0.0249,0.0259,0.0264,0.0167,0.0055,0.0237,0.0884,0.4586,0.1078,0.1396,0.2579,0.2729,-0.0106,0.0557,0.4401,0.0921,0.1196,0.2401,0.2531,0.0434,0.4205,0.0863,0.1121,0.2302,0.2392,0.4181,0.1042,0.1327,0.2229,0.2384,0.4278,0.4754,0.4981,0.5112,0.0769,0.158,0.1677,0.2226,0.2322,0.0079
Hmel201001o,14575001,14625000,14599977,49675,0.0138,0.0137,0.013,0.0204,0.003,0.0106,0.0105,0.0126,0.0134,0.0138,0.0142,0.0189,0.0282,0.0179,0.0184,0.0213,0.0211,0.0132,0.0185,0.0285,0.0181,0.0184,0.022,0.0215,0.0188,0.0285,0.0183,0.0185,0.0226,0.022,0.0285,0.0212,0.0214,0.0242,0.0238,0.0268,0.0277,0.0285,0.0292,0.0115,0.0182,0.019,0.0183,0.0192,0.0135,0.0014,0.0296,0.0711,0.5579,0.2009,0.2138,0.2464,0.2277,-0.0036,0.0618,0.564,0.2082,0.2174,0.2631,0.238,0.0824,0.5786,0.2278,0.2331,0.288,0.2611,0.4542,0.1848,0.191,0.2116,0.1899,0.6124,0.6226,0.5864,0.5776,0.0474,0.2317,0.2378,0.2366,0.2433,0.0196
Hmel201001o,14600001,14650000,14625131,49654,0.0138,0.0147,0.0132,0.0231,0.0019,0.0058,0.0104,0.0115,0.0129,0.014,0.0138,0.0207,0.0257,0.0202,0.0188,0.0224,0.0223,0.0135,0.0206,0.0264,0.0203,0.0189,0.0228,0.0225,0.0207,0.0262,0.0208,0.0191,0.0235,0.0233,0.0285,0.024,0.0237,0.0252,0.025,0.0275,0.0265,0.0282,0.0285,0.0102,0.0144,0.0156,0.0171,0.0183,0.0124,-0.0091,0.0137,0.0848,0.5477,0.3611,0.2275,0.2909,0.2632,-0.0174,0.0666,0.5364,0.3415,0.2102,0.2814,0.2516,0.0948,0.5683,0.3889,0.2486,0.3249,0.2944,0.4328,0.2909,0.2054,0.2156,0.1902,0.7639,0.636,0.6291,0.6013,0.1176,0.2609,0.2601,0.2284,0.2319,0.0063
Hmel201001o,14625001,14675000,14649993,49844,0.014,0.0142,0.0154,0.021,0.0027,0.0055,0.0125,0.0113,0.0119,0.014,0.0143,0.0211,0.0221,0.0215,0.0188,0.0223,0.0231,0.0144,0.0213,0.0231,0.0224,0.0196,0.0231,0.0241,0.0209,0.0227,0.0227,0.0198,0.0234,0.0243,0.0249,0.025,0.0239,0.0254,0.026,0.0261,0.0248,0.0265,0.0269,0.0116,0.0143,0.0148,0.017,0.0178,0.0114,-0.0041,-0.0157,0.1141,0.4687,0.3902,0.1835,0.2894,0.2953,-0.0134,0.1168,0.4804,0.4038,0.201,0.3023,0.3104,0.087,0.4459,0.3842,0.1839,0.2865,0.2947,0.3989,0.3463,0.2021,0.2491,0.2502,0.7419,0.5484,0.5984,0.5893,0.1334,0.271,0.2737,0.1868,0.1961,-0.0068
Hmel201001o,14650001,14700000,14675057,49865,0.0132,0.0121,0.0139,0.0189,0.0029,0.0092,0.0117,0.0101,0.0105,0.0125,0.0131,0.0202,0.0223,0.019,0.0176,0.0209,0.0214,0.0129,0.0204,0.0224,0.0197,0.0181,0.0214,0.0221,0.02,0.0225,0.0197,0.0182,0.0216,0.0222,0.0242,0.0237,0.0227,0.0242,0.0244,0.0238,0.0238,0.0241,0.0246,0.0125,0.0151,0.0155,0.0164,0.017,0.0101,-0.0054,-0.017,0.1327,0.4851,0.2713,0.1811,0.2965,0.3011,-0.0036,0.1598,0.5137,0.3103,0.2188,0.3318,0.3369,0.1142,0.4703,0.2709,0.184,0.2975,0.3029,0.4179,0.2831,0.2176,0.2762,0.2721,0.6082,0.5473,0.5905,0.5859,0.0935,0.2288,0.2343,0.2136,0.2212,-0.0089
Hmel201001o,14675001,14725000,14699996,49961,0.019,0.0178,0.018,0.0228,0.0033,0.017,0.0153,0.0149,0.0154,0.0181,0.0184,0.0241,0.0306,0.0215,0.0217,0.0274,0.0282,0.0175,0.0238,0.0307,0.0213,0.0216,0.0282,0.0289,0.0234,0.0309,0.0219,0.0219,0.0281,0.0289,0.0309,0.0261,0.026,0.0283,0.0286,0.0311,0.0316,0.0316,0.0328,0.0188,0.023,0.0241,0.0235,0.0247,0.0152,-0.0079,-0.0033,0.0832,0.4815,0.0942,0.1226,0.2472,0.2537,-0.0109,0.0938,0.5062,0.1066,0.1412,0.2786,0.2829,0.083,0.5041,0.1188,0.1431,0.2734,0.2806,0.4457,0.1519,0.1762,0.2225,0.2198,0.5244,0.5617,0.5699,0.572,0.081,0.1914,0.2051,0.2294,0.2437,0.0026
Hmel201001o,14700001,14750000,14725012,49918,0.0281,0.0258,0.0268,0.0309,0.0065,0.0194,0.0218,0.024,0.023,0.0268,0.0274,0.0314,0.0392,0.0275,0.0276,0.0357,0.0364,0.0258,0.0304,0.0389,0.0276,0.0282,0.0379,0.0381,0.0307,0.0395,0.0292,0.0288,0.038,0.0386,0.0394,0.0325,0.0327,0.0379,0.0383,0.0392,0.0399,0.0407,0.0417,0.0245,0.0345,0.0349,0.0346,0.0353,0.0237,-0.003,-0.0014,0.0367,0.4033,0.0781,0.0549,0.165,0.1849,-0.0106,0.0459,0.4293,0.1058,0.0902,0.2168,0.2307,0.0386,0.4231,0.124,0.0892,0.2087,0.2259,0.3943,0.1515,0.1269,0.175,0.1905,0.5204,0.4939,0.4707,0.4938,0.0925,0.2387,0.2559,0.2148,0.2359,0.0049
Hmel201001o,14725001,14775000,14750013,49924,0.0305,0.0291,0.0299,0.0321,0.0082,0.0211,0.0257,0.0271,0.0259,0.03,0.0305,0.0332,0.0411,0.0299,0.0302,0.0383,0.0389,0.0294,0.0327,0.0402,0.0301,0.0307,0.0397,0.0404,0.0331,0.0418,0.0306,0.0305,0.0405,0.041,0.0405,0.034,0.0344,0.0401,0.0404,0.0402,0.0417,0.0417,0.0423,0.0276,0.0372,0.0379,0.0392,0.0402,0.0267,0.0023,0.0037,0.0336,0.3748,0.0782,0.0378,0.1498,0.1682,-0.0019,0.0392,0.3818,0.095,0.0594,0.1807,0.1999,0.0376,0.3892,0.0967,0.0494,0.1834,0.1999,0.3737,0.1448,0.1008,0.163,0.1781,0.483,0.4388,0.4217,0.4414,0.0878,0.2247,0.2458,0.2053,0.2288,0.0049
Hmel201001o,14750001,14800000,14774995,49933,0.0286,0.027,0.0268,0.0296,0.0074,0.0226,0.025,0.0256,0.0256,0.0285,0.028,0.0314,0.0409,0.0282,0.0299,0.0369,0.0369,0.0273,0.0301,0.0405,0.0288,0.0305,0.0376,0.0381,0.03,0.0416,0.0284,0.0298,0.0381,0.0383,0.0402,0.0323,0.0335,0.0377,0.0379,0.0405,0.0417,0.0413,0.0411,0.0265,0.0349,0.0351,0.0368,0.0374,0.0257,0.0133,0.0059,0.0417,0.405,0.0517,0.0578,0.1618,0.1621,0.0084,0.0378,0.42,0.0793,0.0851,0.1862,0.193,0.0381,0.433,0.0731,0.0753,0.1949,0.1969,0.4051,0.1216,0.113,0.1658,0.1678,0.4752,0.4568,0.445,0.4428,0.0568,0.1923,0.1956,0.1954,0.2032,0.0015
Hmel201001o,14775001,14825000,14798959,47121,0.0239,0.0232,0.0238,0.0281,0.0072,0.0201,0.0229,0.0241,0.0238,0.0241,0.024,0.029,0.0381,0.0281,0.0282,0.0357,0.0351,0.0234,0.0273,0.0383,0.029,0.0287,0.036,0.0357,0.0278,0.0391,0.0295,0.0291,0.0369,0.0365,0.0389,0.0328,0.0324,0.0378,0.0374,0.0385,0.0384,0.0394,0.0391,0.0249,0.0314,0.0308,0.0332,0.0328,0.0238,0.0121,0.0028,0.0644,0.4359,0.1269,0.097,0.2057,0.1999,-0.004,0.0424,0.4484,0.1522,0.114,0.2176,0.2168,0.044,0.4478,0.1544,0.1151,0.2234,0.2205,0.4107,0.1717,0.1322,0.1955,0.1943,0.4924,0.4531,0.4478,0.4485,0.0757,0.1836,0.1763,0.1795,0.1764,-0.0023
Hmel201001o,14800001,14850000,14825425,46804,0.0225,0.0226,0.0239,0.0284,0.0073,0.0206,0.023,0.0247,0.0241,0.0226,0.0233,0.0298,0.0384,0.0289,0.0273,0.0371,0.0372,0.0227,0.029,0.039,0.0293,0.0268,0.0366,0.0367,0.03,0.04,0.0302,0.028,0.038,0.038,0.0397,0.0342,0.0326,0.0377,0.0378,0.0385,0.0393,0.0402,0.0406,0.0257,0.0327,0.0324,0.0344,0.0345,0.0244,0.0006,0.0024,0.0926,0.4562,0.1534,0.0955,0.233,0.2406,-0.0147,0.0762,0.4611,0.1583,0.0854,0.2258,0.2332,0.079,0.4541,0.1593,0.0936,0.2309,0.2374,0.4131,0.1838,0.1319,0.1854,0.1931,0.4835,0.4588,0.446,0.4579,0.0866,0.1918,0.1937,0.1906,0.1977,0.0002
Hmel201001o,14825001,14875000,14850103,49501,0.0259,0.0224,0.023,0.028,0.0083,0.0241,0.0253,0.0254,0.0247,0.0254,0.0258,0.0325,0.0384,0.0291,0.0275,0.037,0.0376,0.0221,0.0324,0.039,0.03,0.0255,0.037,0.0372,0.033,0.0392,0.0305,0.0262,0.0379,0.0383,0.0391,0.0358,0.0345,0.0391,0.0396,0.0382,0.0398,0.0403,0.0409,0.0275,0.0342,0.0342,0.0348,0.0351,0.0248,0.0276,0.0279,0.1011,0.3998,0.0798,0.0378,0.1917,0.2062,-0.0147,0.1389,0.4511,0.1342,0.0345,0.2263,0.2364,0.1418,0.4455,0.136,0.0428,0.2324,0.2442,0.3988,0.1691,0.1377,0.1992,0.2129,0.4208,0.4224,0.4267,0.4413,0.0569,0.1692,0.1772,0.166,0.1773,-0.0047
Hmel201001o,14850001,14900000,14875013,49779,0.0275,0.0224,0.023,0.0273,0.0084,0.0234,0.0257,0.0249,0.0245,0.0263,0.0267,0.0325,0.0411,0.0283,0.0274,0.0376,0.038,0.0224,0.0322,0.041,0.0289,0.0257,0.0383,0.0386,0.033,0.0408,0.0299,0.0264,0.0391,0.0393,0.0406,0.0335,0.0338,0.0406,0.0407,0.0405,0.0412,0.042,0.0426,0.0268,0.034,0.0342,0.0344,0.0344,0.0244,0.0294,0.0305,0.088,0.4076,0.0572,0.0157,0.1884,0.1982,-0.0065,0.1417,0.4704,0.1238,0.0354,0.2489,0.2563,0.1466,0.4599,0.1338,0.0434,0.2524,0.2583,0.4197,0.1501,0.128,0.2274,0.2329,0.452,0.4301,0.4477,0.4583,0.0465,0.1782,0.1858,0.1607,0.1654,-0.0057
Hmel201001o,14875001,14925000,14900006,49851,0.0223,0.0202,0.0219,0.0289,0.0075,0.0178,0.0219,0.0201,0.0203,0.0214,0.0222,0.0281,0.0343,0.0228,0.0231,0.0314,0.0319,0.0212,0.0271,0.0345,0.0235,0.0235,0.0321,0.0325,0.0288,0.0348,0.0248,0.0244,0.033,0.0332,0.0375,0.0291,0.0295,0.0352,0.0353,0.0332,0.034,0.034,0.0342,0.0213,0.0284,0.0287,0.0291,0.0293,0.02,0.0038,0.003,0.062,0.4105,0.0683,0.0233,0.2036,0.2103,0.0038,0.0701,0.4445,0.1131,0.0586,0.2398,0.2443,0.0787,0.4228,0.1193,0.0577,0.2338,0.2343,0.3835,0.1345,0.091,0.1995,0.1988,0.466,0.4127,0.439,0.4395,0.0397,0.2106,0.2132,0.1715,0.1731,-0.0042
Hmel201001o,14900001,14950000,14924984,49818,0.0205,0.0197,0.0187,0.029,0.0077,0.0173,0.0183,0.0169,0.0164,0.0199,0.0199,0.0269,0.0309,0.0211,0.0219,0.0287,0.029,0.0191,0.0256,0.0315,0.0227,0.0233,0.0295,0.0299,0.0261,0.0321,0.0222,0.0231,0.0296,0.0301,0.0362,0.0285,0.0292,0.0335,0.0335,0.0308,0.0312,0.0315,0.0319,0.0196,0.0268,0.027,0.0262,0.0267,0.0166,-0.0038,0.007,0.0614,0.3894,0.0591,0.0652,0.221,0.2326,-0.0031,0.0455,0.4101,0.1087,0.1083,0.2466,0.2587,0.0672,0.4339,0.1121,0.1171,0.2613,0.2763,0.3648,0.1304,0.1294,0.2116,0.2177,0.4394,0.4293,0.455,0.4676,0.0523,0.2316,0.2437,0.206,0.2229,-0.0026
Hmel201001o,14925001,14975000,14949936,49552,0.0224,0.0209,0.0192,0.029,0.0087,0.0207,0.0183,0.0191,0.0174,0.0216,0.0215,0.0289,0.0346,0.0227,0.0231,0.0307,0.0303,0.0197,0.0272,0.0347,0.023,0.0234,0.0312,0.0314,0.0262,0.0356,0.0222,0.0233,0.0314,0.0319,0.039,0.0292,0.0303,0.0343,0.0345,0.0345,0.0345,0.0361,0.0365,0.0215,0.0296,0.0295,0.028,0.0285,0.0183,-0.0022,0.0167,0.074,0.3944,0.0276,0.0656,0.2033,0.2166,-0.0096,0.0605,0.4169,0.0515,0.0928,0.2308,0.2538,0.0641,0.4517,0.0558,0.1128,0.2545,0.2826,0.3811,0.0979,0.1457,0.1979,0.2201,0.4165,0.452,0.4603,0.4886,0.0516,0.2069,0.2245,0.21,0.2403,0.0013
Hmel201001o,14950001,15000000,14975072,49532,0.0215,0.0201,0.0198,0.0224,0.0076,0.0166,0.0177,0.0208,0.02,0.0216,0.0217,0.0252,0.0326,0.0205,0.0212,0.0269,0.0269,0.0198,0.0231,0.0329,0.0215,0.0209,0.0284,0.0288,0.0229,0.0326,0.021,0.0206,0.0285,0.0287,0.0324,0.0255,0.0247,0.0294,0.0296,0.0325,0.0329,0.0325,0.0333,0.0204,0.0267,0.0272,0.0271,0.0274,0.0206,0.0215,0.0263,0.073,0.3981,0.0404,0.0422,0.1278,0.1368,-0.0045,0.049,0.4236,0.0844,0.0542,0.1718,0.1887,0.0491,0.4232,0.0751,0.0512,0.1771,0.1901,0.3979,0.1505,0.1176,0.1622,0.1748,0.4727,0.4608,0.4071,0.4297,0.0909,0.1868,0.2058,0.1797,0.1944,0.0065
Hmel201001o,14975001,15025000,14999855,49314,0.0202,0.0193,0.0191,0.0206,0.0076,0.0134,0.0175,0.0201,0.0208,0.0204,0.0201,0.0227,0.03,0.0193,0.0202,0.0256,0.0255,0.019,0.0213,0.0305,0.0207,0.0205,0.0278,0.0277,0.0214,0.0304,0.02,0.02,0.0277,0.0273,0.0301,0.023,0.0228,0.0277,0.0272,0.0301,0.0308,0.0301,0.0311,0.0189,0.0247,0.0256,0.0268,0.0269,0.0209,0.0184,0.0135,0.0572,0.3818,0.0735,0.0355,0.1277,0.1146,-0.0053,0.037,0.404,0.1253,0.0561,0.1802,0.1691,0.0442,0.4057,0.1097,0.0465,0.1813,0.1646,0.3922,0.1733,0.0998,0.1615,0.1405,0.4993,0.4368,0.386,0.3884,0.1067,0.2035,0.2089,0.1856,0.1764,0.0121
Hmel201001o,15000001,15050000,15024602,47283,0.0203,0.0195,0.0205,0.0234,0.0058,0.0146,0.0178,0.0184,0.018,0.0203,0.0203,0.0241,0.0298,0.0209,0.0201,0.0259,0.0255,0.0196,0.0235,0.0302,0.0219,0.0209,0.0272,0.0266,0.0238,0.0309,0.022,0.0209,0.0276,0.0269,0.0312,0.0249,0.0247,0.0285,0.0282,0.0301,0.0302,0.0303,0.0307,0.0191,0.0239,0.0242,0.0255,0.0251,0.0186,0.0107,-0.0038,0.0584,0.4061,0.0948,0.0276,0.1532,0.1487,-0.0093,0.0574,0.4268,0.1335,0.0626,0.1895,0.1825,0.0493,0.4195,0.1194,0.0473,0.1832,0.1738,0.3983,0.1586,0.1063,0.1697,0.1689,0.5102,0.4547,0.4458,0.4573,0.089,0.193,0.205,0.1804,0.1768,0.0108
Hmel201001o,15025001,15075000,15050597,47667,0.0208,0.0209,0.022,0.0232,0.0048,0.0181,0.0186,0.0205,0.0206,0.0211,0.0214,0.0243,0.0323,0.0217,0.0209,0.0293,0.0288,0.0214,0.0239,0.0329,0.0231,0.0227,0.0307,0.03,0.0244,0.0331,0.0235,0.0226,0.0306,0.0297,0.0315,0.025,0.0251,0.0308,0.0303,0.0323,0.033,0.0327,0.0333,0.021,0.0283,0.0277,0.0288,0.028,0.0206,0.0077,-0.0005,0.0586,0.4487,0.0569,0.0314,0.1823,0.1722,-0.0005,0.0471,0.4552,0.0889,0.0744,0.2059,0.192,0.0434,0.4403,0.0831,0.0563,0.1895,0.1744,0.4215,0.1109,0.106,0.1811,0.172,0.4925,0.4936,0.4588,0.4639,0.0706,0.1992,0.1873,0.2019,0.1864,0.0
Hmel201001o,15050001,15100000,15075046,49793,0.0197,0.0218,0.0215,0.0225,0.0044,0.0206,0.0193,0.022,0.0221,0.0208,0.0203,0.0249,0.0337,0.0217,0.0219,0.0311,0.0306,0.0215,0.0245,0.0345,0.023,0.0234,0.0325,0.0318,0.0247,0.0342,0.0225,0.0228,0.0314,0.0309,0.0333,0.0254,0.0265,0.0314,0.0308,0.034,0.0341,0.0336,0.0338,0.0222,0.0307,0.03,0.031,0.0301,0.0219,0.0019,-0.0073,0.093,0.4902,0.0405,0.0616,0.2082,0.1993,-0.0015,0.0534,0.4664,0.0451,0.0685,0.2048,0.1943,0.0633,0.4673,0.037,0.0591,0.192,0.1833,0.4587,0.0901,0.1292,0.1776,0.1661,0.4796,0.5002,0.4513,0.4528,0.0562,0.19,0.1785,0.2099,0.195,-0.0044
Hmel201001o,15075001,15125000,15099924,49797,0.0194,0.0208,0.0208,0.0232,0.0039,0.0169,0.0197,0.0199,0.0192,0.0207,0.0202,0.0263,0.0343,0.0226,0.0232,0.0301,0.0302,0.0207,0.0256,0.0348,0.0245,0.0237,0.0314,0.0314,0.0261,0.0348,0.0237,0.0238,0.0308,0.031,0.0355,0.0283,0.0282,0.0323,0.0318,0.0349,0.0349,0.0346,0.034,0.0208,0.0274,0.0274,0.0285,0.0282,0.0192,0.015,0.0013,0.1166,0.5087,0.1175,0.0904,0.2211,0.2314,-0.0044,0.0836,0.4909,0.138,0.0842,0.2253,0.2333,0.0933,0.4906,0.1211,0.0855,0.2153,0.2257,0.4807,0.1892,0.1489,0.2121,0.2148,0.5571,0.5104,0.5038,0.5084,0.0703,0.2087,0.2174,0.1905,0.1937,-0.0088
Hmel201001o,15100001,15150000,15125000,49815,0.0206,0.0197,0.0204,0.0224,0.0051,0.0163,0.0205,0.0188,0.0182,0.0204,0.0208,0.025,0.0335,0.0231,0.0225,0.0297,0.03,0.0199,0.0248,0.0338,0.0239,0.0221,0.0311,0.0313,0.0251,0.0337,0.0239,0.0226,0.0305,0.0307,0.0347,0.0273,0.0259,0.0323,0.032,0.0331,0.0335,0.0338,0.0333,0.0202,0.0252,0.0253,0.0277,0.0279,0.0186,0.0063,0.0081,0.0827,0.4615,0.1194,0.0475,0.2123,0.2253,-0.003,0.0922,0.4795,0.1492,0.0511,0.2479,0.2585,0.0883,0.4672,0.1387,0.0527,0.2288,0.2402,0.4645,0.1902,0.103,0.235,0.2387,0.5284,0.4625,0.4929,0.4975,0.0495,0.1882,0.2011,0.1785,0.191,0.0041
Hmel201001o,15125001,15175000,15149958,49593,0.0225,0.0222,0.0221,0.0234,0.006,0.0211,0.0215,0.0218,0.0212,0.0222,0.0223,0.0259,0.0351,0.0246,0.0231,0.0327,0.0327,0.0219,0.0257,0.036,0.0246,0.0227,0.034,0.034,0.0259,0.0361,0.0248,0.0227,0.0333,0.0333,0.0361,0.028,0.0264,0.0343,0.0341,0.0343,0.0354,0.0346,0.0346,0.0229,0.029,0.0291,0.0321,0.0323,0.0217,-0.0046,0.0002,0.0654,0.4384,0.0638,0.0251,0.2024,0.2091,-0.0071,0.0658,0.4527,0.0669,0.02,0.2254,0.2319,0.0704,0.4553,0.0722,0.02,0.2152,0.2225,0.4534,0.1233,0.0873,0.2163,0.2212,0.4492,0.4557,0.4425,0.4519,0.0371,0.1576,0.1667,0.2045,0.215,0.0045
Hmel201001o,15150001,15200000,15174996,49245,0.0224,0.024,0.0227,0.0246,0.0072,0.0209,0.0203,0.0218,0.0217,0.023,0.0222,0.0268,0.034,0.0235,0.0234,0.0317,0.0311,0.0229,0.027,0.0348,0.0242,0.0238,0.0327,0.0323,0.0264,0.0349,0.0244,0.0239,0.0325,0.0322,0.0363,0.0291,0.0281,0.0342,0.0341,0.0338,0.035,0.0345,0.0343,0.0232,0.03,0.0297,0.0316,0.0316,0.0219,-0.0045,-0.0086,0.0727,0.4088,0.0444,0.0502,0.1874,0.1796,-0.0105,0.0566,0.3964,0.0394,0.0385,0.1859,0.182,0.0605,0.4149,0.0596,0.0569,0.197,0.1928,0.4224,0.1343,0.1253,0.203,0.2022,0.4277,0.4516,0.4229,0.4223,0.062,0.1777,0.1743,0.2117,0.212,0.0033
Hmel201001o,15175001,15225000,15199879,49023,0.0231,0.0244,0.0234,0.0255,0.0073,0.0206,0.02,0.0208,0.0212,0.0233,0.0227,0.0272,0.034,0.0237,0.0238,0.0303,0.0297,0.0238,0.0282,0.0345,0.0246,0.0247,0.031,0.0305,0.0269,0.0342,0.0247,0.0247,0.031,0.0306,0.0361,0.0297,0.029,0.0332,0.0328,0.0343,0.0341,0.0343,0.034,0.0219,0.0293,0.0285,0.0293,0.0291,0.0213,-0.0095,-0.0137,0.064,0.3972,0.0426,0.054,0.1691,0.1542,-0.0038,0.0649,0.3845,0.0467,0.0574,0.1656,0.1525,0.0529,0.3948,0.0613,0.0694,0.1757,0.1649,0.4075,0.141,0.1368,0.1926,0.1809,0.4375,0.4433,0.4335,0.424,0.0419,0.1809,0.163,0.1887,0.1796,0.0071
Hmel201001o,15200001,15250000,15224453,47388,0.023,0.0232,0.0233,0.0259,0.006,0.0203,0.0215,0.0225,0.0212,0.0234,0.0233,0.0273,0.0355,0.025,0.0251,0.0318,0.0311,0.0237,0.0279,0.0362,0.0257,0.026,0.0324,0.0317,0.027,0.0357,0.0259,0.0257,0.0323,0.0317,0.0351,0.0292,0.0289,0.0334,0.0324,0.0353,0.0347,0.0352,0.035,0.0215,0.0294,0.0285,0.0294,0.0289,0.0221,0.0067,0.002,0.0616,0.4354,0.0751,0.0628,0.1746,0.178,0.0101,0.0707,0.4416,0.0881,0.0813,0.1825,0.1858,0.0543,0.434,0.091,0.0722,0.1794,0.1849,0.411,0.1307,0.111,0.1711,0.1718,0.4729,0.4495,0.4395,0.4564,0.0147,0.1653,0.1658,0.1526,0.1598,0.0058
Hmel201001o,15225001,15275000,15250301,47934,0.021,0.0212,0.0204,0.0255,0.0058,0.0182,0.022,0.023,0.0209,0.0219,0.0215,0.0269,0.0368,0.0244,0.0242,0.0324,0.0317,0.0212,0.0267,0.0373,0.0248,0.0248,0.0324,0.0318,0.0255,0.0371,0.025,0.0243,0.0328,0.0319,0.0368,0.0288,0.0282,0.0337,0.0328,0.0361,0.0363,0.0365,0.0366,0.0213,0.0287,0.0282,0.0301,0.0296,0.0224,0.0213,0.0198,0.0855,0.4822,0.1151,0.0625,0.2018,0.2157,0.0102,0.0795,0.484,0.1212,0.0729,0.1992,0.2145,0.0665,0.494,0.136,0.0727,0.2142,0.2253,0.4374,0.1555,0.097,0.1732,0.1865,0.5163,0.4615,0.4495,0.4811,0.0307,0.1732,0.1908,0.153,0.1698,0.0106
Hmel201001o,15250001,15300000,15274835,49345,0.0214,0.0216,0.0204,0.0255,0.0052,0.0179,0.0213,0.0214,0.0225,0.0219,0.0215,0.0268,0.0367,0.0232,0.0238,0.0312,0.0313,0.0209,0.026,0.0364,0.0238,0.0241,0.0314,0.0314,0.0252,0.037,0.0241,0.0237,0.032,0.0317,0.0373,0.0289,0.0282,0.0333,0.0333,0.0362,0.0371,0.0368,0.0368,0.0229,0.0294,0.0297,0.03,0.0303,0.0222,0.0095,0.0145,0.0776,0.4837,0.0873,0.0562,0.196,0.1851,-0.0031,0.0603,0.4787,0.0989,0.0625,0.1966,0.1844,0.0607,0.5031,0.1217,0.0682,0.22,0.2034,0.4509,0.1613,0.1041,0.1862,0.1736,0.5324,0.4905,0.4852,0.4699,0.0831,0.2086,0.2007,0.1762,0.1691,0.0063
Hmel201001o,15275001,15325000,15300113,49387,0.0225,0.022,0.0215,0.0244,0.0059,0.0182,0.0202,0.0202,0.0216,0.0222,0.022,0.0256,0.0354,0.0229,0.0235,0.0298,0.0294,0.0219,0.0254,0.0353,0.0234,0.024,0.0305,0.0305,0.0247,0.0353,0.0247,0.0245,0.0304,0.0302,0.0359,0.0275,0.0272,0.0312,0.031,0.0351,0.0359,0.0354,0.0346,0.0225,0.0285,0.0287,0.0289,0.0287,0.021,-0.0012,0.0003,0.0486,0.4437,0.0632,0.0512,0.174,0.1511,0.0036,0.0523,0.4499,0.0816,0.0686,0.1926,0.1767,0.0445,0.4569,0.1168,0.0847,0.1958,0.177,0.4386,0.1444,0.1099,0.1788,0.1593,0.5052,0.4827,0.4769,0.4479,0.0843,0.205,0.1917,0.1866,0.1668,0.004
Hmel201001o,15300001,15350000,15324951,49597,0.022,0.0198,0.0209,0.0258,0.0076,0.0171,0.0192,0.0198,0.0199,0.0208,0.0212,0.0263,0.0352,0.0228,0.022,0.0302,0.0294,0.0204,0.0259,0.0356,0.0222,0.0218,0.0308,0.0302,0.0255,0.0355,0.0239,0.0228,0.0308,0.0302,0.0369,0.028,0.0274,0.0325,0.0319,0.0356,0.035,0.0341,0.0337,0.0197,0.0276,0.0271,0.0294,0.0284,0.0201,-0.0026,-0.0066,0.0577,0.4246,0.0832,0.0355,0.1919,0.1775,0.0026,0.0783,0.4611,0.0985,0.0597,0.2288,0.2177,0.0565,0.4433,0.1224,0.0678,0.214,0.2038,0.4099,0.1538,0.1149,0.1902,0.1804,0.5021,0.4625,0.4422,0.4366,0.0449,0.2087,0.2001,0.2119,0.1944,0.0056
Hmel201001o,15325001,15375000,15350137,49623,0.0225,0.0207,0.0222,0.0273,0.0074,0.0189,0.0192,0.0208,0.0206,0.0215,0.0226,0.0282,0.0349,0.0233,0.0226,0.0314,0.0317,0.0211,0.027,0.035,0.0224,0.0223,0.0321,0.0322,0.0274,0.0349,0.0237,0.0233,0.0324,0.0327,0.0362,0.0289,0.0286,0.0349,0.0348,0.035,0.0343,0.0345,0.0348,0.0207,0.0295,0.0295,0.0308,0.0309,0.0211,-0.0021,0.0074,0.0755,0.4151,0.0624,0.042,0.1933,0.2017,-0.0078,0.0762,0.443,0.0665,0.0605,0.227,0.2307,0.0631,0.4202,0.076,0.062,0.2128,0.2192,0.3875,0.1314,0.122,0.2007,0.2022,0.4691,0.4565,0.4346,0.4416,0.0447,0.2059,0.2086,0.224,0.2273,0.0092
Hmel201001o,15350001,15400000,15374997,49980,0.0187,0.019,0.0194,0.0231,0.005,0.0177,0.0179,0.0196,0.02,0.0191,0.02,0.0251,0.0334,0.0218,0.023,0.0301,0.0315,0.0187,0.0237,0.0331,0.0225,0.0238,0.0312,0.0325,0.024,0.0331,0.0233,0.0245,0.0312,0.0325,0.0336,0.0272,0.0277,0.0325,0.0335,0.0328,0.0332,0.0331,0.0344,0.0201,0.0275,0.0287,0.0274,0.029,0.0202,0.0074,0.0248,0.1048,0.4926,0.0955,0.1208,0.2335,0.2511,-0.014,0.0724,0.4836,0.1082,0.1336,0.2472,0.2629,0.0724,0.4775,0.121,0.1427,0.2428,0.2572,0.4451,0.1605,0.1656,0.2208,0.2309,0.5029,0.5035,0.4744,0.484,0.0651,0.2027,0.2191,0.1975,0.2211,0.0121
Hmel201001o,15375001,15425000,15399918,48939,0.0175,0.0185,0.0191,0.0226,0.0054,0.0147,0.019,0.019,0.0198,0.0193,0.0195,0.0252,0.0339,0.0233,0.0234,0.0313,0.0321,0.0185,0.0234,0.0339,0.0246,0.0245,0.0323,0.0331,0.024,0.0339,0.0246,0.0247,0.0321,0.0329,0.0346,0.0287,0.0284,0.0329,0.0337,0.0334,0.0337,0.0337,0.0349,0.0193,0.0273,0.0278,0.0268,0.0282,0.0205,0.0378,0.0334,0.1289,0.5111,0.1916,0.1316,0.2761,0.2787,-0.0082,0.0783,0.495,0.204,0.1411,0.2787,0.2807,0.0814,0.4852,0.1953,0.1369,0.2684,0.27,0.4556,0.2333,0.1666,0.2382,0.24,0.553,0.4846,0.4843,0.4864,0.0726,0.2479,0.2463,0.1798,0.1946,0.0299
Hmel201001o,15400001,15450000,15425204,47834,0.0192,0.0204,0.0205,0.0268,0.007,0.0151,0.0201,0.0185,0.0174,0.0217,0.0209,0.0287,0.0389,0.0278,0.025,0.0346,0.0342,0.0206,0.0267,0.0388,0.0277,0.0254,0.034,0.0334,0.0277,0.0386,0.0277,0.0256,0.0345,0.0342,0.0411,0.0326,0.0314,0.0368,0.0365,0.0377,0.0384,0.0397,0.0394,0.0216,0.0293,0.0286,0.0288,0.0285,0.0199,0.049,0.0285,0.1291,0.5121,0.248,0.126,0.3083,0.3164,0.003,0.076,0.4931,0.2289,0.1189,0.2849,0.2898,0.095,0.491,0.2293,0.122,0.291,0.3012,0.4479,0.2421,0.1617,0.2566,0.2661,0.5614,0.4934,0.5293,0.5426,0.107,0.2831,0.2869,0.2075,0.2171,0.0531
Hmel201001o,15425001,15475000,15450307,48678,0.0118,0.0138,0.0119,0.0247,0.003,0.0107,0.0084,0.0115,0.0104,0.0131,0.0119,0.0218,0.0326,0.0182,0.0186,0.0215,0.0217,0.013,0.021,0.0324,0.0179,0.019,0.0209,0.0211,0.0218,0.0326,0.0185,0.0193,0.0218,0.0221,0.0358,0.0247,0.0256,0.0265,0.0266,0.0318,0.0321,0.0321,0.0316,0.0122,0.017,0.0172,0.0157,0.0156,0.0114,0.0133,-0.0008,0.1222,0.6451,0.2472,0.3079,0.3097,0.3358,0.0059,0.0736,0.6054,0.1993,0.275,0.2584,0.284,0.1214,0.6427,0.252,0.3234,0.3151,0.3426,0.4779,0.2004,0.2531,0.22,0.2393,0.6605,0.7121,0.647,0.6654,0.1283,0.2194,0.2501,0.2357,0.2587,0.0229
Hmel201001o,15450001,15500000,15474212,46700,0.0116,0.0128,0.0126,0.0227,0.0022,0.0108,0.0077,0.0121,0.0117,0.012,0.0121,0.0195,0.032,0.0184,0.0189,0.0197,0.0198,0.013,0.0189,0.032,0.0186,0.0192,0.02,0.0202,0.0197,0.032,0.019,0.0196,0.0205,0.0206,0.0333,0.0239,0.0245,0.0243,0.0245,0.0316,0.0324,0.032,0.032,0.011,0.0189,0.0189,0.0173,0.0171,0.012,-0.0091,0.0012,0.0984,0.6598,0.2542,0.3389,0.2593,0.2723,0.0104,0.0614,0.6351,0.232,0.3174,0.2429,0.2568,0.0849,0.6384,0.2475,0.3296,0.2578,0.2703,0.4914,0.2068,0.2721,0.1942,0.2044,0.672,0.7469,0.6492,0.6589,0.0907,0.2559,0.2659,0.2835,0.2905,0.0049
Hmel201001o,15475001,15525000,15500771,46839,0.0178,0.0181,0.0196,0.0245,0.0034,0.0152,0.017,0.0166,0.0172,0.0176,0.0186,0.0247,0.0354,0.023,0.0227,0.0271,0.0272,0.0185,0.0239,0.0357,0.0232,0.0225,0.0272,0.0273,0.0245,0.0356,0.0236,0.023,0.0276,0.0276,0.0357,0.0282,0.0278,0.0297,0.0294,0.0347,0.0359,0.0371,0.0373,0.0183,0.0273,0.0274,0.0262,0.0264,0.0172,-0.0095,-0.0022,0.0956,0.5549,0.1735,0.14,0.2346,0.2288,-0.0087,0.0748,0.5527,0.173,0.1309,0.2318,0.2253,0.0664,0.5272,0.1595,0.1202,0.2181,0.2118,0.4723,0.1977,0.1638,0.2021,0.1902,0.5927,0.572,0.5909,0.5831,0.0683,0.2767,0.2707,0.2297,0.2252,0.01
Hmel201001o,15500001,15550000,15524821,49071,0.0182,0.0195,0.02,0.0242,0.0036,0.0132,0.0172,0.0158,0.0163,0.0185,0.0187,0.029,0.0294,0.02,0.0192,0.0285,0.0285,0.019,0.0287,0.03,0.0208,0.0196,0.0287,0.0286,0.0287,0.0303,0.0205,0.0194,0.0286,0.0286,0.0353,0.0302,0.0295,0.0287,0.0285,0.0288,0.0294,0.0333,0.0331,0.0177,0.0265,0.0266,0.0273,0.0274,0.016,-0.0083,-0.0118,0.1728,0.4759,0.1296,0.0441,0.266,0.2586,-0.0211,0.15,0.4612,0.1286,0.0354,0.2518,0.2429,0.1444,0.4557,0.1114,0.0235,0.2428,0.235,0.4709,0.2621,0.1958,0.2009,0.1909,0.5651,0.4952,0.5661,0.5541,0.0826,0.3067,0.2998,0.2594,0.2538,-0.0005
Hmel201001o,15525001,15575000,15550250,49128,0.0154,0.0165,0.0173,0.0237,0.0033,0.0102,0.0129,0.015,0.0144,0.0159,0.0159,0.0293,0.0272,0.0183,0.0166,0.0315,0.0316,0.0164,0.0299,0.0274,0.0188,0.0172,0.032,0.0322,0.0292,0.0276,0.0185,0.0174,0.0316,0.0318,0.0351,0.0299,0.0314,0.0302,0.0305,0.027,0.027,0.032,0.0322,0.0159,0.0283,0.0282,0.0308,0.0309,0.0144,-0.003,-0.0158,0.222,0.5051,0.1851,0.0845,0.3643,0.374,-0.0153,0.2144,0.4855,0.1783,0.0833,0.356,0.3659,0.1916,0.4726,0.1541,0.0748,0.3373,0.3494,0.4791,0.3065,0.2895,0.2424,0.2535,0.6144,0.5545,0.5719,0.5841,0.1681,0.3994,0.4078,0.3931,0.4024,-0.0095
Hmel201001o,15550001,15600000,15574999,49875,0.0142,0.0139,0.0143,0.0221,0.0039,0.0119,0.0133,0.014,0.0138,0.0139,0.014,0.0239,0.0287,0.0176,0.0169,0.0317,0.0317,0.0138,0.0241,0.0288,0.0173,0.0171,0.0323,0.0326,0.0236,0.029,0.0175,0.0176,0.0323,0.0326,0.0329,0.0249,0.0268,0.0322,0.0326,0.0289,0.0288,0.0327,0.033,0.0162,0.0282,0.0284,0.0288,0.0289,0.0139,-0.0053,-0.0106,0.158,0.5352,0.1567,0.1068,0.3994,0.4022,-0.0107,0.1677,0.5436,0.1538,0.1185,0.4121,0.4183,0.1504,0.5373,0.1506,0.1273,0.4056,0.4123,0.4667,0.2169,0.2269,0.3027,0.3111,0.5862,0.5546,0.5854,0.5923,0.1313,0.3858,0.3918,0.3716,0.3755,-0.0003
Hmel201001o,15575001,15625000,15599976,49086,0.0153,0.0152,0.0143,0.0221,0.0048,0.012,0.0143,0.0132,0.0145,0.0156,0.0153,0.0214,0.0295,0.0168,0.0176,0.0285,0.028,0.0144,0.0219,0.0303,0.0165,0.0179,0.0299,0.0296,0.0216,0.0306,0.0164,0.0177,0.0302,0.0298,0.0322,0.0229,0.0238,0.0314,0.0311,0.0297,0.0302,0.0321,0.0327,0.0157,0.0268,0.0269,0.0263,0.026,0.0139,0.011,0.0195,0.0876,0.5078,0.1077,0.0921,0.3476,0.32,-0.014,0.0996,0.5195,0.1021,0.101,0.3705,0.3461,0.1099,0.5403,0.1178,0.114,0.39,0.3648,0.444,0.1752,0.1564,0.3038,0.2802,0.5742,0.5357,0.5776,0.5611,0.0942,0.3754,0.3551,0.3274,0.3012,0.0045
Hmel201001o,15600001,15650000,15625317,49208,0.0227,0.0223,0.0208,0.0294,0.0051,0.0169,0.0184,0.0185,0.0193,0.0226,0.0226,0.0287,0.0361,0.0237,0.0235,0.0341,0.0338,0.0216,0.0295,0.0369,0.0235,0.0234,0.0353,0.0352,0.0293,0.0366,0.0227,0.0229,0.0355,0.0352,0.0382,0.0309,0.0305,0.0377,0.0368,0.0362,0.0368,0.036,0.0363,0.0213,0.0319,0.0317,0.0339,0.0339,0.019,0.0008,0.0213,0.0634,0.4603,0.0957,0.0723,0.2582,0.245,0.0005,0.0811,0.4744,0.0948,0.0738,0.2795,0.2699,0.0961,0.4946,0.0989,0.0835,0.3012,0.2882,0.4165,0.1703,0.1464,0.245,0.225,0.5498,0.5328,0.5227,0.5137,0.0992,0.2992,0.2865,0.3094,0.2997,0.0027
Hmel201001o,15625001,15675000,15650001,49999,0.0241,0.0235,0.0224,0.0295,0.0053,0.0188,0.0215,0.0216,0.0216,0.0232,0.0237,0.0321,0.0393,0.0261,0.0248,0.0372,0.037,0.0231,0.0316,0.0395,0.0258,0.0246,0.0377,0.0375,0.0314,0.0393,0.0258,0.0245,0.0377,0.0374,0.0402,0.0343,0.0335,0.0396,0.0394,0.0393,0.0396,0.039,0.0386,0.0231,0.0341,0.034,0.0359,0.0359,0.0219,-0.015,0.0101,0.1025,0.472,0.1039,0.0437,0.2505,0.248,0.003,0.102,0.4827,0.1055,0.0479,0.2633,0.2618,0.1107,0.4954,0.1195,0.0579,0.2752,0.2715,0.4329,0.1972,0.1539,0.234,0.2311,0.5483,0.5115,0.5038,0.5009,0.0727,0.2696,0.2687,0.2625,0.2628,0.0087
Hmel201001o,15650001,15700000,15674969,49877,0.0223,0.0232,0.0226,0.0274,0.0059,0.018,0.0197,0.0213,0.0222,0.0225,0.0229,0.0304,0.0372,0.0239,0.0222,0.035,0.0351,0.0228,0.0294,0.038,0.0253,0.023,0.0366,0.0367,0.0288,0.0382,0.0262,0.0233,0.0367,0.0369,0.0381,0.032,0.0306,0.0375,0.038,0.0372,0.0376,0.0375,0.0381,0.023,0.0328,0.033,0.0353,0.0353,0.0222,-0.0047,0.0102,0.1129,0.4671,0.0905,0.0299,0.2442,0.2358,-0.0003,0.0858,0.4635,0.1089,0.037,0.2562,0.2476,0.0825,0.474,0.1342,0.0514,0.2638,0.2565,0.4273,0.1914,0.1475,0.2287,0.2243,0.5304,0.5084,0.4839,0.4778,0.1051,0.2632,0.2544,0.2768,0.2663,0.0101
Hmel201001o,15675001,15725000,15700025,49857,0.0244,0.0247,0.0253,0.0258,0.0063,0.0201,0.0201,0.0222,0.0234,0.0246,0.0248,0.0279,0.035,0.0255,0.0244,0.0327,0.0333,0.025,0.0268,0.0361,0.028,0.0257,0.0344,0.0353,0.0271,0.0363,0.0278,0.0256,0.0348,0.0357,0.0349,0.0302,0.0288,0.0343,0.0348,0.0346,0.0362,0.0346,0.0357,0.0248,0.0299,0.0303,0.033,0.0333,0.0223,0.0012,-0.002,0.0574,0.4064,0.0731,0.0481,0.1773,0.1738,-0.0004,0.0337,0.4156,0.1173,0.0723,0.2,0.2005,0.0324,0.4086,0.1075,0.0626,0.1994,0.1996,0.4056,0.1528,0.1273,0.1889,0.1823,0.4648,0.4816,0.4331,0.4281,0.1101,0.181,0.1741,0.2295,0.2195,-0.0107
Hmel201001o,15700001,15750000,15725005,49980,0.0247,0.0227,0.0246,0.0247,0.007,0.0193,0.0207,0.0236,0.0238,0.0244,0.0247,0.027,0.0348,0.0248,0.0249,0.0311,0.0314,0.0238,0.0258,0.0355,0.0257,0.0256,0.0319,0.0321,0.0266,0.0352,0.0254,0.0251,0.0325,0.0329,0.0347,0.0287,0.0289,0.0319,0.0324,0.0344,0.0356,0.0344,0.0348,0.0237,0.0297,0.03,0.0309,0.0308,0.0231,0.0145,0.0011,0.0466,0.3893,0.0642,0.0479,0.1341,0.1371,0.0023,0.0485,0.425,0.1074,0.0872,0.1682,0.1696,0.0397,0.3951,0.077,0.0543,0.1581,0.1625,0.4061,0.1471,0.1323,0.1469,0.1519,0.4626,0.455,0.3995,0.4014,0.09,0.1716,0.1745,0.1747,0.1702,-0.0131
Hmel201001o,15725001,15775000,15749999,49997,0.0231,0.0219,0.0228,0.0235,0.0064,0.0188,0.0208,0.0223,0.0223,0.0228,0.0235,0.0259,0.0335,0.023,0.0232,0.0322,0.0327,0.0225,0.0256,0.0345,0.023,0.0234,0.0326,0.033,0.0256,0.0343,0.0231,0.0232,0.0333,0.0339,0.034,0.027,0.0273,0.0322,0.033,0.0335,0.0343,0.0334,0.0337,0.0223,0.0315,0.0323,0.0327,0.0333,0.0221,0.0074,0.012,0.0566,0.4036,0.0489,0.0286,0.1823,0.1895,0.0042,0.0666,0.4341,0.0661,0.0495,0.2034,0.2089,0.0541,0.4183,0.0548,0.0321,0.2027,0.2112,0.4214,0.1351,0.1129,0.1767,0.19,0.469,0.4466,0.4137,0.4183,0.062,0.2216,0.234,0.2164,0.2248,-0.0048
Hmel201001o,15750001,15800000,15774984,49953,0.022,0.0209,0.021,0.0244,0.0053,0.0176,0.0203,0.0212,0.0209,0.0214,0.0217,0.0253,0.0318,0.0213,0.0219,0.0322,0.0336,0.0211,0.025,0.0325,0.021,0.0216,0.0324,0.0338,0.0249,0.0327,0.0212,0.0218,0.0327,0.0343,0.0328,0.0258,0.0261,0.0325,0.0336,0.0317,0.0326,0.0321,0.0326,0.0201,0.0311,0.0327,0.0318,0.0335,0.0207,-0.0026,0.0044,0.0512,0.4147,0.0384,0.0193,0.208,0.2324,0.0016,0.0584,0.4405,0.0464,0.0252,0.2228,0.2479,0.0539,0.4418,0.0495,0.0288,0.227,0.2543,0.412,0.12,0.0883,0.1879,0.2076,0.4838,0.4518,0.4312,0.4426,0.0307,0.2431,0.2715,0.2218,0.25,-0.0082
Hmel201001o,15775001,15825000,15800005,49954,0.022,0.0201,0.0218,0.024,0.0057,0.0178,0.0199,0.0204,0.0207,0.0213,0.022,0.0252,0.0309,0.0217,0.0222,0.0309,0.0323,0.0209,0.0241,0.0313,0.0214,0.0218,0.0315,0.0331,0.0247,0.032,0.0217,0.022,0.0319,0.0336,0.0316,0.0257,0.026,0.0315,0.0325,0.031,0.0314,0.0313,0.0319,0.0205,0.0299,0.0316,0.0301,0.0318,0.0207,0.0065,0.0018,0.0519,0.3971,0.0465,0.0304,0.1962,0.2142,0.0001,0.0553,0.4328,0.0652,0.0469,0.2293,0.2495,0.0447,0.4146,0.0498,0.0288,0.2141,0.2371,0.3974,0.1199,0.096,0.185,0.1971,0.4665,0.437,0.4271,0.43,0.0438,0.231,0.2552,0.2081,0.2317,0.0034
Hmel201001o,15800001,15850000,15824999,49976,0.017,0.0149,0.0177,0.0187,0.0049,0.0136,0.0152,0.0152,0.0163,0.016,0.0171,0.0201,0.0284,0.0177,0.0173,0.0236,0.0241,0.0161,0.0188,0.0288,0.0177,0.0174,0.0243,0.0251,0.0199,0.0296,0.018,0.0173,0.0248,0.0256,0.0293,0.0213,0.021,0.0252,0.0257,0.0288,0.0286,0.0283,0.0287,0.0159,0.0226,0.0234,0.0235,0.0243,0.0163,-0.0001,-0.0076,0.065,0.4596,0.0787,0.0394,0.1983,0.193,-0.0082,0.0679,0.5048,0.1158,0.0758,0.2472,0.2454,0.0485,0.4621,0.0733,0.0259,0.2132,0.2133,0.456,0.1563,0.1205,0.2103,0.2013,0.5304,0.4971,0.4922,0.4772,0.0556,0.2349,0.2331,0.226,0.2261,0.0206
Hmel201001o,15825001,15875000,15849992,49900,0.0133,0.0133,0.0139,0.0174,0.0037,0.0113,0.0111,0.0119,0.0115,0.0132,0.0133,0.0181,0.0288,0.0147,0.0139,0.0179,0.018,0.0132,0.018,0.0287,0.0158,0.015,0.0189,0.0189,0.0179,0.0289,0.015,0.0137,0.0189,0.0189,0.0314,0.0194,0.0189,0.0223,0.0225,0.0284,0.0288,0.0284,0.0279,0.0123,0.0163,0.016,0.0177,0.0178,0.0119,-0.0049,-0.0135,0.0957,0.5589,0.0918,0.068,0.1819,0.1933,-0.0159,0.095,0.5589,0.1297,0.1106,0.2121,0.2177,0.0818,0.5489,0.092,0.0489,0.2003,0.2077,0.5237,0.1709,0.162,0.2258,0.2391,0.5969,0.6071,0.5847,0.5875,0.0504,0.1763,0.176,0.224,0.235,0.0071
Hmel201001o,15850001,15900000,15874961,49685,0.0172,0.0182,0.0199,0.0231,0.0053,0.014,0.0171,0.0171,0.0155,0.0178,0.0187,0.0258,0.0351,0.0227,0.0202,0.0254,0.0263,0.0191,0.0263,0.0351,0.0244,0.0216,0.0266,0.0273,0.0265,0.0353,0.0216,0.0199,0.0259,0.0264,0.0376,0.0284,0.0266,0.0299,0.0306,0.0341,0.0348,0.0342,0.0343,0.0187,0.0216,0.0211,0.0238,0.0241,0.0161,0.0019,0.0056,0.1406,0.5309,0.1951,0.0886,0.2052,0.2463,0.0019,0.1352,0.5143,0.2141,0.1072,0.2131,0.2488,0.1145,0.4896,0.1266,0.0398,0.1762,0.2082,0.4828,0.2343,0.158,0.2141,0.2488,0.5737,0.5296,0.523,0.551,0.0977,0.1711,0.1871,0.1731,0.2034,-0.006
Hmel201001o,15875001,15925000,15900047,49438,0.0152,0.0153,0.0198,0.0259,0.0059,0.0129,0.0186,0.0169,0.0148,0.0152,0.0178,0.0279,0.0341,0.0233,0.0217,0.0278,0.0286,0.0179,0.0275,0.0346,0.0243,0.0221,0.0284,0.0291,0.0286,0.0346,0.0222,0.0216,0.0275,0.0278,0.0369,0.0313,0.0306,0.0326,0.0329,0.0328,0.0336,0.0334,0.0337,0.0191,0.0219,0.0212,0.0239,0.0238,0.0155,-0.0022,0.0095,0.1777,0.5447,0.2597,0.1332,0.2823,0.3263,0.0102,0.1696,0.5475,0.2771,0.1391,0.2903,0.3325,0.128,0.4757,0.1597,0.0645,0.211,0.2464,0.4329,0.2634,0.1764,0.2297,0.2613,0.57,0.483,0.5083,0.547,0.1001,0.2015,0.2214,0.1566,0.1864,-0.0108
Hmel201001o,15900001,15950000,15925149,49653,0.0141,0.0142,0.0166,0.026,0.0047,0.0134,0.0164,0.0145,0.0138,0.0139,0.0152,0.0246,0.0309,0.0184,0.0189,0.0247,0.0252,0.0153,0.0239,0.0313,0.0191,0.0194,0.0256,0.0259,0.0246,0.0307,0.0186,0.0191,0.025,0.0254,0.035,0.0271,0.0278,0.0305,0.0311,0.0299,0.0309,0.03,0.0307,0.0158,0.0207,0.0204,0.0218,0.0216,0.0141,-0.0092,-0.0064,0.1309,0.549,0.1536,0.1143,0.2787,0.3006,-0.0029,0.116,0.5514,0.169,0.1241,0.2946,0.3121,0.094,0.5004,0.1141,0.0773,0.2449,0.2634,0.4273,0.1889,0.1582,0.228,0.2463,0.552,0.5083,0.5312,0.553,0.0337,0.2058,0.2106,0.1808,0.1886,0.0003
Hmel201001o,15925001,15975000,15949816,49171,0.0192,0.0184,0.0207,0.0277,0.0041,0.0143,0.018,0.0181,0.0182,0.019,0.0199,0.0271,0.0332,0.0212,0.0215,0.0282,0.0284,0.0196,0.0254,0.033,0.0218,0.0215,0.0288,0.0288,0.0268,0.0329,0.0215,0.0211,0.028,0.0284,0.0365,0.0284,0.0282,0.0325,0.0331,0.0337,0.0337,0.0329,0.0335,0.0197,0.0257,0.0253,0.026,0.026,0.0182,0.0046,-0.0013,0.0918,0.4966,0.1223,0.0769,0.2148,0.2157,0.0022,0.0705,0.5077,0.151,0.0879,0.2356,0.2344,0.0671,0.4679,0.1079,0.0459,0.1904,0.1958,0.4314,0.1794,0.1269,0.1953,0.2026,0.5854,0.5223,0.5117,0.5153,0.1047,0.2378,0.2281,0.191,0.1882,0.0011
Hmel201001o,15950001,16000000,15975217,49190,0.0193,0.017,0.0189,0.0246,0.004,0.014,0.0143,0.0157,0.0166,0.0182,0.0191,0.0259,0.0317,0.0208,0.0208,0.0275,0.027,0.0181,0.0248,0.0311,0.0215,0.0206,0.028,0.0275,0.0263,0.0319,0.0217,0.0203,0.027,0.0268,0.0329,0.0252,0.0242,0.03,0.0291,0.0312,0.031,0.032,0.0319,0.0184,0.0249,0.0244,0.0251,0.024,0.0161,0.0021,0.0001,0.0961,0.4789,0.1177,0.1125,0.2339,0.2113,0.0043,0.1069,0.5121,0.1719,0.1453,0.2752,0.2532,0.1099,0.488,0.1469,0.1073,0.2291,0.2132,0.4316,0.1602,0.1362,0.2184,0.1913,0.5689,0.5611,0.5459,0.528,0.1405,0.2666,0.2422,0.2642,0.2292,-0.0035
Hmel201001o,15975001,16025000,15999999,49987,0.0183,0.0168,0.0167,0.0237,0.0047,0.013,0.0126,0.0153,0.0159,0.0177,0.0175,0.0248,0.0307,0.0192,0.0194,0.0253,0.0252,0.0169,0.0244,0.0307,0.0196,0.0195,0.0265,0.0264,0.0252,0.031,0.0198,0.0196,0.026,0.0261,0.0317,0.0244,0.0236,0.0288,0.0282,0.0296,0.03,0.0305,0.0307,0.0153,0.0234,0.0232,0.0241,0.0231,0.0156,0.0049,-0.0,0.0989,0.47,0.1085,0.1189,0.2121,0.2007,0.0049,0.1121,0.4981,0.1443,0.1489,0.258,0.2468,0.1298,0.5035,0.1508,0.1524,0.2512,0.2411,0.4182,0.1709,0.1619,0.2163,0.1961,0.5565,0.5688,0.5228,0.5136,0.0942,0.2595,0.2429,0.2813,0.2488,0.0005
Hmel201001o,16000001,16050000,16024930,49568,0.0206,0.0202,0.0222,0.0266,0.0073,0.0168,0.0175,0.021,0.0203,0.0208,0.0214,0.0287,0.0366,0.0224,0.0237,0.0301,0.0303,0.0211,0.0278,0.0365,0.022,0.0235,0.031,0.0311,0.029,0.0368,0.0225,0.024,0.031,0.031,0.0386,0.0296,0.0301,0.0339,0.0342,0.0357,0.0367,0.0353,0.0356,0.0198,0.0285,0.0285,0.0289,0.0289,0.0208,0.0095,0.0004,0.1126,0.4648,0.0951,0.1145,0.1937,0.2041,-0.0033,0.1023,0.4684,0.0914,0.1163,0.2113,0.2223,0.098,0.4449,0.0762,0.1003,0.1888,0.1963,0.4233,0.178,0.177,0.1915,0.2038,0.5118,0.5118,0.4445,0.4581,0.0772,0.2146,0.2232,0.2119,0.2202,0.0036
Hmel201001o,16025001,16075000,16050139,49571,0.0178,0.0179,0.0212,0.0257,0.0071,0.0171,0.0184,0.0194,0.0194,0.0183,0.0193,0.03,0.0368,0.0216,0.0228,0.0319,0.0323,0.0192,0.0293,0.0371,0.0207,0.0227,0.0318,0.0323,0.0304,0.0373,0.0217,0.023,0.0313,0.0318,0.0412,0.0296,0.0308,0.0321,0.0331,0.0362,0.0375,0.0363,0.0366,0.0207,0.028,0.0285,0.0281,0.0286,0.0196,0.0144,-0.0051,0.18,0.5116,0.1136,0.1226,0.277,0.2819,-0.01,0.166,0.5127,0.0891,0.1178,0.2727,0.2807,0.1415,0.4667,0.0662,0.0801,0.2241,0.231,0.4604,0.1809,0.1841,0.1904,0.2055,0.5155,0.5085,0.4818,0.4845,0.0813,0.221,0.2301,0.2054,0.2144,0.005
Hmel201001o,16050001,16100000,16074980,49945,0.0106,0.0125,0.0142,0.022,0.004,0.0108,0.0135,0.0123,0.0129,0.0126,0.0125,0.0266,0.0317,0.0141,0.0146,0.0253,0.0257,0.0131,0.0262,0.0322,0.0139,0.0157,0.0254,0.026,0.0272,0.0319,0.0144,0.0157,0.0255,0.0261,0.0378,0.0258,0.0261,0.0251,0.0259,0.0319,0.0327,0.0332,0.0335,0.0138,0.0221,0.0226,0.0218,0.0223,0.0127,0.0438,0.0031,0.2682,0.6398,0.1448,0.1013,0.3905,0.3864,-0.011,0.2315,0.6078,0.0925,0.0989,0.3583,0.3579,0.2229,0.5709,0.0763,0.0646,0.3294,0.3305,0.5176,0.2535,0.2138,0.2154,0.2199,0.639,0.5935,0.6214,0.6126,0.0696,0.3288,0.3271,0.2693,0.2691,0.0027
Hmel201001o,16075001,16125000,16100001,49949,0.0119,0.0136,0.015,0.0225,0.0035,0.0128,0.0126,0.0137,0.0129,0.0135,0.0137,0.0245,0.0357,0.0172,0.0157,0.0258,0.0256,0.0139,0.0247,0.0355,0.0173,0.0165,0.0262,0.0259,0.0259,0.0353,0.0174,0.0164,0.0263,0.0262,0.0396,0.0269,0.0262,0.0271,0.0269,0.0349,0.0361,0.0364,0.0365,0.0159,0.0224,0.0218,0.024,0.0239,0.0138,0.0289,0.0096,0.2045,0.6583,0.1725,0.1301,0.3509,0.3607,-0.0145,0.1798,0.626,0.1424,0.1198,0.3271,0.3371,0.1812,0.5996,0.1198,0.0907,0.3077,0.3185,0.5348,0.2333,0.2251,0.2228,0.2326,0.6359,0.6493,0.6317,0.6475,0.1192,0.2683,0.2713,0.306,0.3188,0.0208
Hmel201001o,16100001,16150000,16124977,49945,0.0167,0.017,0.0192,0.0251,0.004,0.0162,0.0149,0.0188,0.0177,0.0171,0.018,0.0255,0.0383,0.0281,0.0252,0.033,0.0326,0.0178,0.0255,0.0385,0.0282,0.0248,0.0332,0.0329,0.0263,0.0385,0.0267,0.0234,0.0319,0.0314,0.0405,0.0319,0.0312,0.0345,0.0345,0.0376,0.0392,0.0389,0.0387,0.0204,0.0237,0.0232,0.0277,0.0271,0.0191,0.0096,0.0002,0.1217,0.5902,0.2746,0.2413,0.3142,0.3228,-0.0073,0.1168,0.5876,0.2721,0.2298,0.3132,0.3238,0.1023,0.5523,0.213,0.1655,0.2663,0.2717,0.5031,0.2362,0.244,0.2405,0.2533,0.5923,0.6273,0.5619,0.5772,0.1424,0.1597,0.1638,0.2571,0.261,0.0239
Hmel201001o,16125001,16175000,16150002,49948,0.0129,0.0126,0.0141,0.0205,0.0028,0.0099,0.0135,0.0133,0.0138,0.0131,0.0137,0.0214,0.0301,0.0243,0.0217,0.0261,0.0262,0.0132,0.0199,0.0297,0.0247,0.0212,0.0263,0.0266,0.0215,0.0296,0.0219,0.0193,0.0246,0.0245,0.0318,0.0288,0.0269,0.0296,0.0299,0.0294,0.0308,0.0294,0.0298,0.0148,0.0161,0.0165,0.02,0.0198,0.0137,0.0166,0.0064,0.1466,0.601,0.377,0.2557,0.3449,0.3385,-0.0056,0.1179,0.6035,0.391,0.2508,0.3548,0.351,0.1293,0.5707,0.3063,0.1765,0.2968,0.2877,0.4965,0.3369,0.2476,0.2942,0.2909,0.66,0.5967,0.5842,0.5788,0.1263,0.1704,0.1729,0.2073,0.1944,0.0044
Hmel201001o,16150001,16200000,16174993,49963,0.0095,0.0085,0.01,0.0185,0.0028,0.0075,0.0129,0.0114,0.0118,0.0093,0.01,0.0205,0.027,0.0206,0.0173,0.0229,0.0233,0.009,0.0194,0.0264,0.0212,0.0171,0.0237,0.0238,0.0206,0.0263,0.0187,0.0159,0.0221,0.0223,0.0297,0.0255,0.0238,0.026,0.0263,0.0255,0.0265,0.0254,0.0258,0.012,0.0137,0.0141,0.0175,0.0178,0.0115,0.0162,0.0103,0.2156,0.6439,0.4308,0.226,0.3894,0.3859,-0.0157,0.2113,0.6635,0.4683,0.2439,0.4253,0.4179,0.2081,0.6229,0.3765,0.1723,0.3631,0.3563,0.5043,0.3533,0.2242,0.2929,0.2899,0.6787,0.5601,0.5801,0.5751,0.0881,0.195,0.1943,0.1918,0.1921,-0.0052
Hmel201001o,16175001,16225000,16200010,49956,0.0127,0.0092,0.0118,0.0207,0.0027,0.0069,0.0109,0.0105,0.0107,0.0111,0.0119,0.0243,0.0263,0.0217,0.0197,0.0243,0.0246,0.0107,0.0244,0.0264,0.0229,0.0203,0.026,0.026,0.025,0.0261,0.0196,0.018,0.0233,0.0234,0.0301,0.0262,0.0258,0.027,0.0272,0.025,0.0256,0.0256,0.0257,0.0094,0.0123,0.0126,0.015,0.0155,0.0107,0.0084,-0.0136,0.2107,0.5637,0.3931,0.2624,0.3697,0.3697,0.0086,0.2722,0.6465,0.4952,0.3499,0.4664,0.4616,0.2384,0.5811,0.3685,0.2361,0.3673,0.3644,0.4768,0.3452,0.2676,0.2959,0.2953,0.6932,0.596,0.6066,0.6019,0.0304,0.1804,0.1875,0.1767,0.1862,0.0048
Hmel201001o,16200001,16250000,16224990,49952,0.0134,0.0097,0.0146,0.0222,0.0024,0.0054,0.008,0.0107,0.0103,0.0117,0.0137,0.0319,0.0266,0.0279,0.0278,0.0299,0.0298,0.0125,0.0325,0.0268,0.0295,0.0285,0.032,0.0319,0.0321,0.0268,0.0247,0.0245,0.028,0.0279,0.0338,0.0274,0.0279,0.0272,0.0271,0.0299,0.0302,0.031,0.0311,0.0074,0.0123,0.0122,0.0143,0.0141,0.0104,0.0077,-0.0119,0.3072,0.5596,0.5126,0.4594,0.4412,0.447,0.0166,0.3708,0.6481,0.6083,0.542,0.5317,0.5382,0.2933,0.5357,0.4395,0.384,0.3925,0.3975,0.5022,0.3692,0.3306,0.2747,0.2796,0.7821,0.7196,0.6658,0.6753,0.0554,0.2182,0.2281,0.2191,0.2229,-0.0087
Hmel201001o,16225001,16275000,16250005,49935,0.0082,0.0073,0.012,0.022,0.0034,0.004,0.005,0.012,0.0111,0.0077,0.0101,0.0278,0.0351,0.0263,0.0265,0.0279,0.0276,0.0097,0.0281,0.0349,0.0267,0.0265,0.0285,0.0283,0.0276,0.0349,0.0229,0.0229,0.0263,0.0259,0.042,0.0269,0.0274,0.0266,0.0263,0.0387,0.0384,0.0392,0.0391,0.0053,0.0142,0.0138,0.0149,0.0144,0.0111,-0.0027,-0.0014,0.3295,0.7298,0.6405,0.617,0.4838,0.4992,-0.0005,0.3476,0.7455,0.6651,0.6376,0.508,0.5249,0.2641,0.6521,0.4985,0.4741,0.3861,0.3978,0.5634,0.3901,0.3781,0.2457,0.2572,0.8355,0.8128,0.6852,0.7018,0.0937,0.2915,0.3085,0.2838,0.2969,-0.0195
Hmel201001o,16250001,16300000,16274745,49308,0.0068,0.0068,0.0091,0.0202,0.0032,0.0042,0.0023,0.0098,0.0085,0.0067,0.0078,0.0185,0.0371,0.0187,0.0189,0.0191,0.0184,0.008,0.0184,0.0373,0.0189,0.0189,0.0191,0.0184,0.019,0.0368,0.0162,0.0162,0.0177,0.017,0.0395,0.025,0.025,0.0249,0.0244,0.0366,0.0367,0.0363,0.036,0.0046,0.0117,0.0115,0.0112,0.0106,0.009,-0.0081,-0.0096,0.1975,0.7738,0.563,0.6276,0.4096,0.4297,0.0033,0.1964,0.774,0.5662,0.6282,0.4083,0.4291,0.1649,0.7258,0.4334,0.4961,0.3177,0.3336,0.5685,0.3828,0.4213,0.2763,0.2926,0.8263,0.8686,0.7092,0.7338,0.1843,0.2639,0.3031,0.3109,0.3442,-0.0067
Hmel201001o,16275001,16325000,16298418,45072,0.0129,0.0129,0.0154,0.0232,0.0047,0.0142,0.0085,0.0154,0.0143,0.013,0.014,0.0254,0.038,0.0241,0.0245,0.0266,0.0257,0.0136,0.0239,0.0379,0.0238,0.0242,0.0268,0.0256,0.0247,0.0375,0.0221,0.022,0.0255,0.0245,0.0403,0.0295,0.0303,0.0316,0.0308,0.0377,0.0379,0.0383,0.0376,0.0131,0.0197,0.0193,0.0184,0.0178,0.0146,0.0033,-0.0059,0.1947,0.6382,0.2939,0.4085,0.3187,0.3214,-0.0216,0.1664,0.638,0.2881,0.4033,0.3223,0.3204,0.1442,0.5924,0.2094,0.3093,0.2589,0.2579,0.5138,0.2465,0.3458,0.2613,0.2655,0.6147,0.7167,0.5991,0.6124,0.0784,0.1498,0.1602,0.224,0.2329,-0.0106
Hmel201001o,16300001,16350000,16325664,45412,0.0154,0.0162,0.019,0.027,0.0064,0.016,0.0128,0.0205,0.0203,0.0164,0.0174,0.0272,0.0385,0.028,0.0273,0.0349,0.0343,0.017,0.0261,0.0387,0.0284,0.0279,0.0357,0.0348,0.0271,0.0388,0.0273,0.026,0.0345,0.0338,0.0423,0.0336,0.0335,0.0392,0.0385,0.0394,0.0392,0.0408,0.0406,0.0154,0.0272,0.0268,0.0278,0.0277,0.0202,0.018,0.0076,0.1508,0.5747,0.2951,0.3341,0.3351,0.3296,-0.0201,0.1197,0.5633,0.2892,0.3299,0.3339,0.3256,0.1014,0.5226,0.2295,0.2539,0.2851,0.2779,0.4651,0.2439,0.2853,0.2613,0.2557,0.5731,0.6228,0.5198,0.5206,0.0375,0.2072,0.2029,0.2624,0.2641,-0.0068
Hmel201001o,16325001,16375000,16350125,49630,0.0101,0.0104,0.0149,0.0247,0.0044,0.0086,0.0075,0.0163,0.0156,0.0105,0.0129,0.0222,0.0374,0.026,0.0253,0.0293,0.0297,0.013,0.0225,0.0378,0.0269,0.0262,0.0299,0.0302,0.0222,0.0377,0.0243,0.0233,0.0285,0.0287,0.041,0.031,0.0307,0.0337,0.0339,0.0386,0.039,0.0377,0.0383,0.0089,0.0209,0.021,0.0215,0.0216,0.0165,0.0151,0.0167,0.1593,0.6891,0.4877,0.5008,0.3951,0.4109,0.0139,0.162,0.687,0.4962,0.5086,0.3998,0.4148,0.0848,0.6085,0.3646,0.366,0.3078,0.321,0.5074,0.3366,0.349,0.2647,0.2764,0.7255,0.7482,0.5854,0.602,0.0531,0.2666,0.283,0.3026,0.3185,0.0185
Hmel201001o,16350001,16400000,16375007,49954,0.0069,0.0063,0.0121,0.0224,0.0036,0.0041,0.0063,0.0107,0.0096,0.0064,0.0098,0.0237,0.0365,0.0229,0.0222,0.0225,0.0229,0.0097,0.0238,0.0362,0.0228,0.022,0.0224,0.0228,0.0227,0.0363,0.0204,0.0196,0.0211,0.0214,0.0402,0.0266,0.027,0.0261,0.0266,0.0363,0.0369,0.0352,0.0356,0.0059,0.0112,0.0112,0.0121,0.012,0.0106,-0.0147,0.0153,0.2764,0.7606,0.6284,0.557,0.4552,0.4877,0.0258,0.2883,0.7705,0.6436,0.5694,0.4658,0.4982,0.1655,0.6598,0.4479,0.3773,0.3129,0.3421,0.54,0.3769,0.343,0.2554,0.282,0.8188,0.7748,0.6771,0.7012,0.0654,0.2178,0.2529,0.1871,0.2149,0.0234
Hmel201001o,16375001,16425000,16400001,49994,0.0098,0.0103,0.0146,0.0227,0.0041,0.0082,0.0136,0.0153,0.0138,0.0101,0.0126,0.0336,0.0383,0.0307,0.0264,0.032,0.0319,0.0124,0.0336,0.0385,0.0304,0.0263,0.0319,0.0318,0.0324,0.0382,0.0282,0.0245,0.03,0.0299,0.0425,0.0311,0.0302,0.0295,0.0295,0.0389,0.0385,0.0382,0.0378,0.0123,0.017,0.0167,0.0189,0.0182,0.0145,0.0001,0.0142,0.375,0.706,0.5609,0.4003,0.4518,0.4749,-0.0037,0.3679,0.6981,0.5483,0.3891,0.4425,0.4661,0.2888,0.6219,0.4391,0.2802,0.3492,0.3705,0.5472,0.3663,0.2713,0.2364,0.2579,0.7393,0.6409,0.6102,0.6328,0.0612,0.1918,0.2164,0.1391,0.1482,-0.003
Hmel201001o,16400001,16450000,16425001,49998,0.0148,0.0163,0.0182,0.0244,0.0052,0.0115,0.0182,0.0207,0.0192,0.0157,0.0169,0.0353,0.0395,0.0323,0.0292,0.0365,0.0359,0.0168,0.0352,0.0401,0.0327,0.0296,0.0367,0.0363,0.0348,0.0399,0.0301,0.0274,0.0351,0.0346,0.0422,0.0345,0.0335,0.0331,0.0326,0.0405,0.0402,0.0396,0.0392,0.0167,0.025,0.0243,0.0264,0.0254,0.0201,0.0076,0.0145,0.3085,0.6117,0.4379,0.2905,0.3614,0.3723,-0.0134,0.2872,0.5928,0.4191,0.2766,0.3445,0.3582,0.2582,0.5629,0.3548,0.2125,0.3014,0.313,0.5094,0.343,0.2387,0.2027,0.2139,0.6719,0.5647,0.524,0.5413,0.0599,0.227,0.2375,0.1599,0.1597,0.0048
Hmel201001o,16425001,16475000,16449985,49965,0.0147,0.016,0.0182,0.0244,0.005,0.011,0.0164,0.0193,0.0174,0.0155,0.0165,0.0258,0.0346,0.0258,0.0241,0.0293,0.0302,0.0167,0.026,0.035,0.0268,0.0251,0.0294,0.0305,0.0264,0.0352,0.0245,0.0235,0.0292,0.0298,0.0371,0.0314,0.0296,0.0314,0.0322,0.0349,0.0344,0.0345,0.0337,0.015,0.0248,0.0231,0.0248,0.0234,0.0191,0.0049,0.0015,0.1621,0.572,0.3507,0.2265,0.2785,0.3212,-0.0143,0.1463,0.5527,0.3447,0.2252,0.2615,0.3057,0.1231,0.5196,0.2654,0.1593,0.2296,0.2655,0.464,0.3097,0.2046,0.1936,0.2317,0.6418,0.5409,0.4936,0.5167,0.049,0.2546,0.2509,0.1708,0.1711,0.0221
Hmel201001o,16450001,16500000,16474932,49654,0.0124,0.012,0.016,0.0258,0.0032,0.0091,0.0125,0.0157,0.0136,0.0125,0.0142,0.0256,0.0287,0.0248,0.0211,0.0253,0.0274,0.014,0.0258,0.0289,0.0255,0.0217,0.0252,0.0273,0.0255,0.0291,0.0235,0.0207,0.0252,0.0267,0.0356,0.0332,0.0307,0.0327,0.0342,0.033,0.0308,0.0317,0.0313,0.0118,0.0197,0.0183,0.02,0.0191,0.0153,0.0133,0.0017,0.1768,0.5882,0.4091,0.2696,0.2986,0.3707,0.0006,0.1878,0.5994,0.4297,0.2917,0.3046,0.3765,0.1242,0.5204,0.3175,0.1948,0.2408,0.3016,0.4585,0.3436,0.2613,0.2468,0.2958,0.6988,0.6107,0.5574,0.5928,0.0451,0.2388,0.2465,0.1835,0.1987,0.025
Hmel201001o,16475001,16525000,16500028,49560,0.0162,0.0151,0.0179,0.0287,0.0031,0.0151,0.0153,0.0139,0.0133,0.0158,0.0176,0.0301,0.0289,0.024,0.0205,0.0263,0.0261,0.0164,0.0297,0.0287,0.0242,0.0202,0.0268,0.0265,0.0295,0.0293,0.0241,0.0199,0.0269,0.0265,0.0367,0.0331,0.032,0.0343,0.0338,0.0356,0.0321,0.0341,0.034,0.0176,0.021,0.0205,0.0227,0.0221,0.0135,0.0049,0.0165,0.172,0.5159,0.2201,0.1376,0.2846,0.2913,-0.0035,0.1796,0.5343,0.243,0.1485,0.3116,0.3156,0.1422,0.4897,0.1969,0.0975,0.2702,0.2723,0.4363,0.2316,0.2127,0.2634,0.2644,0.608,0.5708,0.6175,0.6275,0.0764,0.1925,0.1918,0.2292,0.2255,-0.0037
Hmel201001o,16500001,16550000,16524730,49049,0.0188,0.0181,0.0194,0.0266,0.004,0.0134,0.0151,0.0142,0.0139,0.0183,0.0198,0.0263,0.0316,0.0228,0.0211,0.0259,0.0255,0.0186,0.0259,0.0315,0.0231,0.0206,0.0263,0.0257,0.0265,0.0321,0.0221,0.0196,0.026,0.0254,0.0362,0.0277,0.0274,0.0299,0.0295,0.0353,0.033,0.035,0.0343,0.0163,0.0209,0.0202,0.0224,0.0213,0.0139,-0.0046,0.019,0.0936,0.4869,0.1809,0.1146,0.2332,0.2297,-0.0038,0.0955,0.4976,0.1995,0.1149,0.2517,0.2441,0.0881,0.4826,0.1573,0.0682,0.2273,0.2177,0.4435,0.1907,0.1634,0.2177,0.2135,0.6206,0.568,0.6044,0.602,0.0713,0.2158,0.2032,0.2209,0.2002,-0.0076
Hmel201001o,16525001,16575000,16550142,49174,0.0175,0.0166,0.0182,0.0235,0.0052,0.0108,0.0137,0.013,0.0131,0.0169,0.018,0.0242,0.0335,0.0199,0.0189,0.0224,0.0221,0.0176,0.0238,0.034,0.0203,0.0188,0.0226,0.0224,0.0243,0.0344,0.0189,0.0184,0.0219,0.0216,0.037,0.0252,0.0251,0.0269,0.0269,0.0332,0.034,0.0338,0.0338,0.0137,0.017,0.0167,0.0189,0.0182,0.0129,-0.0032,0.0043,0.0995,0.5101,0.1803,0.1029,0.1995,0.1934,0.0079,0.1045,0.5302,0.207,0.1156,0.2203,0.2139,0.092,0.5073,0.1414,0.0767,0.1758,0.1695,0.4714,0.2235,0.1747,0.2177,0.2161,0.6266,0.5805,0.5895,0.5889,0.0623,0.1874,0.1776,0.1811,0.1619,-0.0067
Hmel201001o,16550001,16600000,16574921,49715,0.0176,0.0178,0.0181,0.023,0.0053,0.0133,0.0159,0.0141,0.0138,0.0177,0.0178,0.0237,0.0367,0.0202,0.0194,0.023,0.0226,0.0178,0.0237,0.0371,0.0211,0.0203,0.0239,0.0235,0.0235,0.0374,0.0197,0.0192,0.0226,0.0222,0.0393,0.0254,0.0251,0.0274,0.0269,0.0362,0.0374,0.0369,0.0367,0.0163,0.0182,0.0177,0.0201,0.0197,0.0137,0.0013,-0.002,0.0924,0.5399,0.1414,0.0777,0.1946,0.1898,-0.0038,0.0914,0.5421,0.1615,0.0981,0.2112,0.2062,0.0813,0.5395,0.1202,0.0634,0.1774,0.1731,0.5003,0.194,0.1463,0.2172,0.2127,0.6069,0.5734,0.5997,0.6025,0.059,0.1496,0.1399,0.1535,0.1493,-0.0088
Hmel201001o,16575001,16625000,16600037,49666,0.0148,0.0154,0.0148,0.0231,0.0044,0.012,0.0129,0.0148,0.014,0.0151,0.0147,0.0218,0.038,0.0172,0.0171,0.0216,0.0212,0.0147,0.0216,0.0384,0.0183,0.0181,0.0225,0.0221,0.0213,0.0385,0.0167,0.0162,0.0216,0.0211,0.0401,0.0238,0.0235,0.0268,0.0264,0.0384,0.0389,0.0384,0.0383,0.0136,0.0179,0.0174,0.0191,0.0188,0.0142,-0.0002,-0.0042,0.0947,0.6126,0.1315,0.1116,0.1986,0.2028,-0.0148,0.0796,0.6055,0.152,0.1317,0.2087,0.2125,0.0823,0.616,0.1148,0.0828,0.1955,0.1983,0.5181,0.1806,0.1601,0.1951,0.1989,0.6621,0.6519,0.6156,0.6279,0.0453,0.1508,0.1528,0.168,0.1771,-0.0067
Hmel201001o,16600001,16650000,16624991,49915,0.0128,0.0118,0.0149,0.0217,0.0035,0.0121,0.0122,0.014,0.0132,0.0122,0.0141,0.0224,0.0353,0.0168,0.018,0.023,0.0233,0.0137,0.0225,0.0352,0.017,0.0182,0.0238,0.024,0.0214,0.0356,0.0166,0.0167,0.0221,0.0222,0.0374,0.0241,0.0233,0.0261,0.0263,0.0359,0.0357,0.0353,0.0356,0.0132,0.0182,0.0182,0.0181,0.0181,0.0136,-0.0059,0.0098,0.1556,0.6394,0.1569,0.1888,0.2765,0.2971,0.0138,0.1756,0.6573,0.1865,0.2154,0.3098,0.3299,0.0984,0.6049,0.1104,0.1103,0.2212,0.2371,0.525,0.2029,0.1855,0.2091,0.2256,0.6575,0.654,0.6166,0.6336,0.0447,0.1752,0.1893,0.1693,0.1831,0.0007
Hmel201001o,16625001,16675000,16650005,49968,0.0135,0.0107,0.0148,0.0216,0.0029,0.0106,0.0124,0.012,0.0117,0.0119,0.0143,0.0231,0.0358,0.0204,0.0207,0.0242,0.0246,0.0131,0.0226,0.0353,0.0198,0.0201,0.024,0.0245,0.0215,0.0357,0.0192,0.0185,0.0219,0.0221,0.0368,0.0254,0.0243,0.0255,0.0258,0.0351,0.0352,0.0349,0.035,0.0126,0.016,0.0155,0.0157,0.0154,0.0117,-0.0079,0.0037,0.1609,0.6415,0.2713,0.242,0.3221,0.3369,0.0164,0.1977,0.6918,0.3159,0.2851,0.3734,0.389,0.1043,0.6183,0.2144,0.163,0.2517,0.2636,0.5316,0.2548,0.2048,0.231,0.2439,0.6919,0.6582,0.6621,0.6694,0.0488,0.1801,0.1741,0.1328,0.1313,-0.0059
Hmel201001o,16650001,16700000,16675000,49999,0.0156,0.0128,0.0152,0.0237,0.0037,0.0078,0.0114,0.0129,0.0117,0.0141,0.0148,0.0247,0.0364,0.0223,0.0215,0.0235,0.0233,0.0135,0.0228,0.0365,0.023,0.022,0.0239,0.0238,0.0233,0.0364,0.0213,0.0203,0.0229,0.0227,0.0381,0.0288,0.0278,0.0292,0.0291,0.0353,0.036,0.0358,0.0357,0.0104,0.0153,0.0146,0.0164,0.016,0.012,-0.0044,-0.0203,0.1341,0.596,0.3237,0.2373,0.2561,0.2735,-0.0174,0.1402,0.6468,0.3968,0.3028,0.3141,0.3348,0.1121,0.6033,0.3119,0.2175,0.2507,0.2683,0.502,0.3273,0.2549,0.2542,0.2721,0.7322,0.6664,0.6378,0.6597,0.043,0.201,0.2076,0.1544,0.1701,-0.0122
Hmel201001o,16675001,16725000,16700000,49996,0.0153,0.0137,0.0162,0.0231,0.0041,0.0073,0.0113,0.0116,0.0105,0.0143,0.0152,0.0241,0.0323,0.0234,0.023,0.0248,0.025,0.0145,0.0238,0.0329,0.0253,0.0247,0.0269,0.027,0.0242,0.0326,0.0223,0.0217,0.0242,0.0243,0.0359,0.0311,0.0301,0.0312,0.0312,0.0335,0.034,0.0342,0.0342,0.0105,0.0141,0.014,0.0159,0.0159,0.0109,-0.008,-0.0183,0.1361,0.5541,0.3639,0.2806,0.3121,0.3333,-0.0167,0.1548,0.5897,0.4287,0.3416,0.376,0.397,0.1219,0.5405,0.3237,0.2352,0.2833,0.3045,0.4821,0.3766,0.2996,0.3122,0.3288,0.7218,0.6443,0.6413,0.6622,0.0621,0.2095,0.2352,0.1697,0.196,-0.0084
Hmel201001o,16700001,16750000,16724962,49874,0.0101,0.0105,0.013,0.0211,0.0034,0.0069,0.0107,0.0091,0.0092,0.0099,0.0115,0.0219,0.0245,0.0281,0.0258,0.0287,0.0292,0.0114,0.0228,0.025,0.029,0.0267,0.0301,0.0305,0.0233,0.0253,0.0248,0.023,0.0259,0.0263,0.0303,0.0312,0.0301,0.0305,0.031,0.0327,0.0317,0.0325,0.0325,0.0096,0.0111,0.011,0.0136,0.0134,0.0089,-0.0201,-0.004,0.198,0.582,0.5491,0.441,0.5136,0.5181,-0.015,0.2107,0.5803,0.5532,0.4477,0.5253,0.5272,0.1782,0.5261,0.4408,0.3341,0.4164,0.4204,0.4582,0.4101,0.3345,0.3661,0.3705,0.7389,0.6515,0.6909,0.6881,0.0441,0.1684,0.1618,0.1682,0.1574,-0.0138
Hmel201001o,16725001,16775000,16750016,49687,0.0065,0.0101,0.0115,0.0227,0.0027,0.0056,0.0105,0.0082,0.0085,0.0083,0.0094,0.0281,0.024,0.033,0.0296,0.0327,0.0329,0.0106,0.0282,0.0243,0.0317,0.0286,0.0315,0.0315,0.0277,0.0249,0.0281,0.0257,0.0283,0.0284,0.0314,0.0288,0.0287,0.0278,0.028,0.0324,0.0315,0.0316,0.0317,0.0081,0.0098,0.0097,0.0127,0.0125,0.0081,0.0016,0.0255,0.3538,0.692,0.7036,0.5691,0.6479,0.6425,-0.0079,0.2966,0.6001,0.6195,0.4872,0.5665,0.5603,0.2662,0.5738,0.55,0.4171,0.5004,0.495,0.4627,0.3789,0.2963,0.3207,0.3178,0.7851,0.668,0.7203,0.7131,0.0001,0.1842,0.1664,0.1614,0.1428,-0.0177
Hmel201001o,16750001,16800000,16774506,48590,0.0091,0.012,0.0146,0.0265,0.0051,0.0044,0.0114,0.0081,0.0082,0.0107,0.0121,0.0298,0.029,0.0344,0.0315,0.0347,0.0352,0.013,0.0296,0.0296,0.0332,0.0303,0.0335,0.0341,0.0292,0.0298,0.0294,0.0277,0.0304,0.0309,0.035,0.0303,0.0304,0.0301,0.0302,0.0337,0.0337,0.0331,0.0336,0.0084,0.0096,0.0097,0.0128,0.0128,0.0081,0.0089,0.0114,0.2897,0.624,0.6861,0.5245,0.6187,0.6217,-0.0127,0.2449,0.5687,0.6189,0.4583,0.5549,0.5591,0.2019,0.5213,0.5283,0.3755,0.4731,0.478,0.4168,0.3669,0.2649,0.3085,0.3093,0.7651,0.6224,0.6822,0.6853,0.0306,0.2224,0.2247,0.1402,0.1413,-0.0064
Hmel201001o,16775001,16825000,16799479,44307,0.0105,0.0098,0.0143,0.0258,0.0068,0.0042,0.0117,0.0097,0.0092,0.0101,0.0125,0.0229,0.0269,0.0298,0.0281,0.033,0.0347,0.0117,0.0226,0.0274,0.0298,0.028,0.0333,0.0354,0.0234,0.0278,0.0262,0.0254,0.03,0.0317,0.0315,0.032,0.0316,0.0338,0.0352,0.0351,0.0346,0.0346,0.0358,0.0086,0.0111,0.0111,0.0139,0.014,0.0096,-0.0043,0.0022,0.1553,0.5291,0.6181,0.4489,0.5478,0.5727,-0.0196,0.1601,0.5498,0.6327,0.4599,0.5633,0.5915,0.1046,0.4639,0.492,0.3353,0.4451,0.4744,0.3548,0.4015,0.2855,0.3436,0.3674,0.7402,0.5932,0.6305,0.6488,0.0362,0.2405,0.2563,0.1368,0.1521,0.0077
Hmel201001o,16800001,16850000,16826904,45527,0.0104,0.0102,0.0145,0.0216,0.004,0.0077,0.0094,0.013,0.0134,0.0106,0.0126,0.0196,0.0299,0.0264,0.0274,0.0302,0.0308,0.0124,0.0205,0.0292,0.0269,0.0278,0.0309,0.0317,0.0205,0.0297,0.0233,0.0242,0.028,0.0287,0.0335,0.0306,0.0315,0.0331,0.0338,0.0333,0.0334,0.0328,0.0335,0.0091,0.0154,0.0159,0.0164,0.0169,0.0132,0.0119,0.0068,0.1354,0.6249,0.5049,0.4848,0.4567,0.4573,0.0023,0.1601,0.6237,0.5163,0.4949,0.4701,0.4732,0.0841,0.5406,0.3695,0.3542,0.3567,0.3605,0.4797,0.3833,0.3693,0.3364,0.3399,0.7137,0.6795,0.603,0.6024,0.0339,0.2076,0.2137,0.1984,0.2054,0.0018
Hmel201001o,16825001,16875000,16849790,48700,0.0114,0.0134,0.0176,0.0226,0.0047,0.0099,0.0078,0.0154,0.0159,0.0127,0.0147,0.0258,0.0354,0.0291,0.0299,0.0314,0.0313,0.0154,0.0264,0.0352,0.0294,0.0305,0.0316,0.0316,0.026,0.0351,0.0261,0.0267,0.0293,0.0292,0.0394,0.0325,0.0331,0.034,0.0335,0.0348,0.0353,0.0344,0.0344,0.0097,0.0177,0.0181,0.0173,0.0177,0.0152,0.0148,0.0073,0.2365,0.6458,0.4819,0.5306,0.4181,0.4089,-0.0013,0.2146,0.6069,0.4494,0.4998,0.3899,0.3814,0.1446,0.5346,0.3254,0.371,0.2932,0.2844,0.5146,0.3617,0.4017,0.3024,0.2887,0.6681,0.7125,0.5647,0.5555,0.0512,0.175,0.1758,0.2075,0.2086,-0.0144
Hmel201001o,16850001,16900000,16875362,48293,0.0125,0.0155,0.0192,0.0256,0.0056,0.0126,0.0093,0.0165,0.016,0.014,0.0162,0.0332,0.0354,0.0292,0.0307,0.0335,0.0333,0.0165,0.0316,0.035,0.0287,0.0304,0.0326,0.0326,0.0317,0.0357,0.0271,0.0279,0.0312,0.0311,0.0417,0.0322,0.0326,0.0339,0.0334,0.0364,0.0368,0.037,0.0367,0.0138,0.0202,0.0204,0.019,0.0191,0.0159,0.0005,0.0104,0.2991,0.6086,0.4154,0.4914,0.4106,0.4167,-0.0259,0.2367,0.5536,0.359,0.4362,0.3564,0.3637,0.1883,0.5001,0.2733,0.3374,0.2844,0.2897,0.4855,0.2851,0.3361,0.2548,0.2547,0.6155,0.6767,0.5554,0.5609,0.1203,0.1707,0.1849,0.2011,0.2131,-0.0112
Hmel201001o,16875001,16925000,16900067,49471,0.0158,0.0159,0.0194,0.0274,0.0053,0.0131,0.0157,0.0175,0.0177,0.0157,0.0177,0.0353,0.0367,0.0301,0.0299,0.0381,0.0377,0.0166,0.035,0.0363,0.0303,0.0289,0.0384,0.0378,0.0352,0.037,0.0286,0.0274,0.0368,0.0362,0.0415,0.0338,0.0356,0.0371,0.0366,0.0391,0.0387,0.0403,0.0398,0.0195,0.0246,0.0242,0.0262,0.0257,0.0177,-0.0037,0.0045,0.2646,0.57,0.3666,0.325,0.4076,0.4002,-0.0331,0.2603,0.5646,0.3672,0.3074,0.4089,0.4005,0.2196,0.5164,0.2882,0.2312,0.3459,0.3364,0.4681,0.2791,0.2705,0.2669,0.2593,0.6348,0.5904,0.575,0.5683,0.1603,0.2439,0.2352,0.236,0.2246,0.0033
Hmel201001o,16900001,16950000,16924812,48106,0.0128,0.0111,0.0149,0.0255,0.0045,0.0117,0.0176,0.017,0.0187,0.012,0.014,0.0335,0.0364,0.0296,0.0262,0.0374,0.0366,0.0124,0.0344,0.0359,0.0299,0.0252,0.0381,0.0371,0.0346,0.0364,0.0283,0.0245,0.0366,0.0357,0.0406,0.0327,0.0345,0.0361,0.0361,0.0388,0.0378,0.0403,0.0396,0.0187,0.0233,0.023,0.027,0.0262,0.0181,0.003,0.006,0.3004,0.6322,0.4308,0.2801,0.4468,0.415,-0.0257,0.3353,0.6585,0.4635,0.288,0.4783,0.4437,0.2866,0.5952,0.3755,0.2147,0.4096,0.3763,0.4921,0.3039,0.2501,0.2788,0.2583,0.668,0.5637,0.5946,0.5631,0.1279,0.2488,0.2147,0.231,0.1929,0.0099
Hmel201001o,16925001,16975000,16950709,48220,0.0078,0.0108,0.0135,0.021,0.0039,0.0102,0.0099,0.0146,0.0153,0.0098,0.0111,0.0295,0.0343,0.0278,0.0256,0.0303,0.03,0.0116,0.0277,0.0341,0.0265,0.0243,0.0291,0.0286,0.0292,0.0347,0.0254,0.0232,0.0284,0.028,0.039,0.0284,0.028,0.0285,0.029,0.036,0.0358,0.0363,0.0362,0.0125,0.0177,0.0179,0.0187,0.0186,0.015,0.0265,0.0241,0.376,0.7223,0.5274,0.5035,0.4774,0.4595,-0.0222,0.298,0.6595,0.4479,0.4171,0.4067,0.3877,0.2797,0.6151,0.3788,0.3441,0.3532,0.3342,0.5444,0.318,0.3178,0.2514,0.2475,0.6854,0.6904,0.609,0.5953,0.1134,0.1837,0.1755,0.2195,0.2027,-0.0006
Hmel201001o,16950001,17000000,16975003,49991,0.0107,0.0123,0.0147,0.0226,0.0045,0.0095,0.0092,0.0148,0.0145,0.0122,0.0132,0.0307,0.0362,0.0252,0.0252,0.0283,0.0285,0.0133,0.0297,0.0362,0.0245,0.0244,0.0279,0.0281,0.031,0.0365,0.0232,0.0229,0.0272,0.0273,0.0418,0.0311,0.0305,0.03,0.0303,0.0368,0.0369,0.0364,0.0364,0.0119,0.0189,0.0193,0.0186,0.0189,0.0147,0.0313,0.0193,0.3247,0.6675,0.4431,0.4489,0.3928,0.4019,-0.0062,0.2858,0.6384,0.3991,0.4038,0.3602,0.3684,0.2706,0.6,0.3282,0.3292,0.3094,0.3165,0.5388,0.3496,0.3454,0.2527,0.2627,0.6944,0.7006,0.5963,0.6015,0.1263,0.2269,0.2437,0.2254,0.2393,0.0022
Hmel201001o,16975001,17025000,16999999,49993,0.0116,0.0096,0.0134,0.0239,0.0053,0.0103,0.0105,0.0156,0.0151,0.0111,0.0126,0.0277,0.0361,0.0225,0.0239,0.027,0.0276,0.0118,0.0289,0.0356,0.0226,0.0238,0.0277,0.0282,0.029,0.0357,0.0214,0.0224,0.0265,0.027,0.0416,0.0321,0.0321,0.032,0.0323,0.0341,0.0344,0.0337,0.0336,0.0123,0.0195,0.0202,0.019,0.0197,0.0157,0.0242,0.0007,0.2482,0.635,0.359,0.3808,0.3431,0.3629,0.0124,0.2995,0.6686,0.4033,0.4213,0.3896,0.407,0.2428,0.6,0.2997,0.3168,0.3047,0.3222,0.5086,0.334,0.3312,0.2566,0.2694,0.6429,0.6411,0.5423,0.55,0.0882,0.2107,0.2403,0.1954,0.2225,0.0128
Hmel201001o,17000001,17050000,17024373,46660,0.0106,0.0087,0.0123,0.0238,0.0046,0.0099,0.0098,0.016,0.0155,0.0099,0.0112,0.0251,0.0365,0.0231,0.0234,0.0262,0.0262,0.0105,0.026,0.0362,0.0225,0.0227,0.026,0.026,0.0262,0.0362,0.0217,0.0218,0.0252,0.0251,0.0395,0.0302,0.0304,0.0314,0.0311,0.0345,0.035,0.0334,0.0333,0.0118,0.0191,0.0189,0.019,0.0189,0.0158,0.011,-0.0088,0.2216,0.6706,0.4011,0.4096,0.3412,0.3496,-0.0011,0.2672,0.7029,0.4306,0.4362,0.3704,0.3786,0.2149,0.6372,0.3386,0.3415,0.2958,0.3014,0.5024,0.3164,0.3206,0.2449,0.2478,0.6682,0.6738,0.5448,0.5521,0.0951,0.2029,0.2065,0.202,0.2084,0.0022
Hmel201001o,17025001,17075000,17051158,46666,0.0077,0.0079,0.0098,0.0237,0.0038,0.0128,0.0119,0.0175,0.0158,0.0078,0.0089,0.0309,0.0366,0.0204,0.0212,0.0296,0.029,0.0088,0.0306,0.0369,0.0206,0.0211,0.0292,0.0288,0.0311,0.0366,0.0197,0.0197,0.0286,0.028,0.0408,0.0323,0.0323,0.0331,0.0324,0.0367,0.038,0.0366,0.0368,0.0149,0.0227,0.0219,0.0235,0.0229,0.0164,-0.0009,0.0122,0.3601,0.7413,0.3467,0.3835,0.4208,0.4414,-0.0043,0.3529,0.7383,0.3443,0.378,0.4107,0.4333,0.3301,0.6999,0.2836,0.3034,0.3691,0.389,0.5251,0.3025,0.316,0.2504,0.2641,0.6443,0.6712,0.5652,0.5953,0.1002,0.2105,0.221,0.243,0.2599,-0.0059
Hmel201001o,17050001,17100000,17074929,49822,0.0078,0.0083,0.0116,0.0228,0.0054,0.0134,0.013,0.0182,0.0165,0.0079,0.0098,0.0343,0.0348,0.0228,0.0228,0.0327,0.0324,0.0098,0.034,0.0349,0.0233,0.0232,0.0327,0.0325,0.0341,0.0345,0.0214,0.021,0.0313,0.031,0.0399,0.0355,0.0353,0.0363,0.036,0.036,0.0366,0.0372,0.0371,0.0158,0.0227,0.0222,0.0237,0.0233,0.0168,-0.0108,0.0058,0.4135,0.6962,0.3817,0.3887,0.4473,0.4719,-0.0082,0.4022,0.6869,0.3797,0.3854,0.4391,0.4648,0.3543,0.6195,0.2759,0.2719,0.3682,0.3916,0.5071,0.3479,0.3503,0.2938,0.3124,0.602,0.614,0.5339,0.5609,0.0953,0.1874,0.2053,0.216,0.2366,-0.0168
Hmel201001o,17075001,17125000,17099918,49437,0.0103,0.0105,0.0155,0.0226,0.0065,0.0118,0.0097,0.0158,0.0158,0.0104,0.0131,0.0356,0.0299,0.0268,0.0214,0.0316,0.0317,0.0128,0.0355,0.0296,0.027,0.0218,0.032,0.0321,0.0347,0.0298,0.0246,0.0207,0.0296,0.0298,0.0371,0.0355,0.0367,0.0355,0.0352,0.0313,0.0312,0.0328,0.0328,0.0164,0.0181,0.0183,0.0233,0.0232,0.0151,-0.0007,0.0087,0.3944,0.5771,0.4328,0.3774,0.4323,0.4326,-0.0053,0.3904,0.5701,0.4327,0.3823,0.4341,0.4355,0.3109,0.4777,0.3003,0.2559,0.323,0.3259,0.4661,0.3713,0.4143,0.3166,0.3131,0.5638,0.6021,0.5091,0.5082,0.2188,0.1426,0.1473,0.3049,0.303,-0.0236
Hmel201001o,17100001,17150000,17124618,48628,0.0075,0.009,0.0124,0.0235,0.0055,0.0094,0.008,0.0126,0.0127,0.0084,0.0104,0.0338,0.0276,0.0272,0.0215,0.0302,0.0301,0.0106,0.0344,0.0278,0.0277,0.0221,0.0308,0.0307,0.0334,0.0281,0.0257,0.0215,0.0287,0.0287,0.0365,0.0317,0.0334,0.0314,0.031,0.0297,0.0294,0.0303,0.0301,0.0141,0.0149,0.015,0.0209,0.0207,0.0125,0.0128,0.0269,0.4029,0.6337,0.5413,0.4851,0.5182,0.5154,-0.0023,0.3869,0.6007,0.5157,0.4596,0.4966,0.4946,0.3271,0.5331,0.4207,0.3706,0.4103,0.4092,0.462,0.3467,0.3894,0.2963,0.2891,0.6133,0.6407,0.5563,0.5524,0.2471,0.1579,0.1599,0.354,0.349,-0.0053
Hmel201001o,17125001,17175000,17149869,48130,0.0036,0.0048,0.0066,0.0232,0.0073,0.0059,0.0078,0.0108,0.0103,0.0044,0.0054,0.0292,0.0255,0.0249,0.023,0.0249,0.0248,0.0055,0.0302,0.0259,0.0257,0.0238,0.0256,0.0255,0.0298,0.0258,0.0246,0.0228,0.0249,0.0247,0.0347,0.0253,0.0255,0.0256,0.0255,0.0288,0.0284,0.0283,0.0278,0.0079,0.0117,0.0114,0.0134,0.0129,0.0103,0.0263,0.0318,0.4102,0.6619,0.6931,0.6187,0.5678,0.5773,-0.0183,0.4036,0.6352,0.6694,0.5972,0.5486,0.5589,0.369,0.5925,0.6111,0.5388,0.4996,0.5078,0.4203,0.3106,0.283,0.2334,0.2399,0.642,0.597,0.5322,0.5361,0.0756,0.1758,0.1809,0.1907,0.1857,-0.0129
Hmel201001o,17150001,17200000,17175290,49111,0.006,0.0058,0.0075,0.0238,0.0071,0.0052,0.0052,0.0097,0.009,0.0059,0.0067,0.0248,0.0238,0.0152,0.0149,0.0156,0.015,0.0063,0.0253,0.0235,0.016,0.0157,0.0162,0.0157,0.0247,0.0234,0.0158,0.0156,0.0161,0.0155,0.0337,0.0217,0.0216,0.0218,0.0217,0.0255,0.0251,0.0251,0.0244,0.0054,0.0107,0.01,0.0104,0.0096,0.009,0.0015,-0.0076,0.2918,0.5846,0.4776,0.4709,0.3444,0.3471,-0.0255,0.3051,0.5878,0.5076,0.4995,0.3696,0.3743,0.2655,0.5424,0.4452,0.4381,0.3193,0.3196,0.4044,0.2485,0.2466,0.1694,0.1795,0.6282,0.624,0.5162,0.5206,0.0188,0.1887,0.1793,0.1776,0.1584,-0.024
Hmel201001o,17175001,17225000,17190738,31467,0.0079,0.0089,0.0107,0.0256,0.0046,0.0065,0.0061,0.0096,0.0091,0.0085,0.0092,0.0228,0.025,0.0131,0.0129,0.0134,0.0128,0.0091,0.024,0.0247,0.0138,0.0137,0.0147,0.014,0.0236,0.0246,0.014,0.0139,0.0148,0.0142,0.0342,0.0237,0.0237,0.0229,0.0226,0.0258,0.0255,0.0256,0.0248,0.0063,0.0119,0.011,0.0116,0.0107,0.009,0.0071,-0.0047,0.2,0.6166,0.3049,0.3147,0.2215,0.2114,-0.039,0.2059,0.5869,0.2966,0.3086,0.2374,0.2294,0.1687,0.5427,0.2513,0.2608,0.1973,0.1876,0.4252,0.2402,0.2466,0.1721,0.1746,0.6607,0.6697,0.5816,0.5828,0.0045,0.201,0.1793,0.2056,0.1791,-0.0209
